ISO-10303-21;
HEADER;
FILE_DESCRIPTION (( 'STEP AP214' ),
    '1' );
FILE_NAME ('BracketFloatToMotor.STEP',
    '2025-03-23T10:44:41',
    ( '' ),
    ( '' ),
    'SwSTEP 2.0',
    'SolidWorks 2023',
    '' );
FILE_SCHEMA (( 'AUTOMOTIVE_DESIGN' ));
ENDSEC;

DATA;
#1 = CIRCLE ( 'NONE', #7017, 0.4000000000000010214 ) ;
#2 = CARTESIAN_POINT ( 'NONE',  ( 4389.048216217896879, -218.3369541502617324, 33.43014173646341192 ) ) ;
#3 = CARTESIAN_POINT ( 'NONE',  ( 4375.709958041669779, -206.9371283719674182, -14.59440977582214494 ) ) ;
#4 = CARTESIAN_POINT ( 'NONE',  ( 4393.147117277459074, -255.4276810635536208, -36.07394064353771768 ) ) ;
#5 = ORIENTED_EDGE ( 'NONE', *, *, #47, .F. ) ;
#6 = B_SPLINE_CURVE_WITH_KNOTS ( 'NONE', 3,
 ( #4262, #784, #3573, #6363 ),
 .UNSPECIFIED., .F., .F.,
 ( 4, 4 ),
 ( 0.000000000000000000, 1.000000000000000000 ),
 .UNSPECIFIED. ) ;
#7 = CARTESIAN_POINT ( 'NONE',  ( 4367.441019707303894, -301.9155512315545593, -24.10391400045742571 ) ) ;
#8 = VERTEX_POINT ( 'NONE', #741 ) ;
#9 = CARTESIAN_POINT ( 'NONE',  ( 4393.287215263943835, -219.2078455075809416, -33.73478329591555536 ) ) ;
#10 = CARTESIAN_POINT ( 'NONE',  ( 4393.286229673214621, -221.7663864681788084, 32.07878471153650679 ) ) ;
#11 = CARTESIAN_POINT ( 'NONE',  ( 4391.094019542389105, -223.5431553654458696, -33.33669604148845167 ) ) ;
#12 = VECTOR ( 'NONE', #6521, 1000.000000000000000 ) ;
#13 = CARTESIAN_POINT ( 'NONE',  ( 4382.315180615557438, -222.2637050567626034, 33.17562254290860579 ) ) ;
#14 = CARTESIAN_POINT ( 'NONE',  ( 4393.136998455601315, -238.2305945871442816, -39.42669192723610649 ) ) ;
#15 = CARTESIAN_POINT ( 'NONE',  ( 4367.224542202749944, -212.5271191208946959, 29.83195734594118065 ) ) ;
#16 = VERTEX_POINT ( 'NONE', #8415 ) ;
#17 = CARTESIAN_POINT ( 'NONE',  ( 4382.626952524638909, -266.3640260285237673, -23.96766079455358778 ) ) ;
#18 = CARTESIAN_POINT ( 'NONE',  ( 4386.713978441199288, -233.9536464821181028, -38.56475856808955882 ) ) ;
#19 = CARTESIAN_POINT ( 'NONE',  ( 4389.057134615010909, -219.8903384447894496, -34.49664818785960563 ) ) ;
#20 = CARTESIAN_POINT ( 'NONE',  ( 4367.246536894495875, -253.2761985202510857, -47.41740545920752936 ) ) ;
#21 = CARTESIAN_POINT ( 'NONE',  ( 4366.983114897884661, -205.0353941984536732, 18.33861733728105037 ) ) ;
#22 = CARTESIAN_POINT ( 'NONE',  ( 4386.713552892590997, -233.3976888076623197, 38.37089619278987129 ) ) ;
#23 = CARTESIAN_POINT ( 'NONE',  ( 4367.445408602450698, -266.2226160311408876, 27.75757594135176731 ) ) ;
#24 = CARTESIAN_POINT ( 'NONE',  ( 4393.448030576305428, -219.8982505277494113, 34.19628210853412043 ) ) ;
#25 = CARTESIAN_POINT ( 'NONE',  ( 4382.530620080279732, -232.5056875491313235, 41.37597105288931232 ) ) ;
#26 = CARTESIAN_POINT ( 'NONE',  ( 4384.510062730025311, -221.7658239752107647, -32.69214547700953233 ) ) ;
#27 = CARTESIAN_POINT ( 'NONE',  ( 4393.144973358575953, -251.9024526839915836, 41.90324936843059334 ) ) ;
#28 = CARTESIAN_POINT ( 'NONE',  ( 4367.046076414838353, -211.9945788075304449, -29.23503334181250324 ) ) ;
#29 = CARTESIAN_POINT ( 'NONE',  ( 4382.522414359195864, -230.7631353686045372, -40.68625871232891456 ) ) ;
#30 = CARTESIAN_POINT ( 'NONE',  ( 4393.167570325038469, -252.4549787087761388, 42.17189502233227927 ) ) ;
#31 = CARTESIAN_POINT ( 'NONE',  ( 4366.926018356831264, -206.5805725923133025, 13.51537149396807713 ) ) ;
#32 = CARTESIAN_POINT ( 'NONE',  ( 4393.287215263946564, -219.2078455075807710, -33.73478329591535640 ) ) ;
#33 = CARTESIAN_POINT ( 'NONE',  ( 4386.899546537527385, -227.2978078763707401, 38.83111143330540216 ) ) ;
#34 = CARTESIAN_POINT ( 'NONE',  ( 4391.088389858176015, -217.4811405590634479, -29.08565740517826370 ) ) ;
#35 = CARTESIAN_POINT ( 'NONE',  ( 4375.712341562634720, -203.4677901648339571, -10.41972909886125187 ) ) ;
#36 = CARTESIAN_POINT ( 'NONE',  ( 4371.499850542207241, -223.1690628606743019, -37.75017686319241506 ) ) ;
#37 = CARTESIAN_POINT ( 'NONE',  ( 4367.250429613065535, -217.2475473033964306, -34.00817782040755333 ) ) ;
#38 = CARTESIAN_POINT ( 'NONE',  ( 4393.136522536128723, -274.7512522213627335, 0.003914000457703506117 ) ) ;
#39 = CARTESIAN_POINT ( 'NONE',  ( 4391.109441036083808, -240.5625739549734305, 40.20156824795982686 ) ) ;
#40 = CARTESIAN_POINT ( 'NONE',  ( 4375.728172649309272, -221.7639891108734673, 33.29362528186142356 ) ) ;
#41 = CARTESIAN_POINT ( 'NONE',  ( 4384.845621239991488, -260.6178644954508741, 34.37585572908758280 ) ) ;
#42 = CARTESIAN_POINT ( 'NONE',  ( 4367.283839486450233, -224.2356113930763968, 38.64662963916395455 ) ) ;
#43 = CARTESIAN_POINT ( 'NONE',  ( 4388.874948895923808, -203.4447622539807981, 9.206343628257306122 ) ) ;
#44 = CARTESIAN_POINT ( 'NONE',  ( 4384.491451615252117, -207.5368718585263821, -15.97493563282515616 ) ) ;
#45 = CARTESIAN_POINT ( 'NONE',  ( 4393.126319821192737, -224.4079214059597973, 33.69590290121710296 ) ) ;
#46 = ORIENTED_EDGE ( 'NONE', *, *, #5554, .F. ) ;
#47 = EDGE_CURVE ( 'NONE', #3673, #1779, #6, .T. ) ;
#48 = CARTESIAN_POINT ( 'NONE',  ( 4389.427350238954205, -302.9155512315545593, 18.60391400045748966 ) ) ;
#49 = EDGE_LOOP ( 'NONE', ( #1783, #7697, #6234, #2648 ) ) ;
#50 = CARTESIAN_POINT ( 'NONE',  ( 4393.290223087141385, -219.7271289013642388, -34.08588276748349699 ) ) ;
#51 = CARTESIAN_POINT ( 'NONE',  ( 4393.288250609310126, -224.0248669245754911, 33.46367185237057384 ) ) ;
#52 = CARTESIAN_POINT ( 'NONE',  ( 4366.946446105823270, -223.2687038782575826, -34.82747724776992726 ) ) ;
#53 = CARTESIAN_POINT ( 'NONE',  ( 4382.316960411754735, -224.4269625260420185, 34.49754025693096793 ) ) ;
#54 = CARTESIAN_POINT ( 'NONE',  ( 4393.123952641927644, -221.7660692790731503, -32.08248849080344911 ) ) ;
#55 = CARTESIAN_POINT ( 'NONE',  ( 4367.209884327192412, -210.2618983992740311, 27.29068975463177793 ) ) ;
#56 = VERTEX_POINT ( 'NONE', #2169 ) ;
#57 = CARTESIAN_POINT ( 'NONE',  ( 4382.342309904874128, -252.9737404236351779, -43.43364501355883078 ) ) ;
#58 = CARTESIAN_POINT ( 'NONE',  ( 4384.525731878238730, -243.1274103919078868, -41.43654251834382762 ) ) ;
#59 = ADVANCED_FACE ( 'NONE', ( #2887 ), #5683, .F. ) ;
#60 = AXIS2_PLACEMENT_3D ( 'NONE', #952, #6625, #8043 ) ;
#61 = CARTESIAN_POINT ( 'NONE',  ( 4371.484360565073075, -220.0299654433887326, -35.77368644737699555 ) ) ;
#62 = CARTESIAN_POINT ( 'NONE',  ( 4382.611075194271507, -251.8328055022359706, -45.78646850223493203 ) ) ;
#63 = CARTESIAN_POINT ( 'NONE',  ( 4371.536855204706626, -230.9298733373699122, 41.60256128717730917 ) ) ;
#64 = CARTESIAN_POINT ( 'NONE',  ( 4384.491451617156599, -207.5368718585260979, 15.98276363362239039 ) ) ;
#65 = FACE_OUTER_BOUND ( 'NONE', #49, .T. ) ;
#66 = CARTESIAN_POINT ( 'NONE',  ( 4380.275410415372789, -220.5689103660142223, 35.55720584743788493 ) ) ;
#67 = CARTESIAN_POINT ( 'NONE',  ( 4366.945871815658393, -222.6057195053751059, -34.40329270463832501 ) ) ;
#68 = CARTESIAN_POINT ( 'NONE',  ( 4393.125339828249707, -223.2783897612271744, 33.03497463137868095 ) ) ;
#69 = CARTESIAN_POINT ( 'NONE',  ( 4367.056695244920775, -213.7835096960447743, -31.04078744862520267 ) ) ;
#70 = CARTESIAN_POINT ( 'NONE',  ( 4393.527235076505349, -235.1499321869683286, -41.40353685699459874 ) ) ;
#71 = CARTESIAN_POINT ( 'NONE',  ( 4393.325826846128621, -253.3554453818079253, 43.79471079843565917 ) ) ;
#72 = CARTESIAN_POINT ( 'NONE',  ( 4366.942371884337263, -218.7110741086757173, 31.61661183284922316 ) ) ;
#73 = CARTESIAN_POINT ( 'NONE',  ( 4393.121583475787702, -219.3377738015094280, -30.39701268694433267 ) ) ;
#74 = CARTESIAN_POINT ( 'NONE',  ( 4386.726001621461364, -251.1958396075511644, -42.48110065864313611 ) ) ;
#75 = CARTESIAN_POINT ( 'NONE',  ( 4376.088748721636875, -255.1918295373238266, -46.82147905206105776 ) ) ;
#76 = CARTESIAN_POINT ( 'NONE',  ( 4386.996034498666631, -249.6886991774420608, 45.12592094572101331 ) ) ;
#77 = CARTESIAN_POINT ( 'NONE',  ( 4375.723276160486421, -216.2966701727384873, -29.03904202377625055 ) ) ;
#78 = CARTESIAN_POINT ( 'NONE',  ( 4380.150785260578232, -253.1358318562956242, 43.67751118099918983 ) ) ;
#79 = CARTESIAN_POINT ( 'NONE',  ( 4384.485422748300152, -203.4442187090884033, -9.464012078269854911 ) ) ;
#80 = B_SPLINE_CURVE_WITH_KNOTS ( 'NONE', 3,
 ( #4973, #7766, #5843, #811, #1503, #4290, #5102, #4421, #4335, #3603, #3731, #6392, #5015, #252, #2916, #6436, #5714, #8536, #2283, #5058, #7983, #5292, #391, #5933, #3182, #443, #3089, #4652, #297, #8761, #4703, #6755, #8076, #1820, #7430, #5244, #3281, #4606, #3964, #3231, #5887, #1725, #2596, #3775, #7291, #1077, #6027, #4441, #7218, #5171, #3581, #6540, #101, #4313, #6370, #7094, #2937, #5735, #2260, #368, #3933, #7402, #8873, #3205, #5360, #3888, #2520, #7452 ),
 .UNSPECIFIED., .F., .F.,
 ( 4, 2, 2, 2, 2, 2, 2, 2, 2, 2, 2, 2, 2, 2, 2, 2, 2, 2, 2, 2, 2, 2, 2, 2, 2, 2, 2, 2, 2, 2, 2, 2, 2, 4 ),
 ( 0.000000000000000000, 0.03124999999999997918, 0.06250000000000006939, 0.09375000000000004163, 0.1250000000000000278, 0.1875000000000000000, 0.2499999999999999445, 0.3124999999999998890, 0.3437500000000000000, 0.3593750000000000555, 0.3750000000000000000, 0.3906249999999998890, 0.3984374999999999445, 0.4062499999999999445, 0.4140625000000000000, 0.4218750000000000000, 0.4296875000000000000, 0.4375000000000000555, 0.4453125000000000555, 0.4531250000000001110, 0.4687500000000000000, 0.5000000000000000000, 0.5312500000000000000, 0.5625000000000001110, 0.5937500000000000000, 0.6250000000000000000, 0.7500000000000000000, 0.8750000000000000000, 0.9062500000000000000, 0.9375000000000000000, 0.9531250000000000000, 0.9609375000000000000, 0.9687499999999998890, 1.000000000000000000 ),
 .UNSPECIFIED. ) ;
#81 = DIRECTION ( 'NONE',  ( 0.000000000000000000, 0.000000000000000000, -1.000000000000000000 ) ) ;
#82 = CARTESIAN_POINT ( 'NONE',  ( 4391.273767941044753, -223.7034934237965729, -36.65023886425470323 ) ) ;
#83 = CARTESIAN_POINT ( 'NONE',  ( 4367.141038519385802, -256.1310924598248562, -44.85211451936677918 ) ) ;
#84 = DIRECTION ( 'NONE',  ( 0.000000000000000000, 0.000000000000000000, 1.000000000000000000 ) ) ;
#85 = CARTESIAN_POINT ( 'NONE',  ( 4388.874776972178552, -206.3682045214083871, 10.68536649705554531 ) ) ;
#86 = CARTESIAN_POINT ( 'NONE',  ( 4375.728024973102038, -221.6018788568501350, 33.18425431037072570 ) ) ;
#87 = CARTESIAN_POINT ( 'NONE',  ( 4382.626952520513441, -266.3640260289107005, 23.97548879566403457 ) ) ;
#88 = CARTESIAN_POINT ( 'NONE',  ( 4367.276499917067667, -222.5565428849232319, 37.66799973880282693 ) ) ;
#89 = CARTESIAN_POINT ( 'NONE',  ( 4388.905234428782933, -203.8382043130060595, 12.77903213887050882 ) ) ;
#90 = CARTESIAN_POINT ( 'NONE',  ( 4382.296729465781027, -207.5369263672308762, -16.10740423663220966 ) ) ;
#91 = CARTESIAN_POINT ( 'NONE',  ( 4393.132147474634621, -231.6347186621259198, 37.16027520626441571 ) ) ;
#92 = ORIENTED_EDGE ( 'NONE', *, *, #264, .T. ) ;
#93 = ORIENTED_EDGE ( 'NONE', *, *, #3235, .F. ) ;
#94 = CARTESIAN_POINT ( 'NONE',  ( 4393.226361233113494, -210.2818490436367256, -25.76124797598668081 ) ) ;
#95 = CARTESIAN_POINT ( 'NONE',  ( 4393.286721781583765, -222.2659179220443662, 32.39874392699283590 ) ) ;
#96 = CARTESIAN_POINT ( 'NONE',  ( 4380.120106016695900, -222.7850259107958948, -33.64936285230903934 ) ) ;
#97 = CARTESIAN_POINT ( 'NONE',  ( 4382.322014421446511, -230.7114572777478827, 37.64180061597397042 ) ) ;
#98 = B_SPLINE_CURVE_WITH_KNOTS ( 'NONE', 3,
 ( #5290, #3229, #4557, #3962 ),
 .UNSPECIFIED., .F., .F.,
 ( 4, 4 ),
 ( 0.000000000000000000, 1.000000000000000000 ),
 .UNSPECIFIED. ) ;
#99 = CARTESIAN_POINT ( 'NONE',  ( 4393.144973363911959, -251.9024539768213060, -41.89542148337797300 ) ) ;
#100 = CARTESIAN_POINT ( 'NONE',  ( 4367.273151927571234, -221.8730303683098271, 37.24904887201101644 ) ) ;
#101 = CARTESIAN_POINT ( 'NONE',  ( 4367.345840556893563, -238.1833288841846468, -44.53778963368895205 ) ) ;
#102 = ORIENTED_EDGE ( 'NONE', *, *, #4968, .F. ) ;
#103 = CARTESIAN_POINT ( 'NONE',  ( 4380.430386644180544, -267.0684708726461167, -23.11877084328090604 ) ) ;
#104 = CARTESIAN_POINT ( 'NONE',  ( 4366.958403653858113, -273.5898943759673898, -7.261337460012099676 ) ) ;
#105 = CARTESIAN_POINT ( 'NONE',  ( 4388.910255279592093, -236.1175381928862294, -39.16487794314995341 ) ) ;
#106 = CARTESIAN_POINT ( 'NONE',  ( 4382.612113435814535, -252.1404702771978918, -45.81496615572091002 ) ) ;
#107 = CARTESIAN_POINT ( 'NONE',  ( 4366.924492850273055, -203.4313249071801124, 9.983362768178226432 ) ) ;
#108 = CARTESIAN_POINT ( 'NONE',  ( 4384.482489181270466, -206.2426841648903917, 9.365095333226239660 ) ) ;
#109 = ADVANCED_FACE ( 'NONE', ( #996 ), #6673, .F. ) ;
#110 = CARTESIAN_POINT ( 'NONE',  ( 4367.375529736126737, -280.5010493982816797, -0.1562706909073000305 ) ) ;
#111 = CARTESIAN_POINT ( 'NONE',  ( 4380.145729048160320, -204.4718868167049663, 15.91657681061381702 ) ) ;
#112 = CARTESIAN_POINT ( 'NONE',  ( 4382.341233041509440, -255.8562245428742585, 37.97668282843416421 ) ) ;
#113 = CARTESIAN_POINT ( 'NONE',  ( 4393.124935318764983, -222.7904573635042311, 32.73735530642820635 ) ) ;
#114 = CARTESIAN_POINT ( 'NONE',  ( 4382.437084792425594, -214.4191304859109266, -30.70252737863033943 ) ) ;
#115 = CARTESIAN_POINT ( 'NONE',  ( 4375.928292282374969, -230.2749558241753220, -40.99266179486417627 ) ) ;
#116 = CARTESIAN_POINT ( 'NONE',  ( 4393.167487696084208, -252.4598772705300291, 42.17152836560426721 ) ) ;
#117 = ADVANCED_FACE ( 'NONE', ( #4482 ), #6581, .F. ) ;
#118 = CARTESIAN_POINT ( 'NONE',  ( 4366.945255057243230, -221.9239288607033700, 33.96239066047843380 ) ) ;
#119 = CARTESIAN_POINT ( 'NONE',  ( 4393.129218884881084, -227.9000978300505551, -35.51595481269430366 ) ) ;
#120 = CARTESIAN_POINT ( 'NONE',  ( 4384.578739082173342, -207.3010332299223251, 22.09697055225562679 ) ) ;
#121 = CARTESIAN_POINT ( 'NONE',  ( 4384.507869238680541, -219.3401198949856052, -30.98602926374648803 ) ) ;
#122 =( NAMED_UNIT ( * ) SI_UNIT ( $, .STERADIAN. ) SOLID_ANGLE_UNIT ( ) );
#123 = CARTESIAN_POINT ( 'NONE',  ( 4366.927745967853298, -203.4415577618611053, -10.42248771299063748 ) ) ;
#124 = CARTESIAN_POINT ( 'NONE',  ( 4382.565171111442396, -305.5155512315545252, 32.00391400045749890 ) ) ;
#125 = CARTESIAN_POINT ( 'NONE',  ( 4367.104154137473415, -223.0285656560924394, -37.95382459305552914 ) ) ;
#126 = CARTESIAN_POINT ( 'NONE',  ( 4367.283839494131826, -224.2356140537494014, -38.63880313164739988 ) ) ;
#127 = CARTESIAN_POINT ( 'NONE',  ( 4393.427350238953295, -265.0147143193910324, 24.10391400045715571 ) ) ;
#128 = CARTESIAN_POINT ( 'NONE',  ( 4388.920843161752600, -249.8762527320141942, 42.12314046916249310 ) ) ;
#129 = CARTESIAN_POINT ( 'NONE',  ( 4375.727737055096441, -221.2781845415409521, 32.96441264518607994 ) ) ;
#130 = CARTESIAN_POINT ( 'NONE',  ( 4367.272809511913692, -266.7410233033438089, 26.78319163928359714 ) ) ;
#131 = PLANE ( 'NONE',  #6570 ) ;
#132 = CARTESIAN_POINT ( 'NONE',  ( 4389.188778139931856, -248.3374409455512364, 44.73577256308480088 ) ) ;
#133 = CARTESIAN_POINT ( 'NONE',  ( 4391.074025813189110, -207.1552899221421171, -14.43164239851075692 ) ) ;
#134 = CARTESIAN_POINT ( 'NONE',  ( 4393.147688212444336, -253.4422899218122893, -39.81492045672284519 ) ) ;
#135 = ORIENTED_EDGE ( 'NONE', *, *, #1669, .T. ) ;
#136 = VECTOR ( 'NONE', #6696, 1000.000000000000000 ) ;
#137 = CARTESIAN_POINT ( 'NONE',  ( 4398.227350238953477, -302.9155512315545593, 18.60391400045748966 ) ) ;
#138 = ORIENTED_EDGE ( 'NONE', *, *, #8818, .F. ) ;
#139 = LINE ( 'NONE', #5117, #4817 ) ;
#140 = CARTESIAN_POINT ( 'NONE',  ( 4393.288899095029592, -224.7939389122089722, 33.90125680649478568 ) ) ;
#141 = CARTESIAN_POINT ( 'NONE',  ( 4371.338592008699379, -223.4126525839051567, -34.63551523561427103 ) ) ;
#142 = CARTESIAN_POINT ( 'NONE',  ( 4382.330085080762728, -240.9078618793653277, 41.07931329357103323 ) ) ;
#143 = AXIS2_PLACEMENT_3D ( 'NONE', #8150, #4080, #7456 ) ;
#144 = CARTESIAN_POINT ( 'NONE',  ( 4393.144905963490601, -251.7586711103374455, -41.88234227465537884 ) ) ;
#145 = CARTESIAN_POINT ( 'NONE',  ( 4367.114595304646173, -215.6606924553840088, 28.99189107996131298 ) ) ;
#146 = ORIENTED_EDGE ( 'NONE', *, *, #2093, .T. ) ;
#147 = CARTESIAN_POINT ( 'NONE',  ( 4387.051522323003155, -254.4006481874224050, -45.59780082680757118 ) ) ;
#148 = CARTESIAN_POINT ( 'NONE',  ( 4371.376515811316494, -257.7234768775156795, -37.11605644322088438 ) ) ;
#149 = CARTESIAN_POINT ( 'NONE',  ( 4391.105199233211351, -236.0576103777040373, -38.95529878425604409 ) ) ;
#150 = ORIENTED_EDGE ( 'NONE', *, *, #8389, .F. ) ;
#151 = CARTESIAN_POINT ( 'NONE',  ( 4367.124254363769978, -228.0573563576669187, -37.50679741140943690 ) ) ;
#152 = VECTOR ( 'NONE', #4508, 1000.000000000000000 ) ;
#153 = CARTESIAN_POINT ( 'NONE',  ( 4376.030514738908096, -252.8603358902731770, -46.53427450554233502 ) ) ;
#154 = CARTESIAN_POINT ( 'NONE',  ( 4366.938244389204556, -203.5262548077759277, 11.79084514954497998 ) ) ;
#155 = CARTESIAN_POINT ( 'NONE',  ( 4386.726350944620208, -251.7849624514633717, 42.54899232163549527 ) ) ;
#156 = CARTESIAN_POINT ( 'NONE',  ( 4367.415661858840394, -272.3060894537865124, 15.86428289043087503 ) ) ;
#157 = CARTESIAN_POINT ( 'NONE',  ( 4380.255673450359609, -216.9926828310923952, 33.00240644806373069 ) ) ;
#158 = CARTESIAN_POINT ( 'NONE',  ( 4393.131732402968737, -231.0925889534762803, 36.94084526333871565 ) ) ;
#159 = CARTESIAN_POINT ( 'NONE',  ( 4389.036196527406901, -216.3425005503047203, -31.91291303049509409 ) ) ;
#160 = EDGE_CURVE ( 'NONE', #4942, #3658, #1694, .T. ) ;
#161 = CARTESIAN_POINT ( 'NONE',  ( 4371.542572799430673, -232.1178160569369027, -42.07532563468595299 ) ) ;
#162 = CARTESIAN_POINT ( 'NONE',  ( 4393.197174064876890, -252.6385079923380488, 42.47653896110524840 ) ) ;
#163 = CARTESIAN_POINT ( 'NONE',  ( 4366.947949254006744, -224.8588991581247285, 35.79438311247852766 ) ) ;
#164 = CARTESIAN_POINT ( 'NONE',  ( 4393.352873158321017, -231.7314312923006980, -40.18510266522142871 ) ) ;
#165 = CARTESIAN_POINT ( 'NONE',  ( 4384.605157552606215, -210.2928438600060304, 26.31635911727921950 ) ) ;
#166 = CARTESIAN_POINT ( 'NONE',  ( 4386.702385074156155, -219.6557886754872300, -31.07063284312283358 ) ) ;
#167 = CARTESIAN_POINT ( 'NONE',  ( 4388.905234423600632, -203.8382043130050931, -12.77120413828157730 ) ) ;
#168 = EDGE_CURVE ( 'NONE', #7690, #6083, #5855, .T. ) ;
#169 = DIRECTION ( 'NONE',  ( -0.000000000000000000, 1.000000000000000000, -0.000000000000000000 ) ) ;
#170 = CARTESIAN_POINT ( 'NONE',  ( 4382.487162194376651, -223.4403580766817754, -37.14590259947962636 ) ) ;
#171 = CARTESIAN_POINT ( 'NONE',  ( 4367.116163128379412, -217.4363047481332387, -30.55745044947764910 ) ) ;
#172 = DIRECTION ( 'NONE',  ( 0.000000000000000000, 0.000000000000000000, -1.000000000000000000 ) ) ;
#173 = VECTOR ( 'NONE', #4179, 1000.000000000000000 ) ;
#174 = CARTESIAN_POINT ( 'NONE',  ( 4371.312912762582528, -206.2313293483856000, 9.318976850831228731 ) ) ;
#175 = CARTESIAN_POINT ( 'NONE',  ( 4389.204877621997184, -266.2769270438655553, 22.67028603055178948 ) ) ;
#176 = CARTESIAN_POINT ( 'NONE',  ( 4367.161909475500579, -205.3546445586350728, 19.13961912721831382 ) ) ;
#177 = CARTESIAN_POINT ( 'NONE',  ( 4389.106872201934493, -229.5250890612327055, 39.65417580559868327 ) ) ;
#178 = CARTESIAN_POINT ( 'NONE',  ( 4371.325078174068949, -209.7109503503031362, -21.42301281000334612 ) ) ;
#179 = CARTESIAN_POINT ( 'NONE',  ( 4393.124630387342222, -222.4411496138727387, 32.52057891278901280 ) ) ;
#180 = ADVANCED_FACE ( 'NONE', ( #3793 ), #4859, .T. ) ;
#181 = CARTESIAN_POINT ( 'NONE',  ( 4367.436266875392903, -302.9155512315545593, 24.10391400045742571 ) ) ;
#182 = EDGE_LOOP ( 'NONE', ( #6279, #3942, #5825, #3443 ) ) ;
#183 = CARTESIAN_POINT ( 'NONE',  ( 4393.093706353583912, -204.3646626816948242, 8.032537426626545241 ) ) ;
#184 = CARTESIAN_POINT ( 'NONE',  ( 4391.075572934663796, -207.6713188161317589, 15.94711807383367130 ) ) ;
#185 = CARTESIAN_POINT ( 'NONE',  ( 4388.899700903767553, -223.1190147047172445, -33.23993792324235841 ) ) ;
#186 = CARTESIAN_POINT ( 'NONE',  ( 4382.324680724479549, -234.0502448021191810, 38.96763842972963232 ) ) ;
#187 = CARTESIAN_POINT ( 'NONE',  ( 4393.120322805901196, -218.0893921520308254, -29.44265590772822705 ) ) ;
#188 = CARTESIAN_POINT ( 'NONE',  ( 4367.120777256071051, -223.2086748474621913, 34.78628192932323770 ) ) ;
#189 = CARTESIAN_POINT ( 'NONE',  ( 4391.231287167634036, -216.3442590089873363, 31.77469710947245574 ) ) ;
#190 = CARTESIAN_POINT ( 'NONE',  ( 4389.245171294652209, -255.2433204904759805, -43.45961699123559185 ) ) ;
#191 = CARTESIAN_POINT ( 'NONE',  ( 4366.994622138010527, -254.1133977955603029, -45.06009407125139177 ) ) ;
#192 = CARTESIAN_POINT ( 'NONE',  ( 4367.096248704872778, -206.3148177478151126, -11.51507257126530348 ) ) ;
#193 = CARTESIAN_POINT ( 'NONE',  ( 4380.419493819493255, -253.2109316627771420, -46.12796939486602810 ) ) ;
#194 = CARTESIAN_POINT ( 'NONE',  ( 4367.119604119297037, -226.2995113603303992, 39.76494644828939329 ) ) ;
#195 = CARTESIAN_POINT ( 'NONE',  ( 4386.723814054430477, -247.6820337355347590, 42.03792014503340368 ) ) ;
#196 = CARTESIAN_POINT ( 'NONE',  ( 4367.112976147670452, -214.0101003946202809, 27.29077132700075836 ) ) ;
#197 = EDGE_LOOP ( 'NONE', ( #3892, #7415, #3241, #8371, #8605 ) ) ;
#198 = CARTESIAN_POINT ( 'NONE',  ( 4380.266970096816294, -219.0121716438235921, 34.50126737528470500 ) ) ;
#199 = CARTESIAN_POINT ( 'NONE',  ( 4380.149118873424413, -256.0325403006211786, 38.18183254594319465 ) ) ;
#200 = CARTESIAN_POINT ( 'NONE',  ( 4393.127944598987597, -226.3342027952135425, 34.74422618985584421 ) ) ;
#201 = CARTESIAN_POINT ( 'NONE',  ( 4375.867486011932669, -217.9808609015568379, -34.03511627916288518 ) ) ;
#202 = CARTESIAN_POINT ( 'NONE',  ( 4375.954007804705725, -235.6011567019723145, -43.03759139946390633 ) ) ;
#203 = CARTESIAN_POINT ( 'NONE',  ( 4393.393860806942939, -253.7346738911225827, 44.49275146512152901 ) ) ;
#204 = CARTESIAN_POINT ( 'NONE',  ( 4366.969692489073168, -243.9324189013866828, 43.17849654779133317 ) ) ;
#205 = CARTESIAN_POINT ( 'NONE',  ( 4393.123952641927644, -221.7660692790731503, -32.08248849080344911 ) ) ;
#206 = CARTESIAN_POINT ( 'NONE',  ( 4384.667460185842174, -220.2262211471303033, 35.03343159856213163 ) ) ;
#207 = CARTESIAN_POINT ( 'NONE',  ( 4366.943496804814458, -219.9656823225890605, -32.57419101805940898 ) ) ;
#208 = CARTESIAN_POINT ( 'NONE',  ( 4366.993396392773320, -255.1129079949878644, 43.17318372671111604 ) ) ;
#209 = CARTESIAN_POINT ( 'NONE',  ( 4388.937061498183539, -205.0384365130281310, -17.06010344922054145 ) ) ;
#210 = CARTESIAN_POINT ( 'NONE',  ( 0.000000000000000000, -305.5155512315545252, 0.000000000000000000 ) ) ;
#211 = CARTESIAN_POINT ( 'NONE',  ( 4382.497937021338657, -225.6474543183348089, -38.34122413863362056 ) ) ;
#212 = CARTESIAN_POINT ( 'NONE',  ( 4367.131909858278959, -238.9843528338380736, -41.86166001116028212 ) ) ;
#213 = CARTESIAN_POINT ( 'NONE',  ( 4375.760689505611481, -253.7868648605185911, 43.82538818062310071 ) ) ;
#214 = EDGE_CURVE ( 'NONE', #1303, #5990, #5947, .T. ) ;
#215 = CARTESIAN_POINT ( 'NONE',  ( 4391.377945792008177, -270.0938950661451941, 15.03320199311935923 ) ) ;
#216 = CARTESIAN_POINT ( 'NONE',  ( 4367.209884327192412, -210.2618983992740311, 27.29068975463177793 ) ) ;
#217 = CARTESIAN_POINT ( 'NONE',  ( 4389.120607454411584, -232.3804412626673184, 40.79122932528741075 ) ) ;
#218 = CARTESIAN_POINT ( 'NONE',  ( 4393.272549600853381, -208.9159770214812966, -18.70867247239417352 ) ) ;
#219 = CARTESIAN_POINT ( 'NONE',  ( 4367.438643291347944, -302.9155512315545593, -20.50391400045749180 ) ) ;
#220 = VERTEX_POINT ( 'NONE', #310 ) ;
#221 = CARTESIAN_POINT ( 'NONE',  ( 4375.881189331769747, -220.5602523095769527, -35.84151663939829291 ) ) ;
#222 = CARTESIAN_POINT ( 'NONE',  ( 4367.436266875392903, -302.9155512315545593, 21.70391400045747332 ) ) ;
#223 = DIRECTION ( 'NONE',  ( 1.000000000000000000, 0.000000000000000000, -4.630148714024827843E-16 ) ) ;
#224 = CARTESIAN_POINT ( 'NONE',  ( 4393.432370523387362, -251.9435048340234005, -44.69521966989907469 ) ) ;
#225 = CARTESIAN_POINT ( 'NONE',  ( 4393.303453784105841, -240.4770551327767976, 39.97690641784059551 ) ) ;
#226 = CARTESIAN_POINT ( 'NONE',  ( 4388.900768355353648, -224.4154703988078268, -34.00769377614835776 ) ) ;
#227 = CARTESIAN_POINT ( 'NONE',  ( 4380.100528186279007, -207.1548236348868102, 15.11122116392991543 ) ) ;
#228 = ADVANCED_FACE ( 'NONE', ( #2470 ), #5211, .F. ) ;
#229 = CARTESIAN_POINT ( 'NONE',  ( 4367.121127619928302, -223.6249645535517914, 35.04575006154120587 ) ) ;
#230 = CARTESIAN_POINT ( 'NONE',  ( 4391.171841787903759, -208.2549565380709566, 23.11870348317504664 ) ) ;
#231 = CARTESIAN_POINT ( 'NONE',  ( 4388.871997126325368, -206.2313302449354637, -8.691556233791835950 ) ) ;
#232 = CARTESIAN_POINT ( 'NONE',  ( 4380.135665323356079, -268.5007390184019869, -14.37143010269664956 ) ) ;
#233 = ORIENTED_EDGE ( 'NONE', *, *, #682, .T. ) ;
#234 = CARTESIAN_POINT ( 'NONE',  ( 4376.031324243912422, -253.0945304515334158, -46.55481319632057335 ) ) ;
#235 = CARTESIAN_POINT ( 'NONE',  ( 4367.088656161025028, -219.8501527902871260, 35.93389460063896479 ) ) ;
#236 = CARTESIAN_POINT ( 'NONE',  ( 4366.949500051524410, -226.4778329537049615, -36.69649457565963502 ) ) ;
#237 = CARTESIAN_POINT ( 'NONE',  ( 4384.507583127765429, -219.0274488044433383, 30.75680482020486650 ) ) ;
#238 = CARTESIAN_POINT ( 'NONE',  ( 4367.094610596053826, -206.2405358963265201, 10.32734923497800139 ) ) ;
#239 = ORIENTED_EDGE ( 'NONE', *, *, #3433, .T. ) ;
#240 = CARTESIAN_POINT ( 'NONE',  ( 4382.610035375293592, -251.5232320198435616, 45.76378883382526652 ) ) ;
#241 = CARTESIAN_POINT ( 'NONE',  ( 4380.147708532168508, -257.9590517382987400, 34.51983736641039258 ) ) ;
#242 = CYLINDRICAL_SURFACE ( 'NONE', #6557, 1.000000000000000888 ) ;
#243 = CARTESIAN_POINT ( 'NONE',  ( 4386.844650520943105, -217.0012102392464612, -32.56900893366885441 ) ) ;
#244 = CARTESIAN_POINT ( 'NONE',  ( 4393.569346859297184, -244.5049725762264359, -43.72176926239474426 ) ) ;
#245 = CARTESIAN_POINT ( 'NONE',  ( 4393.639349516705806, -253.9303403698637851, 44.85675393598813798 ) ) ;
#246 = CARTESIAN_POINT ( 'NONE',  ( 4366.947691220902016, -224.5900193464727010, 35.63712132291716017 ) ) ;
#247 = CARTESIAN_POINT ( 'NONE',  ( 4393.123478730147326, -221.2801889169708431, -31.76202531458013212 ) ) ;
#248 = CARTESIAN_POINT ( 'NONE',  ( 4384.656855767510933, -218.3301083379896568, 33.72381920281939927 ) ) ;
#249 = CARTESIAN_POINT ( 'NONE',  ( 4382.313714902292304, -220.6228993115816763, -32.06236449881302519 ) ) ;
#250 = CARTESIAN_POINT ( 'NONE',  ( 4375.766872328172212, -254.4370676129448725, 42.29614409624461047 ) ) ;
#251 = CARTESIAN_POINT ( 'NONE',  ( 4393.319803152552595, -204.7523316977280672, -15.93222098127033348 ) ) ;
#252 = CARTESIAN_POINT ( 'NONE',  ( 4367.224542210040454, -212.5271213313660894, -29.82413163148747870 ) ) ;
#253 = CARTESIAN_POINT ( 'NONE',  ( 4375.906191337009659, -225.6793276665412691, -38.83526211572465314 ) ) ;
#254 = CARTESIAN_POINT ( 'NONE',  ( 4367.100673550714419, -206.9282708873508909, -15.04481501869337912 ) ) ;
#255 = CARTESIAN_POINT ( 'NONE',  ( 4371.331661778249327, -215.7155799082097758, 28.77101057291821462 ) ) ;
#256 = CARTESIAN_POINT ( 'NONE',  ( 4391.401533572080552, -265.5797812001107445, 23.49420673200044973 ) ) ;
#257 = CARTESIAN_POINT ( 'NONE',  ( 4393.467126480764819, -257.9086778548374923, 37.40081323867875795 ) ) ;
#258 = CARTESIAN_POINT ( 'NONE',  ( 4389.065406896089371, -221.3145922101318490, 35.41915433975449190 ) ) ;
#259 = CARTESIAN_POINT ( 'NONE',  ( 4371.322238379957525, -208.1174996580379570, -18.22474282354832198 ) ) ;
#260 = CARTESIAN_POINT ( 'NONE',  ( 4393.102815011593520, -207.1544661341419555, 14.30724441359231669 ) ) ;
#261 = EDGE_LOOP ( 'NONE', ( #8680, #5872, #2394, #7598 ) ) ;
#262 = CARTESIAN_POINT ( 'NONE',  ( 4393.457540798008267, -221.5048166780718759, -35.20770818143195413 ) ) ;
#263 = DIRECTION ( 'NONE',  ( 0.000000000000000000, 0.000000000000000000, 1.000000000000000000 ) ) ;
#264 = EDGE_CURVE ( 'NONE', #8936, #4040, #6494, .T. ) ;
#265 = CARTESIAN_POINT ( 'NONE',  ( 4367.303615881441146, -256.1299285131455008, 44.84431461586189016 ) ) ;
#266 = CARTESIAN_POINT ( 'NONE',  ( 4393.431608002327266, -253.9451750715421952, 44.88034309852960746 ) ) ;
#267 = CARTESIAN_POINT ( 'NONE',  ( 4393.291613840942773, -227.8989618090974432, 35.51040721586679183 ) ) ;
#268 = CARTESIAN_POINT ( 'NONE',  ( 4393.288157528350894, -223.9045211263531598, -33.38582131217791726 ) ) ;
#269 = CARTESIAN_POINT ( 'NONE',  ( 4380.108995633124323, -211.4729655333962626, 23.55426244424308990 ) ) ;
#270 = CARTESIAN_POINT ( 'NONE',  ( 4367.107645913419219, -209.6942304355418685, 21.63191426630631753 ) ) ;
#271 = VECTOR ( 'NONE', #8702, 1000.000000000000000 ) ;
#272 = CARTESIAN_POINT ( 'NONE',  ( 4391.223026520278836, -215.0580024442144236, 30.69644453574789367 ) ) ;
#273 = CARTESIAN_POINT ( 'NONE',  ( 4387.016482271582390, -265.4670567002963821, -24.67918580705205400 ) ) ;
#274 = CARTESIAN_POINT ( 'NONE',  ( 4391.099309233482018, -275.0859520545092778, 0.2591858713832315697 ) ) ;
#275 = CARTESIAN_POINT ( 'NONE',  ( 4366.977053342533509, -249.4820262958426440, -44.16052866689688017 ) ) ;
#276 = EDGE_CURVE ( 'NONE', #2800, #7085, #4158, .T. ) ;
#277 = ORIENTED_EDGE ( 'NONE', *, *, #276, .F. ) ;
#278 = CARTESIAN_POINT ( 'NONE',  ( 4384.807180631844858, -252.8767029818881440, -45.65978760709339923 ) ) ;
#279 = CARTESIAN_POINT ( 'NONE',  ( 4367.085288923218286, -219.1611248475992397, 35.45184806879260009 ) ) ;
#280 = PRESENTATION_LAYER_ASSIGNMENT (  '', '', ( #6418 ) ) ;
#281 = CARTESIAN_POINT ( 'NONE',  ( 4384.507869240572290, -219.3401198949748903, 30.99385726452736023 ) ) ;
#282 = CARTESIAN_POINT ( 'NONE',  ( 4367.125821116493171, -230.2857211189080999, 38.57879505615388638 ) ) ;
#283 = AXIS2_PLACEMENT_3D ( 'NONE', #7378, #1071, #5239 ) ;
#284 = CARTESIAN_POINT ( 'NONE',  ( 4380.418763527576630, -252.5342033517418656, 46.07657966454252829 ) ) ;
#285 = CARTESIAN_POINT ( 'NONE',  ( 4393.311820214521504, -256.8752414021996628, 33.38571298864600578 ) ) ;
#286 = CARTESIAN_POINT ( 'NONE',  ( 4393.427350238953295, -265.0147143193910324, 24.10391400045715571 ) ) ;
#287 = CARTESIAN_POINT ( 'NONE',  ( 4384.651038679162411, -217.3288339045994633, -32.97040445667376218 ) ) ;
#288 = CARTESIAN_POINT ( 'NONE',  ( 4371.571929950301637, -238.1614955377521881, -44.19253746502867841 ) ) ;
#289 = CARTESIAN_POINT ( 'NONE',  ( 4391.441529564177472, -255.0816011215963215, 43.22903264066178508 ) ) ;
#290 = CARTESIAN_POINT ( 'NONE',  ( 4388.921871472595740, -251.3345253974367779, 42.28291938218065837 ) ) ;
#291 = CARTESIAN_POINT ( 'NONE',  ( 4366.984572208597456, -255.6962250818319831, 44.83734452447632890 ) ) ;
#292 = CARTESIAN_POINT ( 'NONE',  ( 4393.263907127499806, -203.4452191002743575, 8.929161617950672536 ) ) ;
#293 = CARTESIAN_POINT ( 'NONE',  ( 4384.683592079687514, -223.3012700073518317, 36.91699749412628506 ) ) ;
#294 = CARTESIAN_POINT ( 'NONE',  ( 4371.335248015859179, -219.6525478537386675, -32.07035948418108262 ) ) ;
#295 = CARTESIAN_POINT ( 'NONE',  ( 4367.441019707303894, -302.9155512315545593, -18.60391400045749322 ) ) ;
#296 = CARTESIAN_POINT ( 'NONE',  ( 4375.761406925924348, -204.7557480286640725, -17.01136864022058504 ) ) ;
#297 = CARTESIAN_POINT ( 'NONE',  ( 4367.270804331235922, -221.3766249921752376, -36.92675447198226379 ) ) ;
#298 = CARTESIAN_POINT ( 'NONE',  ( 4367.114169817118636, -225.1508233819423879, -39.15674031949862410 ) ) ;
#299 = CARTESIAN_POINT ( 'NONE',  ( 4367.121950121027112, -224.8013137015292955, -35.74166137700184720 ) ) ;
#300 = CARTESIAN_POINT ( 'NONE',  ( 4375.754921835554342, -248.3354803407758311, 43.18641065831494075 ) ) ;
#301 = CARTESIAN_POINT ( 'NONE',  ( 4393.528805931275201, -277.9000132200494591, 0.004884534155086186352 ) ) ;
#302 = CARTESIAN_POINT ( 'NONE',  ( 4393.151462370848094, -251.4849450523005032, 43.57240812906358229 ) ) ;
#303 = VERTEX_POINT ( 'NONE', #8593 ) ;
#304 = CARTESIAN_POINT ( 'NONE',  ( 4389.076495875108776, -223.4355374480002467, 36.67269300019739831 ) ) ;
#305 = CARTESIAN_POINT ( 'NONE',  ( 4388.882760837786009, -208.2769868529267114, -17.54688653242015661 ) ) ;
#306 = CARTESIAN_POINT ( 'NONE',  ( 4393.147884464103299, -259.7671988448774982, 28.00230982838126081 ) ) ;
#307 = ORIENTED_EDGE ( 'NONE', *, *, #341, .F. ) ;
#308 = CARTESIAN_POINT ( 'NONE',  ( 4367.094055866270537, -220.9034662366551061, -36.63195954592596593 ) ) ;
#309 = CARTESIAN_POINT ( 'NONE',  ( 4367.150223047295185, -258.2091201168248062, -37.23420643034089750 ) ) ;
#310 = CARTESIAN_POINT ( 'NONE',  ( 4393.173417143600091, -252.4158933977803088, -42.21773137162432477 ) ) ;
#311 = DIRECTION ( 'NONE',  ( 0.000000000000000000, 0.000000000000000000, -1.000000000000000000 ) ) ;
#312 = CARTESIAN_POINT ( 'NONE',  ( 4393.294006026376337, -230.5532552481776634, 36.70033097996834925 ) ) ;
#313 = CARTESIAN_POINT ( 'NONE',  ( 4386.706236801721388, -224.0317003506852132, -33.94420925693579960 ) ) ;
#314 = CARTESIAN_POINT ( 'NONE',  ( 4380.103703131914699, -208.2807726506399604, 18.08970082629632614 ) ) ;
#315 = B_SPLINE_CURVE_WITH_KNOTS ( 'NONE', 3,
 ( #2838, #2076, #6998, #1984 ),
 .UNSPECIFIED., .F., .F.,
 ( 4, 4 ),
 ( 0.000000000000000000, 1.000000000000000000 ),
 .UNSPECIFIED. ) ;
#316 = CARTESIAN_POINT ( 'NONE',  ( 4375.903491160261183, -225.1163293902835960, 38.54736788974486217 ) ) ;
#317 = CARTESIAN_POINT ( 'NONE',  ( 4367.116685002002669, -218.0424732231255973, 31.07371173087729943 ) ) ;
#318 = PLANE ( 'NONE',  #860 ) ;
#319 = CARTESIAN_POINT ( 'NONE',  ( 4393.594234510981551, -251.0451023278346554, 44.60403048465818898 ) ) ;
#320 = CARTESIAN_POINT ( 'NONE',  ( 4366.922250951580281, -206.2313253452668960, -9.932182907464774502 ) ) ;
#321 = CARTESIAN_POINT ( 'NONE',  ( 4388.922021348042108, -255.3337039488220341, -37.34308422972186037 ) ) ;
#322 = CARTESIAN_POINT ( 'NONE',  ( 4380.143806703636983, -250.4607838807892506, -43.05124728854311655 ) ) ;
#323 = ORIENTED_EDGE ( 'NONE', *, *, #7190, .T. ) ;
#324 = CARTESIAN_POINT ( 'NONE',  ( 4367.248670909789325, -254.0668701377042851, -47.48678387216976660 ) ) ;
#325 = CARTESIAN_POINT ( 'NONE',  ( 4367.108845462667887, -224.0166309369980695, 38.53464316707462700 ) ) ;
#326 = CARTESIAN_POINT ( 'NONE',  ( 4384.513206468170210, -225.5950481171026354, 34.99684912762823075 ) ) ;
#327 = CARTESIAN_POINT ( 'NONE',  ( 4367.113519406217165, -214.5534527524957866, 27.86262403380159824 ) ) ;
#328 = EDGE_CURVE ( 'NONE', #3075, #5229, #1639, .T. ) ;
#329 = ORIENTED_EDGE ( 'NONE', *, *, #5614, .T. ) ;
#330 = VECTOR ( 'NONE', #6099, 1000.000000000000000 ) ;
#331 = CARTESIAN_POINT ( 'NONE',  ( 4380.380426129626358, -242.7298848998733831, 44.61321882398756600 ) ) ;
#332 = CARTESIAN_POINT ( 'NONE',  ( 4380.145017245825329, -260.8412869788463126, 29.02752470911662641 ) ) ;
#333 = CARTESIAN_POINT ( 'NONE',  ( 4374.441019707302985, -305.5155512315545252, 24.10391400045744348 ) ) ;
#334 = CARTESIAN_POINT ( 'NONE',  ( 4386.836706725741351, -215.6910594400770549, -31.52472732450543802 ) ) ;
#335 = B_SPLINE_CURVE_WITH_KNOTS ( 'NONE', 3,
 ( #7556, #1298, #373, #5273 ),
 .UNSPECIFIED., .F., .F.,
 ( 4, 4 ),
 ( 0.000000000000000000, 1.000000000000000000 ),
 .UNSPECIFIED. ) ;
#336 = CARTESIAN_POINT ( 'NONE',  ( 4375.965744332394934, -238.0221627624600274, -43.78857618241418947 ) ) ;
#337 = CARTESIAN_POINT ( 'NONE',  ( 4376.086709773858274, -257.2565037842634297, 42.91313460071670960 ) ) ;
#338 = CARTESIAN_POINT ( 'NONE',  ( 4388.921257809144663, -250.4574058623077519, 42.19088375958278192 ) ) ;
#339 = DIRECTION ( 'NONE',  ( 0.000000000000000000, 0.000000000000000000, -1.000000000000000000 ) ) ;
#340 = CARTESIAN_POINT ( 'NONE',  ( 4366.950432102400555, -277.4537554350824280, -0.2890190318596443930 ) ) ;
#341 = EDGE_CURVE ( 'NONE', #1798, #8637, #1530, .T. ) ;
#342 = CARTESIAN_POINT ( 'NONE',  ( 4393.474901659067655, -253.9419982024102467, 44.87558764254978882 ) ) ;
#343 = CARTESIAN_POINT ( 'NONE',  ( 4382.454364358264684, -217.3257886112376696, 33.12064612599577629 ) ) ;
#344 = CARTESIAN_POINT ( 'NONE',  ( 4382.313999542323472, -220.9523701242060554, -32.29228432373076885 ) ) ;
#345 = LINE ( 'NONE', #1028, #3360 ) ;
#346 = CARTESIAN_POINT ( 'NONE',  ( 4388.925005483948553, -204.4720302093552675, -15.37375094111581397 ) ) ;
#347 = AXIS2_PLACEMENT_3D ( 'NONE', #6395, #1375, #8362 ) ;
#348 = CARTESIAN_POINT ( 'NONE',  ( 4371.505159337432815, -224.2879093827230292, -38.38877263208566859 ) ) ;
#349 = CARTESIAN_POINT ( 'NONE',  ( 4367.127016197704506, -231.9907368634597447, -39.31592191851797224 ) ) ;
#350 = CARTESIAN_POINT ( 'NONE',  ( 4371.329511475852087, -213.5152525978530207, 26.49817954560828781 ) ) ;
#351 = MECHANICAL_DESIGN_GEOMETRIC_PRESENTATION_REPRESENTATION (  '', ( #3842 ), #4748 ) ;
#352 = CARTESIAN_POINT ( 'NONE',  ( 4393.174604624794483, -252.5113673753027115, -42.23758546355820442 ) ) ;
#353 = CARTESIAN_POINT ( 'NONE',  ( 4386.726523968380206, -252.0779483963022756, -42.56847721526010275 ) ) ;
#354 = ORIENTED_EDGE ( 'NONE', *, *, #1130, .T. ) ;
#355 = CARTESIAN_POINT ( 'NONE',  ( 4386.860364340499473, -219.7159601900054327, 34.53996312861583817 ) ) ;
#356 = CARTESIAN_POINT ( 'NONE',  ( 4382.297555286814713, -207.8196862141853103, -16.85460476853664957 ) ) ;
#357 = CARTESIAN_POINT ( 'NONE',  ( 4367.468159987929539, -256.9352946708833088, -45.63482956992784523 ) ) ;
#358 = ORIENTED_EDGE ( 'NONE', *, *, #3986, .F. ) ;
#359 = CARTESIAN_POINT ( 'NONE',  ( 4391.259088237505239, -220.9550551393018054, -35.02867451017610279 ) ) ;
#360 = CARTESIAN_POINT ( 'NONE',  ( 4367.150526214318234, -256.2570434249753362, 40.96541767241297549 ) ) ;
#361 = CARTESIAN_POINT ( 'NONE',  ( 4389.427350238954205, -305.5155512315545252, -26.00391400045749535 ) ) ;
#362 = CARTESIAN_POINT ( 'NONE',  ( 4393.226361194559104, -210.2818433983802038, 25.76906913179423952 ) ) ;
#363 = CARTESIAN_POINT ( 'NONE',  ( 4391.074025815824825, -207.1552899221411508, 14.43947039925495801 ) ) ;
#364 = CARTESIAN_POINT ( 'NONE',  ( 4380.120991661468906, -223.7910931011175819, -34.26849928188971006 ) ) ;
#365 = CARTESIAN_POINT ( 'NONE',  ( 4382.338727481734168, -254.4662486598881515, 43.23002587270080710 ) ) ;
#366 = CARTESIAN_POINT ( 'NONE',  ( 4376.031924952828376, -254.7495396735349686, 46.70632305718280719 ) ) ;
#367 = CARTESIAN_POINT ( 'NONE',  ( 4367.148490799999308, -261.7142972624602635, -30.45081926530204797 ) ) ;
#368 = CARTESIAN_POINT ( 'NONE',  ( 4367.402239717334851, -252.4512670629726756, -47.32290775858886178 ) ) ;
#369 = CARTESIAN_POINT ( 'NONE',  ( 4393.596067624585885, -251.5662842600200406, 44.65244028091310469 ) ) ;
#370 = CARTESIAN_POINT ( 'NONE',  ( 4384.533296118905128, -254.7251234816641556, -39.57286904015764151 ) ) ;
#371 = CARTESIAN_POINT ( 'NONE',  ( 4384.529428598782033, -249.5779599600877816, -42.51116604434567847 ) ) ;
#372 = ORIENTED_EDGE ( 'NONE', *, *, #2581, .F. ) ;
#373 = CARTESIAN_POINT ( 'NONE',  ( 4367.447246836877639, -255.8883133933148031, -47.62502163331222960 ) ) ;
#374 = CARTESIAN_POINT ( 'NONE',  ( 4367.095752742879995, -221.2656928659716300, 36.87454191055838493 ) ) ;
#375 = CARTESIAN_POINT ( 'NONE',  ( 4384.516256401224382, -229.5907031408983983, 36.98242086395979555 ) ) ;
#376 = CARTESIAN_POINT ( 'NONE',  ( 4384.763837648642948, -267.9394613793800204, -20.50391400045831958 ) ) ;
#377 = ORIENTED_EDGE ( 'NONE', *, *, #3521, .F. ) ;
#378 = CARTESIAN_POINT ( 'NONE',  ( 4380.279230863727207, -221.2940252618882369, 36.02186693610269685 ) ) ;
#379 = CARTESIAN_POINT ( 'NONE',  ( 4388.917643561182558, -261.9837646326361096, 24.81549440683571461 ) ) ;
#380 = CARTESIAN_POINT ( 'NONE',  ( 4393.093705932034936, -206.2313293483499876, 8.032538205910300988 ) ) ;
#381 = CARTESIAN_POINT ( 'NONE',  ( 4382.462066813231104, -218.6692744153698129, -34.10707147080109536 ) ) ;
#382 = CARTESIAN_POINT ( 'NONE',  ( 4367.165531202940656, -235.8274832807301493, -43.80541561965570452 ) ) ;
#383 = ADVANCED_FACE ( 'NONE', ( #4571 ), #5522, .F. ) ;
#384 = CARTESIAN_POINT ( 'NONE',  ( 4391.443453684672022, -254.0859760455388425, 45.10829205057714120 ) ) ;
#385 = CARTESIAN_POINT ( 'NONE',  ( 4388.898213391850732, -221.4420824513795196, 32.17917581059919030 ) ) ;
#386 = CARTESIAN_POINT ( 'NONE',  ( 4376.741019707303167, -302.9155512315545593, -24.40391400045749748 ) ) ;
#387 = CARTESIAN_POINT ( 'NONE',  ( 4393.271914319790085, -203.4977444175906669, 9.827265352430705647 ) ) ;
#388 = CARTESIAN_POINT ( 'NONE',  ( 4382.340735208941624, -204.4724361908778008, 15.78751758097720526 ) ) ;
#389 = CARTESIAN_POINT ( 'NONE',  ( 4367.441019707303894, -305.5155512315545252, 26.00391400045748469 ) ) ;
#390 = CARTESIAN_POINT ( 'NONE',  ( 4375.755716724568629, -204.4707880683594965, -16.16686726908776706 ) ) ;
#391 = CARTESIAN_POINT ( 'NONE',  ( 4367.262229220202244, -219.6174308708142746, -35.75555558059048877 ) ) ;
#392 = CARTESIAN_POINT ( 'NONE',  ( 4380.297989929823416, -225.0996491197270188, -38.21463819514512750 ) ) ;
#393 = CARTESIAN_POINT ( 'NONE',  ( 4393.427350238953295, -265.6567752673038854, -22.90390895184451026 ) ) ;
#394 = ADVANCED_FACE ( 'NONE', ( #551 ), #4056, .T. ) ;
#395 = CARTESIAN_POINT ( 'NONE',  ( 4371.338175379392851, -222.9525783948678566, 34.35439884699158597 ) ) ;
#396 = CARTESIAN_POINT ( 'NONE',  ( 4393.168610758858449, -252.4443204416622564, -42.17324259861507585 ) ) ;
#397 = CARTESIAN_POINT ( 'NONE',  ( 4386.726177259217366, -251.4902739509138883, -42.51197728513907492 ) ) ;
#398 = EDGE_LOOP ( 'NONE', ( #93, #3363, #3949, #3427 ) ) ;
#399 = CARTESIAN_POINT ( 'NONE',  ( 4386.878969989323195, -223.1633695900350460, 36.67861263556752505 ) ) ;
#400 = CARTESIAN_POINT ( 'NONE',  ( 4371.328435768721647, -212.4579098881612254, -25.30967551919927061 ) ) ;
#401 = CARTESIAN_POINT ( 'NONE',  ( 4367.375931461942855, -280.4191122659923394, 0.003914000457493408552 ) ) ;
#402 = ORIENTED_EDGE ( 'NONE', *, *, #1062, .T. ) ;
#403 = CARTESIAN_POINT ( 'NONE',  ( 4371.489857396577463, -221.0934670034532132, -36.47597298085029394 ) ) ;
#404 = CARTESIAN_POINT ( 'NONE',  ( 4367.402239717334851, -252.4512670629726756, -47.32290775858886178 ) ) ;
#405 = CARTESIAN_POINT ( 'NONE',  ( 4367.436266875392903, -301.9155512315545593, 19.50391400045749180 ) ) ;
#406 = CARTESIAN_POINT ( 'NONE',  ( 4393.347436594710416, -230.5990018815971325, 39.75287811893070256 ) ) ;
#407 = CARTESIAN_POINT ( 'NONE',  ( 4391.099231210771904, -229.5112150934274666, 36.43045704030981113 ) ) ;
#408 = CARTESIAN_POINT ( 'NONE',  ( 4393.288346890672983, -224.1513160529362381, -33.52890141806854274 ) ) ;
#409 = CARTESIAN_POINT ( 'NONE',  ( 4375.708293051918190, -206.5862408713005891, 13.04676142012385043 ) ) ;
#410 = CARTESIAN_POINT ( 'NONE',  ( 4375.925486363346863, -229.6925009424128064, 40.74748759676154464 ) ) ;
#411 = CARTESIAN_POINT ( 'NONE',  ( 0.000000000000000000, 0.000000000000000000, 0.000000000000000000 ) ) ;
#412 = CARTESIAN_POINT ( 'NONE',  ( 4367.466697790545368, -260.0708619510263588, -39.66795668391894480 ) ) ;
#413 = CARTESIAN_POINT ( 'NONE',  ( 4371.687590270500550, -261.7421071763352529, -35.42614085716655836 ) ) ;
#414 = CARTESIAN_POINT ( 'NONE',  ( 4391.255787789936221, -220.4124396534517700, 34.69128701341085019 ) ) ;
#415 = CARTESIAN_POINT ( 'NONE',  ( 4382.288774242180807, -206.2649220024696035, -9.885586771857397537 ) ) ;
#416 = CARTESIAN_POINT ( 'NONE',  ( 4391.398912708257740, -266.0813494073798893, -22.54626709342052138 ) ) ;
#417 = CARTESIAN_POINT ( 'NONE',  ( 4388.917643562755984, -261.9837646175872692, -24.80766643389198478 ) ) ;
#418 = CARTESIAN_POINT ( 'NONE',  ( 4384.529739624406830, -250.1675506516294831, -42.58691991744218086 ) ) ;
#419 = ORIENTED_EDGE ( 'NONE', *, *, #1130, .F. ) ;
#420 = CARTESIAN_POINT ( 'NONE',  ( 4393.151209740883132, -252.3187004976331025, -41.99265584664675544 ) ) ;
#421 = CARTESIAN_POINT ( 'NONE',  ( 4367.441019707303894, -305.5155512315545252, 26.00391400045748469 ) ) ;
#422 = CARTESIAN_POINT ( 'NONE',  ( 4382.318555571746401, -226.3935869430582102, -35.57958341878697439 ) ) ;
#423 = CARTESIAN_POINT ( 'NONE',  ( 4384.504320561652094, -215.7140416979892450, 27.96157747531559679 ) ) ;
#424 = VECTOR ( 'NONE', #8826, 1000.000000000000000 ) ;
#425 = CARTESIAN_POINT ( 'NONE',  ( 4367.179498794939718, -256.1304003965578886, -44.82015285398910009 ) ) ;
#426 = ORIENTED_EDGE ( 'NONE', *, *, #3181, .F. ) ;
#427 = CARTESIAN_POINT ( 'NONE',  ( 4380.286557258156790, -222.7506878365790328, 36.90889186935178401 ) ) ;
#428 = CARTESIAN_POINT ( 'NONE',  ( 4384.529594652261949, -262.3670688437478020, 25.09248827441443197 ) ) ;
#429 = CARTESIAN_POINT ( 'NONE',  ( 4393.104695190509119, -207.6596476166099308, 15.81628393340750804 ) ) ;
#430 = CARTESIAN_POINT ( 'NONE',  ( 4380.267897516113408, -219.1855367316796048, -34.61550777795574163 ) ) ;
#431 = CARTESIAN_POINT ( 'NONE',  ( 4382.608976099752908, -251.2137713044462259, -45.72363213887256705 ) ) ;
#432 = ADVANCED_FACE ( 'NONE', ( #5447 ), #6086, .F. ) ;
#433 = CARTESIAN_POINT ( 'NONE',  ( 4388.908463020525232, -233.9053157022063090, 38.37356641394136858 ) ) ;
#434 = DIRECTION ( 'NONE',  ( -0.000000000000000000, 1.000000000000000000, -0.000000000000000000 ) ) ;
#435 = CARTESIAN_POINT ( 'NONE',  ( 4388.906461416294405, -275.3010561440224819, -0.2548766484034583613 ) ) ;
#436 = AXIS2_PLACEMENT_3D ( 'NONE', #520, #8932, #5415 ) ;
#437 = CARTESIAN_POINT ( 'NONE',  ( 4367.302702812808093, -256.1189450016360638, 44.84345987173365700 ) ) ;
#438 = EDGE_CURVE ( 'NONE', #4128, #1752, #8617, .T. ) ;
#439 = CARTESIAN_POINT ( 'NONE',  ( 4384.806462370742338, -252.1323746471245784, 45.60202592886773942 ) ) ;
#440 = CARTESIAN_POINT ( 'NONE',  ( 4386.703706822223467, -221.1166650015854600, -32.10374717281597157 ) ) ;
#441 = FACE_OUTER_BOUND ( 'NONE', #4633, .T. ) ;
#442 = CARTESIAN_POINT ( 'NONE',  ( 4380.205200901567878, -209.2289369890307285, -25.22455520447571331 ) ) ;
#443 = CARTESIAN_POINT ( 'NONE',  ( 4367.267443123319936, -220.6534207253720297, -36.45678961418979469 ) ) ;
#444 = CARTESIAN_POINT ( 'NONE',  ( 4375.917157856435551, -227.9601343913413132, -39.95745341316587940 ) ) ;
#445 = LINE ( 'NONE', #5246, #2049 ) ;
#446 = CARTESIAN_POINT ( 'NONE',  ( 4371.338313148774432, -223.1113668746766905, 34.45451505595870856 ) ) ;
#447 = CARTESIAN_POINT ( 'NONE',  ( 4393.171082027756711, -252.4290426884067813, -42.19593320629774524 ) ) ;
#448 = CARTESIAN_POINT ( 'NONE',  ( 4391.119375319611208, -251.1797113792169682, -42.03582478908545994 ) ) ;
#449 = ORIENTED_EDGE ( 'NONE', *, *, #2294, .T. ) ;
#450 = EDGE_CURVE ( 'NONE', #2357, #1133, #4117, .T. ) ;
#451 = CARTESIAN_POINT ( 'NONE',  ( 4386.836706730396145, -215.6910594400719958, 31.53255532511158776 ) ) ;
#452 = CARTESIAN_POINT ( 'NONE',  ( 4386.694966531787941, -212.4495480142098813, -24.38713992217938653 ) ) ;
#453 = CARTESIAN_POINT ( 'NONE',  ( 4366.924492850370370, -203.4313249071801408, -9.975534767258400493 ) ) ;
#454 = ORIENTED_EDGE ( 'NONE', *, *, #3423, .T. ) ;
#455 = CARTESIAN_POINT ( 'NONE',  ( 4384.672522507236863, -221.1221441135450334, -35.60203016548143040 ) ) ;
#456 = CARTESIAN_POINT ( 'NONE',  ( 4393.149142878294697, -252.3291465728778178, 41.98129932649217011 ) ) ;
#457 = DIRECTION ( 'NONE',  ( 0.000000000000000000, -1.000000000000000000, 0.000000000000000000 ) ) ;
#458 = CARTESIAN_POINT ( 'NONE',  ( 4393.093705806565595, -203.4313293483461393, 8.032536258807095209 ) ) ;
#459 = CARTESIAN_POINT ( 'NONE',  ( 4391.094985547265424, -224.6705838597212050, 33.99777386587484074 ) ) ;
#460 = CARTESIAN_POINT ( 'NONE',  ( 4382.317710390602770, -225.3415289014451446, -35.00844720188678849 ) ) ;
#461 = CARTESIAN_POINT ( 'NONE',  ( 4380.120752718164113, -223.5431513783207720, 34.12681255644528733 ) ) ;
#462 = CARTESIAN_POINT ( 'NONE',  ( 4375.977224018180095, -240.4740825683010428, 44.42457059357014515 ) ) ;
#463 = CARTESIAN_POINT ( 'NONE',  ( 4367.418393696048952, -272.3309011608013748, -15.86914129500633486 ) ) ;
#464 = CARTESIAN_POINT ( 'NONE',  ( 4367.436266875392903, -302.9155512315545593, 25.10391400045742571 ) ) ;
#465 = EDGE_CURVE ( 'NONE', #5505, #1483, #966, .T. ) ;
#466 = CARTESIAN_POINT ( 'NONE',  ( 4391.249677751917261, -219.3787677317487521, 34.00475284270507359 ) ) ;
#467 = CARTESIAN_POINT ( 'NONE',  ( 4380.094747785480649, -206.2867462273289334, -10.41053293427936488 ) ) ;
#468 = CARTESIAN_POINT ( 'NONE',  ( 4391.103082781020021, -271.2881821831153388, -6.862820599026056456 ) ) ;
#469 = ORIENTED_EDGE ( 'NONE', *, *, #4254, .T. ) ;
#470 = CARTESIAN_POINT ( 'NONE',  ( 4366.972913180298747, -246.3858392438722831, -43.67896745577551343 ) ) ;
#471 = DIRECTION ( 'NONE',  ( 0.000000000000000000, -1.000000000000000000, 0.000000000000000000 ) ) ;
#472 = ORIENTED_EDGE ( 'NONE', *, *, #5042, .T. ) ;
#473 = CARTESIAN_POINT ( 'NONE',  ( 4393.597060280533697, -253.9320849328892109, -44.85425419700830929 ) ) ;
#474 = CARTESIAN_POINT ( 'NONE',  ( 4367.202032327137204, -243.3197691830392841, 45.90242906475622675 ) ) ;
#475 = CARTESIAN_POINT ( 'NONE',  ( 4380.123573599365045, -226.9385931889814856, -36.02201023435510763 ) ) ;
#476 = CARTESIAN_POINT ( 'NONE',  ( 4382.297963510133741, -207.9652287118315144, 17.23356416220648057 ) ) ;
#477 = B_SPLINE_SURFACE_WITH_KNOTS ( 'NONE', 1, 3, ( 
 ( #4808, #7643, #3442, #3398, #1891, #6182, #4851, #2032 ),
 ( #1202, #6231, #5364, #2712, #561, #4727, #9020, #3352 ),
 ( #6779, #2757, #8332, #5548, #2080, #4172, #6959, #516 ),
 ( #7821, #134, #4, #7167, #822, #1601, #2167, #5637 ) ),
 .UNSPECIFIED., .F., .F., .F.,
 ( 2, 1, 1, 2 ),
 ( 4, 2, 2, 4 ),
 ( -0.01000000000000000021, 0.000000000000000000, 1.000000000000000000, 1.010000000000000009 ),
 ( -0.04642697178990536772, 0.2245443953158831607, 0.4955157624216716683, 1.037458496633248739 ),
 .UNSPECIFIED. ) ;
#478 = CARTESIAN_POINT ( 'NONE',  ( 4367.438643291347944, -302.9155512315545593, 24.10391400045742571 ) ) ;
#479 = DIRECTION ( 'NONE',  ( 0.000000000000000000, 0.000000000000000000, -1.000000000000000000 ) ) ;
#480 = ORIENTED_EDGE ( 'NONE', *, *, #5042, .F. ) ;
#481 = CARTESIAN_POINT ( 'NONE',  ( 4380.281731771011437, -221.8045339045580135, 36.34034289346181623 ) ) ;
#482 = CARTESIAN_POINT ( 'NONE',  ( 4380.135665318457541, -268.5007390273697183, 14.37925808750700085 ) ) ;
#483 = CARTESIAN_POINT ( 'NONE',  ( 4382.466731621577310, -219.5356311720430824, -34.71075202374343149 ) ) ;
#484 = CARTESIAN_POINT ( 'NONE',  ( 4386.993907810756355, -249.0816411349215116, -45.04035893698557658 ) ) ;
#485 = CARTESIAN_POINT ( 'NONE',  ( 4371.493980128472685, -221.9390602010257680, 37.01917275802200180 ) ) ;
#486 = CARTESIAN_POINT ( 'NONE',  ( 4386.706149127892786, -223.9096108335794781, 33.88022304885403457 ) ) ;
#487 = CARTESIAN_POINT ( 'NONE',  ( 4398.227350238953477, -305.5155512315545252, 26.00391400045749535 ) ) ;
#488 = PLANE ( 'NONE',  #7594 ) ;
#489 = CARTESIAN_POINT ( 'NONE',  ( 4393.130897562555219, -230.0180519213164985, -36.48037570080887093 ) ) ;
#490 = CARTESIAN_POINT ( 'NONE',  ( 4382.299295461280963, -203.4948655843476786, 10.50230510983100451 ) ) ;
#491 = CARTESIAN_POINT ( 'NONE',  ( 4382.314279616548447, -221.2797950071934565, -32.51666337611662527 ) ) ;
#492 = CARTESIAN_POINT ( 'NONE',  ( 4393.427351010983330, -266.9410810582424460, 20.50362304903277533 ) ) ;
#493 = CARTESIAN_POINT ( 'NONE',  ( 4393.366283529738212, -208.2505164227890191, -22.96760873348310028 ) ) ;
#494 = CARTESIAN_POINT ( 'NONE',  ( 4367.136319849138999, -229.8050400442403998, -41.42594290373255461 ) ) ;
#495 = DIRECTION ( 'NONE',  ( 0.000000000000000000, 0.000000000000000000, 1.000000000000000000 ) ) ;
#496 = CARTESIAN_POINT ( 'NONE',  ( 4371.332204104380253, -216.2952941009644121, 29.31027007509995386 ) ) ;
#497 = CARTESIAN_POINT ( 'NONE',  ( 4393.304737302846661, -253.2379299683455542, -43.57063818924848420 ) ) ;
#498 = ORIENTED_EDGE ( 'NONE', *, *, #7557, .F. ) ;
#499 = CARTESIAN_POINT ( 'NONE',  ( 4386.840712869466188, -216.3403841348720107, 32.06411947335725188 ) ) ;
#500 = CARTESIAN_POINT ( 'NONE',  ( 4382.307891835665032, -214.5877479817375502, -26.98938379466263626 ) ) ;
#501 = CARTESIAN_POINT ( 'NONE',  ( 4367.268693071092457, -269.9628071115606076, -20.48064159310256471 ) ) ;
#502 = CARTESIAN_POINT ( 'NONE',  ( 4382.482035792171700, -222.3604418762469379, -36.51726207672505353 ) ) ;
#503 = LINE ( 'NONE', #3194, #6861 ) ;
#504 = CARTESIAN_POINT ( 'NONE',  ( 4393.474901659066745, -253.9419982024104741, 44.87558764254985277 ) ) ;
#505 = CARTESIAN_POINT ( 'NONE',  ( 4393.147353601972100, -204.2298805165731892, 14.25073824591273564 ) ) ;
#506 = EDGE_CURVE ( 'NONE', #4942, #7319, #6721, .T. ) ;
#507 = CARTESIAN_POINT ( 'NONE',  ( 4391.098758692508454, -228.9797256290028145, 36.18754845862922309 ) ) ;
#508 = CARTESIAN_POINT ( 'NONE',  ( 4386.707261344127801, -225.3263747185457078, -34.68018786275780485 ) ) ;
#509 = CARTESIAN_POINT ( 'NONE',  ( 4380.127746767351709, -231.8542624577496554, 38.29298061676025355 ) ) ;
#510 = CARTESIAN_POINT ( 'NONE',  ( 4375.890444592419044, -222.3538003089855692, 36.97886105044926097 ) ) ;
#511 = CARTESIAN_POINT ( 'NONE',  ( 4367.443393389362427, -267.2601533125363176, -25.78203357760281023 ) ) ;
#512 = CARTESIAN_POINT ( 'NONE',  ( 4367.302353201072037, -261.0840258892719135, -37.76671191850292786 ) ) ;
#513 = CARTESIAN_POINT ( 'NONE',  ( 4391.261067281803662, -221.3199955785193822, 35.26375041210836514 ) ) ;
#514 = CARTESIAN_POINT ( 'NONE',  ( 4371.314183606153165, -206.2625278411261149, -10.50504553516085515 ) ) ;
#515 = CARTESIAN_POINT ( 'NONE',  ( 4391.412030572642834, -263.5733478553004829, -27.24700665302541225 ) ) ;
#516 = CARTESIAN_POINT ( 'NONE',  ( 4393.135990018568918, -275.4555893460731681, 1.320164853453593246 ) ) ;
#517 = CARTESIAN_POINT ( 'NONE',  ( 4386.711433668252539, -230.6481809739274240, -37.26277176958141268 ) ) ;
#518 = VERTEX_POINT ( 'NONE', #5353 ) ;
#519 = DIRECTION ( 'NONE',  ( 0.000000000000000000, 0.000000000000000000, 1.000000000000000000 ) ) ;
#520 = CARTESIAN_POINT ( 'NONE',  ( 4367.436266875392903, -301.9155512315545593, -19.50391400045749180 ) ) ;
#521 = CARTESIAN_POINT ( 'NONE',  ( 4386.709755503957240, -228.4912819902764625, -36.29734605122034452 ) ) ;
#522 = CARTESIAN_POINT ( 'NONE',  ( 4384.517878182919958, -231.7803162284648124, 37.91947054993006105 ) ) ;
#523 = LINE ( 'NONE', #3314, #4241 ) ;
#524 = ORIENTED_EDGE ( 'NONE', *, *, #6260, .F. ) ;
#525 = CARTESIAN_POINT ( 'NONE',  ( 4376.079819448690614, -260.3406570554018344, -37.03441065060956561 ) ) ;
#526 = CARTESIAN_POINT ( 'NONE',  ( 4391.101171205256833, -231.6691572988172254, -37.33502999933281075 ) ) ;
#527 = CARTESIAN_POINT ( 'NONE',  ( 4375.777478449101181, -205.7269644500933339, 19.49393173868599050 ) ) ;
#528 = CARTESIAN_POINT ( 'NONE',  ( 4386.723619106722253, -262.1754167381919274, 24.95399134062507329 ) ) ;
#529 = CARTESIAN_POINT ( 'NONE',  ( 4382.463950146976458, -219.0160888988274337, -34.35051199570503400 ) ) ;
#530 = CARTESIAN_POINT ( 'NONE',  ( 4380.405403084220779, -248.8875003960217782, -45.65928754347104501 ) ) ;
#531 = CARTESIAN_POINT ( 'NONE',  ( 4371.482602045538442, -219.6878152260575803, 35.54783706966259160 ) ) ;
#532 = CARTESIAN_POINT ( 'NONE',  ( 4386.678706754024461, -206.2885282522708792, 10.02619281388638228 ) ) ;
#533 = CARTESIAN_POINT ( 'NONE',  ( 4382.565171111442396, -305.5155512315545252, -32.00391400045749890 ) ) ;
#534 = CARTESIAN_POINT ( 'NONE',  ( 4380.385634356345690, -275.1629134030105206, 7.658106925519397201 ) ) ;
#535 = CARTESIAN_POINT ( 'NONE',  ( 4393.468716448984196, -223.5671578364921004, 36.41623605116529205 ) ) ;
#536 = CARTESIAN_POINT ( 'NONE',  ( 4382.448664102909788, -216.3357954190930741, 32.34825218988588347 ) ) ;
#537 = CARTESIAN_POINT ( 'NONE',  ( 4388.897929784672669, -221.1168624912515668, -31.95201728782835815 ) ) ;
#538 = CARTESIAN_POINT ( 'NONE',  ( 4393.290223036583484, -219.7271194129236846, 34.09370443108461757 ) ) ;
#539 = CARTESIAN_POINT ( 'NONE',  ( 4388.995066891475290, -210.2886251476443533, -26.03431082081753800 ) ) ;
#540 = CARTESIAN_POINT ( 'NONE',  ( 4384.708622692206518, -228.4428691099237767, -39.52140489258670186 ) ) ;
#541 = LINE ( 'NONE', #1871, #5092 ) ;
#542 = CARTESIAN_POINT ( 'NONE',  ( 4371.348586896731831, -233.7154145542858146, 39.70730116948434585 ) ) ;
#543 = CARTESIAN_POINT ( 'NONE',  ( 4393.243843394701798, -212.5688668109143293, -28.28369414487031719 ) ) ;
#544 = EDGE_LOOP ( 'NONE', ( #1731, #825, #1712, #5157 ) ) ;
#545 = CARTESIAN_POINT ( 'NONE',  ( 4386.872005213130251, -221.8188010710867673, 35.88611659628067940 ) ) ;
#546 = CARTESIAN_POINT ( 'NONE',  ( 4384.498005026291139, -210.5881434809902544, -21.96604543045704716 ) ) ;
#547 = PLANE ( 'NONE',  #4958 ) ;
#548 = CARTESIAN_POINT ( 'NONE',  ( 4380.284115663299417, -222.2304512664246658, -36.59208102440493349 ) ) ;
#549 = CARTESIAN_POINT ( 'NONE',  ( 4367.426673816617949, -255.8898610120376986, 47.63494700827666151 ) ) ;
#550 = B_SPLINE_SURFACE_WITH_KNOTS ( 'NONE', 3, 3, ( 
 ( #4041, #2574, #6736, #5368 ),
 ( #1850, #6783, #3310, #6831 ),
 ( #5460, #2622, #8931, #7410 ),
 ( #6101, #8881, #567, #5414 ) ),
 .UNSPECIFIED., .F., .F., .F.,
 ( 4, 4 ),
 ( 4, 4 ),
 ( 160.2955543827831093, 201.0441294706864710 ),
 ( 2181.962397200727537, 2446.801484557895037 ),
 .UNSPECIFIED. ) ;
#551 = FACE_OUTER_BOUND ( 'NONE', #4940, .T. ) ;
#552 = CARTESIAN_POINT ( 'NONE',  ( 4391.092103293058244, -221.4421298193177563, 32.02391879112236239 ) ) ;
#553 = CARTESIAN_POINT ( 'NONE',  ( 4391.095762665573602, -225.5690443726858803, -34.48601359837706326 ) ) ;
#554 = CARTESIAN_POINT ( 'NONE',  ( 4380.129198830438327, -233.5338494880226961, 38.95341839544472862 ) ) ;
#555 = CARTESIAN_POINT ( 'NONE',  ( 4384.842380646136917, -261.6272349098026666, 32.46310790505586397 ) ) ;
#556 = CARTESIAN_POINT ( 'NONE',  ( 4377.141019707303712, -289.7815121590419380, 24.40391400045749748 ) ) ;
#557 = CARTESIAN_POINT ( 'NONE',  ( 4398.227350238953477, -305.5155512315545252, -18.60391400045748966 ) ) ;
#558 = CARTESIAN_POINT ( 'NONE',  ( 4391.272342752547047, -223.4341238213580425, 36.50857301366114172 ) ) ;
#559 = CARTESIAN_POINT ( 'NONE',  ( 4366.923090340409544, -206.2614990254136274, -10.72925813846232934 ) ) ;
#560 = CARTESIAN_POINT ( 'NONE',  ( 4391.431742054834103, -259.0688466605268445, -35.70434063481072684 ) ) ;
#561 = CARTESIAN_POINT ( 'NONE',  ( 4393.442427311295432, -263.8990952189387258, -26.17777477820114029 ) ) ;
#562 = ORIENTED_EDGE ( 'NONE', *, *, #6260, .T. ) ;
#563 = CARTESIAN_POINT ( 'NONE',  ( 4388.905801231777332, -230.6165112852137895, -37.07566489211770033 ) ) ;
#564 = EDGE_CURVE ( 'NONE', #4081, #4174, #8827, .T. ) ;
#565 = PLANE ( 'NONE',  #1980 ) ;
#566 = ORIENTED_EDGE ( 'NONE', *, *, #7544, .T. ) ;
#567 = CARTESIAN_POINT ( 'NONE',  ( 4384.811936421450810, -268.3365208348522515, 19.73389377948891266 ) ) ;
#568 = CARTESIAN_POINT ( 'NONE',  ( 4393.262630425042516, -206.2666905324596769, 9.214470111425180576 ) ) ;
#569 = CARTESIAN_POINT ( 'NONE',  ( 4375.734260551002080, -228.5986181825472272, -37.17058601342011315 ) ) ;
#570 = CARTESIAN_POINT ( 'NONE',  ( 4382.310227829535506, -216.8903481677379830, 29.15351014073284830 ) ) ;
#571 = CARTESIAN_POINT ( 'NONE',  ( 4367.182149765651957, -256.1280034955356655, -44.84792383200219490 ) ) ;
#572 = ORIENTED_EDGE ( 'NONE', *, *, #7144, .T. ) ;
#573 = CARTESIAN_POINT ( 'NONE',  ( 4375.832711465415741, -212.0029791006336666, 28.74560784858710960 ) ) ;
#574 = CARTESIAN_POINT ( 'NONE',  ( 4393.444046743527906, -219.2084429684419717, -33.72402197951182501 ) ) ;
#575 = CARTESIAN_POINT ( 'NONE',  ( 4384.801044319121502, -250.4446734707278495, -45.42507728546843282 ) ) ;
#576 = CARTESIAN_POINT ( 'NONE',  ( 4371.503859989486955, -224.0079060764596761, 38.23989884832978703 ) ) ;
#577 = CARTESIAN_POINT ( 'NONE',  ( 4386.696175258244693, -213.5081905573350411, 25.56706966179876517 ) ) ;
#578 = CARTESIAN_POINT ( 'NONE',  ( 4367.212665303642098, -276.4364818468184808, 7.826795710861786937 ) ) ;
#579 = CARTESIAN_POINT ( 'NONE',  ( 4393.469425727854286, -223.7011775687769273, 36.48997772932619910 ) ) ;
#580 = AXIS2_PLACEMENT_3D ( 'NONE', #210, #5668, #1680 ) ;
#581 = CARTESIAN_POINT ( 'NONE',  ( 4382.478092156869025, -221.6434738566804583, 36.08900960926157353 ) ) ;
#582 = CARTESIAN_POINT ( 'NONE',  ( 4371.337125741735690, -221.7625590878977846, -33.57029750881417840 ) ) ;
#583 = CARTESIAN_POINT ( 'NONE',  ( 4393.188621293980759, -206.4299103354540819, 20.02399464683453445 ) ) ;
#584 = CARTESIAN_POINT ( 'NONE',  ( 4375.787584848369988, -206.4457350768581421, -21.08890896757708333 ) ) ;
#585 = CARTESIAN_POINT ( 'NONE',  ( 4375.919913083004758, -228.5337545769314715, -40.22654767413938259 ) ) ;
#586 = CARTESIAN_POINT ( 'NONE',  ( 4367.467819822858473, -255.8867657733926535, 47.63075206517647331 ) ) ;
#587 = AXIS2_PLACEMENT_3D ( 'NONE', #6857, #4069, #6812 ) ;
#588 = CARTESIAN_POINT ( 'NONE',  ( 4371.337279165474683, -221.9255403337824362, 33.68728944848231777 ) ) ;
#589 = DIRECTION ( 'NONE',  ( 1.000000000000000000, 0.000000000000000000, -0.000000000000000000 ) ) ;
#590 = VERTEX_POINT ( 'NONE', #1880 ) ;
#591 = CARTESIAN_POINT ( 'NONE',  ( 4386.926776539799903, -233.0015683760148022, 41.19714028283595297 ) ) ;
#592 = CARTESIAN_POINT ( 'NONE',  ( 4388.892225511734068, -215.1461663218236993, -27.12082284872882454 ) ) ;
#593 = FILL_AREA_STYLE_COLOUR ( '', #1165 ) ;
#594 = LINE ( 'NONE', #8814, #7878 ) ;
#595 = VECTOR ( 'NONE', #3580, 1000.000000000000000 ) ;
#596 = CARTESIAN_POINT ( 'NONE',  ( 4384.680877734856040, -222.7521429528127612, -36.59245818190903776 ) ) ;
#597 = DIRECTION ( 'NONE',  ( -0.000000000000000000, 1.000000000000000000, -0.000000000000000000 ) ) ;
#598 = CARTESIAN_POINT ( 'NONE',  ( 4375.941019707302985, -287.7537537522357525, 20.90391400045749393 ) ) ;
#599 = CARTESIAN_POINT ( 'NONE',  ( 4391.094649659020433, -224.2828673726876616, 33.77697371256893177 ) ) ;
#600 = CARTESIAN_POINT ( 'NONE',  ( 4388.901720177456809, -225.5777093147622452, -34.65563859516298351 ) ) ;
#601 = CARTESIAN_POINT ( 'NONE',  ( 4380.122249498042038, -225.3491213822381383, 35.17614187864777620 ) ) ;
#602 = CARTESIAN_POINT ( 'NONE',  ( 4367.279155892462768, -265.7212720631817433, 28.77745000900102212 ) ) ;
#603 = CARTESIAN_POINT ( 'NONE',  ( 4367.290180069426242, -225.6544476931258600, 39.42133062359590667 ) ) ;
#604 = CARTESIAN_POINT ( 'NONE',  ( 4391.265345906826042, -222.1111198443039143, 35.74451848319765901 ) ) ;
#605 = CARTESIAN_POINT ( 'NONE',  ( 4366.924389206004889, -206.3591544529705004, -11.92584516793251481 ) ) ;
#606 = CARTESIAN_POINT ( 'NONE',  ( 4393.374011126487858, -253.4331762530652838, 43.99239072041628162 ) ) ;
#607 = DIRECTION ( 'NONE',  ( 0.000000000000000000, 0.000000000000000000, -1.000000000000000000 ) ) ;
#608 = ORIENTED_EDGE ( 'NONE', *, *, #7978, .T. ) ;
#609 = CARTESIAN_POINT ( 'NONE',  ( 4393.217417304215815, -209.2135656221284421, -24.41346823118018605 ) ) ;
#610 = CARTESIAN_POINT ( 'NONE',  ( 4367.248567036092027, -253.9124598706151801, 47.48129643929189569 ) ) ;
#611 = CARTESIAN_POINT ( 'NONE',  ( 4393.292558807645946, -228.9558034389914951, -35.99292300733927163 ) ) ;
#612 = CARTESIAN_POINT ( 'NONE',  ( 4384.530902823691576, -253.7059573426402324, 42.94325025948710106 ) ) ;
#613 = CARTESIAN_POINT ( 'NONE',  ( 4367.098911906686226, -203.4313214445374456, 10.41175572387644976 ) ) ;
#614 = VERTEX_POINT ( 'NONE', #6994 ) ;
#615 = CARTESIAN_POINT ( 'NONE',  ( 4380.471814176595217, -255.8958219579920410, -44.39919002045095198 ) ) ;
#616 = CARTESIAN_POINT ( 'NONE',  ( 4371.347391796028205, -232.5722863674742484, -39.24585020984230255 ) ) ;
#617 = CARTESIAN_POINT ( 'NONE',  ( 4375.862091804785450, -216.9864667322316905, 33.28085638293957516 ) ) ;
#618 = CARTESIAN_POINT ( 'NONE',  ( 4389.059178345736655, -220.2344961317839704, -34.72408859742215270 ) ) ;
#619 = CARTESIAN_POINT ( 'NONE',  ( 4384.794784120253098, -248.6117252382369429, -45.19730529459429391 ) ) ;
#620 = CARTESIAN_POINT ( 'NONE',  ( 4371.450757373620945, -213.7897234494656686, 30.80078107746953364 ) ) ;
#621 = CARTESIAN_POINT ( 'NONE',  ( 4386.705712700175354, -223.4158326442651230, 33.58599260810848364 ) ) ;
#622 = EDGE_CURVE ( 'NONE', #3876, #3451, #7815, .T. ) ;
#623 = DIRECTION ( 'NONE',  ( 0.000000000000000000, 0.000000000000000000, 1.000000000000000000 ) ) ;
#624 = CARTESIAN_POINT ( 'NONE',  ( 4393.443024396900910, -219.0346578322505593, 33.61191076390738885 ) ) ;
#625 = CARTESIAN_POINT ( 'NONE',  ( 4382.508791923308308, -227.8993666641015636, 39.44500221769329329 ) ) ;
#626 = CARTESIAN_POINT ( 'NONE',  ( 4391.093072429015592, -222.4410028197064264, -32.66128244356534793 ) ) ;
#627 = CARTESIAN_POINT ( 'NONE',  ( 4393.432043736833293, -252.8013609256306040, 44.77903130429243106 ) ) ;
#628 = CARTESIAN_POINT ( 'NONE',  ( 4389.003426843156376, -211.4306027456021866, -27.29673231851096915 ) ) ;
#629 = CARTESIAN_POINT ( 'NONE',  ( 4367.119604119395262, -226.2995113603419099, -39.75711844737352862 ) ) ;
#630 = CARTESIAN_POINT ( 'NONE',  ( 4367.136704404483680, -246.2419671247597535, -43.63677232743004453 ) ) ;
#631 = EDGE_CURVE ( 'NONE', #8205, #56, #2116, .T. ) ;
#632 = CARTESIAN_POINT ( 'NONE',  ( 4366.938595419764169, -214.5870700200397323, 27.90730690459013985 ) ) ;
#633 = CARTESIAN_POINT ( 'NONE',  ( 4393.305735805848599, -222.3730759507702999, -35.73964173671926403 ) ) ;
#634 = ORIENTED_EDGE ( 'NONE', *, *, #6379, .F. ) ;
#635 = CARTESIAN_POINT ( 'NONE',  ( 4387.003971064739744, -254.4588336589371806, 45.58348316218403085 ) ) ;
#636 = CARTESIAN_POINT ( 'NONE',  ( 4384.507290572314560, -218.7162971765887960, -30.50677785851198109 ) ) ;
#637 = CARTESIAN_POINT ( 'NONE',  ( 4377.248871677511488, -302.9155512315545593, 27.26171544879925790 ) ) ;
#638 = CARTESIAN_POINT ( 'NONE',  ( 4389.071179832777489, -222.3678808590694302, -36.04988333323056082 ) ) ;
#639 = CARTESIAN_POINT ( 'NONE',  ( 4367.275380529640643, -222.2931361947822495, -37.50053488602453911 ) ) ;
#640 = CARTESIAN_POINT ( 'NONE',  ( 4393.475099936516926, -253.9419836537402659, 44.87556586208047804 ) ) ;
#641 = CARTESIAN_POINT ( 'NONE',  ( 4388.895149272029812, -218.0924766974645479, 29.73897764795529852 ) ) ;
#642 = CARTESIAN_POINT ( 'NONE',  ( 4375.730863881322875, -224.8369854810518405, -35.18863878124415834 ) ) ;
#643 = CARTESIAN_POINT ( 'NONE',  ( 4375.729347362214867, -223.1131912451680250, 34.16453562942022160 ) ) ;
#644 = CARTESIAN_POINT ( 'NONE',  ( 4366.984060134866013, -255.0785832456946594, -44.77626394834145174 ) ) ;
#645 = CARTESIAN_POINT ( 'NONE',  ( 4384.830597820059666, -264.1493747554599167, 27.68133375554965525 ) ) ;
#646 = CARTESIAN_POINT ( 'NONE',  ( 4367.150387310005499, -253.3421697375780468, -46.48422671339628920 ) ) ;
#647 = CARTESIAN_POINT ( 'NONE',  ( 4389.064436790421496, -221.1323131507016342, 35.30518189366631532 ) ) ;
#648 = CARTESIAN_POINT ( 'NONE',  ( 4388.879565719146740, -207.1557272572638055, -14.57095983900780034 ) ) ;
#649 = DIRECTION ( 'NONE',  ( 0.000000000000000000, 0.000000000000000000, -1.000000000000000000 ) ) ;
#650 = ORIENTED_EDGE ( 'NONE', *, *, #2305, .F. ) ;
#651 = DIRECTION ( 'NONE',  ( 0.000000000000000000, 0.000000000000000000, 1.000000000000000000 ) ) ;
#652 = EDGE_LOOP ( 'NONE', ( #4592, #1758, #5690, #8768, #6618, #8505 ) ) ;
#653 = CARTESIAN_POINT ( 'NONE',  ( 4393.344697452786932, -230.0328295097385762, -39.51608732497079046 ) ) ;
#654 = CARTESIAN_POINT ( 'NONE',  ( 4393.276040382199426, -211.4553780532733072, 22.73027661480888995 ) ) ;
#655 = CARTESIAN_POINT ( 'NONE',  ( 4388.903634029914429, -227.9370230562104780, -35.86469149073932527 ) ) ;
#656 = CARTESIAN_POINT ( 'NONE',  ( 4384.519090830026471, -233.4431175357687493, 38.56801085411159846 ) ) ;
#657 = CARTESIAN_POINT ( 'NONE',  ( 4367.272358307733157, -221.7157045451365889, 37.15020856605076460 ) ) ;
#658 = ORIENTED_EDGE ( 'NONE', *, *, #4193, .T. ) ;
#659 = CARTESIAN_POINT ( 'NONE',  ( 4380.385634361336997, -275.1629134025249073, -7.650278924544265280 ) ) ;
#660 = CARTESIAN_POINT ( 'NONE',  ( 4393.297025633330122, -233.8088773793112125, -37.95891097859638563 ) ) ;
#661 = CARTESIAN_POINT ( 'NONE',  ( 4375.865656151186158, -217.6462874644439296, 33.79310734461981269 ) ) ;
#662 = CARTESIAN_POINT ( 'NONE',  ( 4389.061312694610024, -220.5865134229099738, -34.95177658411514443 ) ) ;
#663 = CARTESIAN_POINT ( 'NONE',  ( 4387.003848771573757, -252.0471924264562347, -45.36360758797885495 ) ) ;
#664 = CARTESIAN_POINT ( 'NONE',  ( 4371.499157415977606, -223.0271032261547361, 37.67464638118305942 ) ) ;
#665 = CARTESIAN_POINT ( 'NONE',  ( 4386.701510949396834, -218.7157864648571319, 30.36781966621619588 ) ) ;
#666 = DIRECTION ( 'NONE',  ( -0.000000000000000000, -1.000000000000000000, -0.000000000000000000 ) ) ;
#667 = CARTESIAN_POINT ( 'NONE',  ( 4393.444046749764311, -219.2084429684409201, 33.73184997998195200 ) ) ;
#668 = CARTESIAN_POINT ( 'NONE',  ( 4382.476401173565137, -221.2989882383893701, 35.87452876340909569 ) ) ;
#669 = CARTESIAN_POINT ( 'NONE',  ( 4386.704760326271753, -222.2647340113689722, -32.86204790528553588 ) ) ;
#670 = CARTESIAN_POINT ( 'NONE',  ( 4393.226361194559104, -210.2818433983818238, 25.76906913179562864 ) ) ;
#671 = CARTESIAN_POINT ( 'NONE',  ( 4380.232905282896354, -213.1938009133040737, -29.67420204735264377 ) ) ;
#672 = EDGE_CURVE ( 'NONE', #6192, #3489, #7077, .T. ) ;
#673 = CARTESIAN_POINT ( 'NONE',  ( 4384.724827633372115, -231.8843109941034584, -40.95543013840897828 ) ) ;
#674 = CARTESIAN_POINT ( 'NONE',  ( 4367.119248435247755, -221.2157370070739830, -33.45947751859434049 ) ) ;
#675 = CARTESIAN_POINT ( 'NONE',  ( 4393.431608002327266, -253.9451750715421952, 44.88034309852960746 ) ) ;
#676 = CARTESIAN_POINT ( 'NONE',  ( 4371.370671939091153, -252.9008704000049761, 44.17391264766353487 ) ) ;
#677 = CARTESIAN_POINT ( 'NONE',  ( 4367.302702812808093, -256.1189450016360638, 44.84345987173365700 ) ) ;
#678 = CARTESIAN_POINT ( 'NONE',  ( 4366.982537046601465, -253.5322194782839631, -44.64166099141024802 ) ) ;
#679 = CARTESIAN_POINT ( 'NONE',  ( 4384.522427542164223, -204.0339082889968267, 13.92361901541503855 ) ) ;
#680 = CARTESIAN_POINT ( 'NONE',  ( 4380.115902453182571, -218.0941886190992705, -30.30551242241437038 ) ) ;
#681 = CARTESIAN_POINT ( 'NONE',  ( 4386.688200354476066, -203.4961655222567458, -10.23146546579634020 ) ) ;
#682 = EDGE_CURVE ( 'NONE', #518, #1991, #2844, .T. ) ;
#683 = CARTESIAN_POINT ( 'NONE',  ( 4386.876931843909006, -222.7531065046541698, -36.43403031375344625 ) ) ;
#684 = CARTESIAN_POINT ( 'NONE',  ( 4367.274670560865161, -222.1604616203199782, -37.41947250995153951 ) ) ;
#685 = CARTESIAN_POINT ( 'NONE',  ( 4377.248871677511488, -289.7815121590419380, -27.26171544879925790 ) ) ;
#686 = CARTESIAN_POINT ( 'NONE',  ( 4388.877753884837148, -206.7660703012067813, 13.03715370613855384 ) ) ;
#687 = CARTESIAN_POINT ( 'NONE',  ( 4375.727457957327715, -220.9507031790818701, 32.73786175419669320 ) ) ;
#688 = CARTESIAN_POINT ( 'NONE',  ( 4386.726842533270428, -254.1195658694708754, -42.74887842000011773 ) ) ;
#689 = CARTESIAN_POINT ( 'NONE',  ( 4391.414625450673157, -263.0719525532775265, 28.19465643029343838 ) ) ;
#690 = LINE ( 'NONE', #1336, #1171 ) ;
#691 = CARTESIAN_POINT ( 'NONE',  ( 4371.669089197876929, -265.3256174603335467, -28.50237310724823203 ) ) ;
#692 = CARTESIAN_POINT ( 'NONE',  ( 4388.918709224619306, -204.2309177928875670, 14.52443510528810755 ) ) ;
#693 = CARTESIAN_POINT ( 'NONE',  ( 4384.488103608507117, -206.7651911652520198, -13.30021824970639344 ) ) ;
#694 = CARTESIAN_POINT ( 'NONE',  ( 4393.273498119432588, -252.9243518540355637, 43.10914062710038763 ) ) ;
#695 = ORIENTED_EDGE ( 'NONE', *, *, #6839, .F. ) ;
#696 = DIRECTION ( 'NONE',  ( 0.000000000000000000, -1.000000000000000000, 0.000000000000000000 ) ) ;
#697 = ORIENTED_EDGE ( 'NONE', *, *, #160, .F. ) ;
#698 = CARTESIAN_POINT ( 'NONE',  ( 4367.436266863795936, -268.0912865651311563, -24.10391400045698518 ) ) ;
#699 = CARTESIAN_POINT ( 'NONE',  ( 4393.283697276253406, -219.0247454242336858, 30.15908123745471769 ) ) ;
#700 = CARTESIAN_POINT ( 'NONE',  ( 4375.729213527009051, -222.9546939828479708, -34.05742854817934528 ) ) ;
#701 = CARTESIAN_POINT ( 'NONE',  ( 4382.322454634208952, -231.2616270381187462, 37.87819971624860216 ) ) ;
#702 = CARTESIAN_POINT ( 'NONE',  ( 4393.144700811472831, -251.3272734509238262, -41.84198348263898026 ) ) ;
#703 = CARTESIAN_POINT ( 'NONE',  ( 4367.257263332259754, -218.5823869212499346, 35.02567105742648579 ) ) ;
#704 = VERTEX_POINT ( 'NONE', #814 ) ;
#705 = CARTESIAN_POINT ( 'NONE',  ( 4382.629628259697711, -265.8588848715133395, -24.92921775530693296 ) ) ;
#706 = CARTESIAN_POINT ( 'NONE',  ( 4380.128229030142393, -232.4132139042291101, -38.50790617323710308 ) ) ;
#707 = CARTESIAN_POINT ( 'NONE',  ( 4367.091322660126934, -220.3665148438889503, -36.27690190504790024 ) ) ;
#708 = CARTESIAN_POINT ( 'NONE',  ( 4391.399300461628627, -251.5002736548831876, -44.86567436107971218 ) ) ;
#709 = CARTESIAN_POINT ( 'NONE',  ( 4371.631455691966949, -251.3510382402163827, 46.81660981613994466 ) ) ;
#710 = CARTESIAN_POINT ( 'NONE',  ( 4386.711433670396218, -230.6481809738828872, 37.27059977030800297 ) ) ;
#711 = CARTESIAN_POINT ( 'NONE',  ( 4367.136286254111837, -278.1809304013146402, -1.746649869944227440 ) ) ;
#712 = CARTESIAN_POINT ( 'NONE',  ( 4393.482209003305798, -226.1438552836225142, 37.76046657831994935 ) ) ;
#713 = CARTESIAN_POINT ( 'NONE',  ( 4382.487162197975522, -223.4403580766687298, 37.15373060013132545 ) ) ;
#714 = CARTESIAN_POINT ( 'NONE',  ( 4384.510528711709412, -222.2642586348344480, -33.01629974048012883 ) ) ;
#715 = CARTESIAN_POINT ( 'NONE',  ( 4393.430272867808526, -251.0566484829203091, 44.62205248716053774 ) ) ;
#716 = CARTESIAN_POINT ( 'NONE',  ( 4367.042441601039172, -211.4262000934313903, -28.59885514521451810 ) ) ;
#717 = CARTESIAN_POINT ( 'NONE',  ( 4391.311735123467770, -231.1987842770803354, -40.14876284997431100 ) ) ;
#718 = CARTESIAN_POINT ( 'NONE',  ( 4393.168544910442506, -252.4734488270576946, 42.18303262991398128 ) ) ;
#719 = CARTESIAN_POINT ( 'NONE',  ( 4366.928935174583785, -207.4029933570349442, 16.59833126853783014 ) ) ;
#720 = EDGE_CURVE ( 'NONE', #6740, #614, #765, .T. ) ;
#721 = CARTESIAN_POINT ( 'NONE',  ( 4393.319699189779385, -225.0511393974952057, -37.21790149097595446 ) ) ;
#722 = CARTESIAN_POINT ( 'NONE',  ( 4387.004243949939337, -253.2935069094990865, 45.48111003507829508 ) ) ;
#723 = CARTESIAN_POINT ( 'NONE',  ( 4371.332204103975528, -216.2952941009729386, -29.30244207421662139 ) ) ;
#724 = CARTESIAN_POINT ( 'NONE',  ( 4387.927350238953295, -305.5155512315545252, -20.90391400045748682 ) ) ;
#725 = CARTESIAN_POINT ( 'NONE',  ( 4384.501078966633031, -203.5847255582238802, -11.26257612972139022 ) ) ;
#726 = CARTESIAN_POINT ( 'NONE',  ( 4393.467987026569972, -223.4329034702676609, -36.33384049688493889 ) ) ;
#727 = CARTESIAN_POINT ( 'NONE',  ( 4367.321500335472592, -232.7028854428832858, -42.61631203295156212 ) ) ;
#728 = DIRECTION ( 'NONE',  ( 0.000000000000000000, -1.000000000000000000, 0.000000000000000000 ) ) ;
#729 = VECTOR ( 'NONE', #907, 1000.000000000000000 ) ;
#730 = CARTESIAN_POINT ( 'NONE',  ( 4388.876816178253648, -206.5914610764100985, 12.26078661932734981 ) ) ;
#731 = CARTESIAN_POINT ( 'NONE',  ( 4375.726892212787789, -220.2925478656574114, 32.27283878034903353 ) ) ;
#732 = EDGE_CURVE ( 'NONE', #3974, #8010, #5681, .T. ) ;
#733 = CARTESIAN_POINT ( 'NONE',  ( 4387.045308023184589, -258.4222317418827970, 37.99879125407718305 ) ) ;
#734 = CARTESIAN_POINT ( 'NONE',  ( 4367.267443111849389, -220.6534174796239824, 36.46461547090112276 ) ) ;
#735 = VECTOR ( 'NONE', #2901, 1000.000000000000000 ) ;
#736 = CARTESIAN_POINT ( 'NONE',  ( 4389.015837360289879, -213.1949186416006512, 29.13299150415953420 ) ) ;
#737 = CARTESIAN_POINT ( 'NONE',  ( 4388.880402467777458, -207.4091145102451890, -15.32565058550811443 ) ) ;
#738 = CARTESIAN_POINT ( 'NONE',  ( 4393.125339828249707, -223.2783897612271176, 33.03497463137878754 ) ) ;
#739 = EDGE_LOOP ( 'NONE', ( #7437, #2084, #697, #908 ) ) ;
#740 = CARTESIAN_POINT ( 'NONE',  ( 4393.474901669210340, -253.9419982016641768, -44.86775964052365140 ) ) ;
#741 = CARTESIAN_POINT ( 'NONE',  ( 4375.941019707302985, -302.9155512315545593, -20.90391400045749393 ) ) ;
#742 = CARTESIAN_POINT ( 'NONE',  ( 4393.328109318859788, -226.6930459216129066, -38.03473702763740505 ) ) ;
#743 = CARTESIAN_POINT ( 'NONE',  ( 4393.278827902548983, -214.0278965127635615, 25.72571682766935552 ) ) ;
#744 = CARTESIAN_POINT ( 'NONE',  ( 4382.317396480462776, -224.9508184550717829, 34.79717659879531055 ) ) ;
#745 = EDGE_CURVE ( 'NONE', #8010, #6782, #6541, .T. ) ;
#746 = CARTESIAN_POINT ( 'NONE',  ( 4374.441019707302985, -302.9155512315545593, -20.90391400045749393 ) ) ;
#747 = CARTESIAN_POINT ( 'NONE',  ( 4367.264789717663916, -220.1304578793496489, 36.11453008128456332 ) ) ;
#748 = EDGE_LOOP ( 'NONE', ( #480, #8835, #3697, #4349 ) ) ;
#749 = CARTESIAN_POINT ( 'NONE',  ( 4382.664772472075128, -254.7163675039631414, -46.09090842069084459 ) ) ;
#750 = CARTESIAN_POINT ( 'NONE',  ( 4380.140257951769854, -264.6700648191662708, -21.69542117940351389 ) ) ;
#751 = CARTESIAN_POINT ( 'NONE',  ( 4371.482602044578925, -219.6878152260684374, -35.54000906881444877 ) ) ;
#752 = B_SPLINE_CURVE_WITH_KNOTS ( 'NONE', 3,
 ( #8221, #3184, #8763, #5294, #1921, #2598, #7384, #8078, #5389, #1822, #1129, #1966 ),
 .UNSPECIFIED., .F., .F.,
 ( 4, 2, 2, 2, 2, 4 ),
 ( 0.000000000000000000, 0.5000000000000000000, 0.6250000000000000000, 0.7500000000000000000, 0.8750000000000000000, 1.000000000000000000 ),
 .UNSPECIFIED. ) ;
#753 = CARTESIAN_POINT ( 'NONE',  ( 4389.200500343857129, -251.7348475784077380, -45.11243866338641340 ) ) ;
#754 = CARTESIAN_POINT ( 'NONE',  ( 4371.520078701047169, -227.4223561263074487, 40.02733554449242348 ) ) ;
#755 = CARTESIAN_POINT ( 'NONE',  ( 4386.711856404643186, -231.1931064910618261, 37.50290077106340192 ) ) ;
#756 = CARTESIAN_POINT ( 'NONE',  ( 4367.374726283830569, -280.6649236629249344, -0.4766400736378350600 ) ) ;
#757 = CARTESIAN_POINT ( 'NONE',  ( 4391.218906295795932, -214.4220323460771453, 30.14774706426932838 ) ) ;
#758 = CARTESIAN_POINT ( 'NONE',  ( 4382.516944202853665, -229.6087257350159803, 40.20812395268382744 ) ) ;
#759 = CARTESIAN_POINT ( 'NONE',  ( 4391.092414583015852, -221.7664174231503580, -32.22972986609057244 ) ) ;
#760 = CARTESIAN_POINT ( 'NONE',  ( 4393.113803723360434, -212.4386399639615490, 23.98268819666672158 ) ) ;
#761 = CARTESIAN_POINT ( 'NONE',  ( 4380.221235199838702, -211.4339776192679778, -27.83965141649387931 ) ) ;
#762 = CARTESIAN_POINT ( 'NONE',  ( 4371.545457097044164, -232.7145927140885817, -42.30721158784336922 ) ) ;
#763 = CARTESIAN_POINT ( 'NONE',  ( 4393.280438400533058, -253.1025504422931363, 43.32939478022935020 ) ) ;
#764 = CARTESIAN_POINT ( 'NONE',  ( 4371.371878206402471, -254.1242366781527551, 44.28272700238899517 ) ) ;
#765 = B_SPLINE_CURVE_WITH_KNOTS ( 'NONE', 3,
 ( #5584, #5539, #3561, #5018 ),
 .UNSPECIFIED., .F., .F.,
 ( 4, 4 ),
 ( 0.000000000000000000, 6.582499624840926081E-05 ),
 .UNSPECIFIED. ) ;
#766 = CARTESIAN_POINT ( 'NONE',  ( 4393.108086250572342, -208.9161425967297134, -18.71920524811758568 ) ) ;
#767 = CARTESIAN_POINT ( 'NONE',  ( 4384.547513100601464, -205.0404781522530584, 17.34177544937742255 ) ) ;
#768 = CARTESIAN_POINT ( 'NONE',  ( 4384.506705465188134, -218.0939939208603278, -30.02237993668980565 ) ) ;
#769 = CARTESIAN_POINT ( 'NONE',  ( 4386.680185819524013, -203.4444904815343023, -9.331263852965896888 ) ) ;
#770 = CARTESIAN_POINT ( 'NONE',  ( 4386.880395884463724, -223.4370965936623463, -36.82614577015571200 ) ) ;
#771 = CARTESIAN_POINT ( 'NONE',  ( 4367.139691348554152, -204.2185043761889176, -15.75594992053517096 ) ) ;
#772 = CARTESIAN_POINT ( 'NONE',  ( 4367.136949929371440, -277.2858478115782077, 0.003914000457557633220 ) ) ;
#773 = CARTESIAN_POINT ( 'NONE',  ( 4388.895731324583721, -218.7152757531343923, 30.22103347313731803 ) ) ;
#774 = CARTESIAN_POINT ( 'NONE',  ( 4375.729616799466385, -223.4134229810763657, 34.35150062059913978 ) ) ;
#775 = CARTESIAN_POINT ( 'NONE',  ( 4382.629628255570424, -265.8588848718989084, 24.93704575642691523 ) ) ;
#776 = CARTESIAN_POINT ( 'NONE',  ( 4367.276994685282261, -222.6912499301898833, 37.74909086700613159 ) ) ;
#777 = CARTESIAN_POINT ( 'NONE',  ( 4389.060238879518693, -220.4081453061526759, 34.84508532764874644 ) ) ;
#778 = CARTESIAN_POINT ( 'NONE',  ( 4386.686136228672694, -207.5363399976311314, -15.83896579579171338 ) ) ;
#780 = LINE ( 'NONE', #6361, #729 ) ;
#779 = B_SPLINE_CURVE_WITH_KNOTS ( 'NONE', 3,
 ( #7414, #1853, #4090, #8062 ),
 .UNSPECIFIED., .F., .F.,
 ( 4, 4 ),
 ( -1.621579959664989357, 1.000000119497220119 ),
 .UNSPECIFIED. ) ;
#781 = ORIENTED_EDGE ( 'NONE', *, *, #4863, .F. ) ;
#782 = PLANE ( 'NONE',  #5913 ) ;
#783 = ADVANCED_FACE ( 'NONE', ( #7723 ), #4293, .F. ) ;
#784 = CARTESIAN_POINT ( 'NONE',  ( 4367.251949999160388, -255.5086948758286098, -44.78780387951305642 ) ) ;
#785 = CARTESIAN_POINT ( 'NONE',  ( 4393.399078985773485, -242.1509570454618085, -43.27253725274278651 ) ) ;
#786 = CARTESIAN_POINT ( 'NONE',  ( 4393.268373209169113, -207.1544388157068113, 14.29659455145355729 ) ) ;
#787 = CARTESIAN_POINT ( 'NONE',  ( 4393.287705427888795, -223.4175814251672136, -33.09880491736084451 ) ) ;
#788 = CARTESIAN_POINT ( 'NONE',  ( 4382.314139581086238, -221.1160825656889131, 32.41230185072003422 ) ) ;
#789 = CARTESIAN_POINT ( 'NONE',  ( 4393.139973589295550, -242.7359459260690642, -40.54513228410598913 ) ) ;
#790 = CARTESIAN_POINT ( 'NONE',  ( 4367.276499917067667, -222.5565428849232319, 37.66799973880282693 ) ) ;
#791 = EDGE_LOOP ( 'NONE', ( #3993, #2426, #7127 ) ) ;
#792 = CARTESIAN_POINT ( 'NONE',  ( 4375.733075091837236, -276.5928612740771086, 0.2834814390712101506 ) ) ;
#793 = CARTESIAN_POINT ( 'NONE',  ( 4386.717390069522480, -238.4427878058846488, -40.05948847353425180 ) ) ;
#794 = CLOSED_SHELL ( 'NONE', ( #9058, #6426, #2571, #3412, #59, #7824, #4155, #8942, #850, #4267, #8149, #2417, #6098, #8780, #2907, #2257, #6643, #4413, #1955, #832, #7870, #7619, #5132, #5087, #1908, #3677, #117, #783 ) ) ;
#795 = CARTESIAN_POINT ( 'NONE',  ( 4384.805005596494993, -251.6739314311710700, -45.55177060757051777 ) ) ;
#796 = CARTESIAN_POINT ( 'NONE',  ( 4371.623456319441175, -249.4419931368980201, 46.57767885595602309 ) ) ;
#797 = CARTESIAN_POINT ( 'NONE',  ( 4386.724926466442412, -249.4362508394729900, 42.28378481838683456 ) ) ;
#798 = AXIS2_PLACEMENT_3D ( 'NONE', #2666, #2168, #7086 ) ;
#799 = CARTESIAN_POINT ( 'NONE',  ( 4367.441019707303894, -305.5155512315545252, -26.00391400045748469 ) ) ;
#800 = CARTESIAN_POINT ( 'NONE',  ( 4380.101014412749464, -203.4688582669135712, 10.17683628161389287 ) ) ;
#801 = CARTESIAN_POINT ( 'NONE',  ( 4393.127089385219733, -225.3039991320937645, 34.19510372518752206 ) ) ;
#802 = CARTESIAN_POINT ( 'NONE',  ( 4391.218906290106133, -214.4220323460975237, -30.13991906374675267 ) ) ;
#803 = CARTESIAN_POINT ( 'NONE',  ( 4389.123337944331070, -232.9568611731247358, -40.99143898641978012 ) ) ;
#804 = CARTESIAN_POINT ( 'NONE',  ( 4393.168986615756694, -252.4766661958404654, 42.18762004416611688 ) ) ;
#805 = CARTESIAN_POINT ( 'NONE',  ( 4366.944950375884218, -221.5985870868011034, 33.74173820794527501 ) ) ;
#806 = CARTESIAN_POINT ( 'NONE',  ( 4393.127299056054653, -225.5608082582033092, -34.32612817111146342 ) ) ;
#807 = CARTESIAN_POINT ( 'NONE',  ( 4384.621467728973585, -212.5909851527521255, 28.82137244511989138 ) ) ;
#808 = CARTESIAN_POINT ( 'NONE',  ( 4391.089571736930338, -218.7143591443958144, -30.06367625824387346 ) ) ;
#809 = CARTESIAN_POINT ( 'NONE',  ( 4375.762510879821093, -206.2313293484011467, -9.083654469151726474 ) ) ;
#810 = CARTESIAN_POINT ( 'NONE',  ( 4393.287021609407930, -203.6887667769891834, -11.60597646422056783 ) ) ;
#811 = CARTESIAN_POINT ( 'NONE',  ( 4367.120906704682056, -203.6751681946862789, -13.11934733062032699 ) ) ;
#812 = CARTESIAN_POINT ( 'NONE',  ( 4393.467244189901976, -223.2976160711845353, -36.25791180730308838 ) ) ;
#813 = CARTESIAN_POINT ( 'NONE',  ( 4367.310891505007930, -230.3114343393799572, -41.63772785700267320 ) ) ;
#814 = CARTESIAN_POINT ( 'NONE',  ( 4376.741019707303167, -302.9155512315545593, 26.87652984091358377 ) ) ;
#815 = CARTESIAN_POINT ( 'NONE',  ( 4388.889288399425823, -212.4467081090757858, 24.25697248462773459 ) ) ;
#816 = CARTESIAN_POINT ( 'NONE',  ( 4375.731558006727028, -225.6297499978282701, 35.64353702854073447 ) ) ;
#817 = CARTESIAN_POINT ( 'NONE',  ( 4391.120351445528286, -252.3371521682278171, -42.14378000520135714 ) ) ;
#818 = CARTESIAN_POINT ( 'NONE',  ( 4367.238002273351412, -272.3541692038299971, 15.80855186214836650 ) ) ;
#819 = CARTESIAN_POINT ( 'NONE',  ( 4393.150285677111242, -255.4522453888970404, 36.09482849265791771 ) ) ;
#820 = CARTESIAN_POINT ( 'NONE',  ( 4389.070429947998491, -222.2426920663014016, 35.98381446086124669 ) ) ;
#821 = CARTESIAN_POINT ( 'NONE',  ( 4375.708293051012333, -206.5862408713003333, -13.03893341926039895 ) ) ;
#822 = CARTESIAN_POINT ( 'NONE',  ( 4393.143585537782201, -261.4195548011041978, -24.85103817432743512 ) ) ;
#823 = ORIENTED_EDGE ( 'NONE', *, *, #4028, .T. ) ;
#824 = LINE ( 'NONE', #6362, #5461 ) ;
#825 = ORIENTED_EDGE ( 'NONE', *, *, #5713, .T. ) ;
#826 = CARTESIAN_POINT ( 'NONE',  ( 4393.431608007063005, -253.9451750711944555, -44.87251509709778219 ) ) ;
#827 = CARTESIAN_POINT ( 'NONE',  ( 4393.286888368988002, -222.4415481976783724, 32.50896319817625368 ) ) ;
#828 = CARTESIAN_POINT ( 'NONE',  ( 4386.705589615809004, -223.2759474065602490, -33.49310054359877142 ) ) ;
#829 = CARTESIAN_POINT ( 'NONE',  ( 4382.336507856595745, -249.7202985587318267, 42.75166560723307185 ) ) ;
#830 = CARTESIAN_POINT ( 'NONE',  ( 4393.124630392382642, -222.4411595054322390, -32.51275709655936907 ) ) ;
#831 = CARTESIAN_POINT ( 'NONE',  ( 4367.406100782401154, -255.8914085745832097, 47.63704418062514634 ) ) ;
#832 = ADVANCED_FACE ( 'NONE', ( #7769 ), #3478, .T. ) ;
#833 = EDGE_LOOP ( 'NONE', ( #7014, #7540, #7006, #2621, #7951 ) ) ;
#834 = CARTESIAN_POINT ( 'NONE',  ( 4387.049135801975353, -256.4111398899106575, -41.79439346773558128 ) ) ;
#835 = CARTESIAN_POINT ( 'NONE',  ( 4387.927350238953295, -305.5155512315545252, -22.40391400045749037 ) ) ;
#836 = CARTESIAN_POINT ( 'NONE',  ( 4375.739711259552678, -234.1950887565813559, -39.53947171240892544 ) ) ;
#837 = CARTESIAN_POINT ( 'NONE',  ( 4367.116684985412576, -218.0424602053498688, -31.06587301079984798 ) ) ;
#838 = CARTESIAN_POINT ( 'NONE',  ( 4371.639160084045216, -253.2688212104013985, -46.99842681252415844 ) ) ;
#839 = CARTESIAN_POINT ( 'NONE',  ( 4366.960603674790036, -204.0243983042348646, 14.90912786569153781 ) ) ;
#840 = CARTESIAN_POINT ( 'NONE',  ( 4386.726869950718537, -254.7022234560724030, 42.80787610827965750 ) ) ;
#841 = CARTESIAN_POINT ( 'NONE',  ( 4367.140453387262824, -252.7359918207184251, 44.55755396957287928 ) ) ;
#842 = EDGE_CURVE ( 'NONE', #7673, #3718, #6200, .T. ) ;
#843 = CARTESIAN_POINT ( 'NONE',  ( 4380.213346896722214, -210.2945666355801109, 26.58179301295961849 ) ) ;
#844 = CARTESIAN_POINT ( 'NONE',  ( 4384.533296115664598, -254.7251235055555298, 39.58069699661270846 ) ) ;
#845 = CARTESIAN_POINT ( 'NONE',  ( 4393.147353601969371, -204.2298805165733029, 14.25073824591335736 ) ) ;
#846 = CARTESIAN_POINT ( 'NONE',  ( 4375.851178504576637, -215.0469191926808037, -31.66328161445061085 ) ) ;
#847 = CARTESIAN_POINT ( 'NONE',  ( 4391.314533429710536, -231.7675887605932417, -40.37065411042732421 ) ) ;
#848 = CARTESIAN_POINT ( 'NONE',  ( 4393.374968169012391, -253.6293442757292382, 44.29884440387320410 ) ) ;
#849 = CARTESIAN_POINT ( 'NONE',  ( 4366.982109241092076, -253.2217695321499775, 44.62089561983909647 ) ) ;
#850 = ADVANCED_FACE ( 'NONE', ( #8405 ), #2242, .F. ) ;
#851 = CARTESIAN_POINT ( 'NONE',  ( 4393.128369692102751, -226.8535395835942268, -35.00147664370199863 ) ) ;
#852 = CARTESIAN_POINT ( 'NONE',  ( 4384.719433015425238, -230.7298690388690261, 40.50725510713699862 ) ) ;
#853 = CARTESIAN_POINT ( 'NONE',  ( 4371.334409193666033, -218.7137733311870420, -31.34694084367373179 ) ) ;
#854 = CARTESIAN_POINT ( 'NONE',  ( 4391.119441677894429, -252.3313638527700959, 42.47904591460487467 ) ) ;
#855 = CARTESIAN_POINT ( 'NONE',  ( 4366.948363852630791, -203.6761462880779447, -13.13602418854254594 ) ) ;
#856 = CARTESIAN_POINT ( 'NONE',  ( 4393.427350238953295, -265.0147143193910324, 24.10391400045715571 ) ) ;
#857 = CARTESIAN_POINT ( 'NONE',  ( 4391.272342746839058, -223.4341238213718555, -36.50074501318025710 ) ) ;
#858 = CARTESIAN_POINT ( 'NONE',  ( 4367.136704406888384, -246.2419710344584018, -43.63677304371285715 ) ) ;
#859 = DIRECTION ( 'NONE',  ( 0.000000000000000000, 0.000000000000000000, 1.000000000000000000 ) ) ;
#860 = AXIS2_PLACEMENT_3D ( 'NONE', #6633, #1887, #1841 ) ;
#861 = CARTESIAN_POINT ( 'NONE',  ( 4371.314183606573351, -206.2625278411262570, 10.51287353605442298 ) ) ;
#862 = CARTESIAN_POINT ( 'NONE',  ( 4371.653598935128684, -267.8695708361089487, 23.57301401907887595 ) ) ;
#863 = CYLINDRICAL_SURFACE ( 'NONE', #3215, 5.999999999999998224 ) ;
#864 = CARTESIAN_POINT ( 'NONE',  ( 4389.079272942552052, -223.9762379458784665, 36.97319708144225814 ) ) ;
#865 = CARTESIAN_POINT ( 'NONE',  ( 4380.105179179573497, -208.9282011975174385, -19.52732586946385851 ) ) ;
#866 = CARTESIAN_POINT ( 'NONE',  ( 4393.125075790250776, -222.9629613275754139, 32.84318977074871526 ) ) ;
#867 = ORIENTED_EDGE ( 'NONE', *, *, #7037, .T. ) ;
#868 = AXIS2_PLACEMENT_3D ( 'NONE', #1649, #3659, #4435 ) ;
#869 = CARTESIAN_POINT ( 'NONE',  ( 4367.148880223013293, -261.0975437934760066, 31.65828788472054001 ) ) ;
#870 = ORIENTED_EDGE ( 'NONE', *, *, #1187, .T. ) ;
#871 = CARTESIAN_POINT ( 'NONE',  ( 4367.436266875391084, -269.3182824695806517, -21.70391008343376882 ) ) ;
#872 = CARTESIAN_POINT ( 'NONE',  ( 4393.312445507601296, -249.5881503772334895, 41.64475521896117272 ) ) ;
#873 = CARTESIAN_POINT ( 'NONE',  ( 4384.511475308398076, -223.4152937447256875, -33.73514069915421487 ) ) ;
#874 = CARTESIAN_POINT ( 'NONE',  ( 4382.317289190675183, -224.8207580124466176, 34.72355844766907040 ) ) ;
#875 = B_SPLINE_CURVE_WITH_KNOTS ( 'NONE', 3,
 ( #1469, #6179, #1426, #1380, #9016, #4169, #3483, #6866, #4765, #2753, #5545, #7549, #2881, #8366, #7042, #8410, #6956, #6273, #6317, #2028, #4256, #7684, #2164, #3439, #8328, #603, #3526, #42, #3394, #7593, #2796, #5589, #2120, #776, #88, #4893, #4077, #2709, #1292, #6358, #4805, #4212, #734, #8236, #8972, #5498, #8285, #4123, #6911, #7857, #6486, #2376, #4387, #6444, #6573, #216, #904, #2245, #4981, #176, #7818, #5675, #3610, #3008, #5763, #7204, #8453, #5023 ),
 .UNSPECIFIED., .F., .F.,
 ( 4, 2, 2, 2, 2, 2, 2, 2, 2, 2, 2, 2, 2, 2, 2, 2, 2, 2, 2, 2, 2, 2, 2, 2, 2, 2, 2, 2, 2, 2, 2, 2, 2, 4 ),
 ( 0.000000000000000000, 0.03124999999999989939, 0.03906249999999997918, 0.04687499999999995837, 0.06250000000000001388, 0.09375000000000001388, 0.1250000000000000278, 0.2500000000000000555, 0.3750000000000000555, 0.4062500000000001110, 0.4375000000000001110, 0.4687500000000000000, 0.5000000000000000000, 0.5312500000000000000, 0.5468750000000000000, 0.5546875000000000000, 0.5625000000000000000, 0.5703125000000000000, 0.5781250000000001110, 0.5859375000000000000, 0.5937500000000000000, 0.6015625000000000000, 0.6093750000000000000, 0.6250000000000000000, 0.6406250000000001110, 0.6562500000000000000, 0.6875000000000000000, 0.7500000000000000000, 0.8125000000000001110, 0.8750000000000001110, 0.9062500000000001110, 0.9375000000000001110, 0.9687500000000001110, 1.000000000000000000 ),
 .UNSPECIFIED. ) ;
#876 = AXIS2_PLACEMENT_3D ( 'NONE', #8743, #1112, #6105 ) ;
#877 = LINE ( 'NONE', #746, #4135 ) ;
#878 = CARTESIAN_POINT ( 'NONE',  ( 4367.405494396775794, -253.4181138057932685, 47.42321673783447267 ) ) ;
#879 = CARTESIAN_POINT ( 'NONE',  ( 4389.233177206648179, -260.2504620601794159, -34.00703587603713629 ) ) ;
#880 = CARTESIAN_POINT ( 'NONE',  ( 4375.766872334751497, -254.4370675871786034, -42.28831614258770344 ) ) ;
#881 = CARTESIAN_POINT ( 'NONE',  ( 4367.120541773187142, -222.8852528952148759, -34.57270492269084627 ) ) ;
#882 = CARTESIAN_POINT ( 'NONE',  ( 4389.201418077642302, -253.7027965309046067, -45.28636719433074376 ) ) ;
#883 = CARTESIAN_POINT ( 'NONE',  ( 4366.941617543649045, -203.5762186345430393, 12.24184749618304835 ) ) ;
#884 = CARTESIAN_POINT ( 'NONE',  ( 4384.491890084419538, -207.6739436686613942, 16.35873280763653170 ) ) ;
#885 = LINE ( 'NONE', #3812, #1914 ) ;
#886 = ORIENTED_EDGE ( 'NONE', *, *, #8956, .F. ) ;
#887 = CARTESIAN_POINT ( 'NONE',  ( 4380.225179356001718, -212.0036831111017648, 28.48032261934521614 ) ) ;
#888 = CARTESIAN_POINT ( 'NONE',  ( 4393.120322803017189, -218.0893841541474671, 29.45047752439797861 ) ) ;
#889 = CARTESIAN_POINT ( 'NONE',  ( 4391.227146739037380, -215.6939725423515597, -31.23731400669234404 ) ) ;
#890 = CARTESIAN_POINT ( 'NONE',  ( 4391.342273597065287, -237.5357289651447559, -42.31506058318389307 ) ) ;
#891 = CARTESIAN_POINT ( 'NONE',  ( 4393.401416089322083, -253.7768023289991959, 44.57031631357142487 ) ) ;
#892 = CARTESIAN_POINT ( 'NONE',  ( 4366.947561410987873, -224.4543328105445994, 35.55692504032284518 ) ) ;
#893 = CARTESIAN_POINT ( 'NONE',  ( 4393.431402449692541, -251.4291637214437571, -44.64906426913692172 ) ) ;
#894 = CARTESIAN_POINT ( 'NONE',  ( 4375.758267749344668, -251.3595613243335265, -43.58409710365345546 ) ) ;
#895 = CARTESIAN_POINT ( 'NONE',  ( 4384.652932939087805, -217.6597941695814882, 33.22904658978510639 ) ) ;
#896 = CARTESIAN_POINT ( 'NONE',  ( 4391.090760478599805, -219.9713422429380500, -31.00195778437620575 ) ) ;
#897 = CARTESIAN_POINT ( 'NONE',  ( 4393.315216433947171, -252.1733404407647754, 42.23399081153743140 ) ) ;
#898 = CARTESIAN_POINT ( 'NONE',  ( 4375.767097127280977, -205.0407079889686202, -17.85587001135339946 ) ) ;
#899 = CARTESIAN_POINT ( 'NONE',  ( 4384.684987010985424, -223.5750813385032245, -37.06433659639666445 ) ) ;
#900 = CARTESIAN_POINT ( 'NONE',  ( 4367.122332459192876, -225.3356167586920549, -36.04965847689147296 ) ) ;
#901 = EDGE_CURVE ( 'NONE', #1752, #3165, #5113, .T. ) ;
#902 = CARTESIAN_POINT ( 'NONE',  ( 4375.759608072958144, -252.5793026310702487, 43.71766357259106428 ) ) ;
#903 = CARTESIAN_POINT ( 'NONE',  ( 4371.628826759705589, -271.9406347623199167, 15.67240241478444851 ) ) ;
#904 = CARTESIAN_POINT ( 'NONE',  ( 4367.202228431111507, -209.2023512032026531, 25.93895460662510288 ) ) ;
#905 = CARTESIAN_POINT ( 'NONE',  ( 4389.071179837959789, -222.3678808590646270, 36.05771133376557458 ) ) ;
#906 = CARTESIAN_POINT ( 'NONE',  ( 4366.929612052334051, -207.6683884168449481, -17.34617472401593119 ) ) ;
#907 = DIRECTION ( 'NONE',  ( -1.000000000000000000, -0.000000000000000000, 0.000000000000000000 ) ) ;
#908 = ORIENTED_EDGE ( 'NONE', *, *, #506, .T. ) ;
#909 = CARTESIAN_POINT ( 'NONE',  ( 4380.272472426720014, -220.0461834994581238, -35.20401000456253371 ) ) ;
#910 = CYLINDRICAL_SURFACE ( 'NONE', #5399, 1.000000000000000888 ) ;
#911 = DIRECTION ( 'NONE',  ( 0.000000000000000000, -1.000000000000000000, 0.000000000000000000 ) ) ;
#912 = FACE_OUTER_BOUND ( 'NONE', #3309, .T. ) ;
#913 = CARTESIAN_POINT ( 'NONE',  ( 4391.078400511990367, -208.9194389181938902, 18.85951852041753796 ) ) ;
#914 = CARTESIAN_POINT ( 'NONE',  ( 4391.094353447265348, -223.9061752984492557, -33.55083816902448035 ) ) ;
#915 = CARTESIAN_POINT ( 'NONE',  ( 4382.338092664232136, -252.1013666571764134, 43.02058266788898777 ) ) ;
#916 = CARTESIAN_POINT ( 'NONE',  ( 4367.113531480887104, -214.5367221436940781, 27.88172869483961236 ) ) ;
#917 = CARTESIAN_POINT ( 'NONE',  ( 4391.239397884712162, -217.6686119153992820, 32.78954997964604701 ) ) ;
#918 = CARTESIAN_POINT ( 'NONE',  ( 4366.990645588335610, -257.0996224080291768, -39.38177537907082382 ) ) ;
#919 = CARTESIAN_POINT ( 'NONE',  ( 4380.137786982531907, -243.3280507243427166, -41.87922979204858365 ) ) ;
#920 = ORIENTED_EDGE ( 'NONE', *, *, #9017, .F. ) ;
#921 = CARTESIAN_POINT ( 'NONE',  ( 4382.613412946324388, -253.6336858160931911, -45.94654995770424932 ) ) ;
#922 = CARTESIAN_POINT ( 'NONE',  ( 4367.084430163389698, -218.9878836985314479, 35.32771963673437199 ) ) ;
#923 = CARTESIAN_POINT ( 'NONE',  ( 4380.122685355451722, -225.8767915327686069, -35.45713231066317661 ) ) ;
#924 = CARTESIAN_POINT ( 'NONE',  ( 4384.506705467098982, -218.0939939208528529, 30.03020793747549178 ) ) ;
#925 = CARTESIAN_POINT ( 'NONE',  ( 4367.115117899653342, -216.2525468509820712, 29.51633855496335812 ) ) ;
#926 = ORIENTED_EDGE ( 'NONE', *, *, #1307, .F. ) ;
#927 = CARTESIAN_POINT ( 'NONE',  ( 4380.097131406336302, -203.4435997835772980, 9.725633033170499431 ) ) ;
#928 = CARTESIAN_POINT ( 'NONE',  ( 4384.532824320226609, -256.6369801248043814, 35.95851166831902646 ) ) ;
#929 = CARTESIAN_POINT ( 'NONE',  ( 4393.102815011593520, -207.1544661341420692, 14.30724441359228294 ) ) ;
#930 = CARTESIAN_POINT ( 'NONE',  ( 4367.079168037816089, -217.9649465637218668, -34.56795729504100478 ) ) ;
#931 = CARTESIAN_POINT ( 'NONE',  ( 4393.580999073335079, -247.4717315404253952, -44.16899762777307359 ) ) ;
#932 = CARTESIAN_POINT ( 'NONE',  ( 4380.470874642703166, -256.9172702760195079, 42.47108508533428761 ) ) ;
#933 = CARTESIAN_POINT ( 'NONE',  ( 4366.948711327569072, -225.6647108861639026, 36.25462068638123725 ) ) ;
#934 = CARTESIAN_POINT ( 'NONE',  ( 4393.126658433289776, -224.7940726287319535, -33.90578106507499712 ) ) ;
#935 = EDGE_CURVE ( 'NONE', #5420, #3290, #4165, .T. ) ;
#936 = CARTESIAN_POINT ( 'NONE',  ( 4384.680877738989693, -222.7521429528053716, 36.60028618252505339 ) ) ;
#937 = CARTESIAN_POINT ( 'NONE',  ( 4382.312831532180098, -219.6557861686453066, -31.36515772783878120 ) ) ;
#938 = CARTESIAN_POINT ( 'NONE',  ( 4382.334524148004675, -204.2303392270151221, -14.92176082849905505 ) ) ;
#939 = CARTESIAN_POINT ( 'NONE',  ( 4386.726869948573949, -254.7022234562705307, -42.80004810759948697 ) ) ;
#940 = CARTESIAN_POINT ( 'NONE',  ( 4398.227350238953477, -305.5155512315545252, 18.60391400045748966 ) ) ;
#941 = CARTESIAN_POINT ( 'NONE',  ( 4391.275173338144668, -223.9726325934844908, -36.79890405247591190 ) ) ;
#942 = CARTESIAN_POINT ( 'NONE',  ( 4367.126615511403543, -231.4181222043643231, -39.07218848974751779 ) ) ;
#943 = CARTESIAN_POINT ( 'NONE',  ( 4371.328435769124553, -212.4579098881578432, 25.31750352008620553 ) ) ;
#944 = CARTESIAN_POINT ( 'NONE',  ( 4376.048677029320061, -266.4520816123043119, 25.30650616401983655 ) ) ;
#945 = CARTESIAN_POINT ( 'NONE',  ( 4393.412653927089195, -269.9064240982337992, 14.96483566733374992 ) ) ;
#946 = EDGE_CURVE ( 'NONE', #9029, #7778, #2407, .T. ) ;
#947 = CARTESIAN_POINT ( 'NONE',  ( 4389.201651128895719, -252.0384411527299449, 45.14762205251523142 ) ) ;
#948 = CARTESIAN_POINT ( 'NONE',  ( 4375.713270886470127, -208.1191982897546779, -17.97939990693969392 ) ) ;
#949 = CARTESIAN_POINT ( 'NONE',  ( 4367.441019707303894, -302.9155512315545593, 26.00391400045748469 ) ) ;
#950 = CARTESIAN_POINT ( 'NONE',  ( 4384.671584483706283, -220.9402018345093097, -35.48736530899723363 ) ) ;
#951 = CARTESIAN_POINT ( 'NONE',  ( 4367.436266875392903, -301.9155512315545593, -19.50391400045749180 ) ) ;
#952 = CARTESIAN_POINT ( 'NONE',  ( 4387.927350238953295, -289.7815121590419380, -22.50391400045749535 ) ) ;
#953 = CARTESIAN_POINT ( 'NONE',  ( 4377.141019707303712, -302.9155512315545593, 26.87652984091358377 ) ) ;
#954 = CARTESIAN_POINT ( 'NONE',  ( 4393.291151271374474, -227.3758565802145029, 35.25333640604662122 ) ) ;
#955 = CARTESIAN_POINT ( 'NONE',  ( 4380.121372835516922, -224.2995292897646209, -34.56887833860470494 ) ) ;
#956 = CARTESIAN_POINT ( 'NONE',  ( 4380.095801409526757, -206.3651764248369034, 11.21330536628313901 ) ) ;
#957 = CARTESIAN_POINT ( 'NONE',  ( 4367.117454404122327, -218.9715749388749941, 31.81359861668209277 ) ) ;
#958 = CARTESIAN_POINT ( 'NONE',  ( 4391.061243453364114, -203.4313293483271821, 8.163723252398774832 ) ) ;
#959 = CARTESIAN_POINT ( 'NONE',  ( 4371.312912762164160, -206.2313293483856000, -9.311148849937184835 ) ) ;
#960 = CARTESIAN_POINT ( 'NONE',  ( 4384.854561311085490, -256.5788733018333687, -42.01937669790975605 ) ) ;
#961 = CARTESIAN_POINT ( 'NONE',  ( 4384.519943059975958, -275.7312786210169406, 0.2696938226887571344 ) ) ;
#962 = CARTESIAN_POINT ( 'NONE',  ( 4391.118574256381180, -250.3086928123670702, -41.94436869557230807 ) ) ;
#963 = ORIENTED_EDGE ( 'NONE', *, *, #6284, .T. ) ;
#964 = CARTESIAN_POINT ( 'NONE',  ( 4367.248567036189343, -253.9124598706339953, -47.47346843836903929 ) ) ;
#965 = CARTESIAN_POINT ( 'NONE',  ( 4367.097361239021666, -221.6116274986834185, 37.09513445147815958 ) ) ;
#966 = B_SPLINE_CURVE_WITH_KNOTS ( 'NONE', 3,
 ( #4800, #6905, #2512, #5305 ),
 .UNSPECIFIED., .F., .F.,
 ( 4, 4 ),
 ( 0.2567567567567569653, 0.7432432432432350966 ),
 .UNSPECIFIED. ) ;
#967 = CARTESIAN_POINT ( 'NONE',  ( 4384.511712513865859, -223.6708319463838848, 33.89708296235713192 ) ) ;
#968 = CARTESIAN_POINT ( 'NONE',  ( 4367.124646525708158, -228.6121741560480984, 37.78961467648141337 ) ) ;
#969 = ORIENTED_EDGE ( 'NONE', *, *, #2852, .F. ) ;
#970 = CARTESIAN_POINT ( 'NONE',  ( 4380.290617545570967, -223.5796793303795482, 37.38749505241413118 ) ) ;
#971 = CARTESIAN_POINT ( 'NONE',  ( 4371.375190841708900, -258.6999944011916455, 35.25420977109340726 ) ) ;
#972 = CARTESIAN_POINT ( 'NONE',  ( 4393.173417143600091, -252.4158933977803088, -42.21773137162432477 ) ) ;
#973 = CARTESIAN_POINT ( 'NONE',  ( 4380.248140334776508, -215.6848532837879588, -31.94393624102454510 ) ) ;
#974 = CARTESIAN_POINT ( 'NONE',  ( 4380.358760599934612, -237.8831434471566979, -43.37393493309999570 ) ) ;
#975 = CARTESIAN_POINT ( 'NONE',  ( 4382.664772467951479, -254.7163675042880016, 46.09873642201540633 ) ) ;
#976 = CARTESIAN_POINT ( 'NONE',  ( 4388.900987307461946, -224.6754153518819237, 34.16340585358635451 ) ) ;
#977 = CARTESIAN_POINT ( 'NONE',  ( 4366.966622506297426, -241.5152339520743681, 42.54786124516349588 ) ) ;
#978 = CARTESIAN_POINT ( 'NONE',  ( 4393.144700811472831, -251.3272734509238262, -41.84198348263898026 ) ) ;
#979 = CARTESIAN_POINT ( 'NONE',  ( 4384.649102190975100, -216.9986451762079582, 32.72132094342349973 ) ) ;
#980 = CARTESIAN_POINT ( 'NONE',  ( 4380.117034307417271, -219.3396566111363200, -31.27387654397710648 ) ) ;
#981 = CARTESIAN_POINT ( 'NONE',  ( 4367.441019707303894, -305.5155512315545252, 24.10391400045742571 ) ) ;
#982 = CARTESIAN_POINT ( 'NONE',  ( 4386.736259964287456, -204.7558876592329398, -16.35367615973936495 ) ) ;
#983 = CARTESIAN_POINT ( 'NONE',  ( 4367.110145150993958, -224.2987836526016281, -38.68572725366431087 ) ) ;
#984 = CARTESIAN_POINT ( 'NONE',  ( 4367.121235195865665, -223.7484219879923160, -35.11339675194091825 ) ) ;
#985 = EDGE_CURVE ( 'NONE', #1342, #6945, #5671, .T. ) ;
#986 = CARTESIAN_POINT ( 'NONE',  ( 4375.744503234561307, -238.8063066634393863, 41.11591392246889143 ) ) ;
#987 = CARTESIAN_POINT ( 'NONE',  ( 4391.356922739670154, -274.1062172950511808, 7.512276148851470658 ) ) ;
#988 = CARTESIAN_POINT ( 'NONE',  ( 4393.148145207301241, -259.4405476253176062, 28.61244041911903935 ) ) ;
#989 = VERTEX_POINT ( 'NONE', #7854 ) ;
#990 = CARTESIAN_POINT ( 'NONE',  ( 4389.066304903922173, -221.4936471229405583, 35.52984328927024649 ) ) ;
#991 = CARTESIAN_POINT ( 'NONE',  ( 4366.932146017712512, -208.9262710546455821, -20.26783844912385035 ) ) ;
#992 = DIRECTION ( 'NONE',  ( -0.000000000000000000, -0.000000000000000000, 1.000000000000000000 ) ) ;
#993 = ORIENTED_EDGE ( 'NONE', *, *, #3293, .T. ) ;
#994 = CARTESIAN_POINT ( 'NONE',  ( 4380.280907745749573, -221.6386857387675207, -36.22940791615425837 ) ) ;
#995 = DIRECTION ( 'NONE',  ( -1.000000000000000000, 0.000000000000000000, -0.000000000000000000 ) ) ;
#996 = FACE_OUTER_BOUND ( 'NONE', #5298, .T. ) ;
#997 = CARTESIAN_POINT ( 'NONE',  ( 4393.431402440537568, -251.4291622577222824, 44.65689213506620803 ) ) ;
#998 = EDGE_CURVE ( 'NONE', #6714, #2758, #2962, .T. ) ;
#999 = CARTESIAN_POINT ( 'NONE',  ( 4393.314912961994196, -252.1767501809688099, 41.90998601824571779 ) ) ;
#1000 = CARTESIAN_POINT ( 'NONE',  ( 4380.121174867461377, -224.0387194327215923, -34.41562600649993442 ) ) ;
#1001 = CARTESIAN_POINT ( 'NONE',  ( 4382.338286290236283, -252.3981344374479079, 43.04815173344979229 ) ) ;
#1002 = CARTESIAN_POINT ( 'NONE',  ( 4367.126615512439457, -231.4181195600214380, 39.08001535000823168 ) ) ;
#1003 = CARTESIAN_POINT ( 'NONE',  ( 4367.269655472634440, -267.2513350276394135, -25.77772755595744414 ) ) ;
#1004 = CIRCLE ( 'NONE', #5550, 1.000000000000000888 ) ;
#1005 = CARTESIAN_POINT ( 'NONE',  ( 4393.583284042560990, -248.0658439070097359, 44.25948569815534483 ) ) ;
#1006 = CARTESIAN_POINT ( 'NONE',  ( 4388.921620892317151, -256.2819582370776175, -35.55243437370167925 ) ) ;
#1007 = CARTESIAN_POINT ( 'NONE',  ( 4375.756925681716893, -250.1489519904224323, -43.43513740572408466 ) ) ;
#1008 = ORIENTED_EDGE ( 'NONE', *, *, #2954, .F. ) ;
#1009 = CARTESIAN_POINT ( 'NONE',  ( 4384.806796915323503, -254.0495440367059246, -45.76257002048149758 ) ) ;
#1010 = EDGE_CURVE ( 'NONE', #7268, #2261, #1243, .T. ) ;
#1011 = CARTESIAN_POINT ( 'NONE',  ( 4367.090417417466597, -220.1935997112747145, 36.16827327919826018 ) ) ;
#1012 = AXIS2_PLACEMENT_3D ( 'NONE', #3253, #6047, #3300 ) ;
#1013 = CARTESIAN_POINT ( 'NONE',  ( 4386.707671454204501, -225.8474455272740897, -34.96236970003890576 ) ) ;
#1014 = CARTESIAN_POINT ( 'NONE',  ( 4384.510968406804750, -222.7870136176943276, 33.35499698184857209 ) ) ;
#1015 = CARTESIAN_POINT ( 'NONE',  ( 4367.098800887551079, -206.5791332544571901, 13.49778265500338748 ) ) ;
#1016 = ORIENTED_EDGE ( 'NONE', *, *, #3433, .F. ) ;
#1017 = VECTOR ( 'NONE', #8166, 1000.000000000000000 ) ;
#1018 = CARTESIAN_POINT ( 'NONE',  ( 4380.285404736790042, -222.4871456157150078, 36.75291080028649304 ) ) ;
#1019 = CARTESIAN_POINT ( 'NONE',  ( 4367.269370449307644, -256.1214499007865015, 44.84685969559021146 ) ) ;
#1020 = CARTESIAN_POINT ( 'NONE',  ( 4375.863893561762779, -217.3159792653193563, -33.53215801508273586 ) ) ;
#1021 = CARTESIAN_POINT ( 'NONE',  ( 4367.177767595003388, -238.3009660207330569, -44.58669143648170774 ) ) ;
#1022 = CARTESIAN_POINT ( 'NONE',  ( 4384.852885148169662, -257.5888439070814684, 40.11429109345364452 ) ) ;
#1023 = CARTESIAN_POINT ( 'NONE',  ( 4388.907568929565059, -232.8018997572359581, 37.96665203914350428 ) ) ;
#1024 = CARTESIAN_POINT ( 'NONE',  ( 4366.977886989855506, -250.1026718624381715, 44.25696221986615342 ) ) ;
#1025 = CARTESIAN_POINT ( 'NONE',  ( 4374.441019707302985, -305.5155512315545252, -26.00391400045749535 ) ) ;
#1026 = CARTESIAN_POINT ( 'NONE',  ( 4382.352620271087289, -205.0409091432225352, 17.47499576463010840 ) ) ;
#1027 = CARTESIAN_POINT ( 'NONE',  ( 4391.089866327041818, -219.0259105533148727, -30.30411686361491164 ) ) ;
#1028 = CARTESIAN_POINT ( 'NONE',  ( 4374.441019707302985, -305.5155512315545252, 26.00391400045749535 ) ) ;
#1029 = CARTESIAN_POINT ( 'NONE',  ( 4375.743429461659616, -204.0305363215574062, -14.43283294689707574 ) ) ;
#1030 = CARTESIAN_POINT ( 'NONE',  ( 4393.470844279360790, -223.9692170333661352, -36.62963308521906214 ) ) ;
#1031 = CARTESIAN_POINT ( 'NONE',  ( 4367.127818850142830, -233.1377224918481943, -39.78556088687877690 ) ) ;
#1032 = CARTESIAN_POINT ( 'NONE',  ( 4375.756255848013097, -249.5433062185900610, 43.36474872275145032 ) ) ;
#1033 = CARTESIAN_POINT ( 'NONE',  ( 4393.365942512674337, -253.5790290767817510, -44.19839415987850373 ) ) ;
#1034 = CARTESIAN_POINT ( 'NONE',  ( 4388.921871470204678, -251.3345253976308982, -42.27509138152771584 ) ) ;
#1035 = ORIENTED_EDGE ( 'NONE', *, *, #8380, .F. ) ;
#1036 = CARTESIAN_POINT ( 'NONE',  ( 4386.688200359123584, -203.4961655222584227, 10.23929346643017801 ) ) ;
#1037 = CARTESIAN_POINT ( 'NONE',  ( 4382.298752387195236, -208.2805187671013130, -17.95233786917103203 ) ) ;
#1038 = CARTESIAN_POINT ( 'NONE',  ( 4393.136522536128723, -274.7512522213627335, 0.003914000457703506117 ) ) ;
#1039 = ORIENTED_EDGE ( 'NONE', *, *, #1120, .F. ) ;
#1040 = CARTESIAN_POINT ( 'NONE',  ( 4382.478921053264457, -221.8091099806134707, -36.18379033401585332 ) ) ;
#1041 = CARTESIAN_POINT ( 'NONE',  ( 4367.438643291347944, -302.9155512315545593, 20.50391400045749180 ) ) ;
#1042 = DIRECTION ( 'NONE',  ( 0.000000000000000000, 0.000000000000000000, 1.000000000000000000 ) ) ;
#1043 = CARTESIAN_POINT ( 'NONE',  ( 4393.311210254676553, -223.4327096827337868, 36.35342438619552752 ) ) ;
#1044 = CARTESIAN_POINT ( 'NONE',  ( 4391.066941921273610, -206.2313296309438329, 8.561508808554570749 ) ) ;
#1045 = CARTESIAN_POINT ( 'NONE',  ( 4375.730188658480984, -224.0434536930586091, -34.72432284916598633 ) ) ;
#1046 = CARTESIAN_POINT ( 'NONE',  ( 4380.110175047090706, -212.4556744345670722, 24.80028247413236286 ) ) ;
#1047 = CARTESIAN_POINT ( 'NONE',  ( 4376.030211317613066, -252.7819345173161878, 46.53511315886270694 ) ) ;
#1048 = SHAPE_DEFINITION_REPRESENTATION ( #5819, #2200 ) ;
#1049 = CARTESIAN_POINT ( 'NONE',  ( 4367.440451222119918, -267.2353602077082542, -25.76935890230704373 ) ) ;
#1050 = CARTESIAN_POINT ( 'NONE',  ( 4371.694434592276593, -259.6777102023941666, -39.38190228023549366 ) ) ;
#1051 = CARTESIAN_POINT ( 'NONE',  ( 4393.596795171276426, -252.0743831746702313, 44.69760316843979808 ) ) ;
#1052 = CARTESIAN_POINT ( 'NONE',  ( 4389.215116941999440, -264.2668923468795015, -26.44450799204500058 ) ) ;
#1053 = CARTESIAN_POINT ( 'NONE',  ( 4386.719163901887441, -267.8929137923462349, -14.14087968184260369 ) ) ;
#1054 = EDGE_CURVE ( 'NONE', #6466, #590, #7161, .T. ) ;
#1055 = ORIENTED_EDGE ( 'NONE', *, *, #6988, .F. ) ;
#1056 = CARTESIAN_POINT ( 'NONE',  ( 4376.031924950813845, -254.7495396737228930, -46.69849505648031140 ) ) ;
#1057 = CARTESIAN_POINT ( 'NONE',  ( 4367.089536789246267, -220.0218762507809345, 36.05108393991861249 ) ) ;
#1058 = CARTESIAN_POINT ( 'NONE',  ( 4384.510062731928883, -221.7658239751997371, 32.69997347778651431 ) ) ;
#1059 = CARTESIAN_POINT ( 'NONE',  ( 4367.139597456320189, -251.1819124636450624, 44.38360742413926374 ) ) ;
#1060 = VERTEX_POINT ( 'NONE', #3648 ) ;
#1061 = AXIS2_PLACEMENT_3D ( 'NONE', #4941, #696, #3488 ) ;
#1062 = EDGE_CURVE ( 'NONE', #5229, #6782, #1421, .T. ) ;
#1063 = CARTESIAN_POINT ( 'NONE',  ( 4380.291284053595518, -223.7169673194800339, 37.46470646363280821 ) ) ;
#1064 = CARTESIAN_POINT ( 'NONE',  ( 4382.338174615145363, -260.6491086715268466, 28.87177498721336377 ) ) ;
#1065 = CARTESIAN_POINT ( 'NONE',  ( 4375.941019707302985, -302.9155512315545593, 22.40391400045749393 ) ) ;
#1066 = CARTESIAN_POINT ( 'NONE',  ( 4393.426386459921559, -216.3456330456105832, -31.61814950201316421 ) ) ;
#1067 = CARTESIAN_POINT ( 'NONE',  ( 4391.363337342147133, -242.2408645511181930, -43.48579659207535286 ) ) ;
#1068 = CARTESIAN_POINT ( 'NONE',  ( 4371.698451173245303, -257.5992527615454151, 43.34809937754159392 ) ) ;
#1069 = CARTESIAN_POINT ( 'NONE',  ( 4388.899700906156795, -223.1190147047064443, 33.24776592397847708 ) ) ;
#1070 = CARTESIAN_POINT ( 'NONE',  ( 4393.104695186427307, -207.6596491239477018, -15.80846002142953566 ) ) ;
#1071 = DIRECTION ( 'NONE',  ( 1.486905836551618499E-15, 0.000000000000000000, 1.000000000000000000 ) ) ;
#1072 = CARTESIAN_POINT ( 'NONE',  ( 4384.724827637496674, -231.8843109940142142, 40.96325813895769841 ) ) ;
#1073 = CARTESIAN_POINT ( 'NONE',  ( 4391.092103290425257, -221.4421298193291818, -32.01609079040219541 ) ) ;
#1074 = LINE ( 'NONE', #8711, #5975 ) ;
#1075 = CARTESIAN_POINT ( 'NONE',  ( 4371.346089025471883, -203.8301395315789648, -13.79829330919361752 ) ) ;
#1076 = VECTOR ( 'NONE', #3881, 1000.000000000000000 ) ;
#1077 = CARTESIAN_POINT ( 'NONE',  ( 4367.303057259571688, -228.5466664406714301, -40.84713166811042839 ) ) ;
#1078 = CARTESIAN_POINT ( 'NONE',  ( 4375.903491158251200, -225.1163293903046565, -38.53953988898040706 ) ) ;
#1079 = DIRECTION ( 'NONE',  ( 0.000000000000000000, 0.000000000000000000, -1.000000000000000000 ) ) ;
#1080 = CARTESIAN_POINT ( 'NONE',  ( 4371.337890600988430, -222.6076559833444151, 34.13343646613206772 ) ) ;
#1081 = CIRCLE ( 'NONE', #2269, 0.4000000000000010214 ) ;
#1082 = CARTESIAN_POINT ( 'NONE',  ( 4393.212844648767714, -252.7260341899297771, -42.62914654555891758 ) ) ;
#1083 = CARTESIAN_POINT ( 'NONE',  ( 4375.758938844324803, -251.9693640668030241, -43.64788593794355620 ) ) ;
#1084 = ORIENTED_EDGE ( 'NONE', *, *, #264, .F. ) ;
#1085 = CARTESIAN_POINT ( 'NONE',  ( 4386.858471652450135, -219.3710699423075994, 34.30529547395095591 ) ) ;
#1086 = CARTESIAN_POINT ( 'NONE',  ( 4382.305510033924293, -212.4543920398145929, -24.66024340662279002 ) ) ;
#1087 = CARTESIAN_POINT ( 'NONE',  ( 4367.436266875392903, -268.7047717983279540, 22.90390553983089816 ) ) ;
#1088 = CARTESIAN_POINT ( 'NONE',  ( 4389.064436785244652, -221.1323131507040216, -35.29735389312347138 ) ) ;
#1089 = DIRECTION ( 'NONE',  ( 0.000000000000000000, 0.000000000000000000, -1.000000000000000000 ) ) ;
#1090 = CARTESIAN_POINT ( 'NONE',  ( 4367.545399565372463, -256.8064443496622857, 47.71966252118833296 ) ) ;
#1091 = CARTESIAN_POINT ( 'NONE',  ( 4393.355577482753688, -232.2998589398215756, 40.40493377372047945 ) ) ;
#1092 = UNCERTAINTY_MEASURE_WITH_UNIT (LENGTH_MEASURE( 1.000000000000000082E-05 ), #5800, 'distance_accuracy_value', 'NONE');
#1093 = CARTESIAN_POINT ( 'NONE',  ( 4391.097356664721701, -227.3924840933785561, 35.43365246638438038 ) ) ;
#1094 = CARTESIAN_POINT ( 'NONE',  ( 4366.947561411065180, -224.4543328105548028, -35.54909703940879950 ) ) ;
#1095 = CARTESIAN_POINT ( 'NONE',  ( 4380.119963480944534, -222.6113034806008386, 33.54683781306066948 ) ) ;
#1096 = CARTESIAN_POINT ( 'NONE',  ( 4371.318258242388765, -203.4422463003377857, 10.21033314422355076 ) ) ;
#1097 = DIRECTION ( 'NONE',  ( 0.000000000000000000, -1.000000000000000000, 0.000000000000000000 ) ) ;
#1098 = CARTESIAN_POINT ( 'NONE',  ( 4367.415661862016350, -272.3060894534738168, -15.85645488946797776 ) ) ;
#1099 = CARTESIAN_POINT ( 'NONE',  ( 4367.294072879380110, -263.1573604268914437, -33.76857113476617656 ) ) ;
#1100 = CARTESIAN_POINT ( 'NONE',  ( 4391.292085264584784, -227.2625109236286391, 38.47392577900808419 ) ) ;
#1101 = CARTESIAN_POINT ( 'NONE',  ( 4380.093647437816799, -206.2421936726547074, -9.614327355551161247 ) ) ;
#1102 = CARTESIAN_POINT ( 'NONE',  ( 4389.204877623505126, -266.2769270437166824, -22.66245802958416888 ) ) ;
#1103 = CARTESIAN_POINT ( 'NONE',  ( 4386.722134040061064, -264.0812490794778569, -21.34440213914070128 ) ) ;
#1104 = ORIENTED_EDGE ( 'NONE', *, *, #1960, .F. ) ;
#1105 = CARTESIAN_POINT ( 'NONE',  ( 4393.311877843650109, -249.0141463271963573, -41.56349496415461431 ) ) ;
#1106 = VERTEX_POINT ( 'NONE', #6440 ) ;
#1107 = CARTESIAN_POINT ( 'NONE',  ( 4367.441019707303894, -302.9155512315545593, 26.00391400045748469 ) ) ;
#1108 = CARTESIAN_POINT ( 'NONE',  ( 4367.067130899884432, -215.6662794135355057, 32.74301116811175660 ) ) ;
#1109 = CARTESIAN_POINT ( 'NONE',  ( 4384.513819811409121, -226.3815920464747080, -35.41248276619503343 ) ) ;
#1110 = CARTESIAN_POINT ( 'NONE',  ( 4384.502502683273633, -214.0399396753300891, 26.29275443613557783 ) ) ;
#1111 = EDGE_CURVE ( 'NONE', #3876, #4794, #4770, .T. ) ;
#1112 = DIRECTION ( 'NONE',  ( 1.000000000000000000, -0.000000000000000000, -0.000000000000000000 ) ) ;
#1113 = ORIENTED_EDGE ( 'NONE', *, *, #5594, .F. ) ;
#1114 = CARTESIAN_POINT ( 'NONE',  ( 4380.419478953998805, -252.6910956847189311, 46.09046106368757734 ) ) ;
#1115 = CARTESIAN_POINT ( 'NONE',  ( 4386.722134037646356, -264.0812490924741383, 21.35223011602851173 ) ) ;
#1116 = CARTESIAN_POINT ( 'NONE',  ( 4393.474901669210340, -253.9419982016641768, -44.86775964052365140 ) ) ;
#1117 = CARTESIAN_POINT ( 'NONE',  ( 4384.664556358434311, -219.7119986318485019, -34.68180891853451442 ) ) ;
#1118 = CARTESIAN_POINT ( 'NONE',  ( 4367.231296015870612, -249.7197107402985807, -47.01131980110293540 ) ) ;
#1119 = CARTESIAN_POINT ( 'NONE',  ( 4388.907125595376783, -232.2540656137470023, 37.75186498526108636 ) ) ;
#1120 = EDGE_CURVE ( 'NONE', #3258, #3876, #1341, .T. ) ;
#1121 = CARTESIAN_POINT ( 'NONE',  ( 4389.427350238954205, -305.5155512315545252, -18.60391400045748966 ) ) ;
#1122 = CARTESIAN_POINT ( 'NONE',  ( 4375.733075085272503, -276.5928612745667579, -0.2756534378694801557 ) ) ;
#1123 = CARTESIAN_POINT ( 'NONE',  ( 4393.133381106445086, -233.2646873170972697, -37.77787924095967753 ) ) ;
#1124 = CARTESIAN_POINT ( 'NONE',  ( 4384.807180635983968, -252.8767029815523415, 45.66761560756290805 ) ) ;
#1125 = CARTESIAN_POINT ( 'NONE',  ( 4371.336403794042781, -220.9488992055943868, -33.01096283810021248 ) ) ;
#1126 = LINE ( 'NONE', #981, #1179 ) ;
#1127 = CARTESIAN_POINT ( 'NONE',  ( 4382.374001627371399, -206.4431670840798176, -20.69834437576897912 ) ) ;
#1128 = CARTESIAN_POINT ( 'NONE',  ( 4375.900794322982620, -224.5570134913073730, -38.23435062572700360 ) ) ;
#1129 = CARTESIAN_POINT ( 'NONE',  ( 4367.468159978182484, -256.9352946716427368, 45.64265757178922200 ) ) ;
#1130 = EDGE_CURVE ( 'NONE', #3656, #303, #1254, .T. ) ;
#1131 = CARTESIAN_POINT ( 'NONE',  ( 4371.339517625521694, -224.4463979377723604, 35.26627968589025386 ) ) ;
#1132 = CARTESIAN_POINT ( 'NONE',  ( 4393.342996128661071, -253.4511294048274408, -43.96297833937645549 ) ) ;
#1133 = VERTEX_POINT ( 'NONE', #8833 ) ;
#1134 = CARTESIAN_POINT ( 'NONE',  ( 4386.680185824175169, -203.4444904815348423, 9.339091853599727600 ) ) ;
#1135 = CARTESIAN_POINT ( 'NONE',  ( 4391.084915422170525, -214.0318907102033279, -25.86319887095044123 ) ) ;
#1136 = CARTESIAN_POINT ( 'NONE',  ( 4393.593604800967114, -264.9849610477544957, -24.12266820922337729 ) ) ;
#1137 = ORIENTED_EDGE ( 'NONE', *, *, #7153, .T. ) ;
#1138 = CARTESIAN_POINT ( 'NONE',  ( 4393.460107905636505, -221.9809716662511505, -35.49600398303218896 ) ) ;
#1139 = CARTESIAN_POINT ( 'NONE',  ( 4393.431608007063005, -253.9451750711944555, -44.87251509709778219 ) ) ;
#1140 = CARTESIAN_POINT ( 'NONE',  ( 4393.147989571112703, -252.2864808656984508, 42.00187036996116774 ) ) ;
#1141 = CARTESIAN_POINT ( 'NONE',  ( 4393.294456733832703, -220.4161011126508640, 34.54573655359181572 ) ) ;
#1142 = CARTESIAN_POINT ( 'NONE',  ( 4391.102163234479121, -232.7592750337402663, 37.76847145480962809 ) ) ;
#1143 = CARTESIAN_POINT ( 'NONE',  ( 4393.289121293808421, -225.0487426809364422, -34.03437716836803872 ) ) ;
#1144 = CARTESIAN_POINT ( 'NONE',  ( 4380.144781868446444, -251.6591179748093907, 43.19175999147259404 ) ) ;
#1145 = CARTESIAN_POINT ( 'NONE',  ( 4375.892136500488050, -222.7493706308822823, 37.21476597603717096 ) ) ;
#1146 = CARTESIAN_POINT ( 'NONE',  ( 4367.441019707303894, -305.5155512315545252, 18.60391400045749322 ) ) ;
#1147 = CARTESIAN_POINT ( 'NONE',  ( 4374.441019707302985, -305.5155512315545252, 22.40391400045749393 ) ) ;
#1148 = DIRECTION ( 'NONE',  ( -0.000000000000000000, 1.000000000000000000, -0.000000000000000000 ) ) ;
#1149 = CARTESIAN_POINT ( 'NONE',  ( 4391.268764851904962, -222.7551999358495891, 36.12220624340114483 ) ) ;
#1150 = CARTESIAN_POINT ( 'NONE',  ( 4380.094197611648269, -206.2644699499918204, -10.01243014491526395 ) ) ;
#1151 = CARTESIAN_POINT ( 'NONE',  ( 4389.163778605510743, -274.3169216981452792, -7.534109891689502625 ) ) ;
#1152 = CARTESIAN_POINT ( 'NONE',  ( 4382.326886080124495, -272.1220488345025501, -7.011090455753060446 ) ) ;
#1153 = CARTESIAN_POINT ( 'NONE',  ( 4382.336507854945921, -249.7202985588632487, -42.74383760649525499 ) ) ;
#1154 = LINE ( 'NONE', #7600, #330 ) ;
#1155 = EDGE_LOOP ( 'NONE', ( #2350, #8198, #8468, #4065, #8860, #6405, #8864, #1297, #472 ) ) ;
#1156 = CARTESIAN_POINT ( 'NONE',  ( 4374.441019707302985, -305.5155512315545252, -26.00391400045749535 ) ) ;
#1157 = LINE ( 'NONE', #7461, #7442 ) ;
#1158 = CARTESIAN_POINT ( 'NONE',  ( 4382.287086317923240, -206.2313293483611858, 8.700197974780992993 ) ) ;
#1159 = AXIS2_PLACEMENT_3D ( 'NONE', #8797, #7971, #8615 ) ;
#1160 = CARTESIAN_POINT ( 'NONE',  ( 4367.406100782461181, -255.8914085745788043, -47.62921617970392418 ) ) ;
#1161 = ORIENTED_EDGE ( 'NONE', *, *, #6929, .F. ) ;
#1162 = CARTESIAN_POINT ( 'NONE',  ( 4380.287195537826847, -222.8880087089900996, 36.98919890362891039 ) ) ;
#1163 = CARTESIAN_POINT ( 'NONE',  ( 4384.528218051620570, -264.2762493732801659, 21.47044327438174705 ) ) ;
#1164 = CARTESIAN_POINT ( 'NONE',  ( 4367.086133543916731, -219.3347980058112796, -35.56694064800036159 ) ) ;
#1165 = COLOUR_RGB ( '',0.7921568627450980005, 0.8196078431372548767, 0.9333333333333333481 ) ;
#1166 = CARTESIAN_POINT ( 'NONE',  ( 4382.604676910462331, -249.9801009332059607, -45.58739343140227618 ) ) ;
#1167 = CARTESIAN_POINT ( 'NONE',  ( 4371.443538036409336, -212.5849601439850289, 29.61213625923296178 ) ) ;
#1168 = CARTESIAN_POINT ( 'NONE',  ( 4388.908014955155522, -233.3522600795558901, 38.17378153146813702 ) ) ;
#1169 = DIRECTION ( 'NONE',  ( 0.000000000000000000, -1.000000000000000000, 0.000000000000000000 ) ) ;
#1170 = LINE ( 'NONE', #7987, #1328 ) ;
#1171 = VECTOR ( 'NONE', #3566, 1000.000000000000000 ) ;
#1172 = CARTESIAN_POINT ( 'NONE',  ( 4393.313788108924200, -204.4700610464255419, 15.09710141991171284 ) ) ;
#1173 = CARTESIAN_POINT ( 'NONE',  ( 4384.796887576161680, -249.2229101781375391, 45.28348710518845621 ) ) ;
#1174 = CARTESIAN_POINT ( 'NONE',  ( 4366.944228400623615, -220.7815427010233122, -33.16488311860199190 ) ) ;
#1175 = CARTESIAN_POINT ( 'NONE',  ( 4393.427350238953295, -301.9155512315545593, -20.50391400045749180 ) ) ;
#1176 = CARTESIAN_POINT ( 'NONE',  ( 4380.178529367703959, -206.4440230816725830, -20.82853257303834482 ) ) ;
#1177 = CARTESIAN_POINT ( 'NONE',  ( 4389.095864928410265, -227.2801330935677129, -38.64618403943681102 ) ) ;
#1178 = CARTESIAN_POINT ( 'NONE',  ( 4367.182149758835294, -256.1280034960479952, 44.85575183361186191 ) ) ;
#1179 = VECTOR ( 'NONE', #7938, 1000.000000000000000 ) ;
#1180 = CARTESIAN_POINT ( 'NONE',  ( 4371.343442354665058, -228.6415406731459257, 37.51273734930546766 ) ) ;
#1181 = CARTESIAN_POINT ( 'NONE',  ( 4393.266460140969684, -253.0246786907799219, -43.17832800261521697 ) ) ;
#1182 = ORIENTED_EDGE ( 'NONE', *, *, #6166, .T. ) ;
#1183 = CARTESIAN_POINT ( 'NONE',  ( 4386.753274214365774, -205.7229104075596524, 18.83353961319436465 ) ) ;
#1184 = CARTESIAN_POINT ( 'NONE',  ( 4371.330585456625158, -214.5894383203286679, -27.65177720087499935 ) ) ;
#1185 = CARTESIAN_POINT ( 'NONE',  ( 4380.089820407823026, -203.4313293484037786, -8.819265814128382175 ) ) ;
#1186 = ORIENTED_EDGE ( 'NONE', *, *, #8886, .T. ) ;
#1187 = EDGE_CURVE ( 'NONE', #8, #5919, #4083, .T. ) ;
#1188 = B_SPLINE_CURVE_WITH_KNOTS ( 'NONE', 3,
 ( #4481, #5812, #309, #5115, #5767, #2428, #5210, #8549, #6493, #7907 ),
 .UNSPECIFIED., .F., .F.,
 ( 4, 2, 2, 2, 4 ),
 ( 0.002979997229421162911, 0.2559092757470692869, 0.3823739150058935721, 0.5088385542647179127, 1.014697111300016275 ),
 .UNSPECIFIED. ) ;
#1189 = CARTESIAN_POINT ( 'NONE',  ( 4367.102339285430389, -222.6105942600672165, -37.70403051653428861 ) ) ;
#1190 = PLANE ( 'NONE',  #2328 ) ;
#1191 = CARTESIAN_POINT ( 'NONE',  ( 4393.431608007063005, -253.9451750711960756, -44.87251509709407316 ) ) ;
#1192 = CARTESIAN_POINT ( 'NONE',  ( 4393.311936846343997, -223.5670036028135996, 36.42803586589372600 ) ) ;
#1193 = CARTESIAN_POINT ( 'NONE',  ( 4391.093770218752070, -223.2777886111725536, 33.18522595801366748 ) ) ;
#1194 = CARTESIAN_POINT ( 'NONE',  ( 4384.512704333914371, -224.9448844902431972, -34.62834606840798557 ) ) ;
#1195 = CARTESIAN_POINT ( 'NONE',  ( 4380.124935578207442, -228.5557060595709231, 36.83260771303292813 ) ) ;
#1196 = CARTESIAN_POINT ( 'NONE',  ( 4375.914402631881785, -227.3865142057175888, 39.69618715294745925 ) ) ;
#1197 = CARTESIAN_POINT ( 'NONE',  ( 4367.139597457434320, -251.1819144397574064, 44.38360766654199097 ) ) ;
#1198 = FACE_OUTER_BOUND ( 'NONE', #3614, .T. ) ;
#1199 = CARTESIAN_POINT ( 'NONE',  ( 4391.273065248204148, -223.5689238389343529, 36.58373427062167593 ) ) ;
#1200 = CARTESIAN_POINT ( 'NONE',  ( 4366.922648900633249, -206.2405539983469680, -10.33001811313885554 ) ) ;
#1201 = CARTESIAN_POINT ( 'NONE',  ( 4393.608602090107524, -262.8840890573145543, -28.03675384519801028 ) ) ;
#1202 = CARTESIAN_POINT ( 'NONE',  ( 4393.474901669212159, -253.9419982016648021, -44.86775964052296928 ) ) ;
#1203 = CARTESIAN_POINT ( 'NONE',  ( 4386.711856402499507, -231.1931064911091767, -37.49507277033887220 ) ) ;
#1204 = ORIENTED_EDGE ( 'NONE', *, *, #5607, .T. ) ;
#1205 = CARTESIAN_POINT ( 'NONE',  ( 4393.146391367674369, -261.6417012479628283, -24.49482103034842595 ) ) ;
#1206 = B_SPLINE_CURVE_WITH_KNOTS ( 'NONE', 3,
 ( #8158, #4735, #7513, #1260 ),
 .UNSPECIFIED., .F., .F.,
 ( 4, 4 ),
 ( 0.000000000000000000, 1.000000000000000000 ),
 .UNSPECIFIED. ) ;
#1207 = CARTESIAN_POINT ( 'NONE',  ( 4367.247891182686544, -253.5981074792316576, 47.45416021705151621 ) ) ;
#1208 = CARTESIAN_POINT ( 'NONE',  ( 4388.904064556342746, -228.4697730380961787, -36.11858550040638960 ) ) ;
#1209 = CARTESIAN_POINT ( 'NONE',  ( 4382.309063278199574, -215.7151523862691533, 28.10059539044319266 ) ) ;
#1210 = B_SPLINE_SURFACE_WITH_KNOTS ( 'NONE', 3, 3, ( 
 ( #191, #5738, #7699, #918, #2855, #2940, #4316, #1569, #7096, #6373, #2303, #104, #8515 ),
 ( #8425, #1442, #7015, #2263, #148, #2177, #3624, #3667, #2980, #7137, #4358, #3023, #5039 ),
 ( #7832, #880, #1615, #5780, #5692, #8602, #8558, #5079, #1484, #4226, #8470, #7056, #792 ),
 ( #4271, #4908, #2895, #7874, #4400, #7178, #3710, #6501, #2221, #750, #232, #6332, #3584 ),
 ( #57, #5648, #4950, #7745, #8736, #2439, #3891, #2348, #7961, #1657, #5957, #1152, #5126 ),
 ( #4630, #8693, #370, #3157, #1704, #6051, #8101, #5222, #4493, #8008, #3066, #5175, #961 ),
 ( #3938, #7361, #1750, #4444, #4539, #7405, #8055, #5270, #7316, #1103, #1053, #1796, #7267 ),
 ( #2481, #3209, #4582, #321, #1006, #3257, #3847, #6684, #417, #7916, #6732, #1845, #5864 ),
 ( #6006, #8786, #7221, #3805, #3753, #6636, #6544, #6590, #2523, #5317, #3113, #468, #274 ),
 ( #8647, #2392, #5911, #4127, #8288, #3486, #3990, #3304, #8926, #4037, #5456, #1295, #2618 ) ),
 .UNSPECIFIED., .F., .F., .F.,
 ( 4, 3, 3, 4 ),
 ( 4, 3, 3, 3, 4 ),
 ( 2181.813877448479161, 2314.325894594419879, 2380.581903167390010, 2446.837911740360596 ),
 ( -5.120072915834517957, 40.09559976319628305, 85.31127244222707873, 175.7426178002886843, 356.6053085164118670 ),
 .UNSPECIFIED. ) ;
#1211 = CARTESIAN_POINT ( 'NONE',  ( 4367.426673820023098, -255.8898609940676181, -47.62711900548544008 ) ) ;
#1212 = ORIENTED_EDGE ( 'NONE', *, *, #1054, .F. ) ;
#1213 = CARTESIAN_POINT ( 'NONE',  ( 4376.045644222412193, -266.9596359478084082, -24.32130355354617635 ) ) ;
#1214 = CARTESIAN_POINT ( 'NONE',  ( 4382.323785529809356, -232.9296289430481295, -38.54133051409389310 ) ) ;
#1215 = CARTESIAN_POINT ( 'NONE',  ( 4375.854826620648055, -215.6799465093521917, 32.22595451992369675 ) ) ;
#1216 = DIRECTION ( 'NONE',  ( -0.000000000000000000, -0.000000000000000000, 1.000000000000000000 ) ) ;
#1217 = CARTESIAN_POINT ( 'NONE',  ( 4389.052290171070126, -219.0274358785210040, -33.90853148732102795 ) ) ;
#1218 = CARTESIAN_POINT ( 'NONE',  ( 4387.001135727532528, -251.2105047220258314, -45.28438796418296164 ) ) ;
#1219 = CARTESIAN_POINT ( 'NONE',  ( 4371.447147705015595, -213.1873417967253488, 30.20645866835124949 ) ) ;
#1220 = CARTESIAN_POINT ( 'NONE',  ( 4386.676367290520830, -206.2313293483504140, 8.435549864365219364 ) ) ;
#1221 = DIRECTION ( 'NONE',  ( 0.000000000000000000, 0.000000000000000000, -1.000000000000000000 ) ) ;
#1222 = CARTESIAN_POINT ( 'NONE',  ( 4384.756802469110880, -278.7730793288247355, -0.04944388962649508973 ) ) ;
#1223 = CARTESIAN_POINT ( 'NONE',  ( 4393.460107911875639, -221.9809716662568917, 35.50383198348758640 ) ) ;
#1224 = CARTESIAN_POINT ( 'NONE',  ( 4382.363452140222762, -205.7256773543865336, 19.10411083996029902 ) ) ;
#1225 = CARTESIAN_POINT ( 'NONE',  ( 4366.944800227521227, -221.4363019182603978, -33.62311914737104246 ) ) ;
#1226 = CARTESIAN_POINT ( 'NONE',  ( 4393.297824452960413, -220.9594327613144742, 34.89009535922500760 ) ) ;
#1227 = CARTESIAN_POINT ( 'NONE',  ( 4382.409369081099612, -210.2940851210096014, -26.44271799362189057 ) ) ;
#1228 = CARTESIAN_POINT ( 'NONE',  ( 4375.911649159145782, -226.8138885327768719, -39.40945414798505908 ) ) ;
#1229 = CARTESIAN_POINT ( 'NONE',  ( 4367.233386472193160, -256.1263514272528710, 44.82248701731852236 ) ) ;
#1230 = CARTESIAN_POINT ( 'NONE',  ( 4371.332750375942851, -216.8894438411681165, 29.83335219209980593 ) ) ;
#1231 = EDGE_CURVE ( 'NONE', #6854, #4757, #8251, .T. ) ;
#1232 = CARTESIAN_POINT ( 'NONE',  ( 4393.335345469977256, -253.4084921327286395, -43.88450878039512304 ) ) ;
#1233 = CARTESIAN_POINT ( 'NONE',  ( 4371.371410175627716, -253.5138719181340718, -44.22264312851033452 ) ) ;
#1234 = ORIENTED_EDGE ( 'NONE', *, *, #1307, .T. ) ;
#1235 = CARTESIAN_POINT ( 'NONE',  ( 4386.867525586296324, -220.9451179628907198, 35.34320137860175493 ) ) ;
#1236 = CARTESIAN_POINT ( 'NONE',  ( 4386.697971109877471, -215.1481598211954918, -27.26182308658589548 ) ) ;
#1237 = CARTESIAN_POINT ( 'NONE',  ( 4374.441019707302985, -301.9155512315545593, 24.10391400045744348 ) ) ;
#1238 = CARTESIAN_POINT ( 'NONE',  ( 4375.941019707302985, -302.9155512315545593, -22.40391400045749393 ) ) ;
#1239 = CARTESIAN_POINT ( 'NONE',  ( 4371.493980127516807, -221.9390602010342946, -37.01134475717360317 ) ) ;
#1240 = DIRECTION ( 'NONE',  ( 0.000000000000000000, 0.000000000000000000, -1.000000000000000000 ) ) ;
#1241 = CARTESIAN_POINT ( 'NONE',  ( 4393.151311742736652, -252.3022240921237653, 42.03152372662003700 ) ) ;
#1242 = CARTESIAN_POINT ( 'NONE',  ( 4391.089866329678443, -219.0259105533041293, 30.31194486434136337 ) ) ;
#1243 = CIRCLE ( 'NONE', #2683, 1.500000000000001332 ) ;
#1244 = CARTESIAN_POINT ( 'NONE',  ( 4386.706633567273457, -224.5505393339051921, -34.24464664654028923 ) ) ;
#1245 = CARTESIAN_POINT ( 'NONE',  ( 4380.143313798606869, -249.8631830359338721, 42.98209887366948578 ) ) ;
#1246 = CARTESIAN_POINT ( 'NONE',  ( 4375.896815562708071, -223.7227639543832254, 37.77840275017121030 ) ) ;
#1247 = LINE ( 'NONE', #1146, #4965 ) ;
#1248 = DIRECTION ( 'NONE',  ( 0.000000000000000000, 0.000000000000000000, -1.000000000000000000 ) ) ;
#1249 = CARTESIAN_POINT ( 'NONE',  ( 4391.241464569379787, -218.0044187846717421, 33.03509290976545998 ) ) ;
#1250 = CARTESIAN_POINT ( 'NONE',  ( 4366.923531780185840, -206.2824440524803151, -11.12849816378580137 ) ) ;
#1251 = CARTESIAN_POINT ( 'NONE',  ( 4393.605974667029841, -263.3844033705408947, -27.10248720539912526 ) ) ;
#1252 = PLANE ( 'NONE',  #143 ) ;
#1253 = CARTESIAN_POINT ( 'NONE',  ( 4388.905361984654519, -230.0742082486142976, -36.84541364233342620 ) ) ;
#1254 = LINE ( 'NONE', #7554, #8984 ) ;
#1255 = ORIENTED_EDGE ( 'NONE', *, *, #5970, .F. ) ;
#1256 = FACE_OUTER_BOUND ( 'NONE', #8976, .T. ) ;
#1257 = CARTESIAN_POINT ( 'NONE',  ( 4367.245179189971168, -252.9541561560034779, 47.39565930254438797 ) ) ;
#1258 = CARTESIAN_POINT ( 'NONE',  ( 4393.291151268491376, -227.3758565802482678, -35.24550840537427376 ) ) ;
#1259 = CARTESIAN_POINT ( 'NONE',  ( 4382.307301861237647, -214.0416000998171171, 26.42959464185546992 ) ) ;
#1260 = CARTESIAN_POINT ( 'NONE',  ( 4367.467819833042086, -255.8867657726266032, -47.62292406322261940 ) ) ;
#1261 = ORIENTED_EDGE ( 'NONE', *, *, #3590, .T. ) ;
#1262 = CARTESIAN_POINT ( 'NONE',  ( 4371.346219406023010, -231.4328246267520797, -38.77535470320878375 ) ) ;
#1263 = CARTESIAN_POINT ( 'NONE',  ( 4375.863893563778220, -217.3159792653130751, 33.53998601586717854 ) ) ;
#1264 = DIRECTION ( 'NONE',  ( 1.000000000000000000, 0.000000000000000000, 0.000000000000000000 ) ) ;
#1265 = CARTESIAN_POINT ( 'NONE',  ( 4375.869315874691893, -218.3154343386636924, -34.28495321448989586 ) ) ;
#1266 = CARTESIAN_POINT ( 'NONE',  ( 4384.796887572033484, -249.2229101784253658, -45.27565910471481203 ) ) ;
#1267 = CARTESIAN_POINT ( 'NONE',  ( 4371.502546038356741, -223.7290404581741825, 38.08098537241964721 ) ) ;
#1268 = CARTESIAN_POINT ( 'NONE',  ( 4386.702988546201595, -220.2944673161840115, 31.54216630608947725 ) ) ;
#1269 = CARTESIAN_POINT ( 'NONE',  ( 4382.559965289186948, -278.9915304327991521, -0.06291006974154826625 ) ) ;
#1270 = CARTESIAN_POINT ( 'NONE',  ( 4393.463737642508022, -222.6248517301223728, 35.88219030216236405 ) ) ;
#1271 = CARTESIAN_POINT ( 'NONE',  ( 4388.871439933961483, -206.2313293483465486, -8.293506659096053113 ) ) ;
#1272 = CARTESIAN_POINT ( 'NONE',  ( 4382.608976103348141, -251.2137713041664426, 45.73146013940268517 ) ) ;
#1273 = CARTESIAN_POINT ( 'NONE',  ( 4380.119355124073991, -221.9279175486218492, -33.09809085862128342 ) ) ;
#1274 = CARTESIAN_POINT ( 'NONE',  ( 4393.420755432442093, -248.0749653938276822, 44.28396393095076178 ) ) ;
#1275 = CARTESIAN_POINT ( 'NONE',  ( 4393.392700838421661, -211.4253616878220896, -27.01240667270862161 ) ) ;
#1276 = CARTESIAN_POINT ( 'NONE',  ( 4375.914402629867254, -227.3865142057511264, -39.68835915219237620 ) ) ;
#1277 = LINE ( 'NONE', #4654, #1457 ) ;
#1278 = CARTESIAN_POINT ( 'NONE',  ( 4371.336828095999408, -221.4381932698700268, 33.35795940112494407 ) ) ;
#1279 = CARTESIAN_POINT ( 'NONE',  ( 4393.296697112756192, -220.7736829258470266, -34.76573837907164233 ) ) ;
#1280 = ORIENTED_EDGE ( 'NONE', *, *, #1356, .T. ) ;
#1281 = CARTESIAN_POINT ( 'NONE',  ( 4387.003605617318499, -251.9713050529320242, 45.36460188161687768 ) ) ;
#1282 = CARTESIAN_POINT ( 'NONE',  ( 4375.721657475404754, -214.5902911114569918, -27.39351081618273653 ) ) ;
#1283 = DIRECTION ( 'NONE',  ( 1.000000000000000000, 0.000000000000000000, 2.536234875824260354E-15 ) ) ;
#1284 = CARTESIAN_POINT ( 'NONE',  ( 4393.580015992499284, -267.5476967630968375, -19.33732028687096971 ) ) ;
#1285 = CARTESIAN_POINT ( 'NONE',  ( 4380.285970742524114, -222.6160632109464927, -36.82164653146929822 ) ) ;
#1286 = CARTESIAN_POINT ( 'NONE',  ( 4367.436266875392903, -203.3322581266223210, -20.50391400045749180 ) ) ;
#1287 = CARTESIAN_POINT ( 'NONE',  ( 4393.151283279809832, -252.3024400644730463, -42.02329556018812440 ) ) ;
#1288 = CARTESIAN_POINT ( 'NONE',  ( 4391.091520739048974, -220.7879153975794395, 31.58161021026318593 ) ) ;
#1289 = CARTESIAN_POINT ( 'NONE',  ( 4382.317396478811133, -224.9508184550865622, -34.78934859800618540 ) ) ;
#1290 = CARTESIAN_POINT ( 'NONE',  ( 4375.705044351490869, -206.2635658450364815, 10.27394489189632587 ) ) ;
#1291 = CARTESIAN_POINT ( 'NONE',  ( 4391.428022873625196, -260.0685155729689768, 33.83266590091514558 ) ) ;
#1292 = CARTESIAN_POINT ( 'NONE',  ( 4367.272358307733157, -221.7157045451365889, 37.15020856605076460 ) ) ;
#1293 = CARTESIAN_POINT ( 'NONE',  ( 4391.264536951933223, -221.9761637450241665, 35.66404094264625257 ) ) ;
#1294 = CARTESIAN_POINT ( 'NONE',  ( 4384.483704214037061, -206.2879966184002001, -10.15282103577534834 ) ) ;
#1295 = CARTESIAN_POINT ( 'NONE',  ( 4393.296595426822023, -271.0807082104906840, -6.825021946695287056 ) ) ;
#1296 = CARTESIAN_POINT ( 'NONE',  ( 4393.372783629056357, -277.9155512315545593, 0.003914000457474380371 ) ) ;
#1297 = ORIENTED_EDGE ( 'NONE', *, *, #160, .T. ) ;
#1298 = CARTESIAN_POINT ( 'NONE',  ( 4367.426673820023098, -255.8898609940676181, -47.62711900548544719 ) ) ;
#1299 = DIRECTION ( 'NONE',  ( -1.000000000000000000, 0.000000000000000000, 0.000000000000000000 ) ) ;
#1300 = CARTESIAN_POINT ( 'NONE',  ( 4386.708919487402454, -227.4258723520887600, -35.77765807391835295 ) ) ;
#1301 = CARTESIAN_POINT ( 'NONE',  ( 4384.518282498232111, -232.3337071563923928, 38.13823196793617853 ) ) ;
#1302 = DIRECTION ( 'NONE',  ( -0.000000000000000000, 1.000000000000000000, -0.000000000000000000 ) ) ;
#1303 = VERTEX_POINT ( 'NONE', #4811 ) ;
#1304 = CARTESIAN_POINT ( 'NONE',  ( 4382.659442165664586, -258.7769032125728472, -38.39412968613783050 ) ) ;
#1305 = CARTESIAN_POINT ( 'NONE',  ( 4375.884003864474835, -221.1026806862142280, 36.20050922290694473 ) ) ;
#1306 = CARTESIAN_POINT ( 'NONE',  ( 4393.451251082808085, -220.4167646384994157, -34.52696520305553207 ) ) ;
#1307 = EDGE_CURVE ( 'NONE', #3096, #2569, #8503, .T. ) ;
#1308 = CARTESIAN_POINT ( 'NONE',  ( 4384.804028688791732, -251.3664969940240326, -45.52143823141323509 ) ) ;
#1309 = CARTESIAN_POINT ( 'NONE',  ( 4371.509182572712234, -225.1334104143058710, 38.86099694682490480 ) ) ;
#1310 = CARTESIAN_POINT ( 'NONE',  ( 4386.699746042759216, -216.8883911636064568, 28.86908341102441611 ) ) ;
#1311 = DIRECTION ( 'NONE',  ( -0.000000000000000000, 1.000000000000000000, 0.000000000000000000 ) ) ;
#1312 = CARTESIAN_POINT ( 'NONE',  ( 4393.405416067572332, -213.1925337685437398, 28.84612264524415792 ) ) ;
#1313 = MECHANICAL_DESIGN_GEOMETRIC_PRESENTATION_REPRESENTATION (  '', ( #6421 ), #8465 ) ;
#1314 = CARTESIAN_POINT ( 'NONE',  ( 4382.475477146122103, -221.1171914264840836, 35.75952006920729787 ) ) ;
#1315 = CARTESIAN_POINT ( 'NONE',  ( 4391.092906227965614, -222.2656060974585444, -32.55074611531772177 ) ) ;
#1316 = CARTESIAN_POINT ( 'NONE',  ( 4393.369008386735004, -235.1537023467878385, 41.42650392034575901 ) ) ;
#1317 = CARTESIAN_POINT ( 'NONE',  ( 4380.213346893659036, -210.2945666355851415, -26.57396501223351137 ) ) ;
#1318 = CARTESIAN_POINT ( 'NONE',  ( 4393.493543306696665, -228.3525067793209757, -38.78684220554889350 ) ) ;
#1319 = CARTESIAN_POINT ( 'NONE',  ( 4367.128222675540201, -233.7140451958015888, -40.01230833425903199 ) ) ;
#1320 = AXIS2_PLACEMENT_3D ( 'NONE', #6406, #5856, #4350 ) ;
#1321 = CARTESIAN_POINT ( 'NONE',  ( 4366.930588136609913, -208.1147855464116958, 18.46468994971776922 ) ) ;
#1322 = CARTESIAN_POINT ( 'NONE',  ( 4393.198543970990613, -207.2878031517482498, -21.54195829602011969 ) ) ;
#1323 = CARTESIAN_POINT ( 'NONE',  ( 4393.314718604735390, -251.8902794607206204, -41.87725991534347969 ) ) ;
#1324 = ORIENTED_EDGE ( 'NONE', *, *, #1810, .T. ) ;
#1325 = CARTESIAN_POINT ( 'NONE',  ( 4386.968780050634450, -242.4361817005624005, 43.94623391778608124 ) ) ;
#1326 = CARTESIAN_POINT ( 'NONE',  ( 4393.282822279266838, -218.0895480868731511, -29.43169345296560735 ) ) ;
#1327 = CARTESIAN_POINT ( 'NONE',  ( 4386.676030051445196, -203.4313312113570760, -8.880195565657260204 ) ) ;
#1328 = VECTOR ( 'NONE', #1729, 1000.000000000000000 ) ;
#1329 = CARTESIAN_POINT ( 'NONE',  ( 4391.266917394466873, -222.3706036315883523, -35.89041194101486809 ) ) ;
#1330 = CARTESIAN_POINT ( 'NONE',  ( 4367.176842431424120, -206.4294385212964471, -21.53495798351030643 ) ) ;
#1331 = CARTESIAN_POINT ( 'NONE',  ( 4393.151254797218826, -252.3026561150132352, 42.03072325302296264 ) ) ;
#1332 = CARTESIAN_POINT ( 'NONE',  ( 4388.893393700654087, -216.2916042088820916, 28.21027654780245442 ) ) ;
#1333 = CARTESIAN_POINT ( 'NONE',  ( 4371.340371417080860, -225.3795601415529575, -35.79647549116680949 ) ) ;
#1334 = CARTESIAN_POINT ( 'NONE',  ( 4375.707425673513171, -206.4525406854204164, 12.26157307348487180 ) ) ;
#1335 = CARTESIAN_POINT ( 'NONE',  ( 4376.060817359641987, -264.4220618849573157, 29.21567007315023901 ) ) ;
#1336 = CARTESIAN_POINT ( 'NONE',  ( 4374.441019707302985, -302.9155512315545593, -26.00391400045749535 ) ) ;
#1337 = CARTESIAN_POINT ( 'NONE',  ( 4389.028073355403649, -215.0572887309713508, 30.84063560209238730 ) ) ;
#1338 = CARTESIAN_POINT ( 'NONE',  ( 4380.097810446829499, -206.5882947428215459, -12.78301225884351311 ) ) ;
#1339 = FACE_OUTER_BOUND ( 'NONE', #5392, .T. ) ;
#1340 = VERTEX_POINT ( 'NONE', #6828 ) ;
#1341 = LINE ( 'NONE', #4129, #5177 ) ;
#1342 = VERTEX_POINT ( 'NONE', #5504 ) ;
#1343 = CARTESIAN_POINT ( 'NONE',  ( 4393.308975388522413, -223.0249795233638110, -36.11586355005893978 ) ) ;
#1344 = CARTESIAN_POINT ( 'NONE',  ( 4393.269120445113913, -207.4070058273612460, 15.05113481853918422 ) ) ;
#1345 = CARTESIAN_POINT ( 'NONE',  ( 4382.287610021312503, -206.2313325488705686, 9.098013258454802354 ) ) ;
#1346 = CARTESIAN_POINT ( 'NONE',  ( 4367.321500325926536, -232.7028827411777172, 42.62413898577538163 ) ) ;
#1347 = ADVANCED_FACE ( 'NONE', ( #3307 ), #565, .F. ) ;
#1348 = ORIENTED_EDGE ( 'NONE', *, *, #6759, .F. ) ;
#1349 = CARTESIAN_POINT ( 'NONE',  ( 4384.519090828133812, -233.4431175358234896, -38.56018285337088258 ) ) ;
#1350 = CARTESIAN_POINT ( 'NONE',  ( 4375.723324739924465, -203.5809698858857644, 11.78062127488028388 ) ) ;
#1351 = CARTESIAN_POINT ( 'NONE',  ( 4380.270613820075596, -219.7039926614394574, -34.97319523853030176 ) ) ;
#1352 = CARTESIAN_POINT ( 'NONE',  ( 4387.003360479233379, -251.8954258732661913, -45.34983117539663766 ) ) ;
#1353 = CARTESIAN_POINT ( 'NONE',  ( 4371.404461930891557, -207.3050819309420945, 22.86822736575441439 ) ) ;
#1354 = CARTESIAN_POINT ( 'NONE',  ( 4386.699157123017358, -216.2931225070424262, 28.35288006647776982 ) ) ;
#1355 = CARTESIAN_POINT ( 'NONE',  ( 4367.139475205996860, -273.8801474098440849, 6.664629453442645790 ) ) ;
#1356 = EDGE_CURVE ( 'NONE', #6899, #6240, #4729, .T. ) ;
#1357 = CARTESIAN_POINT ( 'NONE',  ( 4393.447036029001538, -219.7277407917028142, 34.08286320709311923 ) ) ;
#1358 = B_SPLINE_SURFACE_WITH_KNOTS ( 'NONE', 1, 3, ( 
 ( #4618, #3880, #6671, #6859, #6173, #7392, #8277, #4570, #404, #5993, #8774, #5303, #6038, #8136, #4205, #2832, #7768, #727, #2791, #2918, #813, #6993, #1505, #6394, #5583, #4164, #6950, #126, #7633, #5716, #3477, #1463, #5629, #6904, #3519, #639, #684, #2199, #8404, #2020, #2115, #3560, #4888, #8361, #4929, #4975, #4292, #6312, #2158, #5670, #37, #7076, #3605, #4799, #7586, #8446, #7722, #4249, #1330, #7035, #3432, #6221, #771, #4116, #7678, #6267, #5538, #6353 ),
 ( #83, #2876, #9010, #8322, #2746, #1419, #2069, #4842, #9055, #1374, #7118, #3777, #6569, #858, #7853, #212, #3004, #8628, #1031, #349, #942, #4337, #2961, #1551, #2416, #5060, #7160, #3045, #900, #1682, #299, #3826, #3137, #8494, #2241, #984, #8538, #3690, #5017, #7985, #8583, #3733, #3647, #7293, #5804, #3091, #2327, #7814, #6438, #5845, #7898, #5889, #171, #1592, #5759, #2373, #6613, #2285, #4382, #4515, #1638, #6523, #254, #6482, #4423, #7200, #5152, #8670 ) ),
 .UNSPECIFIED., .F., .F., .F.,
 ( 2, 2 ),
 ( 4, 2, 2, 2, 2, 2, 2, 2, 2, 2, 2, 2, 2, 2, 2, 2, 2, 2, 2, 2, 2, 2, 2, 2, 2, 2, 2, 2, 2, 2, 2, 2, 2, 4 ),
 ( 0.000000000000000000, 1.000000000000000000 ),
 ( -0.03818133517869248816, -0.005738181371179408574, 0.002372607080698861323, 0.01048339553257713122, 0.02670497243633367102, 0.05914812624384675060, 0.09159128005135983019, 0.2213638952814121486, 0.3511365105114644392, 0.3835796643189774979, 0.4160228181264906122, 0.4484659719340037265, 0.4809091257415167853, 0.5133522795490298440, 0.5295738564527863179, 0.5376846449046646104, 0.5457954333565429028, 0.5539062218084211953, 0.5620170102602994877, 0.5701277987121777802, 0.5782385871640560726, 0.5863493756159343651, 0.5944601640678126575, 0.6106817409715691314, 0.6269033178753256053, 0.6431248947790821902, 0.6755680485865953600, 0.7404543562016214775, 0.8053406638166475950, 0.8702269714316737126, 0.9026701252391867714, 0.9351132790466998301, 0.9675564328542129999, 0.9999995866617260587 ),
 .UNSPECIFIED. ) ;
#1359 = CARTESIAN_POINT ( 'NONE',  ( 4382.486462785720505, -223.3024549227080229, 37.07490579272723608 ) ) ;
#1360 = CARTESIAN_POINT ( 'NONE',  ( 4384.510372809546425, -222.0965327753078213, -32.90774445095593848 ) ) ;
#1361 = CARTESIAN_POINT ( 'NONE',  ( 4393.432452213264696, -251.7290396573366138, 44.68405164692729414 ) ) ;
#1362 = CARTESIAN_POINT ( 'NONE',  ( 4367.053169601482296, -213.1815130723548748, -30.44486486677588744 ) ) ;
#1363 = CARTESIAN_POINT ( 'NONE',  ( 4386.902271977884084, -227.8590074985045533, -39.08163504651692222 ) ) ;
#1364 = CARTESIAN_POINT ( 'NONE',  ( 4367.120168976530294, -222.3665437280822061, -34.23679927191786732 ) ) ;
#1365 = CARTESIAN_POINT ( 'NONE',  ( 4393.296697053452590, -220.7736727227779454, 34.77355994212506118 ) ) ;
#1366 = CARTESIAN_POINT ( 'NONE',  ( 4366.938071848351683, -214.0416710790117634, 27.33464026733664909 ) ) ;
#1367 = CARTESIAN_POINT ( 'NONE',  ( 4393.291222988919799, -219.8976348641295715, -34.19933062594579809 ) ) ;
#1368 = VERTEX_POINT ( 'NONE', #7507 ) ;
#1369 = CARTESIAN_POINT ( 'NONE',  ( 4386.884476092018303, -224.2524332808169731, 37.28566085037431321 ) ) ;
#1370 = CARTESIAN_POINT ( 'NONE',  ( 4386.699746040616446, -216.8883911636160633, -28.86125541025676000 ) ) ;
#1371 = CARTESIAN_POINT ( 'NONE',  ( 4393.550161842811576, -273.8959567633510801, -7.474436991355688065 ) ) ;
#1372 = CARTESIAN_POINT ( 'NONE',  ( 4393.267910717412633, -203.4714817589315601, -9.370385484676219789 ) ) ;
#1373 = CARTESIAN_POINT ( 'NONE',  ( 4386.873620031981773, -222.1033330479002075, -36.05025942904374858 ) ) ;
#1374 = CARTESIAN_POINT ( 'NONE',  ( 4367.139941685153644, -251.8009537199880583, -44.44980923475056755 ) ) ;
#1375 = DIRECTION ( 'NONE',  ( -1.000000000000000000, 0.000000000000000000, -2.536234875824260354E-15 ) ) ;
#1376 = CARTESIAN_POINT ( 'NONE',  ( 4391.120691145922137, -253.1999576887371575, 42.22775620477055014 ) ) ;
#1377 = CARTESIAN_POINT ( 'NONE',  ( 4375.731796478582510, -225.8963656730102798, 35.78908718905284303 ) ) ;
#1378 = CARTESIAN_POINT ( 'NONE',  ( 4388.922819560595599, -253.9467589986240625, -42.51095919385467425 ) ) ;
#1379 = CARTESIAN_POINT ( 'NONE',  ( 4382.650128521805527, -261.8160133465233343, 32.63077711085013988 ) ) ;
#1380 = CARTESIAN_POINT ( 'NONE',  ( 4367.406472526649850, -253.8919281165656798, 47.46443891268292248 ) ) ;
#1381 = CARTESIAN_POINT ( 'NONE',  ( 4389.056172318438257, -219.7199217481659446, 34.39028933806686439 ) ) ;
#1382 = CARTESIAN_POINT ( 'NONE',  ( 4375.709125546341056, -206.7616846216338899, -13.81667159754127283 ) ) ;
#1383 = CARTESIAN_POINT ( 'NONE',  ( 4393.173417119580336, -252.4158933617443097, 42.22555918182124657 ) ) ;
#1384 = ORIENTED_EDGE ( 'NONE', *, *, #1010, .F. ) ;
#1385 = DIRECTION ( 'NONE',  ( 0.000000000000000000, -1.000000000000000000, 0.000000000000000000 ) ) ;
#1386 = AXIS2_PLACEMENT_3D ( 'NONE', #2383, #5163, #5814 ) ;
#1387 = ORIENTED_EDGE ( 'NONE', *, *, #842, .F. ) ;
#1388 = CARTESIAN_POINT ( 'NONE',  ( 4393.153828287423494, -204.4701101634432518, -15.09963951583993058 ) ) ;
#1389 = CARTESIAN_POINT ( 'NONE',  ( 4393.285629595308819, -221.1166815846092106, 31.64807248255150540 ) ) ;
#1390 = CARTESIAN_POINT ( 'NONE',  ( 4366.946731837194420, -223.5439072473111253, -34.99879435658310456 ) ) ;
#1391 = CARTESIAN_POINT ( 'NONE',  ( 4382.314419890805766, -221.4412948758317157, 32.63385769017737914 ) ) ;
#1392 = CARTESIAN_POINT ( 'NONE',  ( 4398.227350238953477, -305.5155512315545252, -18.60391400045748966 ) ) ;
#1393 = DIRECTION ( 'NONE',  ( 0.000000000000000000, -1.000000000000000000, 0.000000000000000000 ) ) ;
#1394 = ORIENTED_EDGE ( 'NONE', *, *, #842, .T. ) ;
#1395 = CARTESIAN_POINT ( 'NONE',  ( 4382.640340380786256, -263.8383724121048317, -28.77532856947481221 ) ) ;
#1396 = CARTESIAN_POINT ( 'NONE',  ( 4386.712280219908280, -231.7432738494123612, -37.72044623993190271 ) ) ;
#1397 = CARTESIAN_POINT ( 'NONE',  ( 4375.847530392542467, -214.4138918760029355, 31.11626471055751608 ) ) ;
#1398 = CARTESIAN_POINT ( 'NONE',  ( 4391.253661264526272, -220.0664793958161738, -34.45726060338596142 ) ) ;
#1399 = CARTESIAN_POINT ( 'NONE',  ( 4382.612887917312037, -252.3711370828592351, -45.83599024316160353 ) ) ;
#1400 = EDGE_CURVE ( 'NONE', #4302, #8130, #1154, .T. ) ;
#1401 = CARTESIAN_POINT ( 'NONE',  ( 4371.639766027886253, -253.5791226285407163, 47.03312362075601527 ) ) ;
#1402 = CARTESIAN_POINT ( 'NONE',  ( 4386.686965633110049, -207.8184606508541492, 16.59365456807636008 ) ) ;
#1403 = CARTESIAN_POINT ( 'NONE',  ( 4393.427350238953295, -203.3322581266223210, 24.10391400045749322 ) ) ;
#1404 = CARTESIAN_POINT ( 'NONE',  ( 4393.472237075197881, -224.2383958604074508, 36.78286725285085623 ) ) ;
#1405 = CARTESIAN_POINT ( 'NONE',  ( 4382.483767636991615, -222.7513464394274365, 36.75595481600909409 ) ) ;
#1406 = CARTESIAN_POINT ( 'NONE',  ( 4384.510685340739656, -222.4390676975104668, -33.12777997724107593 ) ) ;
#1407 = CARTESIAN_POINT ( 'NONE',  ( 4393.309729170302489, -223.1620573457381340, 36.20147898024899291 ) ) ;
#1408 = ORIENTED_EDGE ( 'NONE', *, *, #47, .T. ) ;
#1409 = CARTESIAN_POINT ( 'NONE',  ( 4393.418007343638237, -215.0582027693642999, -30.54172513764696006 ) ) ;
#1410 = CARTESIAN_POINT ( 'NONE',  ( 4389.112384221746652, -230.6632722486552893, -40.11973619697742066 ) ) ;
#1411 = CARTESIAN_POINT ( 'NONE',  ( 4393.288004541382179, -253.1447036481807515, 43.40694511257203914 ) ) ;
#1412 = CARTESIAN_POINT ( 'NONE',  ( 4366.940724827777558, -216.8867665449385242, 30.08854292347082193 ) ) ;
#1413 = CARTESIAN_POINT ( 'NONE',  ( 4393.314054686911732, -223.9691884907298629, -36.64156732887794021 ) ) ;
#1414 = CARTESIAN_POINT ( 'NONE',  ( 4375.759944943990376, -252.8818545884234368, -43.73781093813285281 ) ) ;
#1415 = CARTESIAN_POINT ( 'NONE',  ( 4384.558497899521171, -205.7246461694043944, 18.97061872009456351 ) ) ;
#1416 = CARTESIAN_POINT ( 'NONE',  ( 4375.722734034039604, -215.7167779964178180, -28.50161071721134931 ) ) ;
#1417 = CARTESIAN_POINT ( 'NONE',  ( 4380.097131403268577, -203.4435997835768717, -9.717805032430737455 ) ) ;
#1418 = CARTESIAN_POINT ( 'NONE',  ( 4371.500533452590389, -223.3095272751886569, -37.83179016440100639 ) ) ;
#1419 = CARTESIAN_POINT ( 'NONE',  ( 4367.140946503162013, -253.6685995184850242, -44.63918540693175885 ) ) ;
#1420 = EDGE_CURVE ( 'NONE', #5321, #1798, #6781, .T. ) ;
#1421 = B_SPLINE_CURVE_WITH_KNOTS ( 'NONE', 3,
 ( #1296, #2034, #3992, #2714 ),
 .UNSPECIFIED., .F., .F.,
 ( 4, 4 ),
 ( 0.04049844163147012926, 0.06661556534479899649 ),
 .UNSPECIFIED. ) ;
#1422 = CARTESIAN_POINT ( 'NONE',  ( 4384.763880240824619, -266.0421346231198640, 24.10391400045713439 ) ) ;
#1423 = CARTESIAN_POINT ( 'NONE',  ( 4388.891056557524280, -214.0350839824726847, 26.01348662630714514 ) ) ;
#1424 = CARTESIAN_POINT ( 'NONE',  ( 4375.716135503933401, -209.7115542795943384, 21.18313607921391295 ) ) ;
#1425 = CARTESIAN_POINT ( 'NONE',  ( 4367.298213029976068, -262.1206931589872511, 35.77546952830576288 ) ) ;
#1426 = CARTESIAN_POINT ( 'NONE',  ( 4367.406329507980445, -254.6609558060698362, 47.53082534779223067 ) ) ;
#1427 = CARTESIAN_POINT ( 'NONE',  ( 4371.662876216968471, -266.3427941449657510, -26.52804489474812044 ) ) ;
#1428 = CARTESIAN_POINT ( 'NONE',  ( 4388.937061503354016, -205.0384365130226740, 17.06793144980243326 ) ) ;
#1429 = CARTESIAN_POINT ( 'NONE',  ( 4386.682928745478421, -206.7656307332295285, -13.16477197754086781 ) ) ;
#1430 = CARTESIAN_POINT ( 'NONE',  ( 4393.127944598987597, -226.3342027952134856, 34.74422618985594369 ) ) ;
#1431 = ORIENTED_EDGE ( 'NONE', *, *, #8604, .F. ) ;
#1432 = DIRECTION ( 'NONE',  ( -0.000000000000000000, -1.000000000000000000, 0.000000000000000000 ) ) ;
#1433 = EDGE_LOOP ( 'NONE', ( #5552, #8153, #6981, #3496, #5178 ) ) ;
#1434 = CARTESIAN_POINT ( 'NONE',  ( 4393.281945138082847, -218.3427825493962189, -33.13127287386807751 ) ) ;
#1435 = CARTESIAN_POINT ( 'NONE',  ( 4393.265916362744974, -206.5920781039490350, 11.97934918951601624 ) ) ;
#1436 = CARTESIAN_POINT ( 'NONE',  ( 4375.729077111471270, -222.7830283925727883, -33.94881661136383855 ) ) ;
#1437 = CARTESIAN_POINT ( 'NONE',  ( 4382.316578930157448, -223.9131106818929879, 34.19611935464895680 ) ) ;
#1438 = CARTESIAN_POINT ( 'NONE',  ( 4393.145009353885143, -252.3500385631349729, -41.93510229781848153 ) ) ;
#1439 = CARTESIAN_POINT ( 'NONE',  ( 4367.278795779073334, -223.1115927245480464, 37.99942855721652535 ) ) ;
#1440 = EDGE_LOOP ( 'NONE', ( #8290, #2853, #6009, #8252 ) ) ;
#1441 = CARTESIAN_POINT ( 'NONE',  ( 4382.624274980158589, -266.8691438222835473, -23.00613819643402636 ) ) ;
#1442 = CARTESIAN_POINT ( 'NONE',  ( 4371.379992894450879, -254.7752533991551331, -42.73129699188326214 ) ) ;
#1443 = CARTESIAN_POINT ( 'NONE',  ( 4375.747060836933997, -241.1676074767237310, -41.71376334530430796 ) ) ;
#1444 = CARTESIAN_POINT ( 'NONE',  ( 4380.271518044865843, -219.8743602335732419, -35.08888896929265400 ) ) ;
#1445 = CARTESIAN_POINT ( 'NONE',  ( 4367.247891182784770, -253.5981074792562140, -47.44633221612917140 ) ) ;
#1446 = CARTESIAN_POINT ( 'NONE',  ( 4371.638204829378083, -253.0305279500025790, 46.98494954599621565 ) ) ;
#1447 = CARTESIAN_POINT ( 'NONE',  ( 4384.483096698606460, -206.2653403916454238, 9.762872184901059569 ) ) ;
#1448 = CARTESIAN_POINT ( 'NONE',  ( 4367.468364918432599, -257.9857233993313343, 43.65152398869274464 ) ) ;
#1449 = CARTESIAN_POINT ( 'NONE',  ( 4391.202263853836484, -211.9997703027134719, 27.79472384166147592 ) ) ;
#1450 = CARTESIAN_POINT ( 'NONE',  ( 4382.595629003034446, -247.5216921823918881, 45.25752962157552162 ) ) ;
#1451 = CARTESIAN_POINT ( 'NONE',  ( 4366.945411125941064, -222.0913041432154387, -34.06579980373860650 ) ) ;
#1452 = CARTESIAN_POINT ( 'NONE',  ( 4393.122555145449951, -220.2935533643679378, 31.09539709095368565 ) ) ;
#1453 = CARTESIAN_POINT ( 'NONE',  ( 4375.843853890338323, -213.7946126697625289, -30.53476888439646331 ) ) ;
#1454 = CARTESIAN_POINT ( 'NONE',  ( 4384.730215125958239, -233.0462755791256200, -41.38718557827184696 ) ) ;
#1455 = CARTESIAN_POINT ( 'NONE',  ( 4393.170447484429133, -252.4326320418699368, 42.19790530917965299 ) ) ;
#1456 = CARTESIAN_POINT ( 'NONE',  ( 4366.934366189988395, -210.5910948713736275, 22.98664139649353189 ) ) ;
#1457 = VECTOR ( 'NONE', #3915, 1000.000000000000000 ) ;
#1458 = CARTESIAN_POINT ( 'NONE',  ( 4367.412809052671946, -255.9641539643770614, 46.70165155045769012 ) ) ;
#1459 = CARTESIAN_POINT ( 'NONE',  ( 4386.958563493320071, -240.0554347509693685, 43.34888700782875048 ) ) ;
#1460 = CARTESIAN_POINT ( 'NONE',  ( 4391.086642092272996, -215.7080776706744700, -27.52574507410356830 ) ) ;
#1461 = CARTESIAN_POINT ( 'NONE',  ( 4371.318258241432886, -203.4422463003377572, -10.20250514335714875 ) ) ;
#1462 = CARTESIAN_POINT ( 'NONE',  ( 4380.287195534755483, -222.8880087090010989, -36.98137090293489848 ) ) ;
#1463 = CARTESIAN_POINT ( 'NONE',  ( 4367.278795787052331, -223.1115953811326165, -37.99160212420061811 ) ) ;
#1464 = CARTESIAN_POINT ( 'NONE',  ( 4393.431608002327266, -253.9451750715421952, 44.88034309852960746 ) ) ;
#1465 = AXIS2_PLACEMENT_3D ( 'NONE', #4768, #6140, #7553 ) ;
#1466 = CARTESIAN_POINT ( 'NONE',  ( 4388.886829581507300, -210.5827388541579808, 21.70002343226995123 ) ) ;
#1467 = CARTESIAN_POINT ( 'NONE',  ( 4375.712923489377317, -207.9652896652667380, 17.62159383169025517 ) ) ;
#1468 = CARTESIAN_POINT ( 'NONE',  ( 4389.212560759901862, -264.7694044840956735, 25.50681483541425720 ) ) ;
#1469 = CARTESIAN_POINT ( 'NONE',  ( 4367.406100782401154, -255.8914085745832097, 47.63704418062514634 ) ) ;
#1470 = VECTOR ( 'NONE', #1863, 1000.000000000000000 ) ;
#1471 = CARTESIAN_POINT ( 'NONE',  ( 4391.399300467341163, -251.5002736544440438, 44.87350236136813209 ) ) ;
#1472 = CARTESIAN_POINT ( 'NONE',  ( 4375.710737927186528, -207.1535036226111686, -15.36075444475298113 ) ) ;
#1473 = CARTESIAN_POINT ( 'NONE',  ( 4393.143858030337469, -249.5958632179239487, 41.66940818695103133 ) ) ;
#1474 = ORIENTED_EDGE ( 'NONE', *, *, #2345, .T. ) ;
#1475 = DIRECTION ( 'NONE',  ( -0.000000000000000000, 1.000000000000000000, -0.000000000000000000 ) ) ;
#1476 = EDGE_LOOP ( 'NONE', ( #8178, #4451, #6578, #6639 ) ) ;
#1477 = CARTESIAN_POINT ( 'NONE',  ( 4393.284127000522858, -218.6865152829354599, -33.37488668046117368 ) ) ;
#1478 = CARTESIAN_POINT ( 'NONE',  ( 4393.284584425532557, -219.9707075420409126, 30.85503485055187411 ) ) ;
#1479 = CARTESIAN_POINT ( 'NONE',  ( 4375.729347361302644, -223.1131912451788253, -34.15670762857227771 ) ) ;
#1480 = CARTESIAN_POINT ( 'NONE',  ( 4382.321574208684069, -230.1612875173770192, 37.40540151569933869 ) ) ;
#1481 = CARTESIAN_POINT ( 'NONE',  ( 4393.124120159793165, -221.9292411925902968, -32.18811039030426713 ) ) ;
#1482 = CARTESIAN_POINT ( 'NONE',  ( 4367.267443111849389, -220.6534174796239824, 36.46461547090112276 ) ) ;
#1483 = VERTEX_POINT ( 'NONE', #6916 ) ;
#1484 = CARTESIAN_POINT ( 'NONE',  ( 4375.755340030976186, -263.1435085695262046, -25.62890987945545618 ) ) ;
#1485 = CARTESIAN_POINT ( 'NONE',  ( 4366.960634470374316, -236.7172833350240353, -41.15655076456894790 ) ) ;
#1486 = CARTESIAN_POINT ( 'NONE',  ( 4367.087813962746623, -219.6796209869541485, -35.80816132573647792 ) ) ;
#1487 = CARTESIAN_POINT ( 'NONE',  ( 4391.400340944158415, -251.7999356578421555, -44.89309592444111985 ) ) ;
#1488 = CARTESIAN_POINT ( 'NONE',  ( 4366.934791692379804, -203.4891535572198791, 11.33721907726544487 ) ) ;
#1489 = CARTESIAN_POINT ( 'NONE',  ( 4386.717390071682530, -238.4427878057986732, 40.06731647423622178 ) ) ;
#1490 = CARTESIAN_POINT ( 'NONE',  ( 4367.136468462751509, -277.9351945449285495, -1.266050655351313559 ) ) ;
#1491 = CARTESIAN_POINT ( 'NONE',  ( 4380.277407907418819, -220.9306837642333505, 35.79116597144499679 ) ) ;
#1492 = CARTESIAN_POINT ( 'NONE',  ( 4393.126573419639499, -203.6429311587540667, 11.63476709998823821 ) ) ;
#1493 = CARTESIAN_POINT ( 'NONE',  ( 4384.637353402162262, -215.0548961640896835, -31.11582151372774874 ) ) ;
#1494 = CARTESIAN_POINT ( 'NONE',  ( 4386.921348259396837, -231.8454048914337875, -40.76150879673395622 ) ) ;
#1495 = CARTESIAN_POINT ( 'NONE',  ( 4393.167882079808805, -252.4503262754367938, 42.17451407382796447 ) ) ;
#1496 = CARTESIAN_POINT ( 'NONE',  ( 4366.928245195717864, -207.1477573136769195, 15.84125383546580679 ) ) ;
#1497 = CARTESIAN_POINT ( 'NONE',  ( 4393.432043741304369, -252.8013615682134230, -44.77120335980518462 ) ) ;
#1498 = CARTESIAN_POINT ( 'NONE',  ( 4376.087741186927815, -256.2237296647928702, -44.86401510073739018 ) ) ;
#1499 = CARTESIAN_POINT ( 'NONE',  ( 4384.664556362561598, -219.7119986318449492, 34.68963691916481906 ) ) ;
#1500 = CARTESIAN_POINT ( 'NONE',  ( 4386.700334960351029, -217.4836598201797244, -29.37745875480416657 ) ) ;
#1501 = CARTESIAN_POINT ( 'NONE',  ( 4367.093704726809847, -206.2313293483461507, -9.526115379932971194 ) ) ;
#1502 = CARTESIAN_POINT ( 'NONE',  ( 4393.279510478982047, -203.5872221627809608, -10.71374672592110855 ) ) ;
#1503 = CARTESIAN_POINT ( 'NONE',  ( 4367.127332701499654, -203.8253407630965341, -14.00559270476270868 ) ) ;
#1504 = CARTESIAN_POINT ( 'NONE',  ( 4386.878244478265515, -223.0248237454145226, -36.59130280387162770 ) ) ;
#1505 = CARTESIAN_POINT ( 'NONE',  ( 4367.303057259571688, -228.5466664406714301, -40.84713166811042839 ) ) ;
#1506 = DIRECTION ( 'NONE',  ( 0.000000000000000000, 0.000000000000000000, 1.000000000000000000 ) ) ;
#1507 = CARTESIAN_POINT ( 'NONE',  ( 4388.879565721541439, -207.1557272572628392, 14.57878783976999060 ) ) ;
#1508 = CARTESIAN_POINT ( 'NONE',  ( 4375.729875039482067, -223.6731298250581688, 34.51018457494389224 ) ) ;
#1509 = CARTESIAN_POINT ( 'NONE',  ( 4388.922635280164286, -252.7889594477108517, -42.40903120367227075 ) ) ;
#1510 = CARTESIAN_POINT ( 'NONE',  ( 4384.817881517377828, -266.6707723839932100, 22.90027024627217145 ) ) ;
#1511 = CARTESIAN_POINT ( 'NONE',  ( 4393.471122315612774, -255.9242458846140948, 41.13913731217682113 ) ) ;
#1512 = AXIS2_PLACEMENT_3D ( 'NONE', #4261, #9022, #6404 ) ;
#1513 = CARTESIAN_POINT ( 'NONE',  ( 4388.878959604913689, -203.4707687509933010, 9.656085876294605796 ) ) ;
#1514 = CARTESIAN_POINT ( 'NONE',  ( 4380.102171435484706, -207.6739219496781459, -16.61259061655927383 ) ) ;
#1515 = CARTESIAN_POINT ( 'NONE',  ( 4393.145021043371344, -252.1474488903424174, 41.92499292367688923 ) ) ;
#1516 = EDGE_LOOP ( 'NONE', ( #5112, #4680, #3616, #4478 ) ) ;
#1517 = CARTESIAN_POINT ( 'NONE',  ( 4367.436266875392903, -203.3322581266223210, -20.50391400045749180 ) ) ;
#1518 = ORIENTED_EDGE ( 'NONE', *, *, #465, .F. ) ;
#1519 = CARTESIAN_POINT ( 'NONE',  ( 4384.763880240824619, -266.0421346231198640, -24.10391400045713439 ) ) ;
#1520 = EDGE_CURVE ( 'NONE', #3894, #1483, #3211, .T. ) ;
#1521 = CARTESIAN_POINT ( 'NONE',  ( 4393.282822282150846, -218.0895480868616687, 29.43952145367483908 ) ) ;
#1522 = CARTESIAN_POINT ( 'NONE',  ( 4391.093896223786032, -223.4169535107351692, -33.26139285341324126 ) ) ;
#1523 = CARTESIAN_POINT ( 'NONE',  ( 4382.314568198928100, -221.6033726065086000, 32.74214566658995551 ) ) ;
#1524 = CARTESIAN_POINT ( 'NONE',  ( 4393.122224589425969, -219.9704500176586350, -30.85843689021166014 ) ) ;
#1525 = CARTESIAN_POINT ( 'NONE',  ( 4367.262229210431542, -219.6174278159638504, 35.76338145371450850 ) ) ;
#1526 = ORIENTED_EDGE ( 'NONE', *, *, #6003, .F. ) ;
#1527 = CARTESIAN_POINT ( 'NONE',  ( 4384.833118917823413, -263.6450322776250914, -28.62980767598192600 ) ) ;
#1528 = CARTESIAN_POINT ( 'NONE',  ( 4393.093705806565595, -203.4313293483461393, -8.024708257892008589 ) ) ;
#1529 = CARTESIAN_POINT ( 'NONE',  ( 4366.957948634354580, -234.3885599262912933, -40.27995541016927206 ) ) ;
#1530 = CIRCLE ( 'NONE', #1819, 1.500000000000001332 ) ;
#1531 = B_SPLINE_CURVE_WITH_KNOTS ( 'NONE', 3,
 ( #437, #2540, #6069, #5383 ),
 .UNSPECIFIED., .F., .F.,
 ( 4, 4 ),
 ( 0.000000000000000000, 1.000000000000000000 ),
 .UNSPECIFIED. ) ;
#1532 = CARTESIAN_POINT ( 'NONE',  ( 4367.119371737901929, -221.3776233179997632, -33.57174146524234715 ) ) ;
#1533 = CARTESIAN_POINT ( 'NONE',  ( 4389.201651123707961, -252.0384411531368301, -45.13979405216609564 ) ) ;
#1534 = CARTESIAN_POINT ( 'NONE',  ( 4371.539714002549772, -231.5238446971344786, 41.84285746134647610 ) ) ;
#1535 = CARTESIAN_POINT ( 'NONE',  ( 4386.710173990143630, -229.0277495984279597, 36.55230751814838897 ) ) ;
#1536 = VECTOR ( 'NONE', #1475, 1000.000000000000000 ) ;
#1537 = CARTESIAN_POINT ( 'NONE',  ( 4367.150215670313628, -257.6052830654691093, 38.38707423751029069 ) ) ;
#1538 = CARTESIAN_POINT ( 'NONE',  ( 4380.151587469322294, -204.7563644542549639, 16.76056999554304383 ) ) ;
#1539 = CARTESIAN_POINT ( 'NONE',  ( 4371.373710503192342, -259.6717999818620797, 33.38445240916803414 ) ) ;
#1540 = CARTESIAN_POINT ( 'NONE',  ( 4393.123952636919057, -221.7660602117722135, 32.09031059426968113 ) ) ;
#1541 = CARTESIAN_POINT ( 'NONE',  ( 4389.028073350230443, -215.0572887309796783, -30.83280760152379329 ) ) ;
#1542 = CARTESIAN_POINT ( 'NONE',  ( 4391.308936817225003, -230.6299797935674576, -39.92687158952129778 ) ) ;
#1543 = CARTESIAN_POINT ( 'NONE',  ( 4393.167672469187892, -252.4645453572614713, 42.17374415142234767 ) ) ;
#1544 = CARTESIAN_POINT ( 'NONE',  ( 4366.963552523522594, -239.0980490027620533, 41.91722594253565859 ) ) ;
#1545 = CARTESIAN_POINT ( 'NONE',  ( 4393.125712371670488, -223.6687366119613500, -33.26018876302331506 ) ) ;
#1546 = CARTESIAN_POINT ( 'NONE',  ( 4384.716726637601823, -230.1527809056107117, 40.27008642352306822 ) ) ;
#1547 = CARTESIAN_POINT ( 'NONE',  ( 4386.702088566281418, -219.3398548440010245, -30.83805068432999619 ) ) ;
#1548 = DIRECTION ( 'NONE',  ( 0.000000000000000000, 0.000000000000000000, 1.000000000000000000 ) ) ;
#1549 = CARTESIAN_POINT ( 'NONE',  ( 4382.314303198792913, -203.6852873228492058, -12.28923359699095030 ) ) ;
#1550 = CARTESIAN_POINT ( 'NONE',  ( 4384.682172012415322, -223.0248428444847093, -36.75086095353706384 ) ) ;
#1551 = CARTESIAN_POINT ( 'NONE',  ( 4367.124646531236976, -228.6121870032881986, -37.78179296160592315 ) ) ;
#1552 = CARTESIAN_POINT ( 'NONE',  ( 4367.436266875392903, -203.3322581266223210, 20.50391400045749180 ) ) ;
#1553 = CARTESIAN_POINT ( 'NONE',  ( 4375.721120821027398, -214.0445909533039242, 26.83170252803734357 ) ) ;
#1554 = CARTESIAN_POINT ( 'NONE',  ( 4376.045644215655557, -266.9596359484371533, 24.32913155479186074 ) ) ;
#1555 = DIRECTION ( 'NONE',  ( -1.000000000000000000, 0.000000000000000000, -1.486905836551618499E-15 ) ) ;
#1556 = CARTESIAN_POINT ( 'NONE',  ( 4389.186581059999298, -247.7353540238352139, 44.65172919095699910 ) ) ;
#1557 = CARTESIAN_POINT ( 'NONE',  ( 4388.882390056763143, -208.1156934105720495, -17.18575711466842293 ) ) ;
#1558 = DIRECTION ( 'NONE',  ( -0.000000000000000000, 1.000000000000000000, -0.000000000000000000 ) ) ;
#1559 = ORIENTED_EDGE ( 'NONE', *, *, #5607, .F. ) ;
#1560 = LINE ( 'NONE', #7645, #5479 ) ;
#1561 = ORIENTED_EDGE ( 'NONE', *, *, #4982, .F. ) ;
#1562 = CARTESIAN_POINT ( 'NONE',  ( 4393.093705806565595, -206.2313293483461507, 8.032536258807095209 ) ) ;
#1563 = CARTESIAN_POINT ( 'NONE',  ( 4393.289340918590824, -225.3037109789969747, 34.18258080785511055 ) ) ;
#1564 = CARTESIAN_POINT ( 'NONE',  ( 4384.511712511966834, -223.6708319463931502, -33.88925496158237394 ) ) ;
#1565 = CARTESIAN_POINT ( 'NONE',  ( 4382.319410791877090, -227.4592077898097671, 36.13136333877491779 ) ) ;
#1566 = CARTESIAN_POINT ( 'NONE',  ( 4393.127089388412969, -225.3040065315159666, -34.18727974840621187 ) ) ;
#1567 = CARTESIAN_POINT ( 'NONE',  ( 4367.121950123470015, -224.8013111915839204, 35.74948791567591400 ) ) ;
#1568 = CARTESIAN_POINT ( 'NONE',  ( 4384.820421874841486, -266.1664896310492736, -23.84866825209607910 ) ) ;
#1569 = CARTESIAN_POINT ( 'NONE',  ( 4366.982491191469308, -262.0054062055218083, -29.93689095676090517 ) ) ;
#1570 = CARTESIAN_POINT ( 'NONE',  ( 4384.522701622287059, -238.5154437322818524, -40.27309974959455019 ) ) ;
#1571 = ORIENTED_EDGE ( 'NONE', *, *, #8845, .T. ) ;
#1572 = CARTESIAN_POINT ( 'NONE',  ( 4367.140615733336745, -253.0495319763891189, -44.58125060009604823 ) ) ;
#1573 = CARTESIAN_POINT ( 'NONE',  ( 4371.639657056486612, -253.3504732511455586, -47.00551616728427007 ) ) ;
#1574 = CARTESIAN_POINT ( 'NONE',  ( 4371.639160085000185, -253.2688212103332148, 47.00625481334179767 ) ) ;
#1575 = CARTESIAN_POINT ( 'NONE',  ( 4386.724561538847411, -248.8505999872018322, 42.20862544311662390 ) ) ;
#1576 = CARTESIAN_POINT ( 'NONE',  ( 4367.127818844794092, -233.1377111834037805, 39.79338438108749898 ) ) ;
#1577 = EDGE_CURVE ( 'NONE', #7085, #1060, #5319, .T. ) ;
#1578 = CARTESIAN_POINT ( 'NONE',  ( 4380.126529066205876, -203.8351362902415929, 13.30972305834850644 ) ) ;
#1579 = CARTESIAN_POINT ( 'NONE',  ( 4393.121583472380735, -219.3377654371025471, 30.40483447381824433 ) ) ;
#1580 = CARTESIAN_POINT ( 'NONE',  ( 4391.237400835348126, -217.3369435621786465, -32.53262913355784036 ) ) ;
#1581 = CARTESIAN_POINT ( 'NONE',  ( 4391.382703375795245, -247.0056117774508948, -44.31726010907969737 ) ) ;
#1582 = CARTESIAN_POINT ( 'NONE',  ( 4393.168097905904688, -252.4701041152172536, 42.17838230407387812 ) ) ;
#1583 = CARTESIAN_POINT ( 'NONE',  ( 4366.960634470297009, -236.7172833350071528, 41.16437876548427255 ) ) ;
#1584 = CARTESIAN_POINT ( 'NONE',  ( 4393.124630392382642, -222.4411595054322390, -32.51275709655936907 ) ) ;
#1585 = CARTESIAN_POINT ( 'NONE',  ( 4380.144296991588817, -251.0577397765140120, -43.12097012924003536 ) ) ;
#1586 = CARTESIAN_POINT ( 'NONE',  ( 4384.670546901563284, -220.7556134936984620, 35.37754525355454405 ) ) ;
#1587 = CARTESIAN_POINT ( 'NONE',  ( 4388.896022348465522, -219.0266752809797026, -30.45423338498262211 ) ) ;
#1588 = PRESENTATION_STYLE_ASSIGNMENT (( #3686 ) ) ;
#1589 = CARTESIAN_POINT ( 'NONE',  ( 4380.145729045088046, -204.4718868167054495, -15.90874880988286222 ) ) ;
#1590 = FACE_OUTER_BOUND ( 'NONE', #8241, .T. ) ;
#1591 = CARTESIAN_POINT ( 'NONE',  ( 4380.288541380872630, -223.1653497537053568, -37.14284408076880339 ) ) ;
#1592 = CARTESIAN_POINT ( 'NONE',  ( 4367.114595300848123, -215.6606947027769934, -28.98406522700707200 ) ) ;
#1593 = CARTESIAN_POINT ( 'NONE',  ( 4387.927350238953295, -302.9155512315545593, 22.50391400045749535 ) ) ;
#1594 = AXIS2_PLACEMENT_3D ( 'NONE', #7861, #4391, #995 ) ;
#1595 = MANIFOLD_SOLID_BREP ( 'Fillet5', #794 ) ;
#1596 = CARTESIAN_POINT ( 'NONE',  ( 4375.738004154814007, -232.4927233823014490, 38.89039153952353445 ) ) ;
#1597 = CARTESIAN_POINT ( 'NONE',  ( 4376.054724466564039, -265.4370589425840308, 27.26099623334415512 ) ) ;
#1598 = CARTESIAN_POINT ( 'NONE',  ( 0.000000000000000000, -302.9155512315545593, 0.000000000000000000 ) ) ;
#1599 = CARTESIAN_POINT ( 'NONE',  ( 4389.112384226926224, -230.6632722485584566, 40.12756419743310232 ) ) ;
#1600 = CARTESIAN_POINT ( 'NONE',  ( 4366.933277132787225, -209.7088186102471639, -21.65843204255162746 ) ) ;
#1601 = CARTESIAN_POINT ( 'NONE',  ( 4393.139327058851450, -267.4245362615160388, -13.62907633901136606 ) ) ;
#1602 = AXIS2_PLACEMENT_3D ( 'NONE', #5052, #8944, #3173 ) ;
#1603 = FACE_OUTER_BOUND ( 'NONE', #1516, .T. ) ;
#1604 = CARTESIAN_POINT ( 'NONE',  ( 4367.545704095919064, -256.8101060140148775, 47.71994950195239227 ) ) ;
#1605 = CARTESIAN_POINT ( 'NONE',  ( 4393.427350238953295, -302.9155512315545593, 24.10391400045749322 ) ) ;
#1606 = CARTESIAN_POINT ( 'NONE',  ( 4393.292558810529954, -228.9558034389476404, 36.00075100800329153 ) ) ;
#1607 = CARTESIAN_POINT ( 'NONE',  ( 4384.511822852831756, -223.7886772854766946, -33.95934434941386115 ) ) ;
#1608 = CARTESIAN_POINT ( 'NONE',  ( 4380.118485681758102, -220.9518144758241078, 32.44602880108377718 ) ) ;
#1609 = VECTOR ( 'NONE', #1299, 1000.000000000000000 ) ;
#1610 = CARTESIAN_POINT ( 'NONE',  ( 4393.125075794215263, -222.9629707976582722, -32.83536756393993272 ) ) ;
#1611 = CARTESIAN_POINT ( 'NONE',  ( 4367.127818850878612, -233.1377198835336912, 39.79338784778107652 ) ) ;
#1612 = CARTESIAN_POINT ( 'NONE',  ( 4391.214759958729701, -213.7997754395048275, 29.57936978901604519 ) ) ;
#1613 = CARTESIAN_POINT ( 'NONE',  ( 4393.261577847113585, -206.2313310061694551, -8.412090224761488599 ) ) ;
#1614 = CARTESIAN_POINT ( 'NONE',  ( 4387.031748570123455, -262.4466866675033430, -30.38429513090711964 ) ) ;
#1615 = CARTESIAN_POINT ( 'NONE',  ( 4375.765943840148793, -255.4128636685488232, -40.43562543317499802 ) ) ;
#1616 = CARTESIAN_POINT ( 'NONE',  ( 4391.111575884468039, -242.8276000917849160, -40.75805583185749725 ) ) ;
#1617 = CARTESIAN_POINT ( 'NONE',  ( 4367.110150001504735, -211.4517138137318000, -24.26011772482861772 ) ) ;
#1618 = CARTESIAN_POINT ( 'NONE',  ( 4376.031378856924675, -253.2449858352350134, -46.56787518512202695 ) ) ;
#1619 = CARTESIAN_POINT ( 'NONE',  ( 4367.082712643733430, -218.6414014003959210, 35.07946277261793000 ) ) ;
#1620 = CARTESIAN_POINT ( 'NONE',  ( 4384.509343321731649, -220.9527533650150986, 32.15148073776288129 ) ) ;
#1621 = EDGE_CURVE ( 'NONE', #8560, #5990, #824, .T. ) ;
#1622 = CARTESIAN_POINT ( 'NONE',  ( 4367.107645892448090, -209.6942174796805602, 21.63189257480686223 ) ) ;
#1623 = ORIENTED_EDGE ( 'NONE', *, *, #4254, .F. ) ;
#1624 = CARTESIAN_POINT ( 'NONE',  ( 4380.272472429790469, -220.0461834994516153, 35.21183800526674901 ) ) ;
#1625 = CARTESIAN_POINT ( 'NONE',  ( 4393.130897557185563, -230.0180442167276169, 36.48820037081780043 ) ) ;
#1626 = CARTESIAN_POINT ( 'NONE',  ( 4382.448664099310008, -216.3357954190972521, -32.34042418920614637 ) ) ;
#1627 = CARTESIAN_POINT ( 'NONE',  ( 4386.987380738733918, -247.2631699054272474, -44.78601372534108549 ) ) ;
#1628 = CARTESIAN_POINT ( 'NONE',  ( 4374.441019707302985, -287.7537537522357525, 20.90391400045749393 ) ) ;
#1629 = EDGE_CURVE ( 'NONE', #2569, #3075, #7521, .T. ) ;
#1630 = CARTESIAN_POINT ( 'NONE',  ( 4366.981262796247393, -252.5948056769830146, 44.55726315780892577 ) ) ;
#1631 = CARTESIAN_POINT ( 'NONE',  ( 4393.126434035050806, -224.5377168018917189, -33.76177285814602413 ) ) ;
#1632 = CARTESIAN_POINT ( 'NONE',  ( 4384.680281765274231, -222.6184893844940689, 36.52196963322147383 ) ) ;
#1633 = CARTESIAN_POINT ( 'NONE',  ( 4388.896604662473692, -219.6556321060740231, -30.92201683513374988 ) ) ;
#1634 = CARTESIAN_POINT ( 'NONE',  ( 4382.358177391259233, -205.3669324895447232, -18.29525207101394102 ) ) ;
#1635 = CARTESIAN_POINT ( 'NONE',  ( 4384.530828188953819, -254.8787881380149543, -43.03817303132594674 ) ) ;
#1636 = DIRECTION ( 'NONE',  ( 0.000000000000000000, 0.000000000000000000, 1.000000000000000000 ) ) ;
#1637 = CARTESIAN_POINT ( 'NONE',  ( 4386.894071262862781, -226.1819919354035733, -38.27935714281341717 ) ) ;
#1638 = CARTESIAN_POINT ( 'NONE',  ( 4367.103245919133769, -207.6521258024120584, -17.32165064702435231 ) ) ;
#1639 = B_SPLINE_CURVE_WITH_KNOTS ( 'NONE', 3,
 ( #2429, #2338, #7954, #3147, #5259, #7998, #1738, #7908, #4434, #1786 ),
 .UNSPECIFIED., .F., .F.,
 ( 4, 2, 2, 2, 4 ),
 ( -0.04642697178990536772, 0.2245443953158842432, 0.3600300788687780251, 0.4955157624216717793, 1.037458496633248739 ),
 .UNSPECIFIED. ) ;
#1640 = CARTESIAN_POINT ( 'NONE',  ( 4371.315589091492257, -206.3613104738379889, 11.70813531832401111 ) ) ;
#1641 = CARTESIAN_POINT ( 'NONE',  ( 4386.990958271581803, -270.5010295115309304, 15.17830066472166273 ) ) ;
#1642 = DIRECTION ( 'NONE',  ( 0.000000000000000000, -1.000000000000000000, 0.000000000000000000 ) ) ;
#1643 = CARTESIAN_POINT ( 'NONE',  ( 4389.200250494483043, -251.6594217319383233, 45.11324319886816170 ) ) ;
#1644 = CARTESIAN_POINT ( 'NONE',  ( 4391.077012477425342, -208.2749959010297403, -17.40723177967478819 ) ) ;
#1645 = CARTESIAN_POINT ( 'NONE',  ( 4367.441019707303894, -302.9155512315545593, -19.50391400045749180 ) ) ;
#1646 = CARTESIAN_POINT ( 'NONE',  ( 4375.884003862461213, -221.1026806862234935, -36.19268122213019723 ) ) ;
#1647 = LINE ( 'NONE', #1785, #7363 ) ;
#1648 = DIRECTION ( 'NONE',  ( 0.000000000000000000, 0.000000000000000000, -1.000000000000000000 ) ) ;
#1649 = CARTESIAN_POINT ( 'NONE',  ( 4389.427350238954205, -305.5155512315545252, -18.60391400045748966 ) ) ;
#1650 = CARTESIAN_POINT ( 'NONE',  ( 4393.293515228045180, -230.0161770251957591, 36.47416936535763909 ) ) ;
#1651 = CARTESIAN_POINT ( 'NONE',  ( 4382.316578928505805, -223.9131106819036177, -34.18829135385617946 ) ) ;
#1652 = CARTESIAN_POINT ( 'NONE',  ( 4380.094747786882181, -206.2867462273293029, 10.41836093511267158 ) ) ;
#1653 = CARTESIAN_POINT ( 'NONE',  ( 4367.441019707303894, -302.9155512315545593, -19.50391400045749180 ) ) ;
#1654 = CARTESIAN_POINT ( 'NONE',  ( 4367.398862222765274, -251.4813343200638656, 47.22735809823329589 ) ) ;
#1655 = CARTESIAN_POINT ( 'NONE',  ( 4391.113187890585323, -204.2305942395080365, 14.38430848839633747 ) ) ;
#1656 = CARTESIAN_POINT ( 'NONE',  ( 4387.042770400150403, -259.4280452536555686, -36.08922137060893220 ) ) ;
#1657 = CARTESIAN_POINT ( 'NONE',  ( 4382.334306571544403, -264.4726788388260843, -21.57955765293966266 ) ) ;
#1658 = CARTESIAN_POINT ( 'NONE',  ( 4371.367739977879864, -250.4370582983350175, -43.88724389393642156 ) ) ;
#1659 = EDGE_LOOP ( 'NONE', ( #9004, #2211, #8036, #2035 ) ) ;
#1660 = CARTESIAN_POINT ( 'NONE',  ( 4393.596978699892134, -253.3604843899061621, -44.80364528930753920 ) ) ;
#1661 = CARTESIAN_POINT ( 'NONE',  ( 4367.056695244827097, -213.7835096960379246, 31.04861544953909203 ) ) ;
#1662 = CARTESIAN_POINT ( 'NONE',  ( 4371.340860864435854, -225.9159976827604623, -36.09403494245974287 ) ) ;
#1663 = CARTESIAN_POINT ( 'NONE',  ( 4384.510528713612985, -222.2642586348227098, 33.02412774125590289 ) ) ;
#1664 = CARTESIAN_POINT ( 'NONE',  ( 4367.128222676169571, -233.7140426002303286, 40.02013532752105363 ) ) ;
#1665 = CARTESIAN_POINT ( 'NONE',  ( 4380.251938830873769, -216.3330108347516898, 32.48636716561871651 ) ) ;
#1666 = CARTESIAN_POINT ( 'NONE',  ( 4380.148468010159377, -256.9966028212809306, 36.35058224790495984 ) ) ;
#1667 = CARTESIAN_POINT ( 'NONE',  ( 4387.927350238953295, -302.9155512315545593, 20.90391400045748682 ) ) ;
#1668 = CARTESIAN_POINT ( 'NONE',  ( 4393.430522965176351, -217.0080066236179164, -32.12755468457635999 ) ) ;
#1669 = EDGE_CURVE ( 'NONE', #590, #6945, #5029, .T. ) ;
#1670 = CARTESIAN_POINT ( 'NONE',  ( 4384.740979360250094, -235.3754780771109836, -42.23499150297728733 ) ) ;
#1671 = FACE_OUTER_BOUND ( 'NONE', #739, .T. ) ;
#1672 = CARTESIAN_POINT ( 'NONE',  ( 4388.919582789955712, -248.1319572195919250, 41.89276042516306120 ) ) ;
#1673 = CARTESIAN_POINT ( 'NONE',  ( 4366.983292021835950, -254.1521204915366354, 44.70421308530123383 ) ) ;
#1674 = CARTESIAN_POINT ( 'NONE',  ( 4393.113803722908415, -212.4386451716622446, -23.97486651510535793 ) ) ;
#1675 = CARTESIAN_POINT ( 'NONE',  ( 4376.086709780584897, -257.2565037837159707, -42.90530659917297385 ) ) ;
#1676 = CARTESIAN_POINT ( 'NONE',  ( 4384.660798037331915, -219.0199292251325858, 34.21277208159091998 ) ) ;
#1677 = CARTESIAN_POINT ( 'NONE',  ( 4393.283697273369398, -219.0247454242448839, -30.15125323674772773 ) ) ;
#1678 = PLANE ( 'NONE',  #4231 ) ;
#1679 = CARTESIAN_POINT ( 'NONE',  ( 4388.911971821524276, -204.0345610529471401, -13.64390562149297459 ) ) ;
#1680 = DIRECTION ( 'NONE',  ( 0.000000000000000000, -0.000000000000000000, -1.000000000000000000 ) ) ;
#1681 = CARTESIAN_POINT ( 'NONE',  ( 4371.502546037399952, -223.7290404581847270, -38.07315737157329494 ) ) ;
#1682 = CARTESIAN_POINT ( 'NONE',  ( 4367.122047385622864, -224.9348266216700267, -35.81916239868298391 ) ) ;
#1683 = CARTESIAN_POINT ( 'NONE',  ( 4375.758938845232478, -251.9693640667119894, 43.65571393876156492 ) ) ;
#1684 = CARTESIAN_POINT ( 'NONE',  ( 4382.581426745270619, -274.9509058202096980, 7.629473662917154009 ) ) ;
#1685 = CARTESIAN_POINT ( 'NONE',  ( 4393.135929473940450, -275.5356540879869840, -1.461960213807278697 ) ) ;
#1686 = CARTESIAN_POINT ( 'NONE',  ( 4380.145024304772051, -251.9598070741439528, -43.21541292144273427 ) ) ;
#1687 = ORIENTED_EDGE ( 'NONE', *, *, #7420, .F. ) ;
#1688 = CARTESIAN_POINT ( 'NONE',  ( 4389.201600453280662, -252.4002575383850058, 45.17948578829582118 ) ) ;
#1689 = CARTESIAN_POINT ( 'NONE',  ( 4366.930899712891005, -208.2770826480598032, -18.81905724886675912 ) ) ;
#1690 = CARTESIAN_POINT ( 'NONE',  ( 4376.741019707303167, -302.9155512315545593, -27.40391400045749393 ) ) ;
#1691 = EDGE_CURVE ( 'NONE', #4130, #3856, #7780, .T. ) ;
#1692 = CARTESIAN_POINT ( 'NONE',  ( 4367.097361239119891, -221.6116274986963788, -37.08730645056500208 ) ) ;
#1693 = CARTESIAN_POINT ( 'NONE',  ( 4367.146819064397278, -263.9573530886345338, 26.07159915175981268 ) ) ;
#1694 = LINE ( 'NONE', #8683, #5166 ) ;
#1695 = CARTESIAN_POINT ( 'NONE',  ( 4393.431626839545970, -251.5036335660025770, 44.66375166887588932 ) ) ;
#1696 = CARTESIAN_POINT ( 'NONE',  ( 4393.315579687000536, -253.6057323264017214, 42.03645970244052421 ) ) ;
#1697 = CARTESIAN_POINT ( 'NONE',  ( 4386.706524483070098, -224.4192948950103244, -34.16931409248351059 ) ) ;
#1698 = CARTESIAN_POINT ( 'NONE',  ( 4380.119053790319413, -221.6028746899557689, 32.88951521451687654 ) ) ;
#1699 = CARTESIAN_POINT ( 'NONE',  ( 4367.121235198529575, -223.7484196807164665, 35.12122334598278428 ) ) ;
#1700 = LINE ( 'NONE', #464, #4369 ) ;
#1701 = CARTESIAN_POINT ( 'NONE',  ( 4393.596744192624101, -251.7171328382954414, 44.66597256736847754 ) ) ;
#1702 = CARTESIAN_POINT ( 'NONE',  ( 4382.287610019663589, -206.2313325488706255, -9.090185257636642646 ) ) ;
#1703 = CARTESIAN_POINT ( 'NONE',  ( 4384.830597823327480, -264.1493747551569413, -27.67350575445466276 ) ) ;
#1704 = CARTESIAN_POINT ( 'NONE',  ( 4384.532824323469868, -256.6369801030716076, -35.95068370779425493 ) ) ;
#1705 = CARTESIAN_POINT ( 'NONE',  ( 4386.724561536705551, -248.8505999873591747, -42.20079744243377462 ) ) ;
#1706 = EDGE_LOOP ( 'NONE', ( #5441, #8196, #1804, #7905 ) ) ;
#1707 = CARTESIAN_POINT ( 'NONE',  ( 4393.596754382039762, -251.7885829060246294, -44.66447068763776684 ) ) ;
#1708 = CARTESIAN_POINT ( 'NONE',  ( 4367.103531932017177, -222.8883483743247496, 37.87808960784062151 ) ) ;
#1709 = CARTESIAN_POINT ( 'NONE',  ( 4388.901931993754260, -225.8376616276422624, -34.79456439343859131 ) ) ;
#1710 = CARTESIAN_POINT ( 'NONE',  ( 4384.496642915516532, -209.7067120636237121, 20.65918533176038352 ) ) ;
#1711 = CARTESIAN_POINT ( 'NONE',  ( 4367.121127610228541, -223.6249533795286766, 35.04574319478447109 ) ) ;
#1712 = ORIENTED_EDGE ( 'NONE', *, *, #3308, .F. ) ;
#1713 = CARTESIAN_POINT ( 'NONE',  ( 4380.418491396353602, -252.4568153515431845, 46.06965408384195371 ) ) ;
#1714 = CARTESIAN_POINT ( 'NONE',  ( 4367.202705348953714, -256.1264589884630141, 44.85365619387933833 ) ) ;
#1715 = CARTESIAN_POINT ( 'NONE',  ( 4367.067130899984477, -215.6662794135457943, -32.73518316719960097 ) ) ;
#1716 = CARTESIAN_POINT ( 'NONE',  ( 4391.352805469606210, -239.8882967581314745, -42.90042858762961941 ) ) ;
#1717 = CARTESIAN_POINT ( 'NONE',  ( 4393.637091791547391, -254.9214768740142745, 42.98880225777341479 ) ) ;
#1718 = CARTESIAN_POINT ( 'NONE',  ( 4388.900569089217242, -224.1568627978913923, 33.86629623025398672 ) ) ;
#1719 = CARTESIAN_POINT ( 'NONE',  ( 4366.946592819289435, -223.4119704965559379, 34.92503792678677854 ) ) ;
#1720 = CARTESIAN_POINT ( 'NONE',  ( 4393.145031020391798, -251.9746671645090714, -41.90186675005452344 ) ) ;
#1721 = CARTESIAN_POINT ( 'NONE',  ( 4382.334524151602636, -204.2303392270156053, 14.92958882919750074 ) ) ;
#1722 = CARTESIAN_POINT ( 'NONE',  ( 4388.897500046798086, -220.6234883242142928, -31.61316661155835916 ) ) ;
#1723 = CARTESIAN_POINT ( 'NONE',  ( 4375.941019707302985, -287.7537537522357525, -22.40391400045749393 ) ) ;
#1724 = CARTESIAN_POINT ( 'NONE',  ( 4384.522427538041484, -204.0339082889961446, -13.91579101475175761 ) ) ;
#1725 = CARTESIAN_POINT ( 'NONE',  ( 4367.287641873437678, -225.0845356870892431, -39.10930662926892865 ) ) ;
#1726 = CARTESIAN_POINT ( 'NONE',  ( 4380.292617066572348, -223.9915432977003320, -37.61130128538345474 ) ) ;
#1727 = CARTESIAN_POINT ( 'NONE',  ( 4375.733255381434901, -227.5091650624683837, 36.63716101107134193 ) ) ;
#1728 = ADVANCED_FACE ( 'NONE', ( #7047 ), #782, .F. ) ;
#1729 = DIRECTION ( 'NONE',  ( -1.000000000000000000, 0.000000000000000000, 0.000000000000000000 ) ) ;
#1730 = CARTESIAN_POINT ( 'NONE',  ( 4393.173417143600091, -252.4158933977803088, -42.21773137162432477 ) ) ;
#1731 = ORIENTED_EDGE ( 'NONE', *, *, #2699, .F. ) ;
#1732 = CARTESIAN_POINT ( 'NONE',  ( 4389.201418082827331, -253.7027965304720567, 45.29419519467860766 ) ) ;
#1733 = CARTESIAN_POINT ( 'NONE',  ( 4384.496642913635696, -209.7067120636287711, -20.65135733096608917 ) ) ;
#1734 = CARTESIAN_POINT ( 'NONE',  ( 4367.459404870429353, -263.1671829203431798, -33.70927056765756191 ) ) ;
#1735 = ORIENTED_EDGE ( 'NONE', *, *, #2022, .F. ) ;
#1736 = CARTESIAN_POINT ( 'NONE',  ( 4371.490722728890432, -221.2747111285848689, -36.59268268334272278 ) ) ;
#1737 = CARTESIAN_POINT ( 'NONE',  ( 4367.303615891245499, -256.1299285124464404, -44.83648661410233416 ) ) ;
#1738 = CARTESIAN_POINT ( 'NONE',  ( 4393.437465081116898, -264.9003166987705526, -24.30764692622829060 ) ) ;
#1739 = CARTESIAN_POINT ( 'NONE',  ( 4393.328109279789714, -226.6930378948084410, 38.04256118513973206 ) ) ;
#1740 = CARTESIAN_POINT ( 'NONE',  ( 4391.070537345053708, -206.4587706683340400, 11.33825248898153326 ) ) ;
#1741 = CARTESIAN_POINT ( 'NONE',  ( 4371.338984154184800, -223.7961189514899445, -34.87017093605769702 ) ) ;
#1742 = CARTESIAN_POINT ( 'NONE',  ( 4380.118765430497660, -221.2792581853020693, 32.67113179967052616 ) ) ;
#1743 = CARTESIAN_POINT ( 'NONE',  ( 4376.010507401585528, -247.9113115921991266, 45.94227247393867231 ) ) ;
#1744 = DIRECTION ( 'NONE',  ( 0.000000000000000000, -1.000000000000000000, 0.000000000000000000 ) ) ;
#1745 = CARTESIAN_POINT ( 'NONE',  ( 4371.696442887004196, -258.6384814816268545, -41.36108682803280345 ) ) ;
#1746 = VECTOR ( 'NONE', #6122, 1000.000000000000000 ) ;
#1747 = CARTESIAN_POINT ( 'NONE',  ( 4391.131486690451311, -205.0368280156463356, 16.92732029280071515 ) ) ;
#1748 = CARTESIAN_POINT ( 'NONE',  ( 4366.921971350749118, -206.2313293483715881, -9.534879421392599141 ) ) ;
#1749 = CARTESIAN_POINT ( 'NONE',  ( 4393.637091791310922, -254.9214768740069132, -42.98097425693154605 ) ) ;
#1750 = CARTESIAN_POINT ( 'NONE',  ( 4386.727858961336096, -254.5552865711153174, -39.35330156294983794 ) ) ;
#1751 = CARTESIAN_POINT ( 'NONE',  ( 4382.336103412602824, -249.1267201776286697, -42.66748132493335532 ) ) ;
#1752 = VERTEX_POINT ( 'NONE', #7689 ) ;
#1753 = CARTESIAN_POINT ( 'NONE',  ( 4384.807276558575722, -252.5834927185792651, -45.63409199924073079 ) ) ;
#1754 = CARTESIAN_POINT ( 'NONE',  ( 4367.077427686119336, -217.6305946618201119, 34.32348189243061398 ) ) ;
#1755 = VECTOR ( 'NONE', #6144, 1000.000000000000000 ) ;
#1756 = CARTESIAN_POINT ( 'NONE',  ( 4384.499367140873801, -211.4695748983455417, 23.28856153074016433 ) ) ;
#1757 = CARTESIAN_POINT ( 'NONE',  ( 4367.120168978895890, -222.3665405638213031, 34.24462520025822698 ) ) ;
#1758 = ORIENTED_EDGE ( 'NONE', *, *, #7931, .T. ) ;
#1759 = AXIS2_PLACEMENT_3D ( 'NONE', #5335, #4646, #1221 ) ;
#1760 = CARTESIAN_POINT ( 'NONE',  ( 4380.330851745648943, -231.9620619958024008, 41.34223500957288877 ) ) ;
#1761 = CARTESIAN_POINT ( 'NONE',  ( 4391.114470249295664, -259.8932826625862731, 28.23637932090630542 ) ) ;
#1762 = CARTESIAN_POINT ( 'NONE',  ( 4393.427350238953295, -265.6567752673038854, 22.90390895184451026 ) ) ;
#1763 = CARTESIAN_POINT ( 'NONE',  ( 4382.454364354663994, -217.3257886112427570, -33.11281812532001112 ) ) ;
#1764 = CARTESIAN_POINT ( 'NONE',  ( 4375.999918157039247, -245.4087899319370365, -45.55015666681748598 ) ) ;
#1765 = CARTESIAN_POINT ( 'NONE',  ( 4389.241558674611952, -257.2445277249181004, 39.68672162947152771 ) ) ;
#1766 = CARTESIAN_POINT ( 'NONE',  ( 4388.898832477058932, -222.0972874236432801, 32.60775220790927875 ) ) ;
#1767 = DIRECTION ( 'NONE',  ( 0.000000000000000000, 0.000000000000000000, 1.000000000000000000 ) ) ;
#1768 = CARTESIAN_POINT ( 'NONE',  ( 4393.267910723644491, -203.4714817589324980, 9.378213485190689980 ) ) ;
#1769 = B_SPLINE_CURVE_WITH_KNOTS ( 'NONE', 3,
 ( #4430, #1087, #7994, #5898 ),
 .UNSPECIFIED., .F., .F.,
 ( 4, 4 ),
 ( 0.000000000000000000, 0.004043199221824288897 ),
 .UNSPECIFIED. ) ;
#1770 = CARTESIAN_POINT ( 'NONE',  ( 4382.327887063619528, -204.0332606884612971, 14.05571141835348037 ) ) ;
#1771 = CARTESIAN_POINT ( 'NONE',  ( 4371.336262370345139, -220.7837942930144948, -32.89471486969421932 ) ) ;
#1772 = LINE ( 'NONE', #3179, #2352 ) ;
#1773 = CARTESIAN_POINT ( 'NONE',  ( 4371.375480070882077, -205.0385757082445366, -18.10039395716981758 ) ) ;
#1774 = CARTESIAN_POINT ( 'NONE',  ( 4393.476530938569340, -225.0508561726010726, -37.20562842040350660 ) ) ;
#1775 = CARTESIAN_POINT ( 'NONE',  ( 4367.436266875392903, -301.9155512315545593, 19.50391400045749180 ) ) ;
#1776 = CARTESIAN_POINT ( 'NONE',  ( 4371.336544969262832, -221.1127033604106487, 33.13277748794370581 ) ) ;
#1777 = CARTESIAN_POINT ( 'NONE',  ( 4393.147688203181133, -253.4422899225327512, 39.82274845855362599 ) ) ;
#1778 = CARTESIAN_POINT ( 'NONE',  ( 4388.922277730083806, -251.9182866887351793, -42.33129472590323417 ) ) ;
#1779 = VERTEX_POINT ( 'NONE', #3615 ) ;
#1780 = CARTESIAN_POINT ( 'NONE',  ( 4386.808384593402479, -211.4320168283646524, 27.44241751313345290 ) ) ;
#1781 = CARTESIAN_POINT ( 'NONE',  ( 4371.327351651530080, -211.4753611363246364, -24.05991727650653189 ) ) ;
#1782 = CARTESIAN_POINT ( 'NONE',  ( 4393.146391361986389, -261.6417012632778096, 24.50264900390383715 ) ) ;
#1783 = ORIENTED_EDGE ( 'NONE', *, *, #438, .F. ) ;
#1784 = CARTESIAN_POINT ( 'NONE',  ( 4386.870319002563519, -221.4883186142548084, -35.67509486820706144 ) ) ;
#1785 = CARTESIAN_POINT ( 'NONE',  ( 4367.441019707303894, -302.9155512315545593, 26.00391400045748469 ) ) ;
#1786 = CARTESIAN_POINT ( 'NONE',  ( 4393.372783629056357, -277.9155512315545593, 0.003914000457474380371 ) ) ;
#1787 = CARTESIAN_POINT ( 'NONE',  ( 4393.102345205096753, -203.4313328930020361, 8.942511091789844713 ) ) ;
#1788 = CARTESIAN_POINT ( 'NONE',  ( 4391.094754859919703, -224.4116683113472277, 33.85102211756703383 ) ) ;
#1789 = CARTESIAN_POINT ( 'NONE',  ( 4384.512280610787457, -224.4231193912128504, -34.33093440881866343 ) ) ;
#1790 = CARTESIAN_POINT ( 'NONE',  ( 4380.116755265163192, -219.0271408701818245, 31.04344083201592497 ) ) ;
#1791 = CARTESIAN_POINT ( 'NONE',  ( 4375.900794324993512, -224.5570134912897799, 38.24217862649408062 ) ) ;
#1792 = FACE_OUTER_BOUND ( 'NONE', #7228, .T. ) ;
#1793 = LINE ( 'NONE', #5313, #4810 ) ;
#1794 = CARTESIAN_POINT ( 'NONE',  ( 4391.254704267226771, -220.2386518803208730, 34.57845350289114350 ) ) ;
#1795 = CARTESIAN_POINT ( 'NONE',  ( 4380.092618824335659, -206.2313293483549046, -8.819087649172690391 ) ) ;
#1796 = CARTESIAN_POINT ( 'NONE',  ( 4386.716187601292404, -271.7045504075854296, -6.937346384441767988 ) ) ;
#1797 = CARTESIAN_POINT ( 'NONE',  ( 4380.141826449594191, -248.0735483877813579, -42.72205002807353225 ) ) ;
#1798 = VERTEX_POINT ( 'NONE', #6233 ) ;
#1799 = CARTESIAN_POINT ( 'NONE',  ( 4381.741019707303167, -302.9155512315545593, 26.00391400045749535 ) ) ;
#1800 = CARTESIAN_POINT ( 'NONE',  ( 4367.116867887919398, -225.7229070818107459, 39.46911570532113700 ) ) ;
#1801 = CARTESIAN_POINT ( 'NONE',  ( 4388.902355626347344, -226.3575662534023252, -35.07241598998980692 ) ) ;
#1802 = CARTESIAN_POINT ( 'NONE',  ( 4384.511351751836628, -223.2750455283638757, 33.65737290425236949 ) ) ;
#1803 = CARTESIAN_POINT ( 'NONE',  ( 4367.236037909176957, -256.1239544438697635, -44.84242994279563987 ) ) ;
#1804 = ORIENTED_EDGE ( 'NONE', *, *, #2479, .T. ) ;
#1805 = B_SPLINE_SURFACE_WITH_KNOTS ( 'NONE', 3, 3, ( 
 ( #5094, #7234, #7932, #7192, #975, #3862, #3724, #5188, #384, #245 ),
 ( #5878, #8705, #8021, #5925, #7888, #8619, #5140, #7974, #289, #1717 ),
 ( #3766, #1068, #337, #932, #6559, #6651, #4504, #5236, #3172, #3081 ),
 ( #3036, #4552, #5971, #8661, #7281, #1022, #3817, #1765, #4414, #6513 ),
 ( #6604, #3126, #3438, #5497, #4847, #3525, #733, #6272, #6316, #2708 ),
 ( #5544, #3482, #4211, #8327, #2659, #8921, #9061, #4032, #4122, #8284 ),
 ( #1425, #7548, #2795, #6135, #8971, #41, #2075, #6997, #1291, #4076 ),
 ( #6820, #5588, #7639, #7727, #1379, #555, #8409, #2027, #3393, #5451 ),
 ( #2837, #8235, #6226, #5633, #1983, #8365, #9015, #4804, #2752, #4168 ),
 ( #3347, #7592, #1335, #4764, #6865, #6955, #2163, #7683, #689, #2119 ),
 ( #602, #4935, #6910, #4892, #6178, #645, #6526, #8452, #8542, #4340 ),
 ( #2244, #5021, #1597, #3048, #2375, #2964, #6357, #4980, #3565, #4426 ),
 ( #130, #5064, #2922, #3692, #5806, #5848, #5155, #1468, #4255, #3007 ),
 ( #5720, #7041, #944, #7856, #775, #5106, #5762, #7817, #8585, #7121 ),
 ( #2206, #4386, #1554, #2330, #87, #7080, #2880, #7163, #256, #5674 ),
 ( #8630, #862, #7900, #3651, #6442, #1510, #7773, #175, #8497, #4296 ),
 ( #818, #903, #3609, #6398, #3735, #2288, #1641, #6484, #215, #7202 ),
 ( #578, #8896, #2730, #534, #1684, #3415, #3958, #7296, #987, #6748 ),
 ( #6572, #7476, #7570, #5891, #1269, #1222, #6068, #4008, #3325, #301 ) ),
 .UNSPECIFIED., .F., .F., .F.,
 ( 4, 3, 3, 3, 3, 3, 4 ),
 ( 4, 3, 3, 4 ),
 ( -16.36367261245450067, 31.38967601046458000, 79.14302463338366067, 126.8963732563027520, 150.7730475677622906, 174.6497218792218291, 365.6631163708981376 ),
 ( 2181.802812647896644, 2314.321613831037212, 2380.581014422607041, 2446.840415014177324 ),
 .UNSPECIFIED. ) ;
#1806 = CARTESIAN_POINT ( 'NONE',  ( 4380.280907748820937, -221.6386857387609552, 36.23723591685394751 ) ) ;
#1807 = CARTESIAN_POINT ( 'NONE',  ( 4382.334306567465319, -264.4726788520166565, 21.58738562964349583 ) ) ;
#1808 = CARTESIAN_POINT ( 'NONE',  ( 4374.441019707302985, -305.5155512315545252, -20.90391400045749393 ) ) ;
#1809 = CARTESIAN_POINT ( 'NONE',  ( 4391.250657637056065, -219.5513097809097189, -34.11350822272938643 ) ) ;
#1810 = EDGE_CURVE ( 'NONE', #4040, #5321, #1824, .T. ) ;
#1811 = CARTESIAN_POINT ( 'NONE',  ( 4367.234115101644420, -250.3647757333085053, -47.09501775043580807 ) ) ;
#1812 = CARTESIAN_POINT ( 'NONE',  ( 4388.899574328247581, -222.9611801246767300, 33.15104766350066257 ) ) ;
#1813 = CARTESIAN_POINT ( 'NONE',  ( 4384.482799359362616, -252.9799682536067564, 42.89571606196198417 ) ) ;
#1814 = FACE_OUTER_BOUND ( 'NONE', #6872, .T. ) ;
#1815 = CARTESIAN_POINT ( 'NONE',  ( 4382.358177394855375, -205.3669324895420800, 18.30308007170873807 ) ) ;
#1816 = CARTESIAN_POINT ( 'NONE',  ( 4384.509913872208926, -221.6037443915978145, -32.58422103470307718 ) ) ;
#1817 = DIRECTION ( 'NONE',  ( 0.000000000000000000, -1.000000000000000000, 0.000000000000000000 ) ) ;
#1818 = CARTESIAN_POINT ( 'NONE',  ( 4386.763981419435368, -206.4392551639803628, -20.42762981936656885 ) ) ;
#1819 = AXIS2_PLACEMENT_3D ( 'NONE', #4528, #7306, #1042 ) ;
#1820 = CARTESIAN_POINT ( 'NONE',  ( 4367.276499921271352, -222.5565453288716924, -37.66017321132841289 ) ) ;
#1821 = CARTESIAN_POINT ( 'NONE',  ( 4393.482208997071211, -226.1438552836706890, -37.75263857791774313 ) ) ;
#1822 = CARTESIAN_POINT ( 'NONE',  ( 4367.468364918432599, -257.9857233993313343, 43.65152398869274464 ) ) ;
#1823 = CARTESIAN_POINT ( 'NONE',  ( 4371.337125742152239, -221.7625590878865580, 33.57812550969573095 ) ) ;
#1824 = CIRCLE ( 'NONE', #1512, 0.4000000000000010214 ) ;
#1825 = CARTESIAN_POINT ( 'NONE',  ( 4393.169006916174112, -252.4768137515482920, -42.18000280279547098 ) ) ;
#1826 = ORIENTED_EDGE ( 'NONE', *, *, #3855, .F. ) ;
#1827 = CARTESIAN_POINT ( 'NONE',  ( 4386.876931848563800, -222.7531065046460128, 36.44185831432692879 ) ) ;
#1828 = CARTESIAN_POINT ( 'NONE',  ( 4366.936501998467975, -212.4558597203088652, -25.55135394560589646 ) ) ;
#1829 = CARTESIAN_POINT ( 'NONE',  ( 4381.741019707303167, -305.5155512315545252, -26.00391400045749535 ) ) ;
#1830 = EDGE_LOOP ( 'NONE', ( #4995, #5224, #7273, #8930 ) ) ;
#1831 = CARTESIAN_POINT ( 'NONE',  ( 4382.474553115078379, -220.9353946145833731, -35.63668337434095434 ) ) ;
#1832 = CARTESIAN_POINT ( 'NONE',  ( 4374.441019707302985, -302.9155512315545593, 25.10391400045744348 ) ) ;
#1833 = CARTESIAN_POINT ( 'NONE',  ( 4393.149154001953320, -252.3185940447100677, -41.99336465841692956 ) ) ;
#1834 = CARTESIAN_POINT ( 'NONE',  ( 4393.319699151035820, -225.0511314843474793, 37.22572540334130053 ) ) ;
#1835 = UNCERTAINTY_MEASURE_WITH_UNIT (LENGTH_MEASURE( 1.000000000000000082E-05 ), #2476, 'distance_accuracy_value', 'NONE');
#1836 = CARTESIAN_POINT ( 'NONE',  ( 4391.092576765050580, -221.9295286894937931, 32.34351909650303014 ) ) ;
#1837 = CARTESIAN_POINT ( 'NONE',  ( 4384.512600328333974, -224.8153691531390734, -34.55529081330946894 ) ) ;
#1838 = CARTESIAN_POINT ( 'NONE',  ( 4380.126322189864368, -230.1902694466534172, 37.58457975535612405 ) ) ;
#1839 = CARTESIAN_POINT ( 'NONE',  ( 4375.917157858450082, -227.9601343913083440, 39.96528141392061428 ) ) ;
#1840 = CARTESIAN_POINT ( 'NONE',  ( 4367.136704406388162, -246.2419694054416652, 43.64460074470314055 ) ) ;
#1841 = DIRECTION ( 'NONE',  ( 0.000000000000000000, 0.000000000000000000, 1.000000000000000000 ) ) ;
#1842 = CARTESIAN_POINT ( 'NONE',  ( 4391.342273602767818, -237.5357289649215033, 42.32288858352497840 ) ) ;
#1843 = CARTESIAN_POINT ( 'NONE',  ( 4386.679820841744004, -206.3675265447466529, -10.81230533204399080 ) ) ;
#1844 = CARTESIAN_POINT ( 'NONE',  ( 4393.629451678223631, -257.8977237349281495, -37.37780717509231465 ) ) ;
#1845 = CARTESIAN_POINT ( 'NONE',  ( 4388.909667649711082, -271.4961424163487322, -6.900271404887280191 ) ) ;
#1846 = EDGE_LOOP ( 'NONE', ( #1035, #1204, #8794, #8335, #781, #2090 ) ) ;
#1847 = CARTESIAN_POINT ( 'NONE',  ( 4391.116427537876916, -247.9987303745812710, -41.64855946217288363 ) ) ;
#1848 = CARTESIAN_POINT ( 'NONE',  ( 4376.125585307549954, -255.2354781886300259, -46.74020043120248147 ) ) ;
#1849 = ORIENTED_EDGE ( 'NONE', *, *, #4365, .T. ) ;
#1850 = CARTESIAN_POINT ( 'NONE',  ( 4367.279498336772122, -268.2211755828315631, 23.88580156650436948 ) ) ;
#1851 = CARTESIAN_POINT ( 'NONE',  ( 4393.166015715888534, -252.3837469130342299, -42.14256703540269910 ) ) ;
#1852 = CARTESIAN_POINT ( 'NONE',  ( 4384.530770208575632, -252.2376101037038723, 42.81348770532618886 ) ) ;
#1853 = CARTESIAN_POINT ( 'NONE',  ( 4367.194926750128616, -256.1270435459130681, -44.84662167190340654 ) ) ;
#1854 = EDGE_CURVE ( 'NONE', #3974, #5229, #8484, .T. ) ;
#1855 = ORIENTED_EDGE ( 'NONE', *, *, #6599, .T. ) ;
#1856 = CARTESIAN_POINT ( 'NONE',  ( 4380.419544709873662, -254.9932264468082792, 46.29123621002958799 ) ) ;
#1857 = CARTESIAN_POINT ( 'NONE',  ( 4371.356509488960910, -269.3166438988556024, 14.68089283415690183 ) ) ;
#1858 = CYLINDRICAL_SURFACE ( 'NONE', #3778, 0.4000000000000010214 ) ;
#1859 = CARTESIAN_POINT ( 'NONE',  ( 4386.858471647796250, -219.3710699423112089, -34.29746747335953927 ) ) ;
#1860 = CARTESIAN_POINT ( 'NONE',  ( 4371.635340115219151, -252.3127243046317005, -46.90911298812282126 ) ) ;
#1861 = CARTESIAN_POINT ( 'NONE',  ( 4371.436168761571935, -211.4308939366193272, 28.36475123674037135 ) ) ;
#1862 = CARTESIAN_POINT ( 'NONE',  ( 4388.922074868216441, -251.6271771109677786, 42.31193761223974548 ) ) ;
#1863 = DIRECTION ( 'NONE',  ( 0.000000000000000000, 0.000000000000000000, -1.000000000000000000 ) ) ;
#1864 = EDGE_CURVE ( 'NONE', #5726, #6106, #4347, .T. ) ;
#1865 = CARTESIAN_POINT ( 'NONE',  ( 4393.139973589295550, -242.7359459260690642, -40.54513228410598913 ) ) ;
#1866 = CARTESIAN_POINT ( 'NONE',  ( 4384.807348506657945, -252.3635850209438729, 45.62264829179432013 ) ) ;
#1867 = CARTESIAN_POINT ( 'NONE',  ( 4366.944371128229250, -220.9467070819085279, -33.28182343582782465 ) ) ;
#1868 = CARTESIAN_POINT ( 'NONE',  ( 4367.406100782461181, -255.8914085745797138, -47.62921617970385313 ) ) ;
#1869 = CARTESIAN_POINT ( 'NONE',  ( 4375.813434491752560, -209.2306656999768961, -25.48602603221675622 ) ) ;
#1870 = CARTESIAN_POINT ( 'NONE',  ( 4393.496356615810328, -228.9082401456912805, -39.02994402071360724 ) ) ;
#1871 = CARTESIAN_POINT ( 'NONE',  ( 4387.927350238953295, -287.7537537522357525, 20.90391400045748682 ) ) ;
#1872 = CARTESIAN_POINT ( 'NONE',  ( 4371.334687281439983, -219.0245684246838209, 31.60047083697799408 ) ) ;
#1873 = CARTESIAN_POINT ( 'NONE',  ( 4393.197529788802058, -252.6404948926117413, -42.47235281500154969 ) ) ;
#1874 = EDGE_LOOP ( 'NONE', ( #233, #7535, #6277, #572 ) ) ;
#1875 = CARTESIAN_POINT ( 'NONE',  ( 4386.880395889117608, -223.4370965936479934, 36.83397377072287782 ) ) ;
#1876 = CARTESIAN_POINT ( 'NONE',  ( 4393.277152418495461, -212.4384918922050076, -23.96438405713922393 ) ) ;
#1877 = CARTESIAN_POINT ( 'NONE',  ( 4391.069577987312186, -203.4449996131904470, -9.061847126771130689 ) ) ;
#1878 = ORIENTED_EDGE ( 'NONE', *, *, #3639, .T. ) ;
#1879 = CARTESIAN_POINT ( 'NONE',  ( 4371.495527452308124, -222.2196395319338365, -37.18373900935397103 ) ) ;
#1880 = CARTESIAN_POINT ( 'NONE',  ( 4393.427350238953295, -302.9155512315545593, 19.50391400045749180 ) ) ;
#1881 = CARTESIAN_POINT ( 'NONE',  ( 4393.291222935802580, -219.8976253783879145, 34.20715234367030888 ) ) ;
#1882 = CARTESIAN_POINT ( 'NONE',  ( 4391.091371971490844, -220.6233819315629034, 31.46759277830066281 ) ) ;
#1883 = CARTESIAN_POINT ( 'NONE',  ( 4380.122249496636869, -225.3491213822541113, -35.16831387784105800 ) ) ;
#1884 = CARTESIAN_POINT ( 'NONE',  ( 4380.122033016399655, -225.0875546957220195, 35.02896176792586402 ) ) ;
#1885 = CARTESIAN_POINT ( 'NONE',  ( 4375.894097404908280, -223.1669457235931304, 37.45985427374279908 ) ) ;
#1886 = CARTESIAN_POINT ( 'NONE',  ( 4367.470939229164287, -255.7436087203608395, -47.95399586474842835 ) ) ;
#1887 = DIRECTION ( 'NONE',  ( -1.000000000000000000, 0.000000000000000000, 0.000000000000000000 ) ) ;
#1888 = CARTESIAN_POINT ( 'NONE',  ( 4391.387316475293119, -248.2009360409708449, 44.49864347480686178 ) ) ;
#1889 = CARTESIAN_POINT ( 'NONE',  ( 4375.705538438186522, -206.2854455951564887, -10.66455593561689952 ) ) ;
#1890 = CARTESIAN_POINT ( 'NONE',  ( 4391.404151383353565, -265.0782377930459575, -24.42644312524339156 ) ) ;
#1891 = CARTESIAN_POINT ( 'NONE',  ( 4393.445386140736446, -263.9236451240657857, -26.19091078418008678 ) ) ;
#1892 = CARTESIAN_POINT ( 'NONE',  ( 4393.293515225156625, -230.0161770252458382, -36.46634136469864274 ) ) ;
#1893 = DIRECTION ( 'NONE',  ( 1.000000000000000000, 0.000000000000000000, 0.000000000000000000 ) ) ;
#1894 = ORIENTED_EDGE ( 'NONE', *, *, #3590, .F. ) ;
#1895 = CARTESIAN_POINT ( 'NONE',  ( 4387.003971060083131, -254.4588336593388647, -45.57565516177629661 ) ) ;
#1896 = CARTESIAN_POINT ( 'NONE',  ( 4393.412653927092833, -269.9064240982342540, 14.96483566733259707 ) ) ;
#1897 = CARTESIAN_POINT ( 'NONE',  ( 4375.733752321019892, -228.0511344284916220, -36.90376790014659036 ) ) ;
#1898 = CARTESIAN_POINT ( 'NONE',  ( 4382.308477557756305, -215.1514501839994580, 27.54890359295581348 ) ) ;
#1899 = CIRCLE ( 'NONE', #7004, 5.999999999999998224 ) ;
#1900 = CARTESIAN_POINT ( 'NONE',  ( 4367.441019707303894, -305.5155512315545252, -26.00391400045748469 ) ) ;
#1901 = ORIENTED_EDGE ( 'NONE', *, *, #3362, .F. ) ;
#1902 = CARTESIAN_POINT ( 'NONE',  ( 4384.519493864266224, -234.0019772619614571, -38.76377872292856352 ) ) ;
#1903 = CARTESIAN_POINT ( 'NONE',  ( 4375.701828475791444, -203.4313293483199345, 9.080456309027988837 ) ) ;
#1904 = CARTESIAN_POINT ( 'NONE',  ( 4388.919360737969328, -260.0803822410196631, 28.39682491499237571 ) ) ;
#1905 = CARTESIAN_POINT ( 'NONE',  ( 4375.873009987278238, -219.0043371338320242, -34.77929413232084954 ) ) ;
#1906 = MECHANICAL_DESIGN_GEOMETRIC_PRESENTATION_REPRESENTATION (  '', ( #6418 ), #3788 ) ;
#1907 = CARTESIAN_POINT ( 'NONE',  ( 4380.414624657765671, -251.3689288569365203, -45.95575144787591881 ) ) ;
#1908 = ADVANCED_FACE ( 'NONE', ( #2929 ), #3444, .F. ) ;
#1909 = CARTESIAN_POINT ( 'NONE',  ( 4371.486187905577935, -220.3746392777369465, 36.01381844093910445 ) ) ;
#1910 = CARTESIAN_POINT ( 'NONE',  ( 4386.693729023101696, -211.4666678519803895, 23.15124512185557393 ) ) ;
#1911 = CARTESIAN_POINT ( 'NONE',  ( 4393.315846375609908, -254.1773251853097690, -42.07922117006791041 ) ) ;
#1912 = DIRECTION ( 'NONE',  ( 1.000000000000000000, 0.000000000000000000, -0.000000000000000000 ) ) ;
#1913 = CARTESIAN_POINT ( 'NONE',  ( 4374.441019707302985, -287.7537537522357525, -20.90391400045749393 ) ) ;
#1914 = VECTOR ( 'NONE', #5133, 1000.000000000000000 ) ;
#1915 = CARTESIAN_POINT ( 'NONE',  ( 4393.464373201734816, -222.7565288634373530, 35.95822986809169919 ) ) ;
#1916 = CARTESIAN_POINT ( 'NONE',  ( 4384.806941865927001, -252.2851356407540493, 45.61575317230606430 ) ) ;
#1917 = CARTESIAN_POINT ( 'NONE',  ( 4382.313858543511742, -220.7872928177067138, -32.17780736711358003 ) ) ;
#1918 = CARTESIAN_POINT ( 'NONE',  ( 4393.308975350631044, -223.0249716984642987, 36.12368709617229001 ) ) ;
#1919 = CARTESIAN_POINT ( 'NONE',  ( 4367.019520999440829, -208.2640444823306041, -24.53367195712545623 ) ) ;
#1920 = CARTESIAN_POINT ( 'NONE',  ( 4380.311580565284203, -227.9196225732125072, -39.61060061576938551 ) ) ;
#1921 = CARTESIAN_POINT ( 'NONE',  ( 4367.445408602450698, -266.2226160311408876, 27.75757594135176731 ) ) ;
#1922 = CARTESIAN_POINT ( 'NONE',  ( 4371.334409194086220, -218.7137733311780323, 31.35476884455679070 ) ) ;
#1923 = CARTESIAN_POINT ( 'NONE',  ( 4393.167589182626216, -252.4632117880930480, -42.16498618751999317 ) ) ;
#1924 = ORIENTED_EDGE ( 'NONE', *, *, #5249, .T. ) ;
#1925 = CARTESIAN_POINT ( 'NONE',  ( 4386.676030056096351, -203.4313312113571328, 8.888023566290220501 ) ) ;
#1926 = CARTESIAN_POINT ( 'NONE',  ( 4391.083192891667750, -212.4430349986727720, -24.10823519567826168 ) ) ;
#1927 = CARTESIAN_POINT ( 'NONE',  ( 4376.043114485174556, -269.1493201186281681, -20.11398385276660861 ) ) ;
#1928 = CARTESIAN_POINT ( 'NONE',  ( 4393.464373195497501, -222.7565288634434069, -35.95040186764792622 ) ) ;
#1929 = CARTESIAN_POINT ( 'NONE',  ( 4376.741019707303167, -305.5155512315545252, -27.40391400045749393 ) ) ;
#1930 = CARTESIAN_POINT ( 'NONE',  ( 4393.151283269977284, -252.3024401035685003, 42.03112348982149626 ) ) ;
#1931 = CARTESIAN_POINT ( 'NONE',  ( 4391.091666874063776, -220.9531004929229994, 31.69462892311646129 ) ) ;
#1932 = CARTESIAN_POINT ( 'NONE',  ( 4380.121589615375342, -224.5635601419009220, -34.72267673144811084 ) ) ;
#1933 = CARTESIAN_POINT ( 'NONE',  ( 4380.125857272472786, -229.6435585331852565, 37.33950059450067016 ) ) ;
#1934 = CARTESIAN_POINT ( 'NONE',  ( 4376.031324245926953, -253.0945304513557232, 46.56264119702395732 ) ) ;
#1935 = CARTESIAN_POINT ( 'NONE',  ( 4367.467819833042086, -255.8867657726263189, -47.62292406322339389 ) ) ;
#1936 = CARTESIAN_POINT ( 'NONE',  ( 4391.389555466152160, -248.7997914628892033, 44.57515275303956059 ) ) ;
#1937 = CARTESIAN_POINT ( 'NONE',  ( 4382.291551793433428, -206.4557021450011973, -11.87062337803528678 ) ) ;
#1938 = CARTESIAN_POINT ( 'NONE',  ( 4391.377945792580249, -270.0938950660895443, -15.02537399216639713 ) ) ;
#1939 = CARTESIAN_POINT ( 'NONE',  ( 4393.372783629056357, -277.9155512315545593, 0.003914000457474380371 ) ) ;
#1940 = ORIENTED_EDGE ( 'NONE', *, *, #2405, .T. ) ;
#1941 = CARTESIAN_POINT ( 'NONE',  ( 4384.516256399335361, -229.5907031409350054, -36.97459286320705729 ) ) ;
#1942 = CARTESIAN_POINT ( 'NONE',  ( 4367.467819833042086, -255.8867657726266032, -47.62292406322261940 ) ) ;
#1943 = ORIENTED_EDGE ( 'NONE', *, *, #564, .F. ) ;
#1944 = CARTESIAN_POINT ( 'NONE',  ( 4393.147884470614372, -259.7671988273850161, -27.99448185867125005 ) ) ;
#1945 = CARTESIAN_POINT ( 'NONE',  ( 4393.261045239320083, -206.2313293483504992, 8.021744777093511303 ) ) ;
#1946 = CARTESIAN_POINT ( 'NONE',  ( 4388.904928544757240, -229.5377312723683190, -36.60863310401526149 ) ) ;
#1947 = CARTESIAN_POINT ( 'NONE',  ( 4384.530627021023975, -251.9427477919589649, 42.78604703103124507 ) ) ;
#1948 = B_SPLINE_SURFACE_WITH_KNOTS ( 'NONE', 1, 3, ( 
 ( #2642, #4746, #627, #7529, #8309, #1361, #7666, #6980, #6072, #715, #7622, #6119, #1274, #8854, #5572, #6162, #1316, #4700, #4876, #6847, #4150, #8952, #2594, #4012, #3419, #2687, #6936, #5386, #5435, #8171, #6205, #1407, #1918, #7481, #8351, #3377, #4106, #6893, #8217, #4191, #4059, #1226, #6254, #5477, #6803, #8902, #538, #8997, #3329, #2734, #2056, #1963, #8264, #2104, #5525, #4831, #2009, #670, #4787, #9041, #583, #7574, #2779, #4367, #845, #1492, #8435, #4410 ),
 ( #7025, #3549, #2185, #6301, #5047, #4279, #27, #7064, #7801, #7885, #4961, #2865, #5617, #7755, #3675, #2145, #2904, #2991, #7841, #5747, #158, #1625, #5005, #7149, #5702, #4325, #200, #2229, #801, #7188, #2315, #8480, #5791, #3507, #3593, #5657, #6382, #2820, #68, #8393, #113, #2948, #7105, #4919, #1540, #7709, #3634, #6468, #6423, #1452, #8524, #1579, #2272, #888, #8570, #5090, #4237, #760, #6341, #4595, #3123, #6016, #429, #929, #3221, #7372, #2448, #380 ) ),
 .UNSPECIFIED., .F., .F., .F.,
 ( 2, 2 ),
 ( 4, 2, 2, 2, 2, 2, 2, 2, 2, 2, 2, 2, 2, 2, 2, 2, 2, 2, 2, 2, 2, 2, 2, 2, 2, 2, 2, 2, 2, 2, 2, 2, 2, 4 ),
 ( 0.000000000000000000, 1.000000000000000000 ),
 ( -0.04113995918393024281, -0.008604335459432422076, -0.0004704295283079668911, 0.003596523437254260484, 0.007663476402816488293, 0.02393128826506539866, 0.08900253571406104014, 0.2191450306120523162, 0.3492875255100436060, 0.3818231492345414146, 0.4143587729590392232, 0.4468943966835370318, 0.4794300204080348959, 0.5119656441325327600, 0.5282334559947816643, 0.5363673619259061720, 0.5445012678570305686, 0.5526351737881549653, 0.5607690797192794729, 0.5689029856504039806, 0.5770368915815283772, 0.5851707975126527739, 0.5933047034437772815, 0.6014386093749017892, 0.6095725153060261858, 0.6258403271682750901, 0.6421081390305239944, 0.6746437627550218030, 0.7397150102040174202, 0.8047862576530131484, 0.8698575051020087656, 0.9023931288265065742, 0.9349287525510043828, 1.000000000000000000 ),
 .UNSPECIFIED. ) ;
#1949 = CARTESIAN_POINT ( 'NONE',  ( 4393.093705806565595, -206.2313293483461507, 8.032536258807095209 ) ) ;
#1950 = VERTEX_POINT ( 'NONE', #2251 ) ;
#1951 = CARTESIAN_POINT ( 'NONE',  ( 4382.324232182651940, -233.4884791522289049, -38.75429903845159174 ) ) ;
#1952 = CARTESIAN_POINT ( 'NONE',  ( 4375.871212122574434, -218.6577755736400377, 34.54159276264068268 ) ) ;
#1953 = CARTESIAN_POINT ( 'NONE',  ( 4393.446042375492652, -219.5551269973641411, -33.95883174660177417 ) ) ;
#1954 = CARTESIAN_POINT ( 'NONE',  ( 4393.587765795035921, -249.2555473901213361, -44.40352258697325993 ) ) ;
#1955 = ADVANCED_FACE ( 'NONE', ( #5551 ), #2083, .T. ) ;
#1956 = CARTESIAN_POINT ( 'NONE',  ( 4371.483460354103954, -219.8582555227832245, 35.66501191542793237 ) ) ;
#1957 = CARTESIAN_POINT ( 'NONE',  ( 4386.685698530224727, -207.4094853281127939, 15.46938264237245342 ) ) ;
#1958 = CARTESIAN_POINT ( 'NONE',  ( 4367.375931461942855, -280.4191122659923394, 0.003914000457493408552 ) ) ;
#1959 = CARTESIAN_POINT ( 'NONE',  ( 4393.490715677569824, -227.7987938684866833, 38.54281605061672167 ) ) ;
#1960 = EDGE_CURVE ( 'NONE', #7778, #1798, #1560, .T. ) ;
#1961 = CARTESIAN_POINT ( 'NONE',  ( 4382.533358731288899, -233.0909248686896547, 41.58988698514698257 ) ) ;
#1962 = CARTESIAN_POINT ( 'NONE',  ( 4371.336976918659275, -221.6003761788894622, -33.46021445452872456 ) ) ;
#1963 = CARTESIAN_POINT ( 'NONE',  ( 4393.277713385044990, -217.6706556214618047, 32.64915258002523046 ) ) ;
#1964 = CARTESIAN_POINT ( 'NONE',  ( 4366.993065199258126, -205.7224911950172554, -19.96369603970024542 ) ) ;
#1965 = CARTESIAN_POINT ( 'NONE',  ( 4391.297703048734547, -228.3749223398138781, -38.97414561359446594 ) ) ;
#1966 = CARTESIAN_POINT ( 'NONE',  ( 4367.467819822858473, -255.8867657733923124, 47.63075206517660121 ) ) ;
#1967 = CARTESIAN_POINT ( 'NONE',  ( 4371.341358722977020, -226.4536496867622191, 36.39731012096534357 ) ) ;
#1968 = CARTESIAN_POINT ( 'NONE',  ( 4393.172038883526511, -205.3586142191698229, -17.61288909848258655 ) ) ;
#1969 = EDGE_CURVE ( 'NONE', #7268, #1303, #4173, .T. ) ;
#1970 = VECTOR ( 'NONE', #911, 1000.000000000000000 ) ;
#1971 = CARTESIAN_POINT ( 'NONE',  ( 4386.846619353657843, -217.3316232914257853, 32.83319566472562201 ) ) ;
#1972 = CARTESIAN_POINT ( 'NONE',  ( 4371.329511475434629, -213.5152525978589324, -26.49035154472308662 ) ) ;
#1974 = CARTESIAN_POINT ( 'NONE',  ( 4398.227350238953477, -302.9155512315545593, 18.60391400045748966 ) ) ;
#1973 = B_SPLINE_CURVE_WITH_KNOTS ( 'NONE', 3,
 ( #677, #2152, #1458, #2063 ),
 .UNSPECIFIED., .F., .F.,
 ( 4, 4 ),
 ( 0.000000000000000000, 1.000000000000000000 ),
 .UNSPECIFIED. ) ;
#1975 = ORIENTED_EDGE ( 'NONE', *, *, #5936, .T. ) ;
#1976 = CARTESIAN_POINT ( 'NONE',  ( 4367.101241451753594, -222.3463191903048255, -37.54415745452580211 ) ) ;
#1977 = FACE_OUTER_BOUND ( 'NONE', #4499, .T. ) ;
#1978 = CARTESIAN_POINT ( 'NONE',  ( 4367.441019707303894, -305.5155512315545252, 26.00391400045748469 ) ) ;
#1979 = CARTESIAN_POINT ( 'NONE',  ( 4391.101171207898005, -231.6691572987575967, 37.34285800000774458 ) ) ;
#1980 = AXIS2_PLACEMENT_3D ( 'NONE', #8977, #5412, #8289 ) ;
#1981 = CARTESIAN_POINT ( 'NONE',  ( 4371.339641857877723, -224.5810997051867730, -35.33758144887301000 ) ) ;
#1982 = CARTESIAN_POINT ( 'NONE',  ( 4380.121083265869856, -223.9149062669090995, 34.34989064500606304 ) ) ;
#1983 = CARTESIAN_POINT ( 'NONE',  ( 4382.645663386896558, -262.8278402802168898, 30.70663505410647431 ) ) ;
#1984 = CARTESIAN_POINT ( 'NONE',  ( 4367.093704726809847, -203.4313293483530458, -9.526115379932971194 ) ) ;
#1985 = EDGE_CURVE ( 'NONE', #1368, #3266, #5009, .T. ) ;
#1986 = CARTESIAN_POINT ( 'NONE',  ( 4391.385032996354312, -247.6028712273491976, 44.41530656975933766 ) ) ;
#1987 = CARTESIAN_POINT ( 'NONE',  ( 4375.705044350584103, -206.2635658450362257, -10.26611689103099501 ) ) ;
#1988 = DIRECTION ( 'NONE',  ( 0.000000000000000000, 0.000000000000000000, -1.000000000000000000 ) ) ;
#1989 = VERTEX_POINT ( 'NONE', #8414 ) ;
#1990 = CARTESIAN_POINT ( 'NONE',  ( 4375.736357033850254, -230.8062759421780754, -38.17766517690470351 ) ) ;
#1991 = VERTEX_POINT ( 'NONE', #7 ) ;
#1992 = CARTESIAN_POINT ( 'NONE',  ( 4374.441019707302985, -302.9155512315545593, 24.10391400045744348 ) ) ;
#1993 = CARTESIAN_POINT ( 'NONE',  ( 4393.261577849997593, -206.2313310061694551, 8.419918225490441444 ) ) ;
#1994 = CARTESIAN_POINT ( 'NONE',  ( 4382.297555288466356, -207.8196862141837755, 16.86243276934959212 ) ) ;
#1995 = B_SPLINE_CURVE_WITH_KNOTS ( 'NONE', 3,
 ( #5506, #2170, #4943, #8291, #9024, #7647, #1388, #7007, #8461, #7782, #6875, #609, #94, #4175, #4901, #7691, #2761, #3401, #6364, #3490, #5553, #1434, #1477, #9, #5684, #50, #2213, #8336, #6918, #8374, #6325, #7049, #2128, #2036, #2717, #2846, #6186, #6963, #2085, #1343, #4263, #4219, #4855, #6280, #8979, #2804, #3533, #742, #7602, #4989, #4131, #653, #5641, #3446, #5598, #8416, #7736, #785, #5815, #2931, #2972, #4483, #5729, #3702, #3794, #2253, #6534, #6495, #2296, #224, #8594, #8506, #826 ),
 .UNSPECIFIED., .F., .F.,
 ( 4, 2, 2, 2, 2, 2, 2, 2, 2, 2, 2, 2, 2, 2, 2, 2, 2, 2, 2, 2, 2, 2, 2, 2, 2, 2, 2, 2, 2, 2, 2, 2, 2, 2, 2, 1, 4 ),
 ( 0.000000000000000000, 0.03253562447686739884, 0.06507124895373479767, 0.09760687343060218957, 0.1301424979074695953, 0.1952137468612050175, 0.2602849958149404674, 0.2928206202918082757, 0.3253562447686760839, 0.3578918692455438921, 0.3741596814839773799, 0.3904274937224107567, 0.3985613998416274728, 0.4066953059608441889, 0.4148292120800609606, 0.4229631181992776767, 0.4310970243184943929, 0.4392309304377111645, 0.4473648365569278806, 0.4554987426761446523, 0.4636326487953613129, 0.4717665549145780846, 0.4880343671530114058, 0.5205699916298766050, 0.5531056161067418042, 0.5856412405836071144, 0.6181768650604722026, 0.6507124895373374018, 0.7808549874448029726, 0.9109974853522684324, 0.9435331098291349639, 0.9760687343060012733, 0.9923365465444350386, 0.9964034996040442849, 1.000470452663653420, 1.008604358782875243, 1.041139983259751656 ),
 .UNSPECIFIED. ) ;
#1996 = CARTESIAN_POINT ( 'NONE',  ( 4367.534541372855529, -255.8817465894900351, -47.61612130561452005 ) ) ;
#1997 = EDGE_LOOP ( 'NONE', ( #5373, #963, #7918, #239 ) ) ;
#1998 = CARTESIAN_POINT ( 'NONE',  ( 4382.663850671428918, -255.7318681045916549, -44.16677748030773643 ) ) ;
#1999 = CARTESIAN_POINT ( 'NONE',  ( 4371.348586896314373, -233.7154145543109394, -39.69947316860974951 ) ) ;
#2000 = CARTESIAN_POINT ( 'NONE',  ( 4375.882152059619330, -220.7376348379745821, 35.96571284663028223 ) ) ;
#2001 = CARTESIAN_POINT ( 'NONE',  ( 4380.266970093744021, -219.0121716438289639, -34.49343937457697251 ) ) ;
#2002 = CARTESIAN_POINT ( 'NONE',  ( 4371.634045307148881, -251.9921622831928687, -46.87566926385699873 ) ) ;
#2003 = CARTESIAN_POINT ( 'NONE',  ( 4371.477396349282571, -218.6496961018889635, 34.81547339837932498 ) ) ;
#2004 = CARTESIAN_POINT ( 'NONE',  ( 4386.680922198082953, -206.4573978906080924, 11.61203714134067511 ) ) ;
#2005 = LINE ( 'NONE', #6889, #5846 ) ;
#2006 = CARTESIAN_POINT ( 'NONE',  ( 4393.476530944803926, -225.0508561725661707, 37.21345642081828231 ) ) ;
#2007 = CARTESIAN_POINT ( 'NONE',  ( 4382.514211441800398, -229.0341636040000708, 39.96141778134209233 ) ) ;
#2008 = CARTESIAN_POINT ( 'NONE',  ( 4371.337744974262932, -222.4343214853478230, -34.01394792808468992 ) ) ;
#2009 = CARTESIAN_POINT ( 'NONE',  ( 4393.243843351719079, -212.5688599414490625, 28.29151518698575174 ) ) ;
#2010 = CARTESIAN_POINT ( 'NONE',  ( 4375.777478447079375, -205.7269644500950392, -19.48610373788880423 ) ) ;
#2011 = CARTESIAN_POINT ( 'NONE',  ( 4389.093099468203036, -226.7223298348003198, -38.38053467087094361 ) ) ;
#2012 = CARTESIAN_POINT ( 'NONE',  ( 4367.121235187183629, -223.7484111043924315, -35.11339011720348680 ) ) ;
#2013 = CARTESIAN_POINT ( 'NONE',  ( 4371.370307179495285, -252.5915880225905710, 44.14347164437651116 ) ) ;
#2014 = CARTESIAN_POINT ( 'NONE',  ( 4393.413318336450175, -253.8431709050669269, -44.68468466864739241 ) ) ;
#2015 = VERTEX_POINT ( 'NONE', #2801 ) ;
#2016 = CARTESIAN_POINT ( 'NONE',  ( 4386.937619647140309, -235.3190094456773238, 42.03711856832601512 ) ) ;
#2017 = CARTESIAN_POINT ( 'NONE',  ( 4371.332750375525393, -216.8894438411763872, -29.82552419121626741 ) ) ;
#2018 = FACE_OUTER_BOUND ( 'NONE', #6686, .T. ) ;
#2019 = CARTESIAN_POINT ( 'NONE',  ( 4393.460920653092217, -222.1153219385535635, -35.57581592380157076 ) ) ;
#2020 = CARTESIAN_POINT ( 'NONE',  ( 4367.270804331235922, -221.3766249921752376, -36.92675447198226379 ) ) ;
#2021 = CARTESIAN_POINT ( 'NONE',  ( 4367.467819822858473, -255.8867657733923124, 47.63075206517660121 ) ) ;
#2022 = EDGE_CURVE ( 'NONE', #6546, #6412, #7734, .T. ) ;
#2023 = CARTESIAN_POINT ( 'NONE',  ( 4388.888090905329591, -211.4637608056152658, 23.01392871297098708 ) ) ;
#2024 = CARTESIAN_POINT ( 'NONE',  ( 4382.317501116075618, -225.0810552705394230, -34.86238146596637932 ) ) ;
#2025 = CARTESIAN_POINT ( 'NONE',  ( 4375.706018293139095, -206.3188561656014883, 11.07127636195146536 ) ) ;
#2026 = CARTESIAN_POINT ( 'NONE',  ( 4375.760519694306822, -253.4859552916146583, -43.79144220965953593 ) ) ;
#2027 = CARTESIAN_POINT ( 'NONE',  ( 4389.229675448596026, -261.2533276940018823, 32.12423256381528347 ) ) ;
#2028 = CARTESIAN_POINT ( 'NONE',  ( 4367.313536355717588, -230.9082245249310859, 41.89941337940135213 ) ) ;
#2029 = CARTESIAN_POINT ( 'NONE',  ( 4371.678365332983049, -263.7970589522853970, -31.46812420514408970 ) ) ;
#2030 = CARTESIAN_POINT ( 'NONE',  ( 4391.397193597512342, -250.8993990723906222, 44.81572474013778873 ) ) ;
#2031 = CARTESIAN_POINT ( 'NONE',  ( 4393.263618966304421, -206.3242098499628412, -10.00139815124214770 ) ) ;
#2032 = CARTESIAN_POINT ( 'NONE',  ( 4393.375151564979205, -277.9401508504269032, -0.009248508071999731600 ) ) ;
#2033 = EDGE_LOOP ( 'NONE', ( #562, #4812, #4657, #8978 ) ) ;
#2034 = CARTESIAN_POINT ( 'NONE',  ( 4384.707130261823295, -278.7496988492816854, 0.003914000458448091933 ) ) ;
#2035 = ORIENTED_EDGE ( 'NONE', *, *, #8723, .T. ) ;
#2036 = CARTESIAN_POINT ( 'NONE',  ( 4393.302507073747620, -221.8335478790773720, -35.41903112280457577 ) ) ;
#2037 = EDGE_CURVE ( 'NONE', #7441, #8738, #4899, .T. ) ;
#2038 = CARTESIAN_POINT ( 'NONE',  ( 4367.189899961022093, -240.8103676018786530, 45.24847425107819276 ) ) ;
#2039 = CARTESIAN_POINT ( 'NONE',  ( 4375.732758440035468, -226.9671956964816104, -36.35489812031230628 ) ) ;
#2040 = CARTESIAN_POINT ( 'NONE',  ( 4382.311392698704367, -218.0942903955262864, 30.17312381910482699 ) ) ;
#2041 = CARTESIAN_POINT ( 'NONE',  ( 4367.310891495614669, -230.3114315817461772, 41.64555466914928417 ) ) ;
#2042 = ORIENTED_EDGE ( 'NONE', *, *, #6055, .T. ) ;
#2043 = CARTESIAN_POINT ( 'NONE',  ( 4382.650128525932814, -261.8160133461489067, -32.62294910965567851 ) ) ;
#2044 = CARTESIAN_POINT ( 'NONE',  ( 4382.323341468259059, -232.3734591651775929, -38.32057749051097062 ) ) ;
#2045 = CARTESIAN_POINT ( 'NONE',  ( 4375.874791616204675, -219.3512855154253884, 35.03140588263449473 ) ) ;
#2046 = CARTESIAN_POINT ( 'NONE',  ( 4382.473534865479451, -220.7510635825144902, -35.51875618686518266 ) ) ;
#2047 = CARTESIAN_POINT ( 'NONE',  ( 4384.807348502535206, -252.3635850212752700, -45.61482029132401550 ) ) ;
#2048 = CARTESIAN_POINT ( 'NONE',  ( 4371.380715450169191, -205.3657831881424158, 18.93772550268245780 ) ) ;
#2049 = VECTOR ( 'NONE', #5342, 1000.000000000000000 ) ;
#2050 = CARTESIAN_POINT ( 'NONE',  ( 4386.689720437139840, -208.9241758549943881, 19.13566662800886320 ) ) ;
#2051 = CARTESIAN_POINT ( 'NONE',  ( 4367.459404863310738, -263.1671829209877274, 33.71709856905378189 ) ) ;
#2052 = CARTESIAN_POINT ( 'NONE',  ( 4393.452367846069137, -220.5955742907300987, 34.64868517471776954 ) ) ;
#2053 = CIRCLE ( 'NONE', #7142, 0.4000000000000010214 ) ;
#2054 = CARTESIAN_POINT ( 'NONE',  ( 4382.602450161321940, -249.3647405784625448, 45.51623907283826043 ) ) ;
#2055 = CARTESIAN_POINT ( 'NONE',  ( 4382.315025328195588, -222.0960585011961825, -33.05890022039755394 ) ) ;
#2056 = CARTESIAN_POINT ( 'NONE',  ( 4393.281945084938343, -218.3427733724764153, 33.13909430535332490 ) ) ;
#2057 = CARTESIAN_POINT ( 'NONE',  ( 4389.011738403837626, -212.5897117449783309, -28.53615926573964501 ) ) ;
#2058 = CARTESIAN_POINT ( 'NONE',  ( 4393.490715671332509, -227.7987938685564586, -38.53498805023337326 ) ) ;
#2059 = CARTESIAN_POINT ( 'NONE',  ( 4367.119763671760666, -221.8630767699927731, -33.90270800891437375 ) ) ;
#2060 = CARTESIAN_POINT ( 'NONE',  ( 4393.293351052705475, -220.2421716549479527, 34.43321764322170964 ) ) ;
#2061 = AXIS2_PLACEMENT_3D ( 'NONE', #2965, #3736, #8544 ) ;
#2062 = CARTESIAN_POINT ( 'NONE',  ( 4366.929938368863986, -207.8145139067615332, 17.72618076836509360 ) ) ;
#2063 = CARTESIAN_POINT ( 'NONE',  ( 4367.467819822858473, -255.8867657733923124, 47.63075206517660121 ) ) ;
#2064 = ORIENTED_EDGE ( 'NONE', *, *, #1420, .F. ) ;
#2065 = CARTESIAN_POINT ( 'NONE',  ( 4387.003360483890901, -251.8954258729004891, 45.35765917580636142 ) ) ;
#2066 = CARTESIAN_POINT ( 'NONE',  ( 4382.311968620279004, -218.7164017951464245, -30.65086167304883347 ) ) ;
#2067 = CARTESIAN_POINT ( 'NONE',  ( 4367.274093966958390, -269.0919433260470441, -22.18328754196562258 ) ) ;
#2068 = CARTESIAN_POINT ( 'NONE',  ( 4391.268136702008633, -222.6230248378337819, -36.03775929324324778 ) ) ;
#2069 = CARTESIAN_POINT ( 'NONE',  ( 4367.140863567598899, -253.5142480890831393, -44.62510478212432474 ) ) ;
#2070 = CARTESIAN_POINT ( 'NONE',  ( 4367.217511410041880, -278.3302025323395696, 0.003873743972448800109 ) ) ;
#2071 = EDGE_CURVE ( 'NONE', #8010, #4128, #2077, .T. ) ;
#2072 = CARTESIAN_POINT ( 'NONE',  ( 4388.878691591420647, -206.9406795260034642, 13.81352079294975788 ) ) ;
#2073 = CARTESIAN_POINT ( 'NONE',  ( 4375.728789481969216, -222.4360469227243584, 33.73462472724806105 ) ) ;
#2074 = CARTESIAN_POINT ( 'NONE',  ( 4393.314912959111098, -252.1767501812039427, -41.90215801765021553 ) ) ;
#2075 = CARTESIAN_POINT ( 'NONE',  ( 4387.039399222567226, -260.4341632778879898, 34.19535980306289957 ) ) ;
#2076 = CARTESIAN_POINT ( 'NONE',  ( 4367.093705045296701, -205.2979960150236138, -9.526114419538195932 ) ) ;
#2077 = B_SPLINE_CURVE_WITH_KNOTS ( 'NONE', 3,
 ( #5639, #7128, #3700, #6449, #1693, #5946, #869, #3657, #360, #4433 ),
 .UNSPECIFIED., .F., .F.,
 ( 4, 2, 2, 2, 4 ),
 ( -0.01469711131005747851, 0.4911614457307451609, 0.6176260849909468442, 0.7440907242511486386, 0.9970200027715540037 ),
 .UNSPECIFIED. ) ;
#2078 = CARTESIAN_POINT ( 'NONE',  ( 4388.995066896690332, -210.2886251476199106, 26.04213882138482816 ) ) ;
#2079 = CARTESIAN_POINT ( 'NONE',  ( 4386.685698528080138, -207.4094853281140445, -15.46155464159306092 ) ) ;
#2080 = CARTESIAN_POINT ( 'NONE',  ( 4393.146544367223214, -261.4441047062312578, -24.86417418030638515 ) ) ;
#2081 = VERTEX_POINT ( 'NONE', #3146 ) ;
#2082 = EDGE_CURVE ( 'NONE', #1779, #8010, #1188, .T. ) ;
#2083 = PLANE ( 'NONE',  #3127 ) ;
#2084 = ORIENTED_EDGE ( 'NONE', *, *, #3005, .T. ) ;
#2085 = CARTESIAN_POINT ( 'NONE',  ( 4393.307605464902736, -222.7561664018024032, -35.96195077657672812 ) ) ;
#2086 = CARTESIAN_POINT ( 'NONE',  ( 4393.287948860979668, -223.6689443764602458, 33.25605082463647477 ) ) ;
#2087 = CARTESIAN_POINT ( 'NONE',  ( 4382.315478572828397, -222.6121863920799910, 33.39743938472619078 ) ) ;
#2088 = DIRECTION ( 'NONE',  ( -0.000000000000000000, -0.000000000000000000, 1.000000000000000000 ) ) ;
#2089 = CARTESIAN_POINT ( 'NONE',  ( 4367.280098720238129, -223.3941649866283967, 38.16506155617901896 ) ) ;
#2090 = ORIENTED_EDGE ( 'NONE', *, *, #2305, .T. ) ;
#2091 = CARTESIAN_POINT ( 'NONE',  ( 4380.457413831029953, -262.0061091641970847, -32.78913882957971992 ) ) ;
#2092 = CARTESIAN_POINT ( 'NONE',  ( 4393.294994114801739, -231.6322570441458595, -37.13793315110435600 ) ) ;
#2093 = EDGE_CURVE ( 'NONE', #6854, #6466, #6580, .T. ) ;
#2094 = CARTESIAN_POINT ( 'NONE',  ( 4375.843853892364677, -213.7946126697527802, 30.54259688518131810 ) ) ;
#2095 = DIRECTION ( 'NONE',  ( 0.000000000000000000, 0.000000000000000000, -1.000000000000000000 ) ) ;
#2096 = CARTESIAN_POINT ( 'NONE',  ( 4393.453484596859198, -220.7743839429590196, -34.75474914545580418 ) ) ;
#2097 = CARTESIAN_POINT ( 'NONE',  ( 4376.029906134323028, -252.7035515205174931, -46.52017847419623564 ) ) ;
#2098 = CARTESIAN_POINT ( 'NONE',  ( 4371.548361174818638, -233.3145146320464676, 42.53888705383935331 ) ) ;
#2099 = CARTESIAN_POINT ( 'NONE',  ( 4386.705337169799350, -222.9600885802840082, 33.30663042139863705 ) ) ;
#2100 = CARTESIAN_POINT ( 'NONE',  ( 4389.427350238954205, -302.9155512315545593, -22.40391400045749037 ) ) ;
#2101 = CARTESIAN_POINT ( 'NONE',  ( 4393.467987032807287, -223.4329034702542458, 36.34166849732045534 ) ) ;
#2102 = CARTESIAN_POINT ( 'NONE',  ( 4382.497937024946623, -225.6474543182950185, 38.34905213926506917 ) ) ;
#2103 = CARTESIAN_POINT ( 'NONE',  ( 4393.287037107919787, -222.6162147130606570, -32.60949583885211922 ) ) ;
#2104 = CARTESIAN_POINT ( 'NONE',  ( 4393.269392192688429, -216.3452256822715185, 31.63636326253770648 ) ) ;
#2105 = CARTESIAN_POINT ( 'NONE',  ( 4384.625460074663351, -213.1953025322441988, -29.40376255875189315 ) ) ;
#2106 = CARTESIAN_POINT ( 'NONE',  ( 4380.333629654503056, -232.5474329168073382, -41.55821878175109418 ) ) ;
#2107 = CARTESIAN_POINT ( 'NONE',  ( 4393.363630543472937, -253.5661424551292100, 44.18250256702857115 ) ) ;
#2108 = CARTESIAN_POINT ( 'NONE',  ( 4371.369205561546551, -251.6640163740941887, 44.04644666232752570 ) ) ;
#2109 = CARTESIAN_POINT ( 'NONE',  ( 4393.290223087138656, -219.7271289013646651, -34.08588276748379542 ) ) ;
#2110 = ORIENTED_EDGE ( 'NONE', *, *, #5554, .T. ) ;
#2111 = CARTESIAN_POINT ( 'NONE',  ( 4387.004091935144061, -252.1230797992445787, 45.37826929516014474 ) ) ;
#2112 = CARTESIAN_POINT ( 'NONE',  ( 4388.895731322192660, -218.7152757531451357, -30.21320547239149334 ) ) ;
#2113 = CARTESIAN_POINT ( 'NONE',  ( 4391.077578935555721, -203.4972981745069660, -9.960676074422901038 ) ) ;
#2114 = CARTESIAN_POINT ( 'NONE',  ( 4382.487849381411252, -223.5773193752918928, -37.22338477133072843 ) ) ;
#2115 = CARTESIAN_POINT ( 'NONE',  ( 4367.270013820684653, -221.1967080508952108, -36.81116425644852086 ) ) ;
#2116 = LINE ( 'NONE', #6222, #8244 ) ;
#2117 = CARTESIAN_POINT ( 'NONE',  ( 4391.119108301173583, -250.8893718567263420, 42.01316742520585734 ) ) ;
#2118 = CARTESIAN_POINT ( 'NONE',  ( 4375.730289096379238, -224.1739753842718983, 34.80968077448482489 ) ) ;
#2119 = CARTESIAN_POINT ( 'NONE',  ( 4393.608602090350360, -262.8840890573110300, 28.04458184606419380 ) ) ;
#2120 = CARTESIAN_POINT ( 'NONE',  ( 4367.278154464224826, -222.9693219790223964, 37.91515379217913306 ) ) ;
#2121 = CARTESIAN_POINT ( 'NONE',  ( 4388.911971826701119, -204.0345610529468274, 13.65173362207930730 ) ) ;
#2122 = CARTESIAN_POINT ( 'NONE',  ( 4384.490994588381909, -207.4098561459829000, -15.59745869767800741 ) ) ;
#2123 = CARTESIAN_POINT ( 'NONE',  ( 4393.135416396112305, -236.0022086302761295, 38.76656515519577795 ) ) ;
#2124 = ORIENTED_EDGE ( 'NONE', *, *, #1420, .T. ) ;
#2125 = CARTESIAN_POINT ( 'NONE',  ( 4387.927350238953295, -305.5155512315545252, 22.40391400045749037 ) ) ;
#2126 = VECTOR ( 'NONE', #457, 1000.000000000000000 ) ;
#2127 = ORIENTED_EDGE ( 'NONE', *, *, #7720, .F. ) ;
#2128 = CARTESIAN_POINT ( 'NONE',  ( 4393.300764325147611, -221.5040651697557621, -35.21880953754843091 ) ) ;
#2129 = CARTESIAN_POINT ( 'NONE',  ( 4393.281087580187886, -216.2866985684840415, 27.91679393438793966 ) ) ;
#2130 = CARTESIAN_POINT ( 'NONE',  ( 4391.094142860991269, -223.6693572201565416, -33.41199922956365498 ) ) ;
#2131 = CARTESIAN_POINT ( 'NONE',  ( 4382.316489886709860, -223.7898690612442181, 34.12313312333877491 ) ) ;
#2132 = CARTESIAN_POINT ( 'NONE',  ( 4393.129641517535674, -228.4281076065479681, -35.76567071354567418 ) ) ;
#2133 = CARTESIAN_POINT ( 'NONE',  ( 4367.245352213334627, -216.2633248874747380, 33.23248006062213733 ) ) ;
#2134 = ORIENTED_EDGE ( 'NONE', *, *, #4043, .T. ) ;
#2135 = CARTESIAN_POINT ( 'NONE',  ( 4393.301247648278149, -238.2254384710453223, -39.41036568926988082 ) ) ;
#2136 = CARTESIAN_POINT ( 'NONE',  ( 4375.882152057604799, -220.7376348379812043, -35.95788484585151679 ) ) ;
#2137 = CARTESIAN_POINT ( 'NONE',  ( 4367.245179190068484, -252.9541561560217247, -47.38783130162170210 ) ) ;
#2138 = CARTESIAN_POINT ( 'NONE',  ( 4366.993065199160810, -205.7224911950151807, 19.97152404061605324 ) ) ;
#2139 = CARTESIAN_POINT ( 'NONE',  ( 4386.709755506099100, -228.4912819902432375, 36.30517405195512737 ) ) ;
#2140 = EDGE_CURVE ( 'NONE', #3489, #6546, #1081, .T. ) ;
#2141 = CARTESIAN_POINT ( 'NONE',  ( 4367.150387299792783, -253.3421697383445519, 46.49205471535632483 ) ) ;
#2142 = CARTESIAN_POINT ( 'NONE',  ( 4391.137103456066143, -205.3612400791974153, 17.75478898946862216 ) ) ;
#2143 = CARTESIAN_POINT ( 'NONE',  ( 4382.467647972159284, -219.7080090534542478, 34.83665649749649873 ) ) ;
#2144 = CARTESIAN_POINT ( 'NONE',  ( 4375.728325287257576, -221.9269287546295004, -33.39426077850220054 ) ) ;
#2145 = CARTESIAN_POINT ( 'NONE',  ( 4393.136998448458144, -238.2305878061113447, 39.43451803581773163 ) ) ;
#2146 = CARTESIAN_POINT ( 'NONE',  ( 4382.417398558832247, -211.4340517845657530, -27.70747400056557552 ) ) ;
#2147 = CARTESIAN_POINT ( 'NONE',  ( 4393.516055243228038, -232.8677168240377853, -40.58689021569794875 ) ) ;
#2148 = FACE_OUTER_BOUND ( 'NONE', #3532, .T. ) ;
#2149 = CARTESIAN_POINT ( 'NONE',  ( 4393.167506027254603, -252.4608059618742004, 42.17178979042208198 ) ) ;
#2150 = EDGE_CURVE ( 'NONE', #6321, #5511, #1647, .T. ) ;
#2151 = CARTESIAN_POINT ( 'NONE',  ( 4366.944371128152852, -220.9467070818972729, 33.28965143673978133 ) ) ;
#2152 = CARTESIAN_POINT ( 'NONE',  ( 4367.357770062637428, -256.0415472031011745, 45.77255416540948119 ) ) ;
#2153 = CARTESIAN_POINT ( 'NONE',  ( 4387.004482759352868, -252.2738460082738072, 45.39153349719183694 ) ) ;
#2154 = CARTESIAN_POINT ( 'NONE',  ( 4391.087223134474698, -216.2894734091009639, -28.05709195691797930 ) ) ;
#2155 =( NAMED_UNIT ( * ) PLANE_ANGLE_UNIT ( ) SI_UNIT ( $, .RADIAN. ) );
#2156 = CARTESIAN_POINT ( 'NONE',  ( 4386.695846477171472, -203.5854536174628322, -11.12826617891293779 ) ) ;
#2157 = CARTESIAN_POINT ( 'NONE',  ( 4367.102909726759208, -222.7481310925772675, -37.78669862079478747 ) ) ;
#2158 = CARTESIAN_POINT ( 'NONE',  ( 4367.255490368352184, -218.2424846775363960, -34.76735735087681434 ) ) ;
#2159 = DIRECTION ( 'NONE',  ( 0.000000000000000000, 0.000000000000000000, 1.000000000000000000 ) ) ;
#2160 = CARTESIAN_POINT ( 'NONE',  ( 4388.896604664861115, -219.6556321060636492, 30.92984483587801137 ) ) ;
#2161 = CARTESIAN_POINT ( 'NONE',  ( 4375.713270887386898, -208.1191982897533990, 17.98722790780011849 ) ) ;
#2162 = CARTESIAN_POINT ( 'NONE',  ( 4382.338605831187124, -253.2857843821153097, -43.11903638973122099 ) ) ;
#2163 = CARTESIAN_POINT ( 'NONE',  ( 4387.026687065132137, -263.4534405937130828, 28.49047989835912276 ) ) ;
#2164 = CARTESIAN_POINT ( 'NONE',  ( 4367.303057250628626, -228.5466637024983925, 40.85495839479045799 ) ) ;
#2165 = CARTESIAN_POINT ( 'NONE',  ( 4389.057134620179568, -219.8903384447787914, 34.50447618840374275 ) ) ;
#2166 = CARTESIAN_POINT ( 'NONE',  ( 4371.318163109383022, -206.7589442152965944, -14.05875206114095377 ) ) ;
#2167 = CARTESIAN_POINT ( 'NONE',  ( 4393.136479908154797, -271.4277653911112225, -6.147847331009590022 ) ) ;
#2168 = DIRECTION ( 'NONE',  ( -1.000000000000000000, 0.000000000000000000, 0.000000000000000000 ) ) ;
#2169 = CARTESIAN_POINT ( 'NONE',  ( 4367.093704726809847, -203.4313293483530458, -9.526115379932971194 ) ) ;
#2170 = CARTESIAN_POINT ( 'NONE',  ( 4393.102345200823947, -203.4313328929749218, -8.934683644363156318 ) ) ;
#2171 = CARTESIAN_POINT ( 'NONE',  ( 4393.288555764223929, -224.4079132931617551, 33.68368694540156127 ) ) ;
#2172 = CARTESIAN_POINT ( 'NONE',  ( 4380.120369662467056, -223.1150960923793320, -33.85570871880909039 ) ) ;
#2173 = CARTESIAN_POINT ( 'NONE',  ( 4382.323341469911611, -232.3734591651326014, 38.32840549127803342 ) ) ;
#2174 = CARTESIAN_POINT ( 'NONE',  ( 4393.126658433289776, -224.7940726287319535, -33.90578106507499712 ) ) ;
#2175 = CARTESIAN_POINT ( 'NONE',  ( 4367.282622049898237, -223.9549434521294700, 38.48818096811443468 ) ) ;
#2176 = EDGE_LOOP ( 'NONE', ( #2219, #419, #6324, #3261 ) ) ;
#2177 = CARTESIAN_POINT ( 'NONE',  ( 4371.375190849949831, -258.6999943796989783, -35.24638180938538312 ) ) ;
#2178 = CARTESIAN_POINT ( 'NONE',  ( 4375.877423928783173, -219.8663376936840450, -35.37836824986476358 ) ) ;
#2179 = CARTESIAN_POINT ( 'NONE',  ( 4391.399823256000673, -251.6501172948826763, -44.87954607232267534 ) ) ;
#2180 = CARTESIAN_POINT ( 'NONE',  ( 4371.639838674117527, -253.7315555469027402, 47.04630992213851925 ) ) ;
#2181 = CARTESIAN_POINT ( 'NONE',  ( 4386.706524485215596, -224.4192948949962840, 34.17714209323481356 ) ) ;
#2182 = CARTESIAN_POINT ( 'NONE',  ( 4367.146985832198880, -263.7426965776268162, 26.49228245252731995 ) ) ;
#2183 = CARTESIAN_POINT ( 'NONE',  ( 4382.613245383075082, -254.8141590652028867, 46.05756881837127281 ) ) ;
#2184 = CARTESIAN_POINT ( 'NONE',  ( 4380.119820942386468, -222.4375810504297135, -33.42865677218908615 ) ) ;
#2185 = CARTESIAN_POINT ( 'NONE',  ( 4393.144969114230662, -253.0469899801147733, 42.00463865667018837 ) ) ;
#2186 = CARTESIAN_POINT ( 'NONE',  ( 4391.214759953024441, -213.7997754395138941, -29.57154178848058734 ) ) ;
#2187 = ADVANCED_FACE ( 'NONE', ( #1603 ), #910, .F. ) ;
#2188 = CARTESIAN_POINT ( 'NONE',  ( 4375.931118776380572, -230.8630574238993916, -41.23818895092017556 ) ) ;
#2189 = CARTESIAN_POINT ( 'NONE',  ( 4393.310699832237333, -253.2711538728798644, 43.63960152032820616 ) ) ;
#2190 = CARTESIAN_POINT ( 'NONE',  ( 4366.939650826914658, -215.7130323335424009, 29.02222615075414680 ) ) ;
#2191 = AXIS2_PLACEMENT_3D ( 'NONE', #124, #169, #6480 ) ;
#2192 = CARTESIAN_POINT ( 'NONE',  ( 4393.125829006090498, -223.7840195400669359, -33.32781472011369317 ) ) ;
#2193 = CARTESIAN_POINT ( 'NONE',  ( 4384.697810367209968, -226.1948172772652583, 38.45983237435865476 ) ) ;
#2194 = CARTESIAN_POINT ( 'NONE',  ( 4375.724921965441354, -218.0939850662270771, -30.58594563063595473 ) ) ;
#2195 = CARTESIAN_POINT ( 'NONE',  ( 4375.767735980127327, -253.4600146691197722, 44.14958761150996480 ) ) ;
#2196 = CARTESIAN_POINT ( 'NONE',  ( 4388.886835590572446, -203.5353706154164684, -10.54704534559899187 ) ) ;
#2197 = LINE ( 'NONE', #940, #5110 ) ;
#2198 = CARTESIAN_POINT ( 'NONE',  ( 4367.105524957752095, -223.3129666997396612, -38.12097581100984200 ) ) ;
#2199 = CARTESIAN_POINT ( 'NONE',  ( 4367.273151937596595, -221.8730331591693243, -37.24122261697984015 ) ) ;
#2200 = ADVANCED_BREP_SHAPE_REPRESENTATION ( 'BracketFloatToMotor', ( #4573, #1595, #4590, #4568 ), #4860 ) ;
#2201 = CARTESIAN_POINT ( 'NONE',  ( 4367.297172023796520, -279.3746247440047341, 0.003873293103321907328 ) ) ;
#2202 = AXIS2_PLACEMENT_3D ( 'NONE', #8240, #5502, #1988 ) ;
#2203 = CARTESIAN_POINT ( 'NONE',  ( 4391.119909338397520, -251.7596180173273694, 42.09956825049433604 ) ) ;
#2204 = CARTESIAN_POINT ( 'NONE',  ( 4375.730626572794790, -224.5722820706446328, 35.04356482783317972 ) ) ;
#2205 = CARTESIAN_POINT ( 'NONE',  ( 4391.120691143283693, -253.1999576889629111, -42.21992820414651959 ) ) ;
#2206 = CARTESIAN_POINT ( 'NONE',  ( 4367.266490765846356, -267.7617324627312314, 24.78765982016826186 ) ) ;
#2207 = CARTESIAN_POINT ( 'NONE',  ( 4393.133450613389869, -275.6711831873399206, -1.774369842647274043 ) ) ;
#2208 = CARTESIAN_POINT ( 'NONE',  ( 4389.061312699785958, -220.5865134229080979, 34.95960458466139897 ) ) ;
#2209 = CARTESIAN_POINT ( 'NONE',  ( 4391.075572932023533, -207.6713188161345158, -15.93929007309079893 ) ) ;
#2210 = CARTESIAN_POINT ( 'NONE',  ( 4393.126658429891904, -224.7940652649419349, 33.91360495758004134 ) ) ;
#2211 = ORIENTED_EDGE ( 'NONE', *, *, #622, .F. ) ;
#2212 = ORIENTED_EDGE ( 'NONE', *, *, #8723, .F. ) ;
#2213 = CARTESIAN_POINT ( 'NONE',  ( 4393.291222988923437, -219.8976348641310494, -34.19933062594668627 ) ) ;
#2214 = CARTESIAN_POINT ( 'NONE',  ( 4393.273738461566609, -209.6943430115079536, 20.10348059943547128 ) ) ;
#2215 = CARTESIAN_POINT ( 'NONE',  ( 4380.120239907294490, -222.9568414006988064, -33.75727783074560762 ) ) ;
#2216 = CARTESIAN_POINT ( 'NONE',  ( 4382.335693839008854, -248.5341222686409139, 42.59196450438252413 ) ) ;
#2217 = CARTESIAN_POINT ( 'NONE',  ( 4393.116452200002641, -214.5577547451750036, -26.31298520562584642 ) ) ;
#2218 = CARTESIAN_POINT ( 'NONE',  ( 4367.107016427805320, -203.4761569629578730, 11.32722032627520292 ) ) ;
#2219 = ORIENTED_EDGE ( 'NONE', *, *, #8421, .T. ) ;
#2220 = CARTESIAN_POINT ( 'NONE',  ( 4384.852885151434748, -257.5888439067986724, -40.10646309227188056 ) ) ;
#2221 = CARTESIAN_POINT ( 'NONE',  ( 4380.142554265976287, -262.7547277195483844, -25.35741671775694428 ) ) ;
#2222 = CARTESIAN_POINT ( 'NONE',  ( 4384.524216750262894, -240.8214270620948696, -40.85482113396918891 ) ) ;
#2223 = DIRECTION ( 'NONE',  ( -0.000000000000000000, 1.000000000000000000, -0.000000000000000000 ) ) ;
#2224 = CARTESIAN_POINT ( 'NONE',  ( 4380.418217375574386, -252.3794414874647032, -46.05478653746034468 ) ) ;
#2225 = CARTESIAN_POINT ( 'NONE',  ( 4366.954599867554862, -203.8269648416866460, 14.03203448350805616 ) ) ;
#2226 = CARTESIAN_POINT ( 'NONE',  ( 4386.719046891960716, -240.7350850142002514, 40.64320311644989658 ) ) ;
#2227 = CARTESIAN_POINT ( 'NONE',  ( 4367.140946178028571, -253.6691516120911274, 44.64755067456061965 ) ) ;
#2228 = CARTESIAN_POINT ( 'NONE',  ( 4382.613559495098343, -252.6007717251803513, 45.86408592564210807 ) ) ;
#2229 = CARTESIAN_POINT ( 'NONE',  ( 4393.127299052432136, -225.5608007954478751, 34.33395216220340984 ) ) ;
#2230 = CARTESIAN_POINT ( 'NONE',  ( 4375.836451762947945, -212.5888362452036802, -29.34904478869869493 ) ) ;
#2231 = CARTESIAN_POINT ( 'NONE',  ( 4393.510455794265908, -231.7289356053693723, -40.17087680514976000 ) ) ;
#2232 = CARTESIAN_POINT ( 'NONE',  ( 4393.167501276521762, -252.4570292773122162, 42.17140609274583340 ) ) ;
#2233 = CARTESIAN_POINT ( 'NONE',  ( 4366.948077483572888, -224.9927573983657965, 35.87188571482350596 ) ) ;
#2234 = CARTESIAN_POINT ( 'NONE',  ( 4393.122224589425969, -219.9704500176586350, -30.85843689021166014 ) ) ;
#2235 = CARTESIAN_POINT ( 'NONE',  ( 4384.679705286608623, -222.4906439664304116, 36.44654329930770587 ) ) ;
#2236 = CARTESIAN_POINT ( 'NONE',  ( 4380.117324488713166, -219.6553561212770376, -31.50836680570761317 ) ) ;
#2237 = SURFACE_STYLE_FILL_AREA ( #7718 ) ;
#2238 = CARTESIAN_POINT ( 'NONE',  ( 4388.874948890748783, -203.4447622539801728, -9.198515627661938865 ) ) ;
#2239 = CARTESIAN_POINT ( 'NONE',  ( 4393.145009353885143, -252.3500385631349729, -41.93510229781848153 ) ) ;
#2240 = CARTESIAN_POINT ( 'NONE',  ( 4367.103531932116312, -222.8883483743348677, -37.87026160692515475 ) ) ;
#2241 = CARTESIAN_POINT ( 'NONE',  ( 4367.121404814412017, -224.0002339455538731, -35.26606488442862997 ) ) ;
#2242 = PLANE ( 'NONE',  #7354 ) ;
#2243 = CARTESIAN_POINT ( 'NONE',  ( 4375.726025472793481, -219.3388947384237326, 31.56685243895222825 ) ) ;
#2244 = CARTESIAN_POINT ( 'NONE',  ( 4367.275963561444769, -266.2307115780992035, 27.78082772117227250 ) ) ;
#2245 = CARTESIAN_POINT ( 'NONE',  ( 4367.185703919133630, -207.2863069561588816, 23.06585742161565378 ) ) ;
#2246 = VECTOR ( 'NONE', #6961, 1000.000000000000000 ) ;
#2247 = CARTESIAN_POINT ( 'NONE',  ( 4389.109630621470387, -230.0917304900198985, 39.89457883588885068 ) ) ;
#2248 = CARTESIAN_POINT ( 'NONE',  ( 4391.072333667288149, -206.7662373720653477, -12.89026903673924451 ) ) ;
#2249 = CARTESIAN_POINT ( 'NONE',  ( 4393.130897557185563, -230.0180442167275601, 36.48820037081790701 ) ) ;
#2250 = ORIENTED_EDGE ( 'NONE', *, *, #7377, .F. ) ;
#2251 = CARTESIAN_POINT ( 'NONE',  ( 4367.438643291347944, -302.9155512315545593, 20.50391400045749180 ) ) ;
#2252 = ORIENTED_EDGE ( 'NONE', *, *, #8334, .F. ) ;
#2253 = CARTESIAN_POINT ( 'NONE',  ( 4393.431402449693451, -251.4291637214434161, -44.64906426913690041 ) ) ;
#2254 = CARTESIAN_POINT ( 'NONE',  ( 4393.285192156633457, -220.6230332488674151, 31.31143594093071414 ) ) ;
#2255 = CARTESIAN_POINT ( 'NONE',  ( 4380.120752716758943, -223.5431513783303217, -34.11898455563316901 ) ) ;
#2256 = CARTESIAN_POINT ( 'NONE',  ( 4382.312831533830831, -219.6557861686354443, 31.37298572863763013 ) ) ;
#2257 = ADVANCED_FACE ( 'NONE', ( #2337 ), #3742, .F. ) ;
#2258 = CARTESIAN_POINT ( 'NONE',  ( 4393.121583475787702, -219.3377738015094280, -30.39701268694433267 ) ) ;
#2259 = CARTESIAN_POINT ( 'NONE',  ( 4367.127016198638557, -231.9907342262429779, 39.32374881124687249 ) ) ;
#2260 = CARTESIAN_POINT ( 'NONE',  ( 4367.398862225572884, -251.4813351320248103, -47.21953018984464023 ) ) ;
#2261 = VERTEX_POINT ( 'NONE', #2469 ) ;
#2262 = CARTESIAN_POINT ( 'NONE',  ( 4387.050299975402595, -255.4059271116839227, -43.69605578956429071 ) ) ;
#2263 = CARTESIAN_POINT ( 'NONE',  ( 4371.377717121196838, -256.7424994922064343, -38.98711340856122121 ) ) ;
#2264 = AXIS2_PLACEMENT_3D ( 'NONE', #2919, #8495, #859 ) ;
#2265 = CARTESIAN_POINT ( 'NONE',  ( 4367.127818844056492, -233.1377137916969957, -39.78555742017702812 ) ) ;
#2266 = CARTESIAN_POINT ( 'NONE',  ( 4389.201640988179861, -252.1108044302446274, -45.14616679960141710 ) ) ;
#2267 = CARTESIAN_POINT ( 'NONE',  ( 4371.607016857767121, -245.6369920959648425, 45.99820603309698441 ) ) ;
#2268 = CARTESIAN_POINT ( 'NONE',  ( 4386.708502258959925, -226.8956736477990717, 35.52185512549431934 ) ) ;
#2269 = AXIS2_PLACEMENT_3D ( 'NONE', #3013, #2293, #8682 ) ;
#2270 = CARTESIAN_POINT ( 'NONE',  ( 4367.119630400278766, -221.7010314102111010, 33.80101442873708351 ) ) ;
#2271 = CARTESIAN_POINT ( 'NONE',  ( 4380.205200904641970, -209.2289369890206103, 25.23238320519618227 ) ) ;
#2272 = CARTESIAN_POINT ( 'NONE',  ( 4393.121273174464477, -219.0245300624324045, 30.17016630092422957 ) ) ;
#2273 = CARTESIAN_POINT ( 'NONE',  ( 4393.422185809019538, -215.6947691209003324, -31.08958863998032385 ) ) ;
#2274 = CARTESIAN_POINT ( 'NONE',  ( 4391.331263194075291, -235.2060619121245395, -41.61493466006196229 ) ) ;
#2275 = CARTESIAN_POINT ( 'NONE',  ( 4393.167485084130021, -252.4579985407801530, 42.17133507264962589 ) ) ;
#2276 = B_SPLINE_CURVE_WITH_KNOTS ( 'NONE', 3,
 ( #6720, #456, #5491, #3243 ),
 .UNSPECIFIED., .F., .F.,
 ( 4, 4 ),
 ( 3.372667617051483839E-05, 9.955161876612425847E-05 ),
 .UNSPECIFIED. ) ;
#2277 = CARTESIAN_POINT ( 'NONE',  ( 4366.954706963922035, -231.5015043775741219, 39.12829664180117817 ) ) ;
#2278 = CARTESIAN_POINT ( 'NONE',  ( 4393.116452200002641, -214.5577547451750036, -26.31298520562584642 ) ) ;
#2279 = CARTESIAN_POINT ( 'NONE',  ( 4384.708622696307430, -228.4428691098584352, 39.52923289315540956 ) ) ;
#2280 = CARTESIAN_POINT ( 'NONE',  ( 4384.508767906659159, -220.2944165718397471, -31.68426516489594746 ) ) ;
#2281 = FILL_AREA_STYLE_COLOUR ( '', #2776 ) ;
#2282 = CARTESIAN_POINT ( 'NONE',  ( 4380.112336436784062, -203.5828987466921944, -11.51958782332901343 ) ) ;
#2283 = CARTESIAN_POINT ( 'NONE',  ( 4367.252078503346638, -217.5766890797657709, -34.26359137843850533 ) ) ;
#2284 = CARTESIAN_POINT ( 'NONE',  ( 4375.894097402893749, -223.1669457236016569, -37.45202627296870901 ) ) ;
#2285 = CARTESIAN_POINT ( 'NONE',  ( 4367.107645908320592, -209.6942315006351691, -21.62408807361953933 ) ) ;
#2286 = CARTESIAN_POINT ( 'NONE',  ( 4398.227350238953477, -305.5155512315545252, -26.00391400045749535 ) ) ;
#2287 = CARTESIAN_POINT ( 'NONE',  ( 4371.322238380374984, -208.1174996580364507, 18.23257082443772958 ) ) ;
#2288 = CARTESIAN_POINT ( 'NONE',  ( 4384.797558683747411, -270.7050344050840636, 15.25046219117815305 ) ) ;
#2289 = FACE_OUTER_BOUND ( 'NONE', #5647, .T. ) ;
#2290 = CARTESIAN_POINT ( 'NONE',  ( 4389.071775614876060, -222.4946400329245648, 36.13197543694244729 ) ) ;
#2291 = CARTESIAN_POINT ( 'NONE',  ( 4382.300298999458391, -208.9274973314776673, -19.39743177292006848 ) ) ;
#2292 = CARTESIAN_POINT ( 'NONE',  ( 4393.124935318764983, -222.7904573635041743, 32.73735530642830582 ) ) ;
#2293 = DIRECTION ( 'NONE',  ( -0.000000000000000000, 1.000000000000000000, -0.000000000000000000 ) ) ;
#2294 = EDGE_CURVE ( 'NONE', #3451, #5597, #8725, .T. ) ;
#2295 = CARTESIAN_POINT ( 'NONE',  ( 4367.443889906752702, -255.5856734535553301, 47.62398768844570895 ) ) ;
#2296 = CARTESIAN_POINT ( 'NONE',  ( 4393.432452217525679, -251.7290409026610121, -44.67622375582526928 ) ) ;
#2297 = CARTESIAN_POINT ( 'NONE',  ( 4393.311310185466027, -248.4401422767464851, 41.49789071054273393 ) ) ;
#2298 = CARTESIAN_POINT ( 'NONE',  ( 4375.730397925919533, -224.3062696893088344, -34.87976360976843893 ) ) ;
#2299 = CARTESIAN_POINT ( 'NONE',  ( 4380.105179180978666, -208.9282011975146816, 19.53515387029142758 ) ) ;
#2300 = CARTESIAN_POINT ( 'NONE',  ( 4393.124935323055979, -222.7904671332574651, -32.72953332298477847 ) ) ;
#2301 = CARTESIAN_POINT ( 'NONE',  ( 4367.120541786368449, -222.8852649948031228, 34.58054067420852107 ) ) ;
#2302 = CARTESIAN_POINT ( 'NONE',  ( 4391.153146511537670, -206.4337306409685482, 20.15781929347702928 ) ) ;
#2303 = CARTESIAN_POINT ( 'NONE',  ( 4366.966368870477709, -269.7259279713320552, -14.81952380342785247 ) ) ;
#2304 = CARTESIAN_POINT ( 'NONE',  ( 4366.966622506372005, -241.5152339520913358, -42.54003324424649435 ) ) ;
#2305 = EDGE_CURVE ( 'NONE', #1950, #4949, #5556, .T. ) ;
#2306 = CARTESIAN_POINT ( 'NONE',  ( 4367.101555125195773, -207.1438822248739200, -15.81080853477173243 ) ) ;
#2307 = CARTESIAN_POINT ( 'NONE',  ( 4380.419510805420032, -253.8050299233653959, -46.17978234270163540 ) ) ;
#2308 = CARTESIAN_POINT ( 'NONE',  ( 4367.104154137373371, -223.0285656560824350, 37.96165259397110248 ) ) ;
#2309 = CARTESIAN_POINT ( 'NONE',  ( 4386.726177261361954, -251.4902739507368210, 42.51980528582031837 ) ) ;
#2310 = CARTESIAN_POINT ( 'NONE',  ( 4371.372674926779837, -255.3436983808266518, -44.38036848263381273 ) ) ;
#2311 = CARTESIAN_POINT ( 'NONE',  ( 4367.123089250296289, -226.4096289038467660, 36.66646805553479993 ) ) ;
#2312 = ORIENTED_EDGE ( 'NONE', *, *, #3986, .T. ) ;
#2313 = CARTESIAN_POINT ( 'NONE',  ( 4380.261261273221862, -217.9879865447402949, 33.76100410379494576 ) ) ;
#2314 = CARTESIAN_POINT ( 'NONE',  ( 4371.377717112954997, -256.7424995160217236, 38.99494136607999906 ) ) ;
#2315 = CARTESIAN_POINT ( 'NONE',  ( 4393.126658429891904, -224.7940652649419917, 33.91360495757993476 ) ) ;
#2316 = CARTESIAN_POINT ( 'NONE',  ( 4389.042200018845506, -217.3344126782607475, -32.68033087157760974 ) ) ;
#2317 = CARTESIAN_POINT ( 'NONE',  ( 4382.544313331708508, -235.4318741470054306, -42.43772271358821513 ) ) ;
#2318 = DIRECTION ( 'NONE',  ( 4.630148714024827843E-16, 0.000000000000000000, 1.000000000000000000 ) ) ;
#2319 = CARTESIAN_POINT ( 'NONE',  ( 4366.947000466859208, -223.7987838387748525, 35.16313863764426628 ) ) ;
#2320 = CARTESIAN_POINT ( 'NONE',  ( 4393.109589511330341, -209.6945325780362737, -20.10614381275573237 ) ) ;
#2321 = CARTESIAN_POINT ( 'NONE',  ( 4384.645229206324075, -216.3382677194308599, 32.20749791564349351 ) ) ;
#2322 = CARTESIAN_POINT ( 'NONE',  ( 4375.726892211873746, -220.2925478656669611, -32.26501077949903618 ) ) ;
#2323 =( LENGTH_UNIT ( ) NAMED_UNIT ( * ) SI_UNIT ( .MILLI., .METRE. ) );
#2324 = CARTESIAN_POINT ( 'NONE',  ( 4386.747920604855608, -205.3647380293579943, -18.02475250917834160 ) ) ;
#2325 = DIRECTION ( 'NONE',  ( 0.000000000000000000, 0.000000000000000000, -1.000000000000000000 ) ) ;
#2326 = CARTESIAN_POINT ( 'NONE',  ( 4384.687003696236388, -223.9837081952508981, -37.29256155555491858 ) ) ;
#2327 = CARTESIAN_POINT ( 'NONE',  ( 4367.119001752233999, -220.8873589421074541, -33.23051133271904689 ) ) ;
#2328 = AXIS2_PLACEMENT_3D ( 'NONE', #6814, #7542, #8817 ) ;
#2329 = CARTESIAN_POINT ( 'NONE',  ( 4371.321895167215189, -207.9634405048462895, 17.86663921799513233 ) ) ;
#2330 = CARTESIAN_POINT ( 'NONE',  ( 4380.433183085560813, -266.5625626687528325, 24.09336971537330996 ) ) ;
#2331 = CARTESIAN_POINT ( 'NONE',  ( 4382.565171111442396, -305.5155512315545252, 32.00391400045749890 ) ) ;
#2332 = CARTESIAN_POINT ( 'NONE',  ( 4389.077204819041981, -223.5708820961781953, 36.74844233788495984 ) ) ;
#2333 = CARTESIAN_POINT ( 'NONE',  ( 4391.076665469446198, -208.1138851467368625, -17.04611709467415892 ) ) ;
#2334 = LINE ( 'NONE', #7252, #7740 ) ;
#2335 = ORIENTED_EDGE ( 'NONE', *, *, #8447, .F. ) ;
#2336 = CARTESIAN_POINT ( 'NONE',  ( 4393.449089981367251, -220.0705346387450732, -34.30146150314043751 ) ) ;
#2337 = FACE_OUTER_BOUND ( 'NONE', #1440, .T. ) ;
#2338 = CARTESIAN_POINT ( 'NONE',  ( 4393.471121085927734, -255.9248957041160963, -41.13008442759995376 ) ) ;
#2339 = CARTESIAN_POINT ( 'NONE',  ( 4374.441019707302985, -305.5155512315545252, 20.90391400045749393 ) ) ;
#2340 = CARTESIAN_POINT ( 'NONE',  ( 4393.289121296690610, -225.0487426809176839, 34.04220516905385097 ) ) ;
#2341 = CARTESIAN_POINT ( 'NONE',  ( 4382.316667971952484, -224.0363523025530981, -34.26127758516691557 ) ) ;
#2342 = CARTESIAN_POINT ( 'NONE',  ( 4380.119355125479160, -221.9279175486106226, 33.10591885943411938 ) ) ;
#2343 = AXIS2_PLACEMENT_3D ( 'NONE', #6898, #589, #3383 ) ;
#2344 = CARTESIAN_POINT ( 'NONE',  ( 4367.093705576839966, -206.2313293480813741, 9.533979794571720845 ) ) ;
#2345 = EDGE_CURVE ( 'NONE', #303, #4541, #6278, .T. ) ;
#2346 = CARTESIAN_POINT ( 'NONE',  ( 4393.596326934515673, -251.6407192578591889, 44.65918929389937375 ) ) ;
#2347 = CARTESIAN_POINT ( 'NONE',  ( 4384.825491247546779, -265.1579074397052409, -25.76112717227505300 ) ) ;
#2348 = CARTESIAN_POINT ( 'NONE',  ( 4382.338174619228994, -260.6491086540151514, -28.86394701867266122 ) ) ;
#2349 = CARTESIAN_POINT ( 'NONE',  ( 4371.367009160042471, -249.8232242133471743, -43.80770725897423290 ) ) ;
#2350 = ORIENTED_EDGE ( 'NONE', *, *, #1969, .F. ) ;
#2351 = CARTESIAN_POINT ( 'NONE',  ( 4371.639693379966957, -253.4266897103102281, -47.01210931816977023 ) ) ;
#2352 = VECTOR ( 'NONE', #6706, 1000.000000000000000 ) ;
#2353 = CARTESIAN_POINT ( 'NONE',  ( 4367.147840096415166, -232.1961016645480242, 42.43796498956290719 ) ) ;
#2354 = CARTESIAN_POINT ( 'NONE',  ( 4384.515039407943732, -227.9751190564687988, 36.22571455618687963 ) ) ;
#2355 = CARTESIAN_POINT ( 'NONE',  ( 4367.116163118390432, -217.4362866836643207, 30.56526302434547304 ) ) ;
#2356 = ADVANCED_FACE ( 'NONE', ( #8638 ), #2591, .T. ) ;
#2357 = VERTEX_POINT ( 'NONE', #2607 ) ;
#2358 = CARTESIAN_POINT ( 'NONE',  ( 4380.119690420734514, -203.6841734445175689, 12.42448172827220709 ) ) ;
#2359 = CARTESIAN_POINT ( 'NONE',  ( 4388.921620890730082, -256.2819582585167382, 35.56026233453331287 ) ) ;
#2360 = CARTESIAN_POINT ( 'NONE',  ( 4374.441019707302985, -301.9155512315545593, 25.10391400045744348 ) ) ;
#2361 = CARTESIAN_POINT ( 'NONE',  ( 4371.473768665772695, -217.9730859777660612, -34.30648871165524127 ) ) ;
#2362 = CARTESIAN_POINT ( 'NONE',  ( 4382.595628999438304, -247.5216921826265377, -45.24970162103983284 ) ) ;
#2363 = FACE_OUTER_BOUND ( 'NONE', #1433, .T. ) ;
#2364 = CARTESIAN_POINT ( 'NONE',  ( 4388.901306819183446, -225.0616209701534558, 34.37976596437670196 ) ) ;
#2365 = CARTESIAN_POINT ( 'NONE',  ( 4366.947106906678528, -223.9260121912711270, 35.24013265618346225 ) ) ;
#2366 = ADVANCED_FACE ( 'NONE', ( #8965 ), #1190, .T. ) ;
#2367 = CARTESIAN_POINT ( 'NONE',  ( 4393.119678183429642, -217.4789613525468610, -28.94652214001920854 ) ) ;
#2368 = CARTESIAN_POINT ( 'NONE',  ( 4384.684295903126440, -223.4386557392957400, 36.99525454124836443 ) ) ;
#2369 = CARTESIAN_POINT ( 'NONE',  ( 4366.944084185754946, -220.6171067025966011, -33.04702221354216363 ) ) ;
#2370 = LINE ( 'NONE', #8667, #7579 ) ;
#2371 = CARTESIAN_POINT ( 'NONE',  ( 4366.988217874532893, -205.3627692274031631, -19.16113712176716888 ) ) ;
#2372 = CARTESIAN_POINT ( 'NONE',  ( 4382.492528220240274, -224.5385686618141960, -37.75370141104076538 ) ) ;
#2373 = CARTESIAN_POINT ( 'NONE',  ( 4367.111310205342306, -212.4302977459459214, -25.51013874621209254 ) ) ;
#2374 = CARTESIAN_POINT ( 'NONE',  ( 4375.736895917292713, -231.3643185790952259, 38.42805012081210236 ) ) ;
#2375 = CARTESIAN_POINT ( 'NONE',  ( 4382.634965371411454, -264.8486285975390047, 26.86007297773858582 ) ) ;
#2376 = CARTESIAN_POINT ( 'NONE',  ( 4367.245352213334627, -216.2633248874747380, 33.23248006062213733 ) ) ;
#2377 = CARTESIAN_POINT ( 'NONE',  ( 4389.087564862283216, -225.6160033521649382, 37.84071315334097818 ) ) ;
#2378 = CARTESIAN_POINT ( 'NONE',  ( 4386.689720434999799, -208.9241758549985377, -19.12783862723126660 ) ) ;
#2379 = CARTESIAN_POINT ( 'NONE',  ( 4393.122555145449951, -220.2935533643678809, 31.09539709095378157 ) ) ;
#2380 = PRODUCT_DEFINITION_FORMATION_WITH_SPECIFIED_SOURCE ( 'ANY', '', #2532, .NOT_KNOWN. ) ;
#2381 = CARTESIAN_POINT ( 'NONE',  ( 4386.867525581642440, -220.9451179628921125, -35.33537337801609368 ) ) ;
#2382 = CARTESIAN_POINT ( 'NONE',  ( 4367.546313167186781, -256.8174293419458536, -47.71269546148877794 ) ) ;
#2383 = CARTESIAN_POINT ( 'NONE',  ( 4387.927350238953295, -302.9155512315545593, -22.40391400045749037 ) ) ;
#2384 = CARTESIAN_POINT ( 'NONE',  ( 4393.432098202641100, -252.6583843408006373, 44.76636733612507157 ) ) ;
#2385 = CARTESIAN_POINT ( 'NONE',  ( 4393.310177245254636, -247.2944730008352963, 41.33151148823945675 ) ) ;
#2386 = CARTESIAN_POINT ( 'NONE',  ( 4371.338859658354522, -223.6744417366691948, -34.79644166976153485 ) ) ;
#2387 = CARTESIAN_POINT ( 'NONE',  ( 4382.338605832837857, -253.2857843819646462, 43.12686439046807152 ) ) ;
#2388 = DIRECTION ( 'NONE',  ( 0.000000000000000000, -0.000000000000000000, -1.000000000000000000 ) ) ;
#2389 = CARTESIAN_POINT ( 'NONE',  ( 4367.118489938299717, -220.2321754497751556, 32.76748252696810937 ) ) ;
#2390 = CARTESIAN_POINT ( 'NONE',  ( 4393.578668636765542, -246.8783797472030699, 44.08737995493426354 ) ) ;
#2391 = CARTESIAN_POINT ( 'NONE',  ( 4389.246704543617852, -254.2430019278832845, -45.35014221730682493 ) ) ;
#2392 = CARTESIAN_POINT ( 'NONE',  ( 4393.314610632579388, -253.1116497439926434, -40.45739162340047557 ) ) ;
#2393 = CARTESIAN_POINT ( 'NONE',  ( 4371.366281671886100, -249.2106267682651435, -43.72065658084839157 ) ) ;
#2394 = ORIENTED_EDGE ( 'NONE', *, *, #6475, .F. ) ;
#2395 = CARTESIAN_POINT ( 'NONE',  ( 4393.596815557116315, -252.2172833099060654, -44.70242740639165646 ) ) ;
#2396 = CARTESIAN_POINT ( 'NONE',  ( 4367.136319849041683, -229.8050400442263594, 41.43377090464845480 ) ) ;
#2397 = CARTESIAN_POINT ( 'NONE',  ( 4384.512183238612124, -224.2928140753944319, 34.26303534783000515 ) ) ;
#2398 = CARTESIAN_POINT ( 'NONE',  ( 4367.135136682106349, -243.7987927318633012, 43.13389345028073052 ) ) ;
#2399 = VECTOR ( 'NONE', #3014, 1000.000000000000000 ) ;
#2400 = VERTEX_POINT ( 'NONE', #7349 ) ;
#2401 = CARTESIAN_POINT ( 'NONE',  ( 4380.390868041810791, -245.1818148573719611, 45.10834220219776114 ) ) ;
#2402 = DIRECTION ( 'NONE',  ( -1.000000000000000000, -0.000000000000000000, -0.000000000000000000 ) ) ;
#2403 = CARTESIAN_POINT ( 'NONE',  ( 4375.865656149173446, -217.6462874644499834, -33.78527934383586739 ) ) ;
#2404 = CARTESIAN_POINT ( 'NONE',  ( 4376.010507399570088, -247.9113115923466637, -45.93444447323279434 ) ) ;
#2405 = EDGE_CURVE ( 'NONE', #2803, #1752, #4452, .T. ) ;
#2406 = PLANE ( 'NONE',  #3206 ) ;
#2407 = CIRCLE ( 'NONE', #4305, 1.500000000000001332 ) ;
#2408 = CARTESIAN_POINT ( 'NONE',  ( 4388.917448391408470, -245.2321983134256698, 41.45290985528031769 ) ) ;
#2409 = CARTESIAN_POINT ( 'NONE',  ( 4366.981687332418005, -252.9082615233131435, 44.59006036827863539 ) ) ;
#2410 = CARTESIAN_POINT ( 'NONE',  ( 4393.131732408675816, -231.0925966611005720, -36.93302042388280881 ) ) ;
#2411 = CARTESIAN_POINT ( 'NONE',  ( 4382.306842289816814, -203.5838631770972142, 11.40081309865831649 ) ) ;
#2412 = CARTESIAN_POINT ( 'NONE',  ( 4380.117915817192625, -220.2935908214434448, -31.97598943464096521 ) ) ;
#2413 = CARTESIAN_POINT ( 'NONE',  ( 4367.441019707303894, -302.9155512315545593, 19.50391400045749180 ) ) ;
#2414 = CARTESIAN_POINT ( 'NONE',  ( 4386.723935123264710, -204.2308543476243301, -14.65293342999562753 ) ) ;
#2415 = CARTESIAN_POINT ( 'NONE',  ( 4382.491172672554967, -224.2621985005022225, -37.60445844244740243 ) ) ;
#2416 = CARTESIAN_POINT ( 'NONE',  ( 4367.124254371062307, -228.0573666908939288, -37.50680259605718447 ) ) ;
#2417 = ADVANCED_FACE ( 'NONE', ( #6129 ), #2511, .F. ) ;
#2418 = CARTESIAN_POINT ( 'NONE',  ( 4371.321201073977136, -207.6713419105491027, 17.12308277923594346 ) ) ;
#2419 = DIRECTION ( 'NONE',  ( -0.000000000000000000, -1.000000000000000000, 0.000000000000000000 ) ) ;
#2420 = CARTESIAN_POINT ( 'NONE',  ( 4393.327694811293441, -253.3658548606253476, -43.80603922140552697 ) ) ;
#2421 = CARTESIAN_POINT ( 'NONE',  ( 4380.145264465731998, -252.2606786486032888, -43.24511496869240545 ) ) ;
#2422 = EDGE_LOOP ( 'NONE', ( #3315, #1518, #3305, #4137, #7515, #6061 ) ) ;
#2423 = CARTESIAN_POINT ( 'NONE',  ( 4386.672150980586594, -203.4313293483742768, 8.435819233662416039 ) ) ;
#2424 = CARTESIAN_POINT ( 'NONE',  ( 4391.078400509340099, -208.9194389182012515, -18.85169051967729814 ) ) ;
#2425 = CARTESIAN_POINT ( 'NONE',  ( 4367.468364927745824, -257.9857233985781590, -43.64369598692540819 ) ) ;
#2426 = ORIENTED_EDGE ( 'NONE', *, *, #8104, .T. ) ;
#2427 = CARTESIAN_POINT ( 'NONE',  ( 4384.676002716182666, -221.8138545081425548, -36.03238471577529367 ) ) ;
#2428 = CARTESIAN_POINT ( 'NONE',  ( 4367.146819070107995, -263.9573530881194188, -26.06377115051266102 ) ) ;
#2429 = CARTESIAN_POINT ( 'NONE',  ( 4393.474901669210340, -253.9419982016641768, -44.86775964052365140 ) ) ;
#2430 = CARTESIAN_POINT ( 'NONE',  ( 4393.429355045020202, -250.7574115437593605, 44.59236849467366426 ) ) ;
#2431 = CARTESIAN_POINT ( 'NONE',  ( 4393.290688701806175, -226.8527513513315625, 34.99626559622645772 ) ) ;
#2432 = CARTESIAN_POINT ( 'NONE',  ( 4371.339085194947074, -223.9222097582633353, -34.94602433583433054 ) ) ;
#2433 = CARTESIAN_POINT ( 'NONE',  ( 4380.117915818597794, -220.2935908214332983, 31.98381743545605005 ) ) ;
#2434 = CARTESIAN_POINT ( 'NONE',  ( 4375.942520611070904, -233.2249702619224934, 42.16604247316021770 ) ) ;
#2435 = CARTESIAN_POINT ( 'NONE',  ( 4367.106303067874251, -208.9149141368200162, 20.24400969669766326 ) ) ;
#2436 = CARTESIAN_POINT ( 'NONE',  ( 4367.187281115436235, -280.5184882435168561, 0.1627613463252451653 ) ) ;
#2437 = CARTESIAN_POINT ( 'NONE',  ( 4391.119463317174450, -204.4712866297541609, 15.24123458141474430 ) ) ;
#2438 = CARTESIAN_POINT ( 'NONE',  ( 4389.212560761411623, -264.7694044839469143, -25.49898683443865366 ) ) ;
#2439 = CARTESIAN_POINT ( 'NONE',  ( 4382.340230022233300, -257.7751530055408580, -34.32672652304884764 ) ) ;
#2440 = CARTESIAN_POINT ( 'NONE',  ( 4366.976225310086193, -248.8627888854485661, -44.06421642467260824 ) ) ;
#2441 = ORIENTED_EDGE ( 'NONE', *, *, #1960, .T. ) ;
#2442 = CARTESIAN_POINT ( 'NONE',  ( 4387.004380406477139, -252.7108435375741635, -45.42209544355974060 ) ) ;
#2443 = CARTESIAN_POINT ( 'NONE',  ( 4367.094904304526608, -221.0845795513069163, 36.75716472869861917 ) ) ;
#2444 = CARTESIAN_POINT ( 'NONE',  ( 4384.515851427351663, -229.0517470416628782, 36.73317773337576142 ) ) ;
#2445 = CARTESIAN_POINT ( 'NONE',  ( 4367.122270589030450, -225.3307331253600694, 36.06938640508499816 ) ) ;
#2446 = ORIENTED_EDGE ( 'NONE', *, *, #998, .F. ) ;
#2447 = CARTESIAN_POINT ( 'NONE',  ( 4380.280083726630437, -221.4728375729638685, 36.13412894024607880 ) ) ;
#2448 = CARTESIAN_POINT ( 'NONE',  ( 4393.096324724312581, -206.2313355514739044, 9.625782460470720281 ) ) ;
#2449 = CARTESIAN_POINT ( 'NONE',  ( 4380.259367363816636, -217.6531368867955223, -33.50456457988829584 ) ) ;
#2450 = CARTESIAN_POINT ( 'NONE',  ( 4389.155316033638883, -239.9718049981951822, -43.12212486883613138 ) ) ;
#2451 = DIRECTION ( 'NONE',  ( 1.000000000000000000, 0.000000000000000000, -0.000000000000000000 ) ) ;
#2452 = CARTESIAN_POINT ( 'NONE',  ( 4388.898673010899074, -221.9293654593945462, 32.49988034498993272 ) ) ;
#2453 = LINE ( 'NONE', #8070, #3062 ) ;
#2454 = CARTESIAN_POINT ( 'NONE',  ( 4371.342451029268886, -277.0232628916505178, -0.2824240255445831238 ) ) ;
#2455 = FACE_OUTER_BOUND ( 'NONE', #8789, .T. ) ;
#2456 = CARTESIAN_POINT ( 'NONE',  ( 4384.804028692931752, -251.3664969937121612, 45.52926623188432131 ) ) ;
#2457 = CARTESIAN_POINT ( 'NONE',  ( 4371.336544968844464, -221.1127033604215910, -33.12494948706200404 ) ) ;
#2458 = CARTESIAN_POINT ( 'NONE',  ( 4367.093705806565595, -204.3646626816014873, 9.533952149748234461 ) ) ;
#2459 = CARTESIAN_POINT ( 'NONE',  ( 4386.742287297325674, -205.0394573326415184, -17.19702544896889762 ) ) ;
#2460 = CARTESIAN_POINT ( 'NONE',  ( 4393.472237068959657, -224.2383958604303871, -36.77503925242526606 ) ) ;
#2461 = CARTESIAN_POINT ( 'NONE',  ( 4367.266718740172109, -256.1238469338919685, 44.81908879947067703 ) ) ;
#2462 = CARTESIAN_POINT ( 'NONE',  ( 4375.747060837842582, -241.1676074766670581, 41.72159134612748943 ) ) ;
#2463 = CARTESIAN_POINT ( 'NONE',  ( 4393.167506805214543, -252.4608362934788772, -42.16397202628642304 ) ) ;
#2464 = EDGE_LOOP ( 'NONE', ( #1384, #4776, #8373, #3030 ) ) ;
#2465 = CARTESIAN_POINT ( 'NONE',  ( 4386.873620036635657, -222.1033330478976211, 36.05808742962314994 ) ) ;
#2466 = CARTESIAN_POINT ( 'NONE',  ( 4366.934366190064793, -210.5910948713773223, -22.97881339557976332 ) ) ;
#2467 = CARTESIAN_POINT ( 'NONE',  ( 4367.455335724042015, -264.1911130960700120, -31.72017098076643293 ) ) ;
#2468 = CARTESIAN_POINT ( 'NONE',  ( 4371.488992064263584, -220.9122228783215860, -36.35926327835785798 ) ) ;
#2469 = CARTESIAN_POINT ( 'NONE',  ( 4387.927350238953295, -302.9155512315545593, 24.00391400045749535 ) ) ;
#2470 = FACE_OUTER_BOUND ( 'NONE', #6331, .T. ) ;
#2471 = CARTESIAN_POINT ( 'NONE',  ( 4393.243797114273548, -212.5861793311290171, 28.26833353403277727 ) ) ;
#2472 = CARTESIAN_POINT ( 'NONE',  ( 4393.289558521819345, -225.5604340637785583, 34.32134423174086635 ) ) ;
#2473 = CARTESIAN_POINT ( 'NONE',  ( 4391.094754857286716, -224.4116683113618649, -33.84319411685610390 ) ) ;
#2474 = CARTESIAN_POINT ( 'NONE',  ( 4380.103334119648025, -208.1189155139212801, 17.72833756529755078 ) ) ;
#2475 = CARTESIAN_POINT ( 'NONE',  ( 4371.311999723841836, -203.4313293486064254, 9.318987235603252373 ) ) ;
#2476 =( LENGTH_UNIT ( ) NAMED_UNIT ( * ) SI_UNIT ( .MILLI., .METRE. ) );
#2477 = CARTESIAN_POINT ( 'NONE',  ( 4367.150470775144640, -255.5237977823926485, -42.34836577478221642 ) ) ;
#2478 = DIRECTION ( 'NONE',  ( 0.000000000000000000, 0.000000000000000000, 1.000000000000000000 ) ) ;
#2479 = EDGE_CURVE ( 'NONE', #6574, #2845, #503, .T. ) ;
#2480 = CARTESIAN_POINT ( 'NONE',  ( 4391.269443867589871, -222.8900717534320961, 36.19970332301789995 ) ) ;
#2481 = CARTESIAN_POINT ( 'NONE',  ( 4388.923006512961365, -252.4910494806148620, -42.71416821302762656 ) ) ;
#2482 = CARTESIAN_POINT ( 'NONE',  ( 4388.919582787581021, -248.1319572197640184, -41.88493242450813625 ) ) ;
#2483 = ORIENTED_EDGE ( 'NONE', *, *, #168, .T. ) ;
#2484 = LINE ( 'NONE', #1156, #7284 ) ;
#2485 = CARTESIAN_POINT ( 'NONE',  ( 4367.130671587006873, -228.6256079417036915, 40.90377144392650166 ) ) ;
#2486 = CARTESIAN_POINT ( 'NONE',  ( 4384.509483861676017, -221.1164675119090077, 32.26330505858186370 ) ) ;
#2487 = DIRECTION ( 'NONE',  ( 0.000000000000000000, 0.000000000000000000, -1.000000000000000000 ) ) ;
#2488 = VECTOR ( 'NONE', #5238, 1000.000000000000000 ) ;
#2489 = CARTESIAN_POINT ( 'NONE',  ( 4380.285970745592749, -222.6160632109408652, 36.82947453216718259 ) ) ;
#2490 = CARTESIAN_POINT ( 'NONE',  ( 4393.307037648845835, -261.6054098605104627, 24.53448418495111127 ) ) ;
#2491 = CARTESIAN_POINT ( 'NONE',  ( 4367.182149758835294, -256.1280034960479952, 44.85575183361186191 ) ) ;
#2492 = CARTESIAN_POINT ( 'NONE',  ( 4389.054249071552476, -219.3749493936900308, -34.14854025796483938 ) ) ;
#2493 = CARTESIAN_POINT ( 'NONE',  ( 4380.369593363245258, -240.3065141735940813, -43.98966287824210752 ) ) ;
#2494 = CARTESIAN_POINT ( 'NONE',  ( 4388.903634032313676, -227.9370230561763435, 35.87251949145381502 ) ) ;
#2495 = DIRECTION ( 'NONE',  ( 1.000000000000000000, 0.000000000000000000, -2.536234875824260354E-15 ) ) ;
#2496 = CARTESIAN_POINT ( 'NONE',  ( 4393.132147480520871, -231.6347263300592090, -37.15245026738479339 ) ) ;
#2497 = CARTESIAN_POINT ( 'NONE',  ( 4384.798991027938428, -249.8340951183113532, 45.36184091530684981 ) ) ;
#2498 = CARTESIAN_POINT ( 'NONE',  ( 4375.727597505301674, -221.1144438603218703, -32.84330919884219924 ) ) ;
#2499 = CARTESIAN_POINT ( 'NONE',  ( 4374.441019707302985, -301.9155512315545593, 24.10391400045744348 ) ) ;
#2500 = CARTESIAN_POINT ( 'NONE',  ( 4391.162729870287876, -207.2920829824752218, -21.67532533145818974 ) ) ;
#2501 = CARTESIAN_POINT ( 'NONE',  ( 4386.891333652047251, -225.6264617508303445, -38.00330275237545408 ) ) ;
#2502 = CARTESIAN_POINT ( 'NONE',  ( 4367.300051008151058, -256.1213424405310661, 44.81569058162283881 ) ) ;
#2503 = CARTESIAN_POINT ( 'NONE',  ( 4371.347983238541929, -233.1423788420314054, 39.48447351614763789 ) ) ;
#2504 = CARTESIAN_POINT ( 'NONE',  ( 4393.167697656742348, -252.4529439196193152, -42.16512466552388361 ) ) ;
#2505 = ORIENTED_EDGE ( 'NONE', *, *, #4126, .T. ) ;
#2506 = CARTESIAN_POINT ( 'NONE',  ( 4386.859417996474804, -219.5435150661565160, 34.42262930128340059 ) ) ;
#2507 = CARTESIAN_POINT ( 'NONE',  ( 4366.935455247341451, -211.4733711325074523, -24.29919474860790274 ) ) ;
#2508 = LINE ( 'NONE', #1829, #8906 ) ;
#2509 = ORIENTED_EDGE ( 'NONE', *, *, #9005, .F. ) ;
#2510 = CARTESIAN_POINT ( 'NONE',  ( 4384.673460530767443, -221.3040863925807571, -35.71669502196563428 ) ) ;
#2511 = PLANE ( 'NONE',  #4955 ) ;
#2512 = CARTESIAN_POINT ( 'NONE',  ( 4367.441019707303894, -302.9155512315545593, -22.90391400045744774 ) ) ;
#2513 = CARTESIAN_POINT ( 'NONE',  ( 4393.256653882402134, -214.4213841798691078, 30.01189361211514495 ) ) ;
#2514 = CARTESIAN_POINT ( 'NONE',  ( 4391.094447357178979, -224.0271044374736107, 33.62929236290700175 ) ) ;
#2515 = CARTESIAN_POINT ( 'NONE',  ( 4375.730981364900799, -224.9686771472616726, -35.26393393925837216 ) ) ;
#2516 = CARTESIAN_POINT ( 'NONE',  ( 4380.121924775578009, -224.9567713524639885, 34.95537171256491149 ) ) ;
#2517 = CARTESIAN_POINT ( 'NONE',  ( 4371.314781950966790, -203.4313236590948293, 9.762385043834154175 ) ) ;
#2518 = FACE_OUTER_BOUND ( 'NONE', #7095, .T. ) ;
#2519 = CARTESIAN_POINT ( 'NONE',  ( 4367.470911784572309, -255.6597268427240977, -48.11304265771690325 ) ) ;
#2520 = CARTESIAN_POINT ( 'NONE',  ( 4367.406215127834002, -255.2761808926006779, -47.57610668361422057 ) ) ;
#2521 = CARTESIAN_POINT ( 'NONE',  ( 4391.259088243211409, -220.9550551393010949, 35.03650251067870869 ) ) ;
#2522 = CARTESIAN_POINT ( 'NONE',  ( 4382.289352459127258, -206.2873965434151273, -10.28352143361059490 ) ) ;
#2523 = CARTESIAN_POINT ( 'NONE',  ( 4391.112479443820121, -261.7936618578409593, -24.66779330945073312 ) ) ;
#2524 = CARTESIAN_POINT ( 'NONE',  ( 4366.979566744889780, -251.3466426212018234, -44.41088784585208771 ) ) ;
#2525 = DIRECTION ( 'NONE',  ( -0.000000000000000000, -1.000000000000000000, 0.000000000000000000 ) ) ;
#2526 = VERTEX_POINT ( 'NONE', #4071 ) ;
#2527 = DIRECTION ( 'NONE',  ( 0.000000000000000000, 1.000000000000000000, 0.000000000000000000 ) ) ;
#2528 = CARTESIAN_POINT ( 'NONE',  ( 4367.239730971200515, -251.6543082242643834, 47.26204092098313936 ) ) ;
#2529 = CARTESIAN_POINT ( 'NONE',  ( 4384.495196910021150, -208.9261910876479078, 19.27210105183020161 ) ) ;
#2530 = CARTESIAN_POINT ( 'NONE',  ( 4367.441019707303894, -301.9155512315545593, 24.10391400045742571 ) ) ;
#2531 = ORIENTED_EDGE ( 'NONE', *, *, #8104, .F. ) ;
#2532 = PRODUCT ( 'BracketFloatToMotor', 'BracketFloatToMotor', '', ( #5122 ) ) ;
#2533 = CARTESIAN_POINT ( 'NONE',  ( 4380.328083790155688, -231.3792523580544582, 41.11014923437508628 ) ) ;
#2534 = DIRECTION ( 'NONE',  ( 0.000000000000000000, 0.000000000000000000, 1.000000000000000000 ) ) ;
#2535 = CARTESIAN_POINT ( 'NONE',  ( 4375.871212120549899, -218.6577755736435336, -34.53376476185614052 ) ) ;
#2536 = CARTESIAN_POINT ( 'NONE',  ( 4371.623456318479839, -249.4419931369867243, -46.56985085514091338 ) ) ;
#2537 = CARTESIAN_POINT ( 'NONE',  ( 4371.468517835206512, -216.9792295917625324, 33.54871979619368716 ) ) ;
#2538 = CARTESIAN_POINT ( 'NONE',  ( 4388.920424332201947, -249.2945417190060766, 42.04857559171778547 ) ) ;
#2539 = CARTESIAN_POINT ( 'NONE',  ( 4393.108086250572342, -208.9161425967297134, -18.71920524811758568 ) ) ;
#2540 = CARTESIAN_POINT ( 'NONE',  ( 4367.251949989365130, -255.5086948765643058, 44.79563188142746810 ) ) ;
#2541 = CARTESIAN_POINT ( 'NONE',  ( 4382.417398562428389, -211.4340517845586191, 27.71530200125421928 ) ) ;
#2542 = CARTESIAN_POINT ( 'NONE',  ( 4366.944656556816881, -221.2744893971157865, -33.51120489670491764 ) ) ;
#2543 = FACE_OUTER_BOUND ( 'NONE', #8296, .T. ) ;
#2544 = CARTESIAN_POINT ( 'NONE',  ( 4375.805004403779094, -208.2683412265141669, -24.04964064019042524 ) ) ;
#2545 = CARTESIAN_POINT ( 'NONE',  ( 4391.292085258877705, -227.2625109236836067, -38.46609777856742340 ) ) ;
#2546 = CARTESIAN_POINT ( 'NONE',  ( 4367.436266875392903, -302.9155512315545593, -24.10391400045742571 ) ) ;
#2547 = CARTESIAN_POINT ( 'NONE',  ( 4371.339765065101346, -224.7144949122389619, 35.42295012005718746 ) ) ;
#2548 = CARTESIAN_POINT ( 'NONE',  ( 4393.170774355405229, -252.4896446815356796, -42.19835503736995719 ) ) ;
#2549 = CARTESIAN_POINT ( 'NONE',  ( 4386.726350942471981, -251.7849624516428264, -42.54116432095436551 ) ) ;
#2550 = ORIENTED_EDGE ( 'NONE', *, *, #6207, .T. ) ;
#2551 = CARTESIAN_POINT ( 'NONE',  ( 4386.876326578532826, -222.6199442956393000, 36.36410458667039336 ) ) ;
#2552 = CARTESIAN_POINT ( 'NONE',  ( 4391.082041826211935, -211.4600097481823298, -22.86578740581293090 ) ) ;
#2553 = CARTESIAN_POINT ( 'NONE',  ( 4393.255413201214651, -203.4313293483747316, -8.014291960037200013 ) ) ;
#2554 = ORIENTED_EDGE ( 'NONE', *, *, #7350, .F. ) ;
#2555 = CARTESIAN_POINT ( 'NONE',  ( 4382.475477142522323, -221.1171914264887732, -35.75169206854348403 ) ) ;
#2556 = CARTESIAN_POINT ( 'NONE',  ( 4389.427350238954205, -305.5155512315545252, 22.50391400045749535 ) ) ;
#2557 = CARTESIAN_POINT ( 'NONE',  ( 4393.151254807031364, -252.3026560760668815, -42.02289532311329623 ) ) ;
#2558 = CARTESIAN_POINT ( 'NONE',  ( 4393.420701119585829, -248.0757315838770865, 44.27717229361542906 ) ) ;
#2559 = CARTESIAN_POINT ( 'NONE',  ( 4391.093370655074978, -222.7899331013381925, 32.88650228248994267 ) ) ;
#2560 = CARTESIAN_POINT ( 'NONE',  ( 4386.706953541470284, -224.9389585587384488, -34.46447312863048040 ) ) ;
#2561 = CARTESIAN_POINT ( 'NONE',  ( 4375.709125547253279, -206.7616846216339184, 13.82449959840408837 ) ) ;
#2562 = CARTESIAN_POINT ( 'NONE',  ( 4376.031296939420827, -253.0193027595052797, 46.55611020262327315 ) ) ;
#2563 = CARTESIAN_POINT ( 'NONE',  ( 4367.470994118350973, -255.9113724756343800, -47.63590227881146433 ) ) ;
#2564 = CARTESIAN_POINT ( 'NONE',  ( 4367.309674856023776, -257.9414258689200210, -43.76686491416775482 ) ) ;
#2565 = CARTESIAN_POINT ( 'NONE',  ( 4391.314533435427620, -231.7675887604634113, 40.37848211081769279 ) ) ;
#2566 = CARTESIAN_POINT ( 'NONE',  ( 4366.923965209014568, -206.3151246870309308, -11.52826486163079700 ) ) ;
#2567 = CARTESIAN_POINT ( 'NONE',  ( 4391.401533572718108, -265.5797812000411682, -23.48637873107728424 ) ) ;
#2568 = FACE_OUTER_BOUND ( 'NONE', #833, .T. ) ;
#2569 = VERTEX_POINT ( 'NONE', #1139 ) ;
#2570 = CARTESIAN_POINT ( 'NONE',  ( 4382.321574207027879, -230.1612875174110115, -37.39757351492545467 ) ) ;
#2571 = ADVANCED_FACE ( 'NONE', ( #8088 ), #6085, .F. ) ;
#2572 = DIRECTION ( 'NONE',  ( -0.000000000000000000, 1.000000000000000000, -0.000000000000000000 ) ) ;
#2573 = EDGE_LOOP ( 'NONE', ( #2134, #3188, #7298, #650, #7146, #6096, #3530, #2252, #3539 ) ) ;
#2574 = CARTESIAN_POINT ( 'NONE',  ( 4376.058607994046724, -266.5509723349544515, 25.11848588391833204 ) ) ;
#2575 = CARTESIAN_POINT ( 'NONE',  ( 4393.442469239954335, -263.8986557953904821, 26.18623459316780355 ) ) ;
#2576 = CARTESIAN_POINT ( 'NONE',  ( 4393.291613838056037, -227.8989618091357841, -35.50257921519771998 ) ) ;
#2577 = CARTESIAN_POINT ( 'NONE',  ( 4384.521106010706717, -236.2374161664459677, 39.58599020189276985 ) ) ;
#2578 = LINE ( 'NONE', #7607, #595 ) ;
#2579 = VERTEX_POINT ( 'NONE', #8866 ) ;
#2580 = CARTESIAN_POINT ( 'NONE',  ( 4376.060817366388619, -264.4220618843378361, -29.20784207182876102 ) ) ;
#2581 = EDGE_CURVE ( 'NONE', #6546, #4040, #4663, .T. ) ;
#2582 = CARTESIAN_POINT ( 'NONE',  ( 4380.410086264379061, -250.1266407653385215, 45.82637444887687650 ) ) ;
#2583 = CARTESIAN_POINT ( 'NONE',  ( 4380.146811436720782, -258.9197968184812453, 32.68906648064580622 ) ) ;
#2584 = CARTESIAN_POINT ( 'NONE',  ( 4391.248689752147584, -219.2047840929323854, -33.87794547501030706 ) ) ;
#2585 = CARTESIAN_POINT ( 'NONE',  ( 4389.188778134745917, -248.3374409459097478, -44.72794456273165054 ) ) ;
#2586 = CARTESIAN_POINT ( 'NONE',  ( 4371.480888795670580, -219.3430939546327636, 35.30804485399187342 ) ) ;
#2587 = CARTESIAN_POINT ( 'NONE',  ( 4386.704918958724193, -222.4397315252511191, 32.98104215940079342 ) ) ;
#2588 = CARTESIAN_POINT ( 'NONE',  ( 4393.093705806565595, -206.2313293483461507, -8.024708257892008589 ) ) ;
#2589 = DIRECTION ( 'NONE',  ( -1.000000000000000000, -0.000000000000000000, 1.486905836551618499E-15 ) ) ;
#2590 = CARTESIAN_POINT ( 'NONE',  ( 4393.336792849833728, -205.7155653152869661, 18.41152948945278567 ) ) ;
#2591 = B_SPLINE_SURFACE_WITH_KNOTS ( 'NONE', 3, 1, ( 
 ( #2382, #1737 ),
 ( #7953, #3836 ),
 ( #3056, #8042 ),
 ( #5854, #6624 ),
 ( #5162, #5900 ),
 ( #5258, #4527 ),
 ( #7304, #4026 ) ),
 .UNSPECIFIED., .F., .F., .F.,
 ( 4, 3, 4 ),
 ( 2, 2 ),
 ( -0.006000268089392653444, 0.000000000000000000, 1.000000000000000000 ),
 ( 0.000000000000000000, 1.000000000000000000 ),
 .UNSPECIFIED. ) ;
#2592 = CARTESIAN_POINT ( 'NONE',  ( 4384.806796919448971, -254.0495440363522164, 45.77039802095015375 ) ) ;
#2593 = CARTESIAN_POINT ( 'NONE',  ( 4393.285774005820713, -221.2804952221325436, -31.75057984366637953 ) ) ;
#2594 = CARTESIAN_POINT ( 'NONE',  ( 4393.336440098751154, -228.3538206516535070, 38.80793721633987303 ) ) ;
#2595 = CARTESIAN_POINT ( 'NONE',  ( 4388.948050524033533, -205.7211746457211916, -18.68863250571059353 ) ) ;
#2596 = CARTESIAN_POINT ( 'NONE',  ( 4367.290180077721743, -225.6544504044464929, -39.41350405274440050 ) ) ;
#2597 = CARTESIAN_POINT ( 'NONE',  ( 4386.907712504510528, -228.9836863470132471, -39.58949289967306839 ) ) ;
#2598 = CARTESIAN_POINT ( 'NONE',  ( 4367.455335717358139, -264.1911130966838073, 31.72799898209826353 ) ) ;
#2599 = CARTESIAN_POINT ( 'NONE',  ( 4371.357055915047567, -241.3414532798646803, 42.13957329985525746 ) ) ;
#2600 = CARTESIAN_POINT ( 'NONE',  ( 4393.167531093894468, -252.4561446172198771, -42.16378925610413830 ) ) ;
#2601 = ORIENTED_EDGE ( 'NONE', *, *, #7377, .T. ) ;
#2602 = CARTESIAN_POINT ( 'NONE',  ( 4386.773540979694189, -207.2983408960192548, 21.96014118528353620 ) ) ;
#2603 = CARTESIAN_POINT ( 'NONE',  ( 4391.084341245335963, -213.5022721396931331, -25.27821097919304805 ) ) ;
#2604 = CARTESIAN_POINT ( 'NONE',  ( 4376.741019707303167, -289.7815121590419380, 24.40391400045749748 ) ) ;
#2605 = ORIENTED_EDGE ( 'NONE', *, *, #2966, .F. ) ;
#2606 = CARTESIAN_POINT ( 'NONE',  ( 4380.284838724914152, -222.3582280204949484, -36.66851906770742175 ) ) ;
#2607 = CARTESIAN_POINT ( 'NONE',  ( 4374.441019707302985, -305.5155512315545252, 26.00391400045749535 ) ) ;
#2608 = DIRECTION ( 'NONE',  ( -1.000000000000000000, -0.000000000000000000, -1.486905836551618499E-15 ) ) ;
#2609 = CARTESIAN_POINT ( 'NONE',  ( 4391.096894884709400, -226.8670170207585386, 35.17438714870619521 ) ) ;
#2610 = CARTESIAN_POINT ( 'NONE',  ( 4371.339888271487325, -224.8478901193135755, -35.49266278947849429 ) ) ;
#2611 = CARTESIAN_POINT ( 'NONE',  ( 4380.124477709350685, -228.0131272390983099, 36.57008689058988438 ) ) ;
#2612 = CARTESIAN_POINT ( 'NONE',  ( 4376.025921775806637, -251.6792439617486252, 46.42781806658637578 ) ) ;
#2613 = CARTESIAN_POINT ( 'NONE',  ( 4367.448392835956838, -266.2474152251359101, -27.76240087501667020 ) ) ;
#2614 = CARTESIAN_POINT ( 'NONE',  ( 4367.288656423188513, -264.1879350803434932, -31.76670229937919032 ) ) ;
#2615 = CARTESIAN_POINT ( 'NONE',  ( 4391.300499828937973, -228.9332379338237047, 39.22721266635814885 ) ) ;
#2616 = CARTESIAN_POINT ( 'NONE',  ( 4391.068028386393962, -206.2664071523331017, -9.348387979921833235 ) ) ;
#2617 = PRODUCT_RELATED_PRODUCT_CATEGORY ( 'part', '', ( #2532 ) ) ;
#2618 = CARTESIAN_POINT ( 'NONE',  ( 4393.292405067200889, -274.8707886450482079, 0.2556485082473846648 ) ) ;
#2619 = CARTESIAN_POINT ( 'NONE',  ( 4366.953479770808372, -230.3643633931816339, -38.61882526281772954 ) ) ;
#2620 =( NAMED_UNIT ( * ) PLANE_ANGLE_UNIT ( ) SI_UNIT ( $, .RADIAN. ) );
#2621 = ORIENTED_EDGE ( 'NONE', *, *, #1854, .T. ) ;
#2622 = CARTESIAN_POINT ( 'NONE',  ( 4376.048280193807841, -268.2832108326271054, 21.78215398490565136 ) ) ;
#2623 = CARTESIAN_POINT ( 'NONE',  ( 4367.236934187323641, -251.0098407262935041, 47.18654370068983894 ) ) ;
#2624 = CARTESIAN_POINT ( 'NONE',  ( 4382.296729467433579, -207.5369263672297961, 16.11523223744550748 ) ) ;
#2625 = EDGE_CURVE ( 'NONE', #8560, #7268, #7494, .T. ) ;
#2626 = CIRCLE ( 'NONE', #9047, 1.000000000000000888 ) ;
#2627 = CARTESIAN_POINT ( 'NONE',  ( 4367.501180602949717, -255.8842561810579923, -47.61952268441891079 ) ) ;
#2628 = EDGE_LOOP ( 'NONE', ( #4882, #8676, #608, #8063 ) ) ;
#2629 = CARTESIAN_POINT ( 'NONE',  ( 4375.869315876703695, -218.3154343386556206, 34.29278121527143952 ) ) ;
#2630 = CARTESIAN_POINT ( 'NONE',  ( 4375.874791614191054, -219.3512855154344265, -35.02357788185508980 ) ) ;
#2631 = VECTOR ( 'NONE', #3613, 1000.000000000000000 ) ;
#2632 = CARTESIAN_POINT ( 'NONE',  ( 4389.190928049480135, -248.9403720914176574, -44.80505876925634112 ) ) ;
#2633 = CARTESIAN_POINT ( 'NONE',  ( 4375.731558005820261, -225.6297499978433905, -35.63570902769635040 ) ) ;
#2634 = CARTESIAN_POINT ( 'NONE',  ( 4371.352290810091290, -204.0276734716663043, 14.68220698203160346 ) ) ;
#2635 = CARTESIAN_POINT ( 'NONE',  ( 4386.705061803853823, -222.6138612331384081, 33.09040448741508555 ) ) ;
#2636 = LINE ( 'NONE', #3175, #4683 ) ;
#2637 = LINE ( 'NONE', #8993, #8183 ) ;
#2638 = AXIS2_PLACEMENT_3D ( 'NONE', #3225, #1912, #3324 ) ;
#2639 = CARTESIAN_POINT ( 'NONE',  ( 4393.426386466157055, -216.3456330456048704, 31.62597750249826589 ) ) ;
#2640 = CARTESIAN_POINT ( 'NONE',  ( 4382.478921056860599, -221.8091099806092359, 36.19161833467756395 ) ) ;
#2641 = CARTESIAN_POINT ( 'NONE',  ( 4384.509343319830805, -220.9527533650256714, -32.14365273698439296 ) ) ;
#2642 = CARTESIAN_POINT ( 'NONE',  ( 4393.431608002333633, -253.9451750715445826, 44.88034309852858428 ) ) ;
#2643 = CARTESIAN_POINT ( 'NONE',  ( 4384.558497895396613, -205.7246461694097093, -18.96279071943824590 ) ) ;
#2644 = CARTESIAN_POINT ( 'NONE',  ( 4393.499185504123488, -229.4695918147501175, -39.26613988725529936 ) ) ;
#2645 = FACE_OUTER_BOUND ( 'NONE', #6036, .T. ) ;
#2646 = CARTESIAN_POINT ( 'NONE',  ( 4371.342908370990699, -228.0891573500108507, 37.24163290874948729 ) ) ;
#2647 = CARTESIAN_POINT ( 'NONE',  ( 4393.309729210356636, -223.1620651751354387, -36.19365540503146406 ) ) ;
#2648 = ORIENTED_EDGE ( 'NONE', *, *, #3068, .T. ) ;
#2649 = CARTESIAN_POINT ( 'NONE',  ( 4386.856544106790352, -219.0236825518246633, 34.06456578473239460 ) ) ;
#2650 = CARTESIAN_POINT ( 'NONE',  ( 4386.696779618258915, -214.0375118289102261, -26.14529253044930002 ) ) ;
#2651 = DIRECTION ( 'NONE',  ( 0.9629640197141803304, 0.000000000000000000, 0.2696299255199759437 ) ) ;
#2652 = CARTESIAN_POINT ( 'NONE',  ( 4376.048280193807841, -268.2832108326271054, -21.78215398490565136 ) ) ;
#2653 = CARTESIAN_POINT ( 'NONE',  ( 4367.101790368591537, -222.4784567251860210, -37.62409398553004536 ) ) ;
#2654 = CARTESIAN_POINT ( 'NONE',  ( 4376.741019707303167, -302.9155512315545593, 27.40391400045749393 ) ) ;
#2655 = CARTESIAN_POINT ( 'NONE',  ( 4393.151311752588299, -252.3022240528792111, -42.02369579726295967 ) ) ;
#2656 = CARTESIAN_POINT ( 'NONE',  ( 4391.093508733842100, -222.9622803246501235, 32.99265846763148602 ) ) ;
#2657 = CARTESIAN_POINT ( 'NONE',  ( 4382.317916905639322, -225.6037132224308550, -35.15281159844207792 ) ) ;
#2658 = CARTESIAN_POINT ( 'NONE',  ( 4380.121372836921182, -224.2995292897523711, 34.57670633941445715 ) ) ;
#2659 = CARTESIAN_POINT ( 'NONE',  ( 4382.656969900514014, -259.7906073077039082, 36.47823323323552103 ) ) ;
#2660 = CARTESIAN_POINT ( 'NONE',  ( 4367.465009219612512, -261.1073859548693008, -37.68189765345510267 ) ) ;
#2661 = CARTESIAN_POINT ( 'NONE',  ( 4393.427350238953295, -203.3322581266223210, -24.10391400045749322 ) ) ;
#2662 = CARTESIAN_POINT ( 'NONE',  ( 4391.352805475318746, -239.8882967578939827, 42.90825658796169506 ) ) ;
#2663 = CARTESIAN_POINT ( 'NONE',  ( 4382.290458402674631, -206.3660558011509352, -11.07810908237672187 ) ) ;
#2664 = CARTESIAN_POINT ( 'NONE',  ( 4382.565171111442396, -305.5155512315545252, -26.00391400045749535 ) ) ;
#2665 = CARTESIAN_POINT ( 'NONE',  ( 4366.952883714606287, -229.8023223637836452, -38.36128707006036365 ) ) ;
#2666 = CARTESIAN_POINT ( 'NONE',  ( 4393.427350238953295, -301.9155512315545593, 19.50391400045749180 ) ) ;
#2667 = ORIENTED_EDGE ( 'NONE', *, *, #6999, .T. ) ;
#2668 = CARTESIAN_POINT ( 'NONE',  ( 4393.093705806565595, -205.2979960149844203, -8.024700991060592870 ) ) ;
#2669 = CARTESIAN_POINT ( 'NONE',  ( 4367.436266875392903, -203.3322581266223210, 24.10391400045742571 ) ) ;
#2670 = CARTESIAN_POINT ( 'NONE',  ( 4371.341866328616561, -226.9958341244045243, -36.67635955103432366 ) ) ;
#2671 = CARTESIAN_POINT ( 'NONE',  ( 4384.517472328014264, -231.2273986603648552, 37.69205739952483469 ) ) ;
#2672 = CARTESIAN_POINT ( 'NONE',  ( 4367.447246836877639, -255.8883133933148031, -47.62502163331222960 ) ) ;
#2673 = ORIENTED_EDGE ( 'NONE', *, *, #3076, .T. ) ;
#2674 = CARTESIAN_POINT ( 'NONE',  ( 4375.969720242939729, -279.6465750328310946, 0.1108410442186261308 ) ) ;
#2675 = CARTESIAN_POINT ( 'NONE',  ( 4391.101667218554212, -232.2142161663106492, -37.54783672673564610 ) ) ;
#2676 = CARTESIAN_POINT ( 'NONE',  ( 4375.749771679996229, -204.2280280722056034, 15.31582073537211208 ) ) ;
#2677 = CARTESIAN_POINT ( 'NONE',  ( 4393.136522536128723, -274.7512522213627335, 0.003914000457703506117 ) ) ;
#2678 = CARTESIAN_POINT ( 'NONE',  ( 4391.251637527901948, -219.7238518300695489, -34.23009160326542855 ) ) ;
#2679 = CARTESIAN_POINT ( 'NONE',  ( 4371.628808614986156, -250.7150959360101012, -46.73445141322340390 ) ) ;
#2680 = CARTESIAN_POINT ( 'NONE',  ( 4371.364317857491187, -204.4681646479051835, 16.41791186711194683 ) ) ;
#2681 = CARTESIAN_POINT ( 'NONE',  ( 4386.705463393875107, -223.1180179934170269, 33.40377948287648024 ) ) ;
#2682 = DIRECTION ( 'NONE',  ( 1.000000000000000000, -0.000000000000000000, 0.000000000000000000 ) ) ;
#2683 = AXIS2_PLACEMENT_3D ( 'NONE', #1593, #8539, #172 ) ;
#2684 = CARTESIAN_POINT ( 'NONE',  ( 4393.455612568313882, -221.1428595216837323, 34.99236882819413097 ) ) ;
#2685 = CARTESIAN_POINT ( 'NONE',  ( 4382.503360752081790, -226.7679517710745074, 38.91004088483049372 ) ) ;
#2686 = CARTESIAN_POINT ( 'NONE',  ( 4393.286888366104904, -222.4415481976903948, -32.50113519747951329 ) ) ;
#2687 = CARTESIAN_POINT ( 'NONE',  ( 4393.322504728075728, -225.5958894448102683, 37.50358275212053627 ) ) ;
#2688 = CARTESIAN_POINT ( 'NONE',  ( 4371.412741545851532, -208.2671526467287890, -24.29781586469075449 ) ) ;
#2689 = EDGE_CURVE ( 'NONE', #6789, #8102, #2276, .T. ) ;
#2690 = CARTESIAN_POINT ( 'NONE',  ( 4384.714018932645558, -229.5808529836081959, -40.01764972374162710 ) ) ;
#2691 = CARTESIAN_POINT ( 'NONE',  ( 4367.116163114958908, -217.4362891796386918, -30.55743715737868271 ) ) ;
#2692 = CARTESIAN_POINT ( 'NONE',  ( 4371.335832757458775, -220.2906324171478900, 32.55100438205587210 ) ) ;
#2693 = CARTESIAN_POINT ( 'NONE',  ( 4393.315438524314231, -224.2384421518048327, -36.78705715360544559 ) ) ;
#2694 = EDGE_LOOP ( 'NONE', ( #3755, #6143, #7555 ) ) ;
#2695 = CARTESIAN_POINT ( 'NONE',  ( 4387.004107501137696, -253.8761702834121365, 45.53229660781438071 ) ) ;
#2696 = CARTESIAN_POINT ( 'NONE',  ( 4366.939123123416721, -215.1500511767980015, -28.45693852675952584 ) ) ;
#2697 = SURFACE_SIDE_STYLE ('',( #4068 ) ) ;
#2698 = CARTESIAN_POINT ( 'NONE',  ( 4388.866750471675914, -203.4313293483488678, -8.293804505278236761 ) ) ;
#2699 = EDGE_CURVE ( 'NONE', #4757, #704, #8916, .T. ) ;
#2700 = CARTESIAN_POINT ( 'NONE',  ( 4380.282552679945184, -221.9545419150850591, -36.42466443505923479 ) ) ;
#2701 = DIRECTION ( 'NONE',  ( 0.000000000000000000, 0.000000000000000000, -1.000000000000000000 ) ) ;
#2702 = CARTESIAN_POINT ( 'NONE',  ( 4393.446039227857000, -253.9441160535755841, 44.87875804075048336 ) ) ;
#2703 = CARTESIAN_POINT ( 'NONE',  ( 4388.872586824492828, -206.2431120333628769, 9.096760592280395130 ) ) ;
#2704 = VECTOR ( 'NONE', #4976, 1000.000000000000000 ) ;
#2705 = CARTESIAN_POINT ( 'NONE',  ( 4388.901306816796023, -225.0616209701714752, -34.37193796364852716 ) ) ;
#2706 = CARTESIAN_POINT ( 'NONE',  ( 4380.141826450996632, -248.0735483876742080, 42.72987802883907449 ) ) ;
#2707 = CARTESIAN_POINT ( 'NONE',  ( 4386.726815119853200, -253.5369082829154763, -42.69770872961680652 ) ) ;
#2708 = CARTESIAN_POINT ( 'NONE',  ( 4393.629451678469195, -257.8977237349296843, 37.38563517594676000 ) ) ;
#2709 = CARTESIAN_POINT ( 'NONE',  ( 4367.273151927571234, -221.8730303683098271, 37.24904887201101644 ) ) ;
#2710 = CARTESIAN_POINT ( 'NONE',  ( 4388.948050529210377, -205.7211746457149388, 18.69646050629416578 ) ) ;
#2711 = CARTESIAN_POINT ( 'NONE',  ( 4391.069551675378534, -206.3687661565862186, -10.53908651692707288 ) ) ;
#2712 = CARTESIAN_POINT ( 'NONE',  ( 4393.452994209459575, -261.8954501363457439, -29.91631568444635292 ) ) ;
#2713 = VERTEX_POINT ( 'NONE', #1832 ) ;
#2714 = CARTESIAN_POINT ( 'NONE',  ( 4367.375931461942855, -280.4191122659923394, 0.003914000457493408552 ) ) ;
#2715 = B_SPLINE_CURVE_WITH_KNOTS ( 'NONE', 1,
 ( #8831, #6825 ),
 .UNSPECIFIED., .F., .F.,
 ( 2, 2 ),
 ( 0.000000000000000000, 1.000000000000000000 ),
 .UNSPECIFIED. ) ;
#2716 = ORIENTED_EDGE ( 'NONE', *, *, #450, .F. ) ;
#2717 = CARTESIAN_POINT ( 'NONE',  ( 4393.303337940776146, -221.9803460481164734, -35.50726931725426994 ) ) ;
#2718 = LINE ( 'NONE', #421, #3649 ) ;
#2719 = CARTESIAN_POINT ( 'NONE',  ( 4382.319410790227266, -227.4592077898340108, -36.12353533799365835 ) ) ;
#2720 = CARTESIAN_POINT ( 'NONE',  ( 4384.529739626321316, -250.1675506514741016, 42.59474791815159733 ) ) ;
#2721 = CARTESIAN_POINT ( 'NONE',  ( 4367.295306708877433, -226.8033233578487966, 40.01241370124728292 ) ) ;
#2722 = ORIENTED_EDGE ( 'NONE', *, *, #5861, .F. ) ;
#2723 = CARTESIAN_POINT ( 'NONE',  ( 4382.656969904632206, -259.7906073073369271, -36.47040523200899997 ) ) ;
#2724 = CARTESIAN_POINT ( 'NONE',  ( 4388.907568927180364, -232.8018997572957289, -37.95882403844809261 ) ) ;
#2725 = CARTESIAN_POINT ( 'NONE',  ( 4375.867486013945381, -217.9808609015497893, 34.04294427994562966 ) ) ;
#2726 = CARTESIAN_POINT ( 'NONE',  ( 4367.089536789345402, -220.0218762507936674, -36.04325593900601632 ) ) ;
#2727 = CARTESIAN_POINT ( 'NONE',  ( 4376.018333702836571, -249.7917305849571790, -46.19992884302793357 ) ) ;
#2728 = CARTESIAN_POINT ( 'NONE',  ( 4371.484360566030773, -220.0299654433779608, 35.78151444822496074 ) ) ;
#2729 = CARTESIAN_POINT ( 'NONE',  ( 4386.702088568422369, -219.3398548439907643, 30.84587868509309772 ) ) ;
#2730 = CARTESIAN_POINT ( 'NONE',  ( 4375.994049578496742, -275.5869285686121657, 7.715373450723882698 ) ) ;
#2731 = CARTESIAN_POINT ( 'NONE',  ( 4393.357118194344366, -207.2876081859370743, 21.53963590745530254 ) ) ;
#2732 = CARTESIAN_POINT ( 'NONE',  ( 4382.470503903109602, -220.2221054987697073, 35.18152499040721892 ) ) ;
#2733 = CARTESIAN_POINT ( 'NONE',  ( 4386.704289245242762, -221.7660658302689853, -32.53893683971618600 ) ) ;
#2734 = CARTESIAN_POINT ( 'NONE',  ( 4393.284126947698496, -218.6865058510657036, 33.38270805809467845 ) ) ;
#2735 = CARTESIAN_POINT ( 'NONE',  ( 4393.401206409412225, -212.5862792028943034, -28.25041417927370446 ) ) ;
#2736 = CARTESIAN_POINT ( 'NONE',  ( 4371.528373211482176, -229.1608843336609311, -40.83059630612753921 ) ) ;
#2737 = CARTESIAN_POINT ( 'NONE',  ( 4367.111310188493917, -212.4302829160170063, -25.51012065301396703 ) ) ;
#2738 = CARTESIAN_POINT ( 'NONE',  ( 4393.302507030036395, -221.8335390823923206, 35.42685381537915390 ) ) ;
#2739 = CARTESIAN_POINT ( 'NONE',  ( 4366.923965208939080, -206.3151246870309024, 11.53609286254895849 ) ) ;
#2740 = ADVANCED_FACE ( 'NONE', ( #1977 ), #4759, .F. ) ;
#2741 = CARTESIAN_POINT ( 'NONE',  ( 4393.126573427998665, -203.6429314113209728, -11.62694120668291298 ) ) ;
#2742 = CARTESIAN_POINT ( 'NONE',  ( 4386.894071267516665, -226.1819919353628450, 38.28718514335595557 ) ) ;
#2743 = CARTESIAN_POINT ( 'NONE',  ( 4382.310808521538092, -217.4851507836654037, -29.66382053116952378 ) ) ;
#2744 = CARTESIAN_POINT ( 'NONE',  ( 4384.824833348000539, -265.7529535063407025, -24.63091097229708026 ) ) ;
#2745 = CARTESIAN_POINT ( 'NONE',  ( 4382.481308576413539, -222.2333025337013623, -36.44144823341940054 ) ) ;
#2746 = CARTESIAN_POINT ( 'NONE',  ( 4367.141109918184156, -253.9778168826229319, -44.66642302205312376 ) ) ;
#2747 = DIRECTION ( 'NONE',  ( 0.9629640197141803304, 0.000000000000000000, -0.2696299255199759437 ) ) ;
#2748 = CARTESIAN_POINT ( 'NONE',  ( 4391.117501556260322, -249.1535810090707912, 41.81094415625599225 ) ) ;
#2749 = CARTESIAN_POINT ( 'NONE',  ( 4375.723276161387730, -216.2966701727311261, 29.04687002462936718 ) ) ;
#2750 = CARTESIAN_POINT ( 'NONE',  ( 4388.922589211287232, -252.4995095600567367, -42.38354920528072256 ) ) ;
#2751 = ADVANCED_FACE ( 'NONE', ( #5352 ), #1358, .T. ) ;
#2752 = CARTESIAN_POINT ( 'NONE',  ( 4391.419815207984357, -262.0691619490867765, 30.07429998298401586 ) ) ;
#2753 = CARTESIAN_POINT ( 'NONE',  ( 4367.398862222765274, -251.4813343200638656, 47.22735809823329589 ) ) ;
#2754 = CARTESIAN_POINT ( 'NONE',  ( 4371.672181242912302, -264.8160979576508112, -29.49095680654684770 ) ) ;
#2755 = CARTESIAN_POINT ( 'NONE',  ( 4391.399823261711390, -251.6501172944455220, 44.88737407261117340 ) ) ;
#2756 = CARTESIAN_POINT ( 'NONE',  ( 4388.881221398223715, -207.6725303651794832, -16.07880730335602948 ) ) ;
#2757 = CARTESIAN_POINT ( 'NONE',  ( 4393.150890530389006, -253.4668637432189655, -39.82795400972906208 ) ) ;
#2758 = VERTEX_POINT ( 'NONE', #5199 ) ;
#2759 = CARTESIAN_POINT ( 'NONE',  ( 4393.295023594276245, -276.8607100787536979, 0.003953061658510093578 ) ) ;
#2760 = ORIENTED_EDGE ( 'NONE', *, *, #6055, .F. ) ;
#2761 = CARTESIAN_POINT ( 'NONE',  ( 4393.256653928809101, -214.4213919021795220, -30.00407252301371841 ) ) ;
#2762 = CARTESIAN_POINT ( 'NONE',  ( 4393.283405611552553, -218.7130129784430324, 29.91922797619475816 ) ) ;
#2763 = CARTESIAN_POINT ( 'NONE',  ( 4393.293034330335104, -229.4848158185968430, -36.23371817465042000 ) ) ;
#2764 = CARTESIAN_POINT ( 'NONE',  ( 4384.522701624307956, -238.5154437322233605, 40.28092775032728667 ) ) ;
#2765 = CARTESIAN_POINT ( 'NONE',  ( 4367.120906706833921, -203.6751680994384515, 13.12717465093260572 ) ) ;
#2766 = ORIENTED_EDGE ( 'NONE', *, *, #8765, .T. ) ;
#2767 = CARTESIAN_POINT ( 'NONE',  ( 4380.472764555262074, -254.8748548484167031, -46.33443196448091328 ) ) ;
#2768 = CARTESIAN_POINT ( 'NONE',  ( 4375.875668570663947, -219.5236226964074433, 35.15058130267354386 ) ) ;
#2769 = CARTESIAN_POINT ( 'NONE',  ( 4391.254704261517873, -220.2386518803219246, -34.57062550238466514 ) ) ;
#2770 = CARTESIAN_POINT ( 'NONE',  ( 4384.806220614609629, -252.0560041681246162, -45.58722368740685482 ) ) ;
#2771 = CARTESIAN_POINT ( 'NONE',  ( 4371.542572800392918, -232.1178160568990165, 42.08315363551565014 ) ) ;
#2772 = CIRCLE ( 'NONE', #8019, 1.000000000000000888 ) ;
#2773 = CARTESIAN_POINT ( 'NONE',  ( 4386.677538002882102, -206.2428980991266201, 9.230927962753318283 ) ) ;
#2774 = CARTESIAN_POINT ( 'NONE',  ( 4367.149958782501017, -258.6395713162311836, 36.40494350633805709 ) ) ;
#2775 = CARTESIAN_POINT ( 'NONE',  ( 4393.466501359473114, -223.1623286720926274, 36.18981111816095364 ) ) ;
#2776 = COLOUR_RGB ( '',0.7921568627450980005, 0.8196078431372548767, 0.9333333333333333481 ) ;
#2777 = CARTESIAN_POINT ( 'NONE',  ( 4382.471507043256679, -220.3954152059640137, 35.29568871460690360 ) ) ;
#2778 = CARTESIAN_POINT ( 'NONE',  ( 4366.945100524401823, -221.7608722553644895, -33.84470126669515366 ) ) ;
#2779 = CARTESIAN_POINT ( 'NONE',  ( 4393.166238298655117, -205.0347023080192344, 16.79332069641001723 ) ) ;
#2780 = CARTESIAN_POINT ( 'NONE',  ( 4375.840152826643134, -213.1917244574831045, -29.94190683654757734 ) ) ;
#2781 = CARTESIAN_POINT ( 'NONE',  ( 4382.519676960312609, -230.1832878661021198, -40.44700212341947321 ) ) ;
#2782 = CARTESIAN_POINT ( 'NONE',  ( 4393.110757432886203, -203.4856370065705562, 9.839680281256301342 ) ) ;
#2783 = VECTOR ( 'NONE', #666, 1000.000000000000000 ) ;
#2784 = CARTESIAN_POINT ( 'NONE',  ( 4366.933277132710828, -209.7088186102441796, 21.66626004346582235 ) ) ;
#2785 = CARTESIAN_POINT ( 'NONE',  ( 4393.422463987970332, -253.8941744841747266, -44.77859899102544716 ) ) ;
#2786 = CARTESIAN_POINT ( 'NONE',  ( 4382.338479914596974, -252.6949022178642679, -43.06789279827334127 ) ) ;
#2787 = CARTESIAN_POINT ( 'NONE',  ( 4384.535459782669932, -204.4726057622925453, 15.65473080056423782 ) ) ;
#2788 = CARTESIAN_POINT ( 'NONE',  ( 4388.892809149783716, -215.7105036928262791, -27.67025660439148282 ) ) ;
#2789 = CARTESIAN_POINT ( 'NONE',  ( 4384.515694049000558, -203.8370256756328445, -13.04232227421663204 ) ) ;
#2790 = CARTESIAN_POINT ( 'NONE',  ( 4393.468716442747791, -223.5671578365070502, -36.40840805073136721 ) ) ;
#2791 = CARTESIAN_POINT ( 'NONE',  ( 4367.318834625126328, -232.1028734737204502, -42.38041453850189555 ) ) ;
#2792 = DIRECTION ( 'NONE',  ( 0.000000000000000000, 0.000000000000000000, -1.000000000000000000 ) ) ;
#2793 = CARTESIAN_POINT ( 'NONE',  ( 4391.113737766188024, -245.1179812185056051, 41.22039698620546488 ) ) ;
#2794 = CARTESIAN_POINT ( 'NONE',  ( 4375.718418471841687, -211.4756264219570312, 23.81698203952302251 ) ) ;
#2795 = CARTESIAN_POINT ( 'NONE',  ( 4376.075901938209427, -261.3634789284475914, 35.08579246143307984 ) ) ;
#2796 = CARTESIAN_POINT ( 'NONE',  ( 4367.280098720238129, -223.3941649866283967, 38.16506155617901896 ) ) ;
#2797 = CARTESIAN_POINT ( 'NONE',  ( 4389.050311607035837, -218.6802339556796824, 33.67504085125337099 ) ) ;
#2798 = CARTESIAN_POINT ( 'NONE',  ( 4371.319742358418807, -207.1509028500263980, -15.60401612849964081 ) ) ;
#2799 = CARTESIAN_POINT ( 'NONE',  ( 4393.143258621329551, -248.4495744470426359, 41.52272040774647621 ) ) ;
#2800 = VERTEX_POINT ( 'NONE', #7942 ) ;
#2801 = CARTESIAN_POINT ( 'NONE',  ( 4393.093705806565595, -203.4313293483461393, -8.024708257892008589 ) ) ;
#2802 = ADVANCED_FACE ( 'NONE', ( #4469 ), #7634, .T. ) ;
#2803 = VERTEX_POINT ( 'NONE', #6806 ) ;
#2804 = CARTESIAN_POINT ( 'NONE',  ( 4393.319699189781204, -225.0511393974959446, -37.21790149097630973 ) ) ;
#2805 = CARTESIAN_POINT ( 'NONE',  ( 4393.286556827237291, -222.0977430594856230, 32.29156243793059389 ) ) ;
#2806 = CARTESIAN_POINT ( 'NONE',  ( 4386.705831536352889, -223.5430794926806755, -33.65463945213445385 ) ) ;
#2807 = CARTESIAN_POINT ( 'NONE',  ( 4382.316377229142745, -223.6713792733366688, 34.05242947683962029 ) ) ;
#2808 = CARTESIAN_POINT ( 'NONE',  ( 4393.125829006090498, -223.7840195400669359, -33.32781472011369317 ) ) ;
#2809 = CARTESIAN_POINT ( 'NONE',  ( 4367.241908354655607, -215.6191012113860950, 32.69237488141289560 ) ) ;
#2810 = ORIENTED_EDGE ( 'NONE', *, *, #1864, .F. ) ;
#2811 = CARTESIAN_POINT ( 'NONE',  ( 4375.876545523104141, -219.6959598774008100, -35.26192872193526284 ) ) ;
#2812 = EDGE_CURVE ( 'NONE', #6240, #3718, #7432, .T. ) ;
#2813 = CARTESIAN_POINT ( 'NONE',  ( 4367.247215578618125, -253.4371566680346177, -47.43205961329156395 ) ) ;
#2814 = CARTESIAN_POINT ( 'NONE',  ( 4366.988217874436486, -205.3627692274015146, 19.16896512268348474 ) ) ;
#2815 = CARTESIAN_POINT ( 'NONE',  ( 4386.713978443343876, -233.9536464820552339, 38.57258656880460279 ) ) ;
#2816 = LINE ( 'NONE', #3589, #3945 ) ;
#2817 = CARTESIAN_POINT ( 'NONE',  ( 4393.456616111681797, -221.3255447478263136, 35.10564319166366687 ) ) ;
#2818 = CARTESIAN_POINT ( 'NONE',  ( 4382.489856127093844, -223.9875682555303911, 37.46114941712833968 ) ) ;
#2819 = CARTESIAN_POINT ( 'NONE',  ( 4386.705061801710144, -222.6138612331501747, -33.08257648665914985 ) ) ;
#2820 = CARTESIAN_POINT ( 'NONE',  ( 4393.125465709803393, -223.4172621246584640, 33.11848816513212768 ) ) ;
#2821 = CARTESIAN_POINT ( 'NONE',  ( 4382.421413297698564, -212.0040351163438288, -28.33985200403741800 ) ) ;
#2822 = CARTESIAN_POINT ( 'NONE',  ( 4380.330851742576669, -231.9620619958712382, -41.33440700892620612 ) ) ;
#2823 = CARTESIAN_POINT ( 'NONE',  ( 4393.167700978422545, -252.4528962752417556, 42.17298079043651171 ) ) ;
#2824 = CARTESIAN_POINT ( 'NONE',  ( 4366.943496804738061, -219.9656823225786013, 32.58201901897148645 ) ) ;
#2825 = CARTESIAN_POINT ( 'NONE',  ( 4393.330898585399154, -227.2460432662689414, -38.29607723085044313 ) ) ;
#2826 = CARTESIAN_POINT ( 'NONE',  ( 4391.119108298535139, -250.8893718569336500, -42.00533942458108072 ) ) ;
#2827 = CARTESIAN_POINT ( 'NONE',  ( 4386.883138321461956, -223.9799730705502157, 37.13679331879841072 ) ) ;
#2828 = CARTESIAN_POINT ( 'NONE',  ( 4391.088982556708288, -218.0912563265577262, -29.58279504750178646 ) ) ;
#2829 = FACE_OUTER_BOUND ( 'NONE', #2176, .T. ) ;
#2830 = CARTESIAN_POINT ( 'NONE',  ( 4366.931268830165209, -203.4653556595404211, -10.87593939466754556 ) ) ;
#2831 = CARTESIAN_POINT ( 'NONE',  ( 4375.892767006907889, -222.8876602604948403, -37.28834485475793770 ) ) ;
#2832 = CARTESIAN_POINT ( 'NONE',  ( 4367.345840556893563, -238.1833288841846468, -44.53778963368895205 ) ) ;
#2833 = CARTESIAN_POINT ( 'NONE',  ( 4371.124010078240644, -276.8971029266782580, 0.003914000457303968943 ) ) ;
#2834 = CARTESIAN_POINT ( 'NONE',  ( 4388.893976999020197, -216.8871306638587839, 28.72551620255925187 ) ) ;
#2835 = CARTESIAN_POINT ( 'NONE',  ( 4375.728479725398756, -222.0943862406865321, 33.51199472102709365 ) ) ;
#2836 = CARTESIAN_POINT ( 'NONE',  ( 4391.120464678113422, -252.6247540084729053, -42.16916273818308269 ) ) ;
#2837 = CARTESIAN_POINT ( 'NONE',  ( 4367.288656412936689, -264.1879350812733378, 31.77453030095708186 ) ) ;
#2838 = CARTESIAN_POINT ( 'NONE',  ( 4367.093704726809847, -206.2313293483461507, -9.526115379932971194 ) ) ;
#2839 = CARTESIAN_POINT ( 'NONE',  ( 4389.011738409009922, -212.5897117449712823, 28.54398726631833583 ) ) ;
#2840 = CARTESIAN_POINT ( 'NONE',  ( 4366.926774811567157, -206.7558978314579008, -14.28667319603605179 ) ) ;
#2841 = CARTESIAN_POINT ( 'NONE',  ( 4393.145031015732457, -251.9746659191800404, 41.90969464119765320 ) ) ;
#2842 = ORIENTED_EDGE ( 'NONE', *, *, #7931, .F. ) ;
#2843 = DIRECTION ( 'NONE',  ( 0.000000000000000000, 0.000000000000000000, -1.000000000000000000 ) ) ;
#2844 = CIRCLE ( 'NONE', #7203, 1.000000000000000888 ) ;
#2845 = VERTEX_POINT ( 'NONE', #3966 ) ;
#2846 = CARTESIAN_POINT ( 'NONE',  ( 4393.304965975988125, -222.2491599253731067, -35.66700657073099023 ) ) ;
#2847 = CARTESIAN_POINT ( 'NONE',  ( 4393.271224867467026, -208.2723639643626257, 17.27200618194560633 ) ) ;
#2848 = CARTESIAN_POINT ( 'NONE',  ( 4375.729616798551433, -223.4134229810862280, -34.34367261975076246 ) ) ;
#2849 = CARTESIAN_POINT ( 'NONE',  ( 4382.317916907289145, -225.6037132224134609, 35.16063959922898619 ) ) ;
#2850 = CARTESIAN_POINT ( 'NONE',  ( 4393.135416403018098, -236.0022158571129296, -38.75873944559992168 ) ) ;
#2851 = CARTESIAN_POINT ( 'NONE',  ( 4367.280740638420866, -223.5345562003497264, 38.24651845442355835 ) ) ;
#2852 = EDGE_CURVE ( 'NONE', #9021, #3025, #445, .T. ) ;
#2853 = ORIENTED_EDGE ( 'NONE', *, *, #9005, .T. ) ;
#2854 = CARTESIAN_POINT ( 'NONE',  ( 4391.066404344784132, -206.2313293483432801, -8.155566592184909425 ) ) ;
#2855 = CARTESIAN_POINT ( 'NONE',  ( 4366.989208001859879, -258.0894103200404288, -37.49137751938749119 ) ) ;
#2856 = CARTESIAN_POINT ( 'NONE',  ( 4375.749618440168888, -243.5289082899476796, -42.31944076896147777 ) ) ;
#2857 = CARTESIAN_POINT ( 'NONE',  ( 4367.090417417565732, -220.1935997112872769, -36.16044527828545085 ) ) ;
#2858 = CARTESIAN_POINT ( 'NONE',  ( 4367.246876320602496, -253.3567091113084189, -47.42479899860398262 ) ) ;
#2859 = B_SPLINE_CURVE_WITH_KNOTS ( 'NONE', 3,
 ( #5372, #7561, #7368, #1949 ),
 .UNSPECIFIED., .F., .F.,
 ( 4, 4 ),
 ( 917.5316017754357745, 1178.714505369036942 ),
 .UNSPECIFIED. ) ;
#2860 = CARTESIAN_POINT ( 'NONE',  ( 4371.525597166525586, -228.5795004283794469, 40.57408438480884882 ) ) ;
#2861 = CARTESIAN_POINT ( 'NONE',  ( 4386.706740847864239, -224.6802652452327607, 34.32614502375268728 ) ) ;
#2862 = CARTESIAN_POINT ( 'NONE',  ( 4367.150441194281484, -254.4751671505942170, 44.34387789402046565 ) ) ;
#2863 = CARTESIAN_POINT ( 'NONE',  ( 4380.236748257603722, -213.7973805989278446, 30.27355464452552170 ) ) ;
#2864 = CARTESIAN_POINT ( 'NONE',  ( 4382.315336673050297, -222.4383481142764083, -33.27958679508336814 ) ) ;
#2865 = CARTESIAN_POINT ( 'NONE',  ( 4393.143858030337469, -249.5958632179239487, 41.66940818695091053 ) ) ;
#2866 = CARTESIAN_POINT ( 'NONE',  ( 4389.024019723217862, -214.4218511293254039, -30.28325946588515549 ) ) ;
#2867 = CARTESIAN_POINT ( 'NONE',  ( 4389.134259924720027, -235.2625408144950256, -41.82358963271990149 ) ) ;
#2868 = CARTESIAN_POINT ( 'NONE',  ( 4393.169784304027417, -252.4364770746182387, 42.19179339051687094 ) ) ;
#2869 = CARTESIAN_POINT ( 'NONE',  ( 4371.368470796134716, -251.0508923832686037, 43.97460852976858092 ) ) ;
#2870 = CARTESIAN_POINT ( 'NONE',  ( 4393.125339831744895, -223.2783981481856017, -33.02715169423699137 ) ) ;
#2871 = CARTESIAN_POINT ( 'NONE',  ( 4384.515694053121479, -203.8370256756334129, 13.05015027487888268 ) ) ;
#2872 = CARTESIAN_POINT ( 'NONE',  ( 4382.311392697052725, -218.0942903955353529, -30.16529581830357643 ) ) ;
#2873 = CARTESIAN_POINT ( 'NONE',  ( 4382.299295457687549, -203.4948655843464280, -10.49447710912531484 ) ) ;
#2874 = CARTESIAN_POINT ( 'NONE',  ( 4367.150432308321797, -254.2873826762599947, 44.69991931449456501 ) ) ;
#2875 = CARTESIAN_POINT ( 'NONE',  ( 4389.075051717219139, -223.1628549046743899, -36.51065682360376741 ) ) ;
#2876 = CARTESIAN_POINT ( 'NONE',  ( 4367.141055764774137, -255.5158641490182845, -44.79901423677547712 ) ) ;
#2877 = CARTESIAN_POINT ( 'NONE',  ( 4388.457061518603041, -275.2074036700660713, 0.003914000455847672054 ) ) ;
#2878 = CARTESIAN_POINT ( 'NONE',  ( 4391.107306185051129, -238.2975478182987672, 39.63725266342537878 ) ) ;
#2879 = CARTESIAN_POINT ( 'NONE',  ( 4375.709958042588369, -206.9371283719672192, 14.60223777668432810 ) ) ;
#2880 = CARTESIAN_POINT ( 'NONE',  ( 4387.013932231951003, -265.9704522392291892, 23.73615032262327063 ) ) ;
#2881 = CARTESIAN_POINT ( 'NONE',  ( 4367.389561519251401, -248.9138567579107075, 46.88872113371257200 ) ) ;
#2882 = CARTESIAN_POINT ( 'NONE',  ( 4389.054249076729320, -219.3749493936869328, 34.15636825851660774 ) ) ;
#2883 = CARTESIAN_POINT ( 'NONE',  ( 4380.101773373233300, -207.5365849673004561, -16.23640265148319983 ) ) ;
#2884 = CARTESIAN_POINT ( 'NONE',  ( 4393.128369687949998, -226.8535319896220130, 35.00930081602431443 ) ) ;
#2885 = EDGE_LOOP ( 'NONE', ( #4898, #1261, #3790, #6969, #135 ) ) ;
#2886 = CARTESIAN_POINT ( 'NONE',  ( 4393.460470520384661, -253.9430570932119053, -44.86934487699468121 ) ) ;
#2887 = FACE_OUTER_BOUND ( 'NONE', #6450, .T. ) ;
#2888 = CARTESIAN_POINT ( 'NONE',  ( 4374.441019707302985, -302.9155512315545593, -24.10391400045744348 ) ) ;
#2889 = CARTESIAN_POINT ( 'NONE',  ( 4393.288785142307461, -224.6658009784924843, 33.82929683745987148 ) ) ;
#2890 = CARTESIAN_POINT ( 'NONE',  ( 4371.338313148356065, -223.1113668746885423, -34.44668705507756812 ) ) ;
#2891 = CARTESIAN_POINT ( 'NONE',  ( 4382.331871255361875, -243.2276219414437719, 41.66695230433583674 ) ) ;
#2892 = CARTESIAN_POINT ( 'NONE',  ( 4393.113803722908415, -212.4386451716622446, -23.97486651510535793 ) ) ;
#2893 = CARTESIAN_POINT ( 'NONE',  ( 4367.313536355717588, -230.9082245249310859, 41.89941337940135213 ) ) ;
#2894 = ORIENTED_EDGE ( 'NONE', *, *, #5426, .F. ) ;
#2895 = CARTESIAN_POINT ( 'NONE',  ( 4380.149769741597993, -255.0684777557145537, -40.00525488787344841 ) ) ;
#2896 = CARTESIAN_POINT ( 'NONE',  ( 4371.351661934054391, -236.5971347161488154, -40.77554934047209656 ) ) ;
#2897 = CARTESIAN_POINT ( 'NONE',  ( 4367.139941684187761, -251.8009519956089832, -44.44980903785953075 ) ) ;
#2898 = CARTESIAN_POINT ( 'NONE',  ( 4384.806462366608685, -252.1323746474655252, -45.59419792839869245 ) ) ;
#2899 = CARTESIAN_POINT ( 'NONE',  ( 4371.640492472056394, -255.1034518130241793, 47.16498662487035176 ) ) ;
#2900 = CARTESIAN_POINT ( 'NONE',  ( 4384.483704215942453, -206.2879966184004843, 10.16064903657587948 ) ) ;
#2901 = DIRECTION ( 'NONE',  ( 0.000000000000000000, -1.000000000000000000, 0.000000000000000000 ) ) ;
#2902 = CARTESIAN_POINT ( 'NONE',  ( 4380.232905285965899, -213.1938009132976788, 29.68203004807300971 ) ) ;
#2903 = CARTESIAN_POINT ( 'NONE',  ( 4391.117929108140743, -255.1616068064580531, 37.13946696346072684 ) ) ;
#2904 = CARTESIAN_POINT ( 'NONE',  ( 4393.135416396112305, -236.0022086302761579, 38.76656515519565716 ) ) ;
#2905 = CARTESIAN_POINT ( 'NONE',  ( 4371.454339406534018, -214.4084850820693191, -31.36827854225722589 ) ) ;
#2906 = CARTESIAN_POINT ( 'NONE',  ( 4389.115126553583650, -231.2348855187097172, -40.34366182601817741 ) ) ;
#2907 = ADVANCED_FACE ( 'NONE', ( #2645 ), #7339, .F. ) ;
#2908 = CARTESIAN_POINT ( 'NONE',  ( 4393.356071117364991, -253.5240058517937314, 44.10494255789289042 ) ) ;
#2909 = CARTESIAN_POINT ( 'NONE',  ( 4366.944656556740483, -221.2744893971043325, 33.51903289761696669 ) ) ;
#2910 = AXIS2_PLACEMENT_3D ( 'NONE', #8857, #8032, #495 ) ;
#2911 = CARTESIAN_POINT ( 'NONE',  ( 4393.093705922510708, -206.2313293483499876, -8.024710204979026429 ) ) ;
#2912 = CARTESIAN_POINT ( 'NONE',  ( 4384.666474088481664, -220.0542950696936089, 34.91900688472694014 ) ) ;
#2913 = CARTESIAN_POINT ( 'NONE',  ( 4393.283984669158599, -219.3379963246618445, -30.38587551998723058 ) ) ;
#2914 = CARTESIAN_POINT ( 'NONE',  ( 4391.118978680499822, -253.2739406678296632, 40.69957802574089811 ) ) ;
#2915 = CARTESIAN_POINT ( 'NONE',  ( 4366.934791692477120, -203.4891535572197085, -11.32939107634445364 ) ) ;
#2916 = CARTESIAN_POINT ( 'NONE',  ( 4367.231562263608794, -213.7293872630812643, -31.01056207063813730 ) ) ;
#2917 = CARTESIAN_POINT ( 'NONE',  ( 4375.893397515344986, -223.0259498900965411, -37.36975173425199159 ) ) ;
#2918 = CARTESIAN_POINT ( 'NONE',  ( 4367.313536365123582, -230.9082272729296506, -41.89158653245950603 ) ) ;
#2919 = CARTESIAN_POINT ( 'NONE',  ( 4377.141019707303712, -302.9155512315545593, -24.40391400045749748 ) ) ;
#2920 = CARTESIAN_POINT ( 'NONE',  ( 4388.899827484066009, -223.2768492847361586, 33.34448418445629159 ) ) ;
#2921 = CARTESIAN_POINT ( 'NONE',  ( 4375.730397926834485, -224.3062696892970962, 34.88759161061528857 ) ) ;
#2922 = CARTESIAN_POINT ( 'NONE',  ( 4376.051700747942050, -265.9445702774441429, 26.28375119868199405 ) ) ;
#2923 = CARTESIAN_POINT ( 'NONE',  ( 4384.522707549472216, -271.9129584032815501, 6.982249357078084806 ) ) ;
#2924 = CARTESIAN_POINT ( 'NONE',  ( 4393.474901659070383, -253.9419982024104741, 44.87558764254930566 ) ) ;
#2925 = CARTESIAN_POINT ( 'NONE',  ( 4389.075051722396893, -223.1628549046621686, 36.51848482413085861 ) ) ;
#2926 = CARTESIAN_POINT ( 'NONE',  ( 4375.711486767821953, -207.4084359858301525, -16.11651780237445308 ) ) ;
#2927 = CARTESIAN_POINT ( 'NONE',  ( 4393.145015196520035, -252.2487437039225711, 41.93396161039427739 ) ) ;
#2928 = ORIENTED_EDGE ( 'NONE', *, *, #7611, .F. ) ;
#2929 = FACE_OUTER_BOUND ( 'NONE', #748, .T. ) ;
#2930 = EDGE_LOOP ( 'NONE', ( #5532, #1849, #1212, #9050, #7924, #4819, #3140, #2550, #8460, #3355, #2810, #4525 ) ) ;
#2931 = CARTESIAN_POINT ( 'NONE',  ( 4393.418673796218172, -247.4813044280682561, -44.18660424169421219 ) ) ;
#2932 = CARTESIAN_POINT ( 'NONE',  ( 4393.284896516584922, -220.2938412475283201, 31.08412688603069896 ) ) ;
#2933 = CARTESIAN_POINT ( 'NONE',  ( 4366.946592819370380, -223.4119704965666529, -34.91720992587341499 ) ) ;
#2934 = CARTESIAN_POINT ( 'NONE',  ( 4382.315336674700120, -222.4383481142643291, 33.28741479587723262 ) ) ;
#2935 = CARTESIAN_POINT ( 'NONE',  ( 4393.126768519127836, -224.9214330740522882, -33.97658572019980738 ) ) ;
#2936 = CARTESIAN_POINT ( 'NONE',  ( 4367.124254372802170, -228.0573640725742450, 37.51462928229342708 ) ) ;
#2937 = CARTESIAN_POINT ( 'NONE',  ( 4367.391931786814894, -249.5548340792764748, -46.97354485741276164 ) ) ;
#2938 = VERTEX_POINT ( 'NONE', #3332 ) ;
#2939 = CARTESIAN_POINT ( 'NONE',  ( 4386.970492868015754, -274.5280335702852881, -7.563416093462845602 ) ) ;
#2940 = CARTESIAN_POINT ( 'NONE',  ( 4366.987645784558481, -259.0731792383673451, -35.60284169246111219 ) ) ;
#2941 = CARTESIAN_POINT ( 'NONE',  ( 4367.114589168058956, -215.6751028134611374, -28.96807743006849023 ) ) ;
#2942 = CARTESIAN_POINT ( 'NONE',  ( 4382.613517625064560, -252.8958900369550520, -45.88205565013682730 ) ) ;
#2943 = CARTESIAN_POINT ( 'NONE',  ( 4367.035171973343495, -210.2894426652283926, 27.33432675293295588 ) ) ;
#2944 = CARTESIAN_POINT ( 'NONE',  ( 4386.725291394037413, -250.0219016917441479, 42.35894419365704522 ) ) ;
#2945 = CARTESIAN_POINT ( 'NONE',  ( 4367.116684988688576, -218.0424576232882998, 31.07369888256371127 ) ) ;
#2946 = CARTESIAN_POINT ( 'NONE',  ( 4382.611075197869468, -251.8328055019408112, 45.79429650276395591 ) ) ;
#2947 = CARTESIAN_POINT ( 'NONE',  ( 4391.118499266903200, -254.2170415361183018, 38.91980396215305404 ) ) ;
#2948 = CARTESIAN_POINT ( 'NONE',  ( 4393.124630387342222, -222.4411496138727955, 32.52057891278891333 ) ) ;
#2949 = CARTESIAN_POINT ( 'NONE',  ( 4380.251938827802405, -216.3330108347575731, -32.47853916490447546 ) ) ;
#2950 = CARTESIAN_POINT ( 'NONE',  ( 4386.926776535144199, -233.0015683761251921, -41.18931228234580999 ) ) ;
#2951 = CARTESIAN_POINT ( 'NONE',  ( 4393.340950617827730, -253.4397292187335324, 43.94982456156183304 ) ) ;
#2952 = CARTESIAN_POINT ( 'NONE',  ( 4366.948974235528112, -225.9357515753405607, 36.40452131644543243 ) ) ;
#2953 = CARTESIAN_POINT ( 'NONE',  ( 4393.123175828224703, -220.9525657531611671, -31.54129499779821799 ) ) ;
#2954 = EDGE_CURVE ( 'NONE', #1340, #3471, #2772, .T. ) ;
#2955 = CARTESIAN_POINT ( 'NONE',  ( 4384.629452428604054, -213.7996199117251592, 30.00180867368636228 ) ) ;
#2956 = CARTESIAN_POINT ( 'NONE',  ( 4375.726310401780211, -219.6544960265404995, -31.79478496144528421 ) ) ;
#2957 = CARTESIAN_POINT ( 'NONE',  ( 4366.994622128100673, -254.1133978232701907, 45.06792202205348730 ) ) ;
#2958 = CARTESIAN_POINT ( 'NONE',  ( 4375.730464855409082, -203.6819456878507424, -12.67149398863139353 ) ) ;
#2959 = CARTESIAN_POINT ( 'NONE',  ( 4367.441019707303894, -302.9155512315545593, 26.00391400045748469 ) ) ;
#2960 = CARTESIAN_POINT ( 'NONE',  ( 4375.894786507278695, -223.3063923521599463, -37.53253738761896585 ) ) ;
#2961 = CARTESIAN_POINT ( 'NONE',  ( 4367.125428624034612, -229.7263715085743172, -38.31385535018777944 ) ) ;
#2962 = LINE ( 'NONE', #2286, #2986 ) ;
#2963 = CARTESIAN_POINT ( 'NONE',  ( 4375.755588055839326, -248.9387915589182683, 43.27923141175275390 ) ) ;
#2964 = CARTESIAN_POINT ( 'NONE',  ( 4384.828022529491136, -264.6536181001367254, 26.72517640836401753 ) ) ;
#2965 = CARTESIAN_POINT ( 'NONE',  ( 4376.741019707303167, -289.7815121590419380, -27.40391400045749393 ) ) ;
#2966 = EDGE_CURVE ( 'NONE', #5420, #2938, #6211, .T. ) ;
#2967 = CARTESIAN_POINT ( 'NONE',  ( 4389.197221429760248, -250.7515566194073529, 45.02345865622558563 ) ) ;
#2968 = CARTESIAN_POINT ( 'NONE',  ( 4386.687375521562899, -207.9636842847916398, -16.95679707949747339 ) ) ;
#2969 = CARTESIAN_POINT ( 'NONE',  ( 4393.127299052432136, -225.5608007954478182, 34.33395216220351642 ) ) ;
#2970 = DIRECTION ( 'NONE',  ( 1.000000000000000000, 0.000000000000000000, 2.536234875824260354E-15 ) ) ;
#2971 = ORIENTED_EDGE ( 'NONE', *, *, #7943, .F. ) ;
#2972 = CARTESIAN_POINT ( 'NONE',  ( 4393.420701134987212, -248.0757347843538696, -44.26934472321888592 ) ) ;
#2973 = CARTESIAN_POINT ( 'NONE',  ( 4391.076304302416247, -207.9610180112734668, 16.68882619103141707 ) ) ;
#2974 = CARTESIAN_POINT ( 'NONE',  ( 4391.093508731209113, -222.9622803246605827, -32.98483046691487175 ) ) ;
#2975 = CARTESIAN_POINT ( 'NONE',  ( 4380.102950169881296, -207.9652490296432461, 17.36290738536773759 ) ) ;
#2976 = DIRECTION ( 'NONE',  ( 1.000000000000000000, 0.000000000000000000, 4.630148714024827843E-16 ) ) ;
#2977 = CARTESIAN_POINT ( 'NONE',  ( 4367.123093054953642, -226.4142400623526044, 36.65833668877580465 ) ) ;
#2978 = CARTESIAN_POINT ( 'NONE',  ( 4393.592101386424474, -250.4473026353565217, 44.54305871883072854 ) ) ;
#2979 = CARTESIAN_POINT ( 'NONE',  ( 4389.225336033433450, -262.2570260124454080, -30.22617874277778682 ) ) ;
#2980 = CARTESIAN_POINT ( 'NONE',  ( 4371.367045018873796, -263.5367705783857559, -25.89549997278455606 ) ) ;
#2981 = CARTESIAN_POINT ( 'NONE',  ( 4371.349201903862195, -234.2917585866785259, -39.91468840298222176 ) ) ;
#2982 = CARTESIAN_POINT ( 'NONE',  ( 4367.103229937737524, -207.6622366120518279, -17.32023321551217876 ) ) ;
#2983 = CARTESIAN_POINT ( 'NONE',  ( 4371.639766026927646, -253.5791226286395670, -47.02529561994077056 ) ) ;
#2984 = CARTESIAN_POINT ( 'NONE',  ( 4367.063661733932349, -215.0340849044469849, 32.18436191785594502 ) ) ;
#2985 = CARTESIAN_POINT ( 'NONE',  ( 4386.713127871554207, -232.8444989207779656, 38.16182271254290015 ) ) ;
#2986 = VECTOR ( 'NONE', #5760, 1000.000000000000000 ) ;
#2987 = CARTESIAN_POINT ( 'NONE',  ( 4367.103229943465522, -207.6622361169704334, 17.32805988784176776 ) ) ;
#2988 = ORIENTED_EDGE ( 'NONE', *, *, #7246, .T. ) ;
#2989 = CARTESIAN_POINT ( 'NONE',  ( 4382.613496692909393, -253.0434491924839051, 45.90278251217949190 ) ) ;
#2990 = CARTESIAN_POINT ( 'NONE',  ( 4371.378918422839888, -255.7615221318753527, 40.86599832931852205 ) ) ;
#2991 = CARTESIAN_POINT ( 'NONE',  ( 4393.133381100145016, -233.2646797807467181, 37.78570446716513231 ) ) ;
#2992 = CARTESIAN_POINT ( 'NONE',  ( 4384.641286474239678, -215.6893925475201570, -31.66709891184845560 ) ) ;
#2993 = CARTESIAN_POINT ( 'NONE',  ( 4384.771969871860165, -242.5339464298872656, -44.16337891209076361 ) ) ;
#2994 = CARTESIAN_POINT ( 'NONE',  ( 4393.378746917622266, -253.6504106338881570, 44.33762555822278273 ) ) ;
#2995 = CARTESIAN_POINT ( 'NONE',  ( 4366.972913180198702, -246.3858392438486362, 43.68679545669297681 ) ) ;
#2996 = CARTESIAN_POINT ( 'NONE',  ( 4393.369008422783736, -235.1537098687216201, -41.41867830127904426 ) ) ;
#2997 = CARTESIAN_POINT ( 'NONE',  ( 4371.628826768216641, -271.9406347615066579, -15.66457441362231329 ) ) ;
#2998 = CARTESIAN_POINT ( 'NONE',  ( 4384.663625295366728, -219.5395945613866218, 34.57192980427505802 ) ) ;
#2999 = CARTESIAN_POINT ( 'NONE',  ( 4391.090458387852777, -219.6551597951126951, -30.77065250569976129 ) ) ;
#3000 = CARTESIAN_POINT ( 'NONE',  ( 4371.379992886202672, -254.7752534253404519, 42.73912494516043381 ) ) ;
#3001 = CARTESIAN_POINT ( 'NONE',  ( 4382.346677736420133, -204.7566726670511343, -16.62342867210689334 ) ) ;
#3002 = PLANE ( 'NONE',  #8742 ) ;
#3003 = CARTESIAN_POINT ( 'NONE',  ( 4386.883138316807162, -223.9799730705716172, -37.12896531823736979 ) ) ;
#3004 = CARTESIAN_POINT ( 'NONE',  ( 4367.130251803930150, -236.6133324561761242, -41.10810359888972698 ) ) ;
#3005 = EDGE_CURVE ( 'NONE', #989, #3658, #541, .T. ) ;
#3006 = CARTESIAN_POINT ( 'NONE',  ( 4371.318163109798661, -206.7589442152963386, 14.06658006203249833 ) ) ;
#3007 = CARTESIAN_POINT ( 'NONE',  ( 4393.600640008054143, -264.3857562120131206, 25.24069866793614736 ) ) ;
#3008 = CARTESIAN_POINT ( 'NONE',  ( 4367.127332702825697, -203.8253406130855296, 14.01341987450332205 ) ) ;
#3009 = CARTESIAN_POINT ( 'NONE',  ( 4389.155316038816636, -239.9718049979778129, 43.12995286922587468 ) ) ;
#3010 = CARTESIAN_POINT ( 'NONE',  ( 4388.884243961878383, -208.9221606223453023, -18.99140420342710200 ) ) ;
#3011 = CARTESIAN_POINT ( 'NONE',  ( 4393.104695190509119, -207.6596476166098171, 15.81628393340754890 ) ) ;
#3012 = CARTESIAN_POINT ( 'NONE',  ( 4367.092233715229668, -220.5435225201664480, -36.39449368137945129 ) ) ;
#3013 = CARTESIAN_POINT ( 'NONE',  ( 4377.141019707303712, -305.5155512315545252, -26.87652984091358377 ) ) ;
#3014 = DIRECTION ( 'NONE',  ( 0.000000000000000000, -1.000000000000000000, 0.000000000000000000 ) ) ;
#3015 = CARTESIAN_POINT ( 'NONE',  ( 4367.436266875392903, -301.9155512315545593, 20.50391400045749180 ) ) ;
#3016 = CARTESIAN_POINT ( 'NONE',  ( 4393.307912670859878, -245.0048131377335210, 40.98568579324111738 ) ) ;
#3017 = CARTESIAN_POINT ( 'NONE',  ( 4391.094870967930547, -224.5419163109262968, -33.91741052571480708 ) ) ;
#3018 = CARTESIAN_POINT ( 'NONE',  ( 4380.102171436890785, -207.6739219496769806, 16.62041861738835635 ) ) ;
#3019 = CARTESIAN_POINT ( 'NONE',  ( 4367.119001755007048, -220.8873559894762479, 33.23833724575924009 ) ) ;
#3020 = CARTESIAN_POINT ( 'NONE',  ( 4391.235362949915725, -217.0060487111121574, 32.28520379254358375 ) ) ;
#3021 = CARTESIAN_POINT ( 'NONE',  ( 4384.481865872150593, -206.2313317266074648, -8.959833733446238568 ) ) ;
#3022 = CARTESIAN_POINT ( 'NONE',  ( 4384.845621243247479, -260.6178644951563115, -34.36802772794509053 ) ) ;
#3023 = CARTESIAN_POINT ( 'NONE',  ( 4371.349483459993280, -273.1699959145520893, -7.191407399954727886 ) ) ;
#3024 = CARTESIAN_POINT ( 'NONE',  ( 4380.129690901736467, -234.0985261203078380, -39.15303085678078077 ) ) ;
#3025 = VERTEX_POINT ( 'NONE', #8905 ) ;
#3026 = CARTESIAN_POINT ( 'NONE',  ( 4391.400765988139938, -251.9487467328776518, -44.90625242219097402 ) ) ;
#3027 = CARTESIAN_POINT ( 'NONE',  ( 4367.106876700991052, -223.5951200999273851, 38.29292848013029271 ) ) ;
#3028 = CARTESIAN_POINT ( 'NONE',  ( 4384.512388446299155, -224.5548611240429295, 34.41464957375859512 ) ) ;
#3029 = CARTESIAN_POINT ( 'NONE',  ( 4367.119763674176284, -221.8630738054704636, 33.91053401508722231 ) ) ;
#3030 = ORIENTED_EDGE ( 'NONE', *, *, #7190, .F. ) ;
#3031 = CARTESIAN_POINT ( 'NONE',  ( 4382.612631435724325, -252.2942557686566545, 45.83692454633158064 ) ) ;
#3032 = CARTESIAN_POINT ( 'NONE',  ( 4382.340230018158763, -257.7751530263301447, 34.33455448546479971 ) ) ;
#3033 = CARTESIAN_POINT ( 'NONE',  ( 4374.441019707302985, -302.9155512315545593, -26.00391400045749535 ) ) ;
#3034 = CARTESIAN_POINT ( 'NONE',  ( 4380.257540757030256, -217.3225188292682901, -33.25259808857425270 ) ) ;
#3035 = CARTESIAN_POINT ( 'NONE',  ( 4375.988703699936195, -242.9260023743388217, -45.04490900328873693 ) ) ;
#3036 = CARTESIAN_POINT ( 'NONE',  ( 4367.307521257668668, -258.9910115124610002, 41.77401959041200996 ) ) ;
#3037 = CARTESIAN_POINT ( 'NONE',  ( 4366.948457383286950, -225.3949256450899554, 36.10260688408866514 ) ) ;
#3038 = CARTESIAN_POINT ( 'NONE',  ( 4393.429355055369342, -250.7574133843414756, -44.58454067874006910 ) ) ;
#3039 = CARTESIAN_POINT ( 'NONE',  ( 4376.066866461811514, -263.4062257734083232, -31.16371303632030632 ) ) ;
#3040 = CARTESIAN_POINT ( 'NONE',  ( 4384.682888256248589, -223.1638842754079235, 36.83874044700419859 ) ) ;
#3041 = CARTESIAN_POINT ( 'NONE',  ( 4375.727176077946751, -220.6212729392635765, -32.49799435965159233 ) ) ;
#3042 = CARTESIAN_POINT ( 'NONE',  ( 4388.922725682407872, -253.4380894734218828, 40.93187210499893069 ) ) ;
#3043 = CARTESIAN_POINT ( 'NONE',  ( 4384.529161027083319, -204.2307909023594732, -14.78925975528688319 ) ) ;
#3044 = CARTESIAN_POINT ( 'NONE',  ( 4391.286445697757699, -226.1564170133375740, -37.93110567384976406 ) ) ;
#3045 = CARTESIAN_POINT ( 'NONE',  ( 4367.122516924776392, -225.6041648682292191, -36.20133250912156342 ) ) ;
#3046 = AXIS2_PLACEMENT_3D ( 'NONE', #1065, #5967, #3859 ) ;
#3047 = CARTESIAN_POINT ( 'NONE',  ( 4375.738562824280962, -233.0572381658848258, 39.11714616416037416 ) ) ;
#3048 = CARTESIAN_POINT ( 'NONE',  ( 4380.441551736462316, -265.0447720458873277, 26.99371406294044462 ) ) ;
#3049 = CARTESIAN_POINT ( 'NONE',  ( 4393.135808383961376, -275.6957835718827141, -1.761206936343567397 ) ) ;
#3050 = CARTESIAN_POINT ( 'NONE',  ( 4384.530627019131316, -251.9427477921182685, -42.77821903032181439 ) ) ;
#3051 = CARTESIAN_POINT ( 'NONE',  ( 4389.074316949298918, -223.0248046463290734, 36.43957265473212459 ) ) ;
#3052 = CARTESIAN_POINT ( 'NONE',  ( 4375.713604617137207, -208.2812804177231101, -18.34094273806204356 ) ) ;
#3053 = LINE ( 'NONE', #3099, #5838 ) ;
#3054 = AXIS2_PLACEMENT_3D ( 'NONE', #6010, #6687, #519 ) ;
#3055 = CARTESIAN_POINT ( 'NONE',  ( 4384.674333106380800, -221.4829901055687742, -35.82817444768603821 ) ) ;
#3056 = CARTESIAN_POINT ( 'NONE',  ( 4367.545704106093581, -256.8101060132418070, -47.71212149996075169 ) ) ;
#3057 = CARTESIAN_POINT ( 'NONE',  ( 4367.303006820347946, -256.1226051844402605, 44.84374065433376444 ) ) ;
#3058 = CARTESIAN_POINT ( 'NONE',  ( 4393.431825873603884, -253.3732672649504707, 44.82968717696189032 ) ) ;
#3059 = CARTESIAN_POINT ( 'NONE',  ( 4393.313581313818759, -250.7383415925274051, 41.77218247114826255 ) ) ;
#3060 = CARTESIAN_POINT ( 'NONE',  ( 4380.121083264465597, -223.9149062669195871, -34.34206264419481869 ) ) ;
#3061 = CARTESIAN_POINT ( 'NONE',  ( 4380.114190144380700, -216.2959204254565577, 28.77253784120570756 ) ) ;
#3062 = VECTOR ( 'NONE', #1767, 1000.000000000000000 ) ;
#3063 = CARTESIAN_POINT ( 'NONE',  ( 4367.101555161839315, -207.1438898889907421, 15.81866207997394902 ) ) ;
#3064 = CARTESIAN_POINT ( 'NONE',  ( 4391.206447526038573, -212.5883674236373793, 28.40251640858378579 ) ) ;
#3065 = CARTESIAN_POINT ( 'NONE',  ( 4387.011379572067199, -266.4738497137018385, -22.77745013739856006 ) ) ;
#3066 = CARTESIAN_POINT ( 'NONE',  ( 4384.525464853491940, -268.0946104235605958, -14.21852528938222093 ) ) ;
#3067 = CARTESIAN_POINT ( 'NONE',  ( 4388.921257806738140, -250.4574058624913278, -42.18305575892900094 ) ) ;
#3068 = EDGE_CURVE ( 'NONE', #6782, #1752, #752, .T. ) ;
#3069 = ORIENTED_EDGE ( 'NONE', *, *, #4243, .F. ) ;
#3070 = CARTESIAN_POINT ( 'NONE',  ( 4393.596897125424221, -252.7888838489116381, -44.75303635910326250 ) ) ;
#3071 = CARTESIAN_POINT ( 'NONE',  ( 4367.086973753233906, -219.5072094963706206, 35.69537898778116158 ) ) ;
#3072 = CARTESIAN_POINT ( 'NONE',  ( 4384.506109627617661, -217.4846625215054416, 29.52981765382608259 ) ) ;
#3073 = CARTESIAN_POINT ( 'NONE',  ( 4382.338727480085254, -254.4662486600449824, -43.22219787196444685 ) ) ;
#3074 = CARTESIAN_POINT ( 'NONE',  ( 4367.097827203442648, -206.4463516002616359, 12.71299742151393275 ) ) ;
#3075 = VERTEX_POINT ( 'NONE', #7532 ) ;
#3076 = EDGE_CURVE ( 'NONE', #5413, #2015, #1277, .T. ) ;
#3077 = CARTESIAN_POINT ( 'NONE',  ( 4380.303406009039463, -226.2206713963338416, 38.79642638557009349 ) ) ;
#3078 = LINE ( 'NONE', #3033, #5833 ) ;
#3079 = CARTESIAN_POINT ( 'NONE',  ( 4386.848546279879884, -217.6628074474542984, -33.07560777355858761 ) ) ;
#3080 = CARTESIAN_POINT ( 'NONE',  ( 4367.202032327235429, -243.3197691830584404, -45.89460106383717886 ) ) ;
#3081 = CARTESIAN_POINT ( 'NONE',  ( 4393.634931517000950, -255.9120991067250657, 41.12156779289319530 ) ) ;
#3082 = CARTESIAN_POINT ( 'NONE',  ( 4388.899152574812433, -222.4403953530034812, 32.82647634078511345 ) ) ;
#3083 = CARTESIAN_POINT ( 'NONE',  ( 4366.947442556801434, -224.3200565914330866, 35.47687164831557283 ) ) ;
#3084 = CARTESIAN_POINT ( 'NONE',  ( 4393.259619175731132, -203.4313312399771121, 8.477181286225476953 ) ) ;
#3085 = CARTESIAN_POINT ( 'NONE',  ( 4384.695102451111779, -225.6369201494312335, 38.18154835250776813 ) ) ;
#3086 = CARTESIAN_POINT ( 'NONE',  ( 4393.284584422650369, -219.9707075420521107, -30.84720684984750250 ) ) ;
#3087 = CARTESIAN_POINT ( 'NONE',  ( 4367.141038519385802, -256.1310924598255383, -44.85211451936690707 ) ) ;
#3088 = CARTESIAN_POINT ( 'NONE',  ( 4366.977688174868490, -204.7501086141791404, -17.48483300950770669 ) ) ;
#3089 = CARTESIAN_POINT ( 'NONE',  ( 4367.268344067406360, -220.8345854070892358, -36.57586752735039681 ) ) ;
#3090 = CARTESIAN_POINT ( 'NONE',  ( 4382.488518295439462, -223.7140690020435727, -37.30003031971384786 ) ) ;
#3091 = CARTESIAN_POINT ( 'NONE',  ( 4367.119242419617876, -221.2159329577704341, -33.46102854158076667 ) ) ;
#3092 = CARTESIAN_POINT ( 'NONE',  ( 4375.739132122708725, -233.6245901597096690, 39.33600110790249005 ) ) ;
#3093 = DIRECTION ( 'NONE',  ( 0.000000000000000000, 0.000000000000000000, 1.000000000000000000 ) ) ;
#3094 = CARTESIAN_POINT ( 'NONE',  ( 4393.274117209879478, -253.0673352129537079, -43.25678647355927353 ) ) ;
#3095 = CARTESIAN_POINT ( 'NONE',  ( 4384.530483048230963, -251.6460225041968783, -42.74886318875044111 ) ) ;
#3096 = VERTEX_POINT ( 'NONE', #3233 ) ;
#3097 = CARTESIAN_POINT ( 'NONE',  ( 4389.123337949508823, -232.9568611730023235, 40.99926698685789006 ) ) ;
#3098 = CARTESIAN_POINT ( 'NONE',  ( 4366.930588136685401, -208.1147855464133443, -18.45686194880249076 ) ) ;
#3099 = CARTESIAN_POINT ( 'NONE',  ( 4374.441019707302985, -305.5155512315545252, 26.00391400045749535 ) ) ;
#3100 = EDGE_LOOP ( 'NONE', ( #6302, #2722, #8245, #7364, #6288 ) ) ;
#3101 = CARTESIAN_POINT ( 'NONE',  ( 4391.260077756799546, -221.1375253589099827, -35.14229846089161668 ) ) ;
#3102 = CARTESIAN_POINT ( 'NONE',  ( 4367.438643291347944, -302.9155512315545593, 24.10391400045742571 ) ) ;
#3103 = CARTESIAN_POINT ( 'NONE',  ( 4374.441019707302985, -305.5155512315545252, 26.00391400045749535 ) ) ;
#3104 = DIRECTION ( 'NONE',  ( -0.000000000000000000, 1.000000000000000000, -0.000000000000000000 ) ) ;
#3105 = CARTESIAN_POINT ( 'NONE',  ( 4393.314718607619398, -251.8902794604875339, 41.88508791593905300 ) ) ;
#3106 = CARTESIAN_POINT ( 'NONE',  ( 4391.094544455485448, -224.1540664340411979, -33.69509730685857107 ) ) ;
#3107 = CARTESIAN_POINT ( 'NONE',  ( 4380.113050290381580, -215.1521449739763625, 27.68439865115429654 ) ) ;
#3108 = CARTESIAN_POINT ( 'NONE',  ( 4375.928292284400413, -230.2749558241366685, 41.00048979561312024 ) ) ;
#3109 = CARTESIAN_POINT ( 'NONE',  ( 4367.406329507980445, -254.6609558060698362, 47.53082534779223067 ) ) ;
#3110 = LINE ( 'NONE', #3801, #424 ) ;
#3111 = CARTESIAN_POINT ( 'NONE',  ( 4391.085186826153404, -203.5867754242596561, 10.86363155396569091 ) ) ;
#3112 = CARTESIAN_POINT ( 'NONE',  ( 4387.045308025572012, -258.4222317416676447, -37.99096325298515353 ) ) ;
#3113 = CARTESIAN_POINT ( 'NONE',  ( 4391.106846091744046, -267.4904079531988259, -13.98481271692163652 ) ) ;
#3114 = CARTESIAN_POINT ( 'NONE',  ( 4382.333618435915923, -245.5764229811641428, -42.13237255223533850 ) ) ;
#3115 = VERTEX_POINT ( 'NONE', #4705 ) ;
#3116 = CARTESIAN_POINT ( 'NONE',  ( 4393.596795165039111, -252.0743831751546793, -44.68977516821375673 ) ) ;
#3117 = CARTESIAN_POINT ( 'NONE',  ( 4367.142046140505954, -230.9970273668228060, 41.94911237379850633 ) ) ;
#3118 = CARTESIAN_POINT ( 'NONE',  ( 4384.507290574209946, -218.7162971765798432, 30.51460585929507729 ) ) ;
#3119 = CARTESIAN_POINT ( 'NONE',  ( 4367.126615505888367, -231.4181102597719928, 39.08001134099782092 ) ) ;
#3120 = VECTOR ( 'NONE', #6313, 1000.000000000000000 ) ;
#3121 = ORIENTED_EDGE ( 'NONE', *, *, #5774, .T. ) ;
#3122 = CARTESIAN_POINT ( 'NONE',  ( 4380.419481078708486, -252.7653579672387991, 46.09693768276939352 ) ) ;
#3123 = CARTESIAN_POINT ( 'NONE',  ( 4393.108086253600050, -208.9161399646179973, 18.72702810746045543 ) ) ;
#3124 = CARTESIAN_POINT ( 'NONE',  ( 4371.471987381564759, -217.6386637697985975, -34.05542531492501013 ) ) ;
#3125 = CARTESIAN_POINT ( 'NONE',  ( 4367.189899961119409, -240.8103676018957628, -45.24064625015944330 ) ) ;
#3126 = CARTESIAN_POINT ( 'NONE',  ( 4371.694434583767361, -259.6777102031255140, 39.38973028185095870 ) ) ;
#3127 = AXIS2_PLACEMENT_3D ( 'NONE', #5028, #4217, #7823 ) ;
#3128 = CARTESIAN_POINT ( 'NONE',  ( 4388.899440891161248, -222.7889682643571234, 33.04453664901017618 ) ) ;
#3129 = EDGE_CURVE ( 'NONE', #3487, #2081, #4062, .T. ) ;
#3130 = CARTESIAN_POINT ( 'NONE',  ( 4389.427350238954205, -305.5155512315545252, 22.50391400045749535 ) ) ;
#3131 = CARTESIAN_POINT ( 'NONE',  ( 4393.347503518515623, -206.4297268858713892, 20.01377652306539190 ) ) ;
#3132 = CARTESIAN_POINT ( 'NONE',  ( 4382.291406212316360, -203.4439190515585949, 9.600646635343133894 ) ) ;
#3133 = CARTESIAN_POINT ( 'NONE',  ( 4388.897788135828705, -220.9531187267786834, -31.84093175154353261 ) ) ;
#3134 = CARTESIAN_POINT ( 'NONE',  ( 4393.431608002327266, -253.9451750715421952, 44.88034309852960746 ) ) ;
#3135 = CARTESIAN_POINT ( 'NONE',  ( 4380.151587466254568, -204.7563644542554471, -16.75274199481145843 ) ) ;
#3136 = CARTESIAN_POINT ( 'NONE',  ( 4393.473668358829855, -224.5092159644872822, -36.91856897508468194 ) ) ;
#3137 = CARTESIAN_POINT ( 'NONE',  ( 4367.121655521777029, -224.3974859963745132, -35.50401558805511115 ) ) ;
#3138 = CARTESIAN_POINT ( 'NONE',  ( 4371.313704019123179, -206.2411119519242106, 10.11405972873809844 ) ) ;
#3139 = CARTESIAN_POINT ( 'NONE',  ( 4393.168365888668632, -252.4462740350314505, -42.17103351215239115 ) ) ;
#3140 = ORIENTED_EDGE ( 'NONE', *, *, #6548, .T. ) ;
#3141 = CARTESIAN_POINT ( 'NONE',  ( 4386.869433715491141, -221.3093393013552941, 35.57183868117250114 ) ) ;
#3142 = CARTESIAN_POINT ( 'NONE',  ( 4382.301678388443179, -209.7084256353640797, -20.78472002232451032 ) ) ;
#3143 = CARTESIAN_POINT ( 'NONE',  ( 4393.150029350902514, -256.0330811375846451, 35.00281636805840435 ) ) ;
#3144 = ORIENTED_EDGE ( 'NONE', *, *, #3372, .T. ) ;
#3145 = CARTESIAN_POINT ( 'NONE',  ( 4382.476401169966266, -221.2989882383942017, -35.86670076274601371 ) ) ;
#3146 = CARTESIAN_POINT ( 'NONE',  ( 4367.441019707303894, -302.9155512315545593, 18.60391400045749322 ) ) ;
#3147 = CARTESIAN_POINT ( 'NONE',  ( 4393.456527279381589, -260.8987570657965307, -31.78548307259199746 ) ) ;
#3148 = CARTESIAN_POINT ( 'NONE',  ( 4393.217417268018835, -209.2135606610067953, 24.42128956171026388 ) ) ;
#3149 = CARTESIAN_POINT ( 'NONE',  ( 4391.075198920645562, -207.5348005047684410, 15.57136659579757776 ) ) ;
#3150 = CARTESIAN_POINT ( 'NONE',  ( 4388.900388709856998, -223.9078765962325690, -33.71304141130922005 ) ) ;
#3151 = CARTESIAN_POINT ( 'NONE',  ( 4380.118201962247440, -220.6223571874651554, 32.21540245324044349 ) ) ;
#3152 = CARTESIAN_POINT ( 'NONE',  ( 4375.891001429625248, -222.4837883964195839, 37.05655718503829377 ) ) ;
#3153 = APPLICATION_PROTOCOL_DEFINITION ( 'draft international standard', 'automotive_design', 1998, #6598 ) ;
#3154 = CARTESIAN_POINT ( 'NONE',  ( 4367.149107969918987, -260.6942632548167467, -32.43317684151917035 ) ) ;
#3155 = CARTESIAN_POINT ( 'NONE',  ( 4377.141019707303712, -289.7815121590419380, -24.00391400045749535 ) ) ;
#3156 = CARTESIAN_POINT ( 'NONE',  ( 4393.596774779584848, -251.9314830400458050, 44.68495092885535058 ) ) ;
#3157 = CARTESIAN_POINT ( 'NONE',  ( 4384.533060221187043, -255.6810517923678958, -37.76177637397594822 ) ) ;
#3158 = CARTESIAN_POINT ( 'NONE',  ( 4391.116964778204419, -248.5757594471118352, -41.72913142030999012 ) ) ;
#3159 = EDGE_LOOP ( 'NONE', ( #4864, #2250, #7487, #2509 ) ) ;
#3160 = CARTESIAN_POINT ( 'NONE',  ( 4393.150029359047039, -256.0330811158723918, -34.99498840600492855 ) ) ;
#3161 = CARTESIAN_POINT ( 'NONE',  ( 4367.098990118980510, -221.9319743997102705, 37.29706459902322280 ) ) ;
#3162 = EDGE_CURVE ( 'NONE', #2845, #9023, #4894, .T. ) ;
#3163 = CARTESIAN_POINT ( 'NONE',  ( 4384.516659885240188, -230.1323026648333610, 37.22335589606365858 ) ) ;
#3164 = CARTESIAN_POINT ( 'NONE',  ( 4393.427351010983330, -266.9410810582424460, -20.50362304903277533 ) ) ;
#3165 = VERTEX_POINT ( 'NONE', #3134 ) ;
#3166 = CARTESIAN_POINT ( 'NONE',  ( 4380.407744675832873, -249.5070705805732985, 45.74674499646944525 ) ) ;
#3167 = CARTESIAN_POINT ( 'NONE',  ( 4391.112479443073426, -261.7936618727896416, 24.67562128250308007 ) ) ;
#3168 = FACE_OUTER_BOUND ( 'NONE', #1874, .T. ) ;
#3169 = CARTESIAN_POINT ( 'NONE',  ( 4375.873908920641952, -219.1776179139262979, -34.90205881755320405 ) ) ;
#3170 = B_SPLINE_CURVE_WITH_KNOTS ( 'NONE', 3,
 ( #7826, #7257, #871, #5071 ),
 .UNSPECIFIED., .F., .F.,
 ( 4, 4 ),
 ( 0.000000000000000000, 0.004043199221824288897 ),
 .UNSPECIFIED. ) ;
#3171 = CARTESIAN_POINT ( 'NONE',  ( 4393.559306468779141, -242.1441007869074724, -43.25580464046021234 ) ) ;
#3172 = CARTESIAN_POINT ( 'NONE',  ( 4391.439690789067754, -256.0768445656584618, 41.35030293835966830 ) ) ;
#3173 = DIRECTION ( 'NONE',  ( 0.000000000000000000, 0.000000000000000000, 1.000000000000000000 ) ) ;
#3174 = CARTESIAN_POINT ( 'NONE',  ( 4388.904928547152849, -229.5377312723269085, 36.61646110472351268 ) ) ;
#3175 = CARTESIAN_POINT ( 'NONE',  ( 4389.427350238954205, -302.9155512315545593, -26.00391400045749535 ) ) ;
#3176 = CARTESIAN_POINT ( 'NONE',  ( 4393.145018642331706, -252.1891316546337976, -41.92085553309080836 ) ) ;
#3177 = CARTESIAN_POINT ( 'NONE',  ( 4382.401084110068950, -209.2280726335515624, 25.10164779129770096 ) ) ;
#3178 = CARTESIAN_POINT ( 'NONE',  ( 4391.091666871428970, -220.9531004929339417, -31.68680092239484836 ) ) ;
#3179 = CARTESIAN_POINT ( 'NONE',  ( 4398.227350238953477, -305.5155512315545252, 18.60391400045748966 ) ) ;
#3180 = CARTESIAN_POINT ( 'NONE',  ( 4366.983114897981977, -205.0353941984554069, -18.33078933636518926 ) ) ;
#3181 = EDGE_CURVE ( 'NONE', #7743, #5726, #1772, .T. ) ;
#3182 = CARTESIAN_POINT ( 'NONE',  ( 4367.265669264383178, -220.3023055300598685, -36.22280269931511043 ) ) ;
#3183 = CARTESIAN_POINT ( 'NONE',  ( 4393.479367281675877, -225.5954501448671010, -37.48331672067229192 ) ) ;
#3184 = CARTESIAN_POINT ( 'NONE',  ( 4367.395818895377488, -276.3628185866723470, 7.933849216560319384 ) ) ;
#3185 = B_SPLINE_SURFACE_WITH_KNOTS ( 'NONE', 3, 3, ( 
 ( #1945, #1993, #6832, #568, #4773, #6919, #5033, #8462, #1435, #3575, #5685, #786, #1344, #5555, #4856, #4220, #5599, #7008, #2847, #4176, #2214, #4944, #654, #7648, #4990, #743, #6365, #4308, #8375, #2129, #9025, #7783, #1521, #2762, #699, #4902, #7692, #1478, #2932, #2254, #5642, #6236, #1389, #3447, #7089, #6964, #10, #7737, #2805, #95, #827, #5730, #4132, #3491, #8337, #3534, #6281, #6326, #2086, #3618, #4264, #51, #6407, #8417, #2171, #7050, #2889, #140, #8508, #2340, #1563, #2472, #7956, #6627, #2431, #954, #267, #5903, #1606, #7308, #1650, #312, #8641, #4351, #3839, #5771, #5857, #4436, #4484, #7214, #225, #5213, #3016, #2385, #8552, #2297, #7131, #872, #5165, #3059, #5072, #6535, #6583, #3105, #999, #7258, #5949, #1696, #3745 ),
 ( #7827, #1044, #3795, #3660, #8000, #8685, #8595, #1740, #4530, #6452, #7865, #363, #7910, #3149, #184, #4394, #2973, #8728, #7171, #913, #3703, #6496, #5118, #5816, #3295, #4621, #4761, #5996, #8918, #8140, #4029, #8045, #6723, #3390, #1242, #4073, #6817, #5355, #4574, #1882, #1288, #1931, #8187, #4667, #552, #3979, #4718, #1836, #8777, #5400, #7447, #8967, #2559, #2656, #6175, #1193, #7496, #3344, #5261, #6862, #7545, #2514, #5307, #599, #1788, #8091, #459, #7353, #6769, #3883, #3927, #6132, #5448, #3246, #2609, #1093, #6675, #8232, #507, #407, #7396, #3198, #6042, #1979, #8868, #1142, #6087, #8821, #7636, #2878, #39, #7078, #2793, #4251, #5586, #9059, #2748, #5541, #8449, #2117, #4166, #3522, #2203, #4977, #4932, #7770, #1376, #8325, #4208 ),
 ( #7589, #7724, #2703, #8363, #6953, #6223, #85, #8279, #730, #686, #2072, #1507, #6995, #5672, #9012, #4844, #3479, #5493, #7038, #6269, #4890, #1466, #2023, #815, #7680, #1423, #4801, #6314, #4294, #1332, #2834, #3607, #641, #773, #5631, #8406, #2160, #3563, #4118, #6906, #6355, #6396, #3434, #3956, #385, #8118, #3906, #2452, #1766, #7375, #3082, #8800, #3128, #1812, #1069, #2920, #5334, #7235, #7330, #5926, #5972, #8706, #1718, #6699, #4505, #3864, #976, #3767, #5836, #2364, #6652, #4553, #6560, #8022, #8069, #4599, #2494, #8752, #7422, #3174, #5237, #5284, #7933, #6020, #1119, #1023, #1168, #433, #3224, #5879, #8620, #3818, #2408, #5189, #1672, #5141, #2538, #128, #338, #7282, #290, #1862, #4459, #4645, #6605, #8662, #7975, #8258, #4145 ),
 ( #1220, #4006, #2773, #5567, #532, #8211, #6066, #2004, #5380, #5428, #4826, #6931, #1957, #4099, #3272, #1402, #7616, #6842, #8992, #2050, #6199, #6746, #1910, #6797, #577, #4742, #3370, #4782, #3323, #1354, #1310, #8848, #6113, #665, #6156, #2729, #3458, #7524, #1268, #8165, #6248, #9036, #4694, #8894, #4053, #8945, #6888, #8346, #7659, #7569, #2587, #2635, #7474, #2099, #2681, #5472, #621, #3414, #5519, #4870, #486, #8303, #7704, #7879, #2181, #4232, #2861, #4186, #3671, #7797, #3502, #7838, #8476, #4956, #2268, #7061, #6975, #2139, #1535, #4276, #5743, #710, #755, #6295, #4321, #2985, #22, #2815, #6464, #1489, #2226, #5001, #3545, #195, #4914, #1575, #797, #2944, #5611, #5652, #2309, #155, #5785, #8520, #3588, #8387, #6377, #8565, #840 ),
 ( #5084, #5044, #108, #1447, #2900, #7020, #3629, #7101, #5697, #4363, #6419, #7143, #6337, #64, #884, #8431, #7751, #7966, #5276, #2529, #1710, #7322, #1756, #5325, #6690, #1110, #5131, #7922, #423, #3216, #4449, #3072, #924, #3118, #237, #281, #8741, #8061, #5869, #8013, #7183, #1620, #2486, #4497, #3853, #5962, #1058, #4405, #5828, #1663, #7271, #8652, #1014, #5917, #7226, #1802, #5227, #3716, #967, #4589, #3811, #6642, #7367, #2397, #5182, #3028, #3897, #6012, #8609, #3758, #6595, #326, #4545, #8792, #6506, #8697, #2354, #6550, #2444, #375, #3163, #6786, #2671, #522, #1301, #3404, #656, #9027, #2577, #2764, #6104, #8157, #3313, #8109, #7606, #5464, #7413, #2720, #3359, #8884, #6190, #1947, #1852, #6058, #8249, #8202, #612, #4636, #4685 ),
 ( #1158, #1345, #5418, #6148, #8934, #7463, #4134, #8839, #5509, #4734, #6879, #3947, #6738, #2624, #7560, #1994, #476, #6834, #3264, #3997, #8294, #4774, #3449, #7512, #8982, #1259, #4046, #1898, #1209, #4815, #570, #4088, #2040, #6921, #6238, #5371, #2256, #4222, #5601, #7052, #4992, #5732, #788, #4178, #1391, #1523, #5558, #5644, #7010, #13, #2934, #2087, #3578, #3536, #8377, #5035, #6367, #8510, #2807, #2131, #1437, #8338, #7091, #6328, #53, #7785, #4858, #874, #744, #4904, #7650, #2849, #7829, #6966, #4946, #1565, #3493, #4310, #7739, #8419, #1480, #97, #701, #6283, #2173, #4266, #7694, #186, #5687, #4353, #142, #2891, #8464, #3620, #2216, #7133, #829, #6409, #3662, #6454, #8047, #915, #1001, #5859, #8687, #2387, #4438, #365, #7216 ),
 ( #6498, #5074, #5951, #8597, #1652, #6585, #956, #5215, #7310, #4576, #3885, #227, #6677, #3747, #3018, #6537, #2975, #2474, #314, #2299, #6629, #7261, #269, #1046, #8643, #5773, #3705, #3107, #5168, #3061, #3797, #5263, #8730, #8002, #1790, #7958, #5818, #4486, #2433, #3151, #5905, #1608, #7867, #1742, #8554, #1698, #4532, #2342, #7356, #4396, #3841, #1095, #5121, #7173, #7912, #6864, #3929, #461, #5357, #3200, #1982, #7449, #3981, #2658, #5998, #4803, #8142, #8823, #2516, #1884, #601, #8093, #8870, #8969, #7398, #5450, #2611, #1195, #5402, #1933, #1838, #8779, #6771, #509, #5309, #4120, #554, #8281, #4075, #8189, #4720, #7547, #3248, #2706, #3297, #4763, #1245, #4623, #5495, #1144, #7498, #6089, #6134, #4031, #4669, #3392, #6819, #3346, #6725 ),
 ( #8920, #6044, #8234, #1290, #6177, #2025, #7591, #1334, #409, #2561, #2879, #5542, #3608, #5632, #7681, #7816, #1467, #2161, #3480, #6224, #1424, #9060, #2794, #5020, #6270, #1553, #8364, #6356, #4252, #2749, #8407, #8326, #5587, #7079, #7039, #2243, #6996, #8450, #731, #4209, #6954, #687, #6397, #129, #4845, #86, #40, #4891, #2835, #4933, #2073, #3436, #3523, #6315, #643, #6908, #774, #5719, #1508, #7725, #3564, #4978, #2118, #2921, #5673, #2204, #7771, #9013, #8496, #7637, #4295, #816, #1377, #4167, #5805, #1727, #8584, #5154, #5063, #7855, #7120, #6441, #2374, #5847, #1596, #3047, #3092, #5890, #6571, #986, #2462, #7944, #6525, #300, #2963, #1032, #8629, #5105, #5248, #1683, #4470, #902, #3650, #7899, #6483, #213, #8034, #3691, #4339 ),
 ( #174, #7245, #3138, #861, #5761, #6615, #1640, #3779, #8671, #3006, #3827, #4385, #7986, #7201, #2418, #8541, #2329, #2287, #5200, #5937, #4517, #4425, #7162, #943, #350, #7295, #8716, #3734, #255, #496, #1230, #7385, #5295, #1922, #1872, #5482, #8127, #5439, #2692, #4655, #7485, #4707, #1776, #6851, #1278, #8080, #1823, #588, #3382, #4609, #3234, #1080, #3284, #395, #446, #8907, #8222, #6030, #5390, #8809, #4016, #6123, #6167, #4561, #1131, #7340, #2547, #3917, #5343, #3874, #4063, #8176, #6663, #1967, #6076, #7435, #2646, #1180, #3186, #8764, #6807, #3967, #3333, #5983, #6712, #2503, #542, #8957, #6758, #8858, #2599, #4751, #7533, #6306, #7627, #7759, #9002, #2869, #2108, #7029, #2013, #676, #6386, #4242, #7069, #764, #8355, #7578, #4880 ),
 ( #4110, #3553, #8269, #7671, #3468, #2739, #5662, #4791, #31, #6259, #8314, #1496, #719, #8439, #5530, #2062, #4156, #1321, #6345, #9046, #2784, #1456, #6897, #3597, #6942, #1366, #632, #5576, #2190, #3425, #1412, #4284, #6212, #72, #4196, #6985, #3513, #2824, #4836, #5621, #8397, #2151, #4923, #2909, #7714, #805, #4966, #118, #7193, #3768, #8528, #5190, #8574, #7236, #6514, #8485, #1719, #3640, #3725, #2319, #2365, #5095, #7154, #3083, #892, #246, #6429, #163, #2233, #7805, #3037, #933, #2952, #4415, #5707, #5795, #3680, #5751, #5880, #5010, #5837, #6472, #2277, #7976, #8621, #8663, #5051, #7845, #1583, #1544, #977, #204, #2995, #7934, #4329, #1024, #4373, #7889, #7110, #1630, #2409, #849, #5143, #4506, #1673, #4460, #6561, #291, #7283 ) ),
 .UNSPECIFIED., .F., .F., .F.,
 ( 4, 3, 3, 4 ),
 ( 4, 3, 3, 3, 3, 3, 3, 3, 3, 3, 3, 3, 3, 3, 3, 3, 3, 3, 3, 3, 3, 3, 3, 3, 3, 3, 3, 3, 3, 3, 3, 3, 3, 3, 3, 3, 4 ),
 ( 915.8503856545612507, 981.9975959115548676, 1048.144806168548484, 1180.439226682535718 ),
 ( -3.654096003204807142E-13, 12.60479524734486034, 25.20959049469008662, 50.41918098938053561, 75.62877148407099526, 88.23356673141621798, 100.8383619787614407, 151.2575429681423316, 201.6767239575232509, 226.8863144522136963, 252.0959049469041702, 277.3054954415946440, 289.9102906889398810, 302.5150859362850611, 308.8174835599576227, 315.1198811836302411, 321.4222788073028596, 327.7246764309754781, 334.0270740546480965, 340.3294716783207150, 346.6318693019933335, 352.9342669256659519, 359.2366645493385704, 365.5390621730111889, 378.1438574203564258, 403.3534479150468428, 428.5630384097372598, 453.7726289044277337, 478.9822193991182075, 504.1918098938086814, 605.0301718725704632, 705.8685338513322449, 731.0781243460226051, 756.2877148407130790, 768.8925100880583159, 781.4973053354035528, 806.7068958300940267 ),
 .UNSPECIFIED. ) ;
#3186 = CARTESIAN_POINT ( 'NONE',  ( 4371.343985301074099, -229.1954128868610212, 37.77458924114324645 ) ) ;
#3187 = CARTESIAN_POINT ( 'NONE',  ( 4393.169763648401386, -252.4366037923709882, -42.18377560014537409 ) ) ;
#3188 = ORIENTED_EDGE ( 'NONE', *, *, #3970, .T. ) ;
#3189 = CARTESIAN_POINT ( 'NONE',  ( 4386.828720031299781, -214.4211254549846046, 30.43172979135509593 ) ) ;
#3190 = CARTESIAN_POINT ( 'NONE',  ( 4382.307301859585095, -214.0416000998247341, -26.42176664104914607 ) ) ;
#3191 = CARTESIAN_POINT ( 'NONE',  ( 4393.108086253600050, -208.9161399646178836, 18.72702810746051227 ) ) ;
#3192 = EDGE_CURVE ( 'NONE', #2357, #6321, #345, .T. ) ;
#3193 = CARTESIAN_POINT ( 'NONE',  ( 4386.868479646240303, -221.1272286321245417, -35.44969202930245444 ) ) ;
#3194 = CARTESIAN_POINT ( 'NONE',  ( 4367.093705806565595, -206.2313293483461507, -12.11608599954243104 ) ) ;
#3195 = CARTESIAN_POINT ( 'NONE',  ( 4367.393129060887077, -254.9748820242861882, 47.57612196394918413 ) ) ;
#3196 = VECTOR ( 'NONE', #1148, 1000.000000000000000 ) ;
#3197 = CARTESIAN_POINT ( 'NONE',  ( 4393.269392192687519, -216.3452256822695574, 31.63636326253611841 ) ) ;
#3198 = CARTESIAN_POINT ( 'NONE',  ( 4391.100194003374781, -230.5848107018431961, 36.89335926560261925 ) ) ;
#3199 = CARTESIAN_POINT ( 'NONE',  ( 4371.339291077477355, -224.1798297192231928, -35.10048773088400509 ) ) ;
#3200 = CARTESIAN_POINT ( 'NONE',  ( 4380.120991662874076, -223.7910931011077480, 34.27632728270143048 ) ) ;
#3201 = CARTESIAN_POINT ( 'NONE',  ( 4376.029600235908219, -252.6251137524501758, 46.52077514862912011 ) ) ;
#3202 = CARTESIAN_POINT ( 'NONE',  ( 4367.141038519385802, -256.1310924598255383, -44.85211451936690707 ) ) ;
#3203 = CARTESIAN_POINT ( 'NONE',  ( 4367.468159987929539, -256.9352946708833088, -45.63482956992784523 ) ) ;
#3204 = CARTESIAN_POINT ( 'NONE',  ( 4367.441019707303894, -302.9155512315545593, 19.83724733379082750 ) ) ;
#3205 = CARTESIAN_POINT ( 'NONE',  ( 4367.406572945486005, -253.7388528681585171, -47.44355449000728697 ) ) ;
#3206 = AXIS2_PLACEMENT_3D ( 'NONE', #1628, #2318, #4458 ) ;
#3207 = CARTESIAN_POINT ( 'NONE',  ( 4391.306127757645299, -230.0612220295464851, 39.70380716027698043 ) ) ;
#3208 = CARTESIAN_POINT ( 'NONE',  ( 4384.484291024945378, -206.3219572115283711, -10.55097410615267783 ) ) ;
#3209 = CARTESIAN_POINT ( 'NONE',  ( 4388.922725683970384, -253.4380894488180616, -40.92404415020123309 ) ) ;
#3210 = CARTESIAN_POINT ( 'NONE',  ( 4382.336912297289928, -250.3138769400978276, -42.82019388805715465 ) ) ;
#3211 = LINE ( 'NONE', #8788, #6348 ) ;
#3212 = ORIENTED_EDGE ( 'NONE', *, *, #3129, .T. ) ;
#3213 = CARTESIAN_POINT ( 'NONE',  ( 4384.806605045521792, -254.6359645660108981, -45.81396120554416740 ) ) ;
#3214 = CARTESIAN_POINT ( 'NONE',  ( 4393.471121076669988, -255.9248957048403952, 41.13791242942325255 ) ) ;
#3215 = AXIS2_PLACEMENT_3D ( 'NONE', #2331, #7901, #8498 ) ;
#3216 = CARTESIAN_POINT ( 'NONE',  ( 4384.504920545379719, -216.2946408052027891, 28.49548358515308166 ) ) ;
#3217 = CARTESIAN_POINT ( 'NONE',  ( 4380.947391558322124, -289.7815121590419380, 26.22612988217232299 ) ) ;
#3218 = ORIENTED_EDGE ( 'NONE', *, *, #3293, .F. ) ;
#3219 = CARTESIAN_POINT ( 'NONE',  ( 4380.283334174693664, -222.0924965907497324, 36.51620073043154235 ) ) ;
#3220 = CARTESIAN_POINT ( 'NONE',  ( 4391.110601659032909, -263.6925772357618598, 21.11462775567985162 ) ) ;
#3221 = CARTESIAN_POINT ( 'NONE',  ( 4393.101834059028079, -206.9401490662520189, 13.54216427610868934 ) ) ;
#3222 = CARTESIAN_POINT ( 'NONE',  ( 4371.477396348326693, -218.6496961018987975, -34.80764539752986053 ) ) ;
#3223 = CARTESIAN_POINT ( 'NONE',  ( 4393.593172274644530, -250.7460347231387345, -44.56654700261772462 ) ) ;
#3224 = CARTESIAN_POINT ( 'NONE',  ( 4388.910255282002254, -236.1175381928078707, 39.17270594383425930 ) ) ;
#3225 = CARTESIAN_POINT ( 'NONE',  ( 4389.427350238954205, -305.5155512315545252, 18.60391400045748966 ) ) ;
#3226 = CARTESIAN_POINT ( 'NONE',  ( 4393.145010389274830, -252.3321080729808443, -41.93351472604766172 ) ) ;
#3227 = CARTESIAN_POINT ( 'NONE',  ( 4384.730215130091892, -233.0462755790272809, 41.39501357881401589 ) ) ;
#3228 = CARTESIAN_POINT ( 'NONE',  ( 4391.091957470203852, -221.2806438425816680, -31.90822488659802403 ) ) ;
#3229 = CARTESIAN_POINT ( 'NONE',  ( 4367.357742856003824, -256.0416199120601846, -45.76473400740183450 ) ) ;
#3230 = CARTESIAN_POINT ( 'NONE',  ( 4386.800112220004848, -210.2907345038206017, -26.17142096871170409 ) ) ;
#3231 = CARTESIAN_POINT ( 'NONE',  ( 4367.282622057178742, -223.9549460858942780, -38.48035446266850812 ) ) ;
#3232 = CARTESIAN_POINT ( 'NONE',  ( 4382.511503185592119, -228.4655440275430465, -39.69983354086522809 ) ) ;
#3233 = CARTESIAN_POINT ( 'NONE',  ( 4367.467819833042086, -255.8867657726266032, -47.62292406322261940 ) ) ;
#3234 = CARTESIAN_POINT ( 'NONE',  ( 4371.337744974680390, -222.4343214853354880, 34.02177592896546088 ) ) ;
#3235 = EDGE_CURVE ( 'NONE', #9023, #3939, #8049, .T. ) ;
#3236 = CARTESIAN_POINT ( 'NONE',  ( 4393.182187842490748, -252.5553183976250295, -42.31534035635939262 ) ) ;
#3237 = VERTEX_POINT ( 'NONE', #2499 ) ;
#3238 = CARTESIAN_POINT ( 'NONE',  ( 4386.871162110173827, -221.6535598426701483, 35.78451973253537233 ) ) ;
#3239 = CARTESIAN_POINT ( 'NONE',  ( 4384.500644666526568, -212.4523879193332903, -24.52513536048747511 ) ) ;
#3240 = CARTESIAN_POINT ( 'NONE',  ( 4393.263907121267039, -203.4452191002737038, -8.921333617434893171 ) ) ;
#3241 = ORIENTED_EDGE ( 'NONE', *, *, #2082, .T. ) ;
#3242 = CARTESIAN_POINT ( 'NONE',  ( 4391.264536946229782, -221.9761637450296234, -35.65621294215308268 ) ) ;
#3243 = CARTESIAN_POINT ( 'NONE',  ( 4393.145009349163047, -252.3500385634785346, 41.94293029925270133 ) ) ;
#3244 = CARTESIAN_POINT ( 'NONE',  ( 4393.431608002327266, -253.9451750715446678, 44.88034309852877612 ) ) ;
#3245 = CARTESIAN_POINT ( 'NONE',  ( 4393.408265515969106, -244.5129787082190944, 43.74677082759903612 ) ) ;
#3246 = CARTESIAN_POINT ( 'NONE',  ( 4391.096440413864002, -226.3455475732568232, 34.90724763957938848 ) ) ;
#3247 = CARTESIAN_POINT ( 'NONE',  ( 4393.288899092147403, -224.7939389122261673, -33.89342880580748130 ) ) ;
#3248 = CARTESIAN_POINT ( 'NONE',  ( 4380.139831276506811, -245.6916938101042263, 42.36517625017165045 ) ) ;
#3249 = ADVANCED_FACE ( 'NONE', ( #441 ), #3823, .T. ) ;
#3250 = CARTESIAN_POINT ( 'NONE',  ( 4376.032143363470823, -255.3513612100190642, 46.75857099334621836 ) ) ;
#3251 = CARTESIAN_POINT ( 'NONE',  ( 4367.141094703739327, -254.1316099566689957, 44.68736721263150002 ) ) ;
#3252 = LINE ( 'NONE', #8051, #6285 ) ;
#3253 = CARTESIAN_POINT ( 'NONE',  ( 4376.741019707303167, -289.7815121590419380, 24.00391400045749535 ) ) ;
#3254 = CARTESIAN_POINT ( 'NONE',  ( 4391.273767946755470, -223.7034934237758819, 36.65806686473036535 ) ) ;
#3255 = CARTESIAN_POINT ( 'NONE',  ( 4380.095280568938506, -206.3204404746842329, -10.80905074339388605 ) ) ;
#3256 = CARTESIAN_POINT ( 'NONE',  ( 4391.437218197555922, -257.0737396722715289, -39.46320996674624837 ) ) ;
#3257 = CARTESIAN_POINT ( 'NONE',  ( 4388.921136609786117, -257.2309660157942517, -33.76155970876394008 ) ) ;
#3258 = VERTEX_POINT ( 'NONE', #3912 ) ;
#3259 = CARTESIAN_POINT ( 'NONE',  ( 4371.345082093439487, -230.3062161334402163, -38.28198916651003003 ) ) ;
#3260 = PRESENTATION_STYLE_ASSIGNMENT (( #8243 ) ) ;
#3261 = ORIENTED_EDGE ( 'NONE', *, *, #672, .F. ) ;
#3262 = CARTESIAN_POINT ( 'NONE',  ( 4367.436266875392903, -302.9155512315545593, -24.10391400045742571 ) ) ;
#3263 = CARTESIAN_POINT ( 'NONE',  ( 4393.437465075793625, -264.9003166992520732, 24.31547492742353000 ) ) ;
#3264 = CARTESIAN_POINT ( 'NONE',  ( 4382.298752388846879, -208.2805187670991529, 17.96016586998336706 ) ) ;
#3265 = CARTESIAN_POINT ( 'NONE',  ( 4367.138387896754466, -256.1334892986776595, -44.82434350276359680 ) ) ;
#3266 = VERTEX_POINT ( 'NONE', #5885 ) ;
#3267 = CARTESIAN_POINT ( 'NONE',  ( 4380.284115666370781, -222.2304512664188110, 36.59990902510361366 ) ) ;
#3268 = CARTESIAN_POINT ( 'NONE',  ( 4382.330596943614182, -268.2973619362351201, 14.30316066987441026 ) ) ;
#3269 = CARTESIAN_POINT ( 'NONE',  ( 4380.269710603934072, -219.5316283468345944, -34.85475244979401310 ) ) ;
#3270 = CARTESIAN_POINT ( 'NONE',  ( 4391.396124536778188, -250.5985744547751892, -44.77639123315011460 ) ) ;
#3271 = CARTESIAN_POINT ( 'NONE',  ( 4371.499850543170396, -223.1690628606636437, 37.75800486403887390 ) ) ;
#3272 = CARTESIAN_POINT ( 'NONE',  ( 4386.686555742514429, -207.6732370169192166, 16.22268405587693962 ) ) ;
#3273 = CARTESIAN_POINT ( 'NONE',  ( 4366.984572208674763, -255.6962250818530151, -44.82951652355581729 ) ) ;
#3274 = DIRECTION ( 'NONE',  ( 0.000000000000000000, 0.000000000000000000, 1.000000000000000000 ) ) ;
#3275 = FACE_OUTER_BOUND ( 'NONE', #182, .T. ) ;
#3276 = CARTESIAN_POINT ( 'NONE',  ( 4367.436266875392903, -203.3322581266223210, 24.10391400045742571 ) ) ;
#3277 = CARTESIAN_POINT ( 'NONE',  ( 4382.444797196441868, -215.6873066709942464, 31.81466910264588321 ) ) ;
#3278 = CARTESIAN_POINT ( 'NONE',  ( 4384.509765014391633, -221.4416648079848358, -32.47629659239661493 ) ) ;
#3279 = CARTESIAN_POINT ( 'NONE',  ( 4367.141099034653053, -253.9778038001234108, -44.66626419060489184 ) ) ;
#3280 = CARTESIAN_POINT ( 'NONE',  ( 4391.180953694107302, -209.2178300936932942, -24.54642563380478393 ) ) ;
#3281 = CARTESIAN_POINT ( 'NONE',  ( 4367.278795787052331, -223.1115953811326165, -37.99160212420061811 ) ) ;
#3282 = CARTESIAN_POINT ( 'NONE',  ( 4382.506080653825848, -227.3331893007532472, -39.17451489327702774 ) ) ;
#3283 = CARTESIAN_POINT ( 'NONE',  ( 4367.179498788123055, -256.1304003970702183, 44.82798085559876000 ) ) ;
#3284 = CARTESIAN_POINT ( 'NONE',  ( 4371.338036227295561, -222.7809904813533706, 34.24509700329866746 ) ) ;
#3285 = CARTESIAN_POINT ( 'NONE',  ( 4393.171865610448549, -252.4246044762055021, -42.20316405888340228 ) ) ;
#3286 = ORIENTED_EDGE ( 'NONE', *, *, #7037, .F. ) ;
#3287 = CARTESIAN_POINT ( 'NONE',  ( 4386.703405994445347, -203.6870284910892508, 12.03072138575102557 ) ) ;
#3288 = CARTESIAN_POINT ( 'NONE',  ( 4366.938595419838748, -214.5870700200467809, -27.89947890367774619 ) ) ;
#3289 = CARTESIAN_POINT ( 'NONE',  ( 4384.481315066876050, -203.4313320490211652, -9.013305643030971481 ) ) ;
#3290 = VERTEX_POINT ( 'NONE', #1175 ) ;
#3291 = CARTESIAN_POINT ( 'NONE',  ( 4393.463737636269798, -222.6248517301282277, -35.87436230171758211 ) ) ;
#3292 = CARTESIAN_POINT ( 'NONE',  ( 4367.447246830004588, -255.8883134115087614, 47.63284963645342884 ) ) ;
#3293 = EDGE_CURVE ( 'NONE', #3673, #3096, #98, .T. ) ;
#3294 = CARTESIAN_POINT ( 'NONE',  ( 4393.475298224112521, -253.9419691043259206, -44.86771607958154817 ) ) ;
#3295 = CARTESIAN_POINT ( 'NONE',  ( 4391.084341247968041, -213.5022721396829581, 25.28603897993023963 ) ) ;
#3296 = CARTESIAN_POINT ( 'NONE',  ( 4366.948204116888519, -225.1268134806177557, -35.94096477033116344 ) ) ;
#3297 = CARTESIAN_POINT ( 'NONE',  ( 4380.142325244619315, -248.6690120320667177, 42.82105347350593405 ) ) ;
#3298 = CARTESIAN_POINT ( 'NONE',  ( 4371.325583722396004, -203.4908863458193196, 11.11575822385172785 ) ) ;
#3299 = DIRECTION ( 'NONE',  ( 1.000000000000000000, 0.000000000000000000, 0.000000000000000000 ) ) ;
#3300 = DIRECTION ( 'NONE',  ( -1.000000000000000000, 0.000000000000000000, -0.000000000000000000 ) ) ;
#3301 = CARTESIAN_POINT ( 'NONE',  ( 4391.270871314619399, -223.1624941464020253, 36.35553420524460932 ) ) ;
#3302 = CARTESIAN_POINT ( 'NONE',  ( 4371.315589091075708, -206.3613104738378183, -11.70030731743108277 ) ) ;
#3303 = CARTESIAN_POINT ( 'NONE',  ( 4391.441529564812299, -255.0816011215248409, -43.22120463972623838 ) ) ;
#3304 = CARTESIAN_POINT ( 'NONE',  ( 4393.309227697687675, -259.7083779235624661, -28.06666892919662359 ) ) ;
#3305 = ORIENTED_EDGE ( 'NONE', *, *, #5594, .T. ) ;
#3306 = CARTESIAN_POINT ( 'NONE',  ( 4382.322454632560948, -231.2616270381593608, -37.87037171547877534 ) ) ;
#3307 = FACE_OUTER_BOUND ( 'NONE', #4736, .T. ) ;
#3308 = EDGE_CURVE ( 'NONE', #5866, #1368, #1074, .T. ) ;
#3309 = EDGE_LOOP ( 'NONE', ( #1186, #3919, #358, #3335 ) ) ;
#3310 = CARTESIAN_POINT ( 'NONE',  ( 4384.820542333779485, -266.6141510710822899, 22.99857422963557951 ) ) ;
#3311 = CARTESIAN_POINT ( 'NONE',  ( 4367.248670909691100, -254.0668701376854131, 47.49461187309256616 ) ) ;
#3312 = CARTESIAN_POINT ( 'NONE',  ( 4371.343442354243052, -228.6415406731622966, -37.50490934842715518 ) ) ;
#3313 = CARTESIAN_POINT ( 'NONE',  ( 4384.527165438772499, -245.4614697820691447, 41.91284839245091121 ) ) ;
#3314 = CARTESIAN_POINT ( 'NONE',  ( 4389.427350238954205, -302.9155512315545593, 26.00391400045749535 ) ) ;
#3315 = ORIENTED_EDGE ( 'NONE', *, *, #1520, .T. ) ;
#3316 = CARTESIAN_POINT ( 'NONE',  ( 4375.739132121794682, -233.6245901597449404, -39.32817310707071101 ) ) ;
#3317 = CARTESIAN_POINT ( 'NONE',  ( 4375.716101334928680, -203.4926190820542331, 10.87950837050984809 ) ) ;
#3318 = CARTESIAN_POINT ( 'NONE',  ( 4384.525464850337812, -268.0946104323448935, 14.22635327431638075 ) ) ;
#3319 = CARTESIAN_POINT ( 'NONE',  ( 4389.048216212716397, -218.3369541502650861, -33.42231373590647792 ) ) ;
#3320 = EDGE_CURVE ( 'NONE', #4949, #7302, #1126, .T. ) ;
#3321 = CARTESIAN_POINT ( 'NONE',  ( 4384.803033898901049, -251.0592224862586193, -45.48931791609830100 ) ) ;
#3322 = CARTESIAN_POINT ( 'NONE',  ( 4371.487122198350335, -220.5518064920359222, 36.13079660623218103 ) ) ;
#3323 = CARTESIAN_POINT ( 'NONE',  ( 4386.698564856914345, -215.7122726954021061, 27.81983104022915398 ) ) ;
#3324 = DIRECTION ( 'NONE',  ( -0.000000000000000000, 0.000000000000000000, -1.000000000000000000 ) ) ;
#3325 = CARTESIAN_POINT ( 'NONE',  ( 4391.335824394197516, -278.1184112229447578, -0.008757581363199623548 ) ) ;
#3326 = CARTESIAN_POINT ( 'NONE',  ( 4393.493543312933980, -228.3525067792440666, 38.79467020592622362 ) ) ;
#3327 = CARTESIAN_POINT ( 'NONE',  ( 4384.722130326460501, -231.3070900164416059, 40.73525662304734851 ) ) ;
#3328 = CARTESIAN_POINT ( 'NONE',  ( 4386.704139223583297, -221.6039697299781608, -32.43137952042199146 ) ) ;
#3329 = CARTESIAN_POINT ( 'NONE',  ( 4393.287215212794763, -219.2078359655412498, 33.74260476508791129 ) ) ;
#3330 = CARTESIAN_POINT ( 'NONE',  ( 4375.821302518776065, -210.2955296647361649, -26.83645904945675298 ) ) ;
#3331 = CARTESIAN_POINT ( 'NONE',  ( 4375.908920248077266, -226.2466080996590847, -39.12235813185485966 ) ) ;
#3332 = CARTESIAN_POINT ( 'NONE',  ( 4393.427350238953295, -265.0147143193910324, -24.10391400045715571 ) ) ;
#3333 = CARTESIAN_POINT ( 'NONE',  ( 4371.346219406435011, -231.4328246267310476, 38.78318270408461643 ) ) ;
#3334 = CARTESIAN_POINT ( 'NONE',  ( 4393.226361233118041, -210.2818490436349350, -25.76124797598483340 ) ) ;
#3335 = ORIENTED_EDGE ( 'NONE', *, *, #8058, .F. ) ;
#3336 = CARTESIAN_POINT ( 'NONE',  ( 4386.742287301977740, -205.0394573326378804, 17.20485344958992613 ) ) ;
#3337 = CARTESIAN_POINT ( 'NONE',  ( 4380.110175045680990, -212.4556744345732966, -24.79245447330824703 ) ) ;
#3338 = PLANE ( 'NONE',  #9057 ) ;
#3339 = CARTESIAN_POINT ( 'NONE',  ( 4384.477551480194961, -203.4313293483996006, -8.562177960784477904 ) ) ;
#3340 = ORIENTED_EDGE ( 'NONE', *, *, #8845, .F. ) ;
#3341 = CARTESIAN_POINT ( 'NONE',  ( 4375.888176018737795, -221.9464772279023634, -36.72340570243758862 ) ) ;
#3342 = CARTESIAN_POINT ( 'NONE',  ( 4367.467819822858473, -255.8867657733923124, 47.63075206517660121 ) ) ;
#3343 = CARTESIAN_POINT ( 'NONE',  ( 4393.142143362630122, -252.3340871983979525, 41.91355617125996247 ) ) ;
#3344 = CARTESIAN_POINT ( 'NONE',  ( 4391.094019545023002, -223.5431553654366894, 33.34452404220442645 ) ) ;
#3345 = CARTESIAN_POINT ( 'NONE',  ( 4384.512388444406497, -224.5548611240575667, -34.40682157298794408 ) ) ;
#3346 = CARTESIAN_POINT ( 'NONE',  ( 4380.146274569380694, -254.6410001521306015, 43.46330393515092538 ) ) ;
#3347 = CARTESIAN_POINT ( 'NONE',  ( 4367.282322732620742, -265.2101597358789604, 29.77647677298637419 ) ) ;
#3348 = CARTESIAN_POINT ( 'NONE',  ( 4367.139475207446594, -273.8801474096990773, -6.656801452549756526 ) ) ;
#3349 = CARTESIAN_POINT ( 'NONE',  ( 4367.441019707303894, -302.9155512315545593, 19.50391400045749180 ) ) ;
#3350 = CARTESIAN_POINT ( 'NONE',  ( 4391.275173343857205, -223.9726325934589397, 36.80673205294773709 ) ) ;
#3351 = CARTESIAN_POINT ( 'NONE',  ( 4371.316504418768091, -206.4499309250571457, -12.49459496194095287 ) ) ;
#3352 = CARTESIAN_POINT ( 'NONE',  ( 4393.372783628876277, -277.9155512315718966, 0.003914000457956633497 ) ) ;
#3353 = CARTESIAN_POINT ( 'NONE',  ( 4382.321139566472084, -229.6171318386770963, -37.15456685577202478 ) ) ;
#3354 = DIRECTION ( 'NONE',  ( -0.000000000000000000, 1.000000000000000000, -0.000000000000000000 ) ) ;
#3355 = ORIENTED_EDGE ( 'NONE', *, *, #7472, .F. ) ;
#3356 = LINE ( 'NONE', #4681, #8324 ) ;
#3357 = CARTESIAN_POINT ( 'NONE',  ( 4367.228448876014227, -249.0760818035473960, 46.92744235207260317 ) ) ;
#3358 = CARTESIAN_POINT ( 'NONE',  ( 4366.951719075710571, -228.6846127178060044, -37.82915493075573465 ) ) ;
#3359 = CARTESIAN_POINT ( 'NONE',  ( 4384.530042887045056, -250.7565359790045534, 42.66346705308306042 ) ) ;
#3360 = VECTOR ( 'NONE', #8759, 1000.000000000000000 ) ;
#3361 = FACE_OUTER_BOUND ( 'NONE', #7947, .T. ) ;
#3362 = EDGE_CURVE ( 'NONE', #6789, #16, #7274, .T. ) ;
#3363 = ORIENTED_EDGE ( 'NONE', *, *, #3162, .F. ) ;
#3364 = CARTESIAN_POINT ( 'NONE',  ( 4375.994049585177891, -275.5869285679774521, -7.707545449686570294 ) ) ;
#3365 = CARTESIAN_POINT ( 'NONE',  ( 4375.736895916374124, -231.3643185791225108, -38.42022211997650061 ) ) ;
#3366 = CARTESIAN_POINT ( 'NONE',  ( 4375.708581794377096, -203.4429612476146758, 9.975605828825232280 ) ) ;
#3367 = CARTESIAN_POINT ( 'NONE',  ( 4382.460074827386052, -218.3265371347135044, -33.86020483217751575 ) ) ;
#3368 = CARTESIAN_POINT ( 'NONE',  ( 4371.620747019659575, -248.8067566578399692, -46.47976487085371389 ) ) ;
#3369 = CARTESIAN_POINT ( 'NONE',  ( 4371.505159338397789, -224.2879093827150712, 38.39660063293295877 ) ) ;
#3370 = CARTESIAN_POINT ( 'NONE',  ( 4386.697377367129775, -214.5840469469709149, 26.71947113448365840 ) ) ;
#3371 = CARTESIAN_POINT ( 'NONE',  ( 4393.145009353885143, -252.3500385631349729, -41.93510229781848153 ) ) ;
#3372 = EDGE_CURVE ( 'NONE', #2081, #5726, #2370, .T. ) ;
#3373 = VECTOR ( 'NONE', #8388, 1000.000000000000000 ) ;
#3374 = CARTESIAN_POINT ( 'NONE',  ( 4393.409625719497853, -213.7987883342067335, 29.43400311071690822 ) ) ;
#3375 = CARTESIAN_POINT ( 'NONE',  ( 4382.482035795770571, -222.3604418762409693, 36.52509007738407121 ) ) ;
#3376 = CARTESIAN_POINT ( 'NONE',  ( 4391.092741495192058, -222.0975673934819099, -32.44321860555094617 ) ) ;
#3377 = CARTESIAN_POINT ( 'NONE',  ( 4393.305735768686645, -222.3730688537237370, 35.74746558832358545 ) ) ;
#3378 = CARTESIAN_POINT ( 'NONE',  ( 4388.968342872023641, -207.2956485621255638, -21.81548381772790179 ) ) ;
#3379 = CARTESIAN_POINT ( 'NONE',  ( 4382.514211438197890, -229.0341636040473077, -39.95358978072346190 ) ) ;
#3380 = CARTESIAN_POINT ( 'NONE',  ( 4367.118234014085829, -219.9045723474775400, -32.52421764413291072 ) ) ;
#3381 = B_SPLINE_CURVE_WITH_KNOTS ( 'NONE', 3,
 ( #5931, #4465, #2458, #7240 ),
 .UNSPECIFIED., .F., .F.,
 ( 4, 4 ),
 ( 0.000000000000000000, 1.000000000000000000 ),
 .UNSPECIFIED. ) ;
#3382 = CARTESIAN_POINT ( 'NONE',  ( 4371.337434196481809, -222.0929370840500212, 33.79786275334776491 ) ) ;
#3383 = DIRECTION ( 'NONE',  ( 0.000000000000000000, 0.000000000000000000, -1.000000000000000000 ) ) ;
#3384 = CARTESIAN_POINT ( 'NONE',  ( 4386.896808878336742, -226.7375221199276041, 38.56323953378753089 ) ) ;
#3385 = CARTESIAN_POINT ( 'NONE',  ( 4386.696175256101924, -213.5081905573434256, -25.55924166102599315 ) ) ;
#3386 = CARTESIAN_POINT ( 'NONE',  ( 4367.284892708614279, -267.3502027967538766, -25.58857668808088093 ) ) ;
#3387 = CARTESIAN_POINT ( 'NONE',  ( 4382.483767633392745, -222.7513464394369862, -36.74812681535335201 ) ) ;
#3388 = DIRECTION ( 'NONE',  ( 1.000000000000000000, 0.000000000000000000, 0.000000000000000000 ) ) ;
#3389 = CARTESIAN_POINT ( 'NONE',  ( 4393.144923936013583, -252.3506866144535365, -41.93390154535710224 ) ) ;
#3390 = CARTESIAN_POINT ( 'NONE',  ( 4391.089571739566964, -218.7143591443851278, 30.07150425897112811 ) ) ;
#3391 = CARTESIAN_POINT ( 'NONE',  ( 4382.317071137118546, -224.5591991775230838, -34.56614668367888754 ) ) ;
#3392 = CARTESIAN_POINT ( 'NONE',  ( 4380.145967057095731, -253.4528112081492850, 43.35970565385308362 ) ) ;
#3393 = CARTESIAN_POINT ( 'NONE',  ( 4391.424303693050206, -261.0681844853400548, 31.95316316608662888 ) ) ;
#3394 = CARTESIAN_POINT ( 'NONE',  ( 4367.282622049898237, -223.9549434521294700, 38.48818096811443468 ) ) ;
#3395 = CARTESIAN_POINT ( 'NONE',  ( 4371.683607845454389, -262.7718153123164484, -33.44816969261421491 ) ) ;
#3396 = CARTESIAN_POINT ( 'NONE',  ( 4388.986497199156474, -209.2212945324077964, 24.69416790035288756 ) ) ;
#3397 = CARTESIAN_POINT ( 'NONE',  ( 4391.070537342417083, -206.4587706683338126, -11.33042448823603188 ) ) ;
#3398 = CARTESIAN_POINT ( 'NONE',  ( 4393.456042699414866, -261.9199991614618170, -29.92943271711333253 ) ) ;
#3399 = CARTESIAN_POINT ( 'NONE',  ( 4375.941019707302985, -287.7537537522357525, -20.90391400045749393 ) ) ;
#3400 = ORIENTED_EDGE ( 'NONE', *, *, #3639, .F. ) ;
#3401 = CARTESIAN_POINT ( 'NONE',  ( 4393.265137306147153, -215.6944212978286259, -31.09991288609167981 ) ) ;
#3402 = CARTESIAN_POINT ( 'NONE',  ( 4367.249605756675919, -255.4565625420013362, 47.61445076946597510 ) ) ;
#3403 = CARTESIAN_POINT ( 'NONE',  ( 4384.515446451570824, -228.5127909424567463, -36.47610660203429234 ) ) ;
#3404 = CARTESIAN_POINT ( 'NONE',  ( 4384.518686813543354, -232.8870980843199732, 38.35699338594228891 ) ) ;
#3405 = CARTESIAN_POINT ( 'NONE',  ( 4367.252078494067064, -217.5766862180416581, 34.27141717577954694 ) ) ;
#3406 = ORIENTED_EDGE ( 'NONE', *, *, #4968, .T. ) ;
#3407 = CARTESIAN_POINT ( 'NONE',  ( 4380.467181686116419, -258.9561302337110646, -38.59300460100862296 ) ) ;
#3408 = CARTESIAN_POINT ( 'NONE',  ( 4371.346800353928302, -232.0021938928945531, -39.01505490441248725 ) ) ;
#3409 = CARTESIAN_POINT ( 'NONE',  ( 4375.828908483867963, -211.4338292886663737, 28.11183424914160511 ) ) ;
#3410 = CARTESIAN_POINT ( 'NONE',  ( 4382.472520952567720, -220.5732393942418810, -35.40330845040311658 ) ) ;
#3411 = CARTESIAN_POINT ( 'NONE',  ( 4380.407744672764238, -249.5070705807989953, -45.73891699587994708 ) ) ;
#3412 = ADVANCED_FACE ( 'NONE', ( #2543 ), #1678, .F. ) ;
#3413 = CARTESIAN_POINT ( 'NONE',  ( 4371.470271861882793, -217.3085358641687606, 33.80896701541777105 ) ) ;
#3414 = CARTESIAN_POINT ( 'NONE',  ( 4386.705831538494749, -223.5430794926710973, 33.66246745288991349 ) ) ;
#3415 = CARTESIAN_POINT ( 'NONE',  ( 4384.777207127122892, -274.7391454427701092, 7.600550296149605423 ) ) ;
#3416 = CARTESIAN_POINT ( 'NONE',  ( 4393.438813967667556, -218.3433275705980918, 33.12846297003711271 ) ) ;
#3417 = CARTESIAN_POINT ( 'NONE',  ( 4382.604676914053925, -249.9801009329388251, 45.59522143193338906 ) ) ;
#3418 = CARTESIAN_POINT ( 'NONE',  ( 4391.093221540730156, -222.6154679605280933, -32.76997836266938435 ) ) ;
#3419 = CARTESIAN_POINT ( 'NONE',  ( 4393.328109279786986, -226.6930378948147222, 38.04256118514264529 ) ) ;
#3420 = CARTESIAN_POINT ( 'NONE',  ( 4391.142451135515330, -205.7187369331298612, -18.54797109026232249 ) ) ;
#3421 = CARTESIAN_POINT ( 'NONE',  ( 4384.703228137323094, -227.3154826592633242, -39.00038282610157125 ) ) ;
#3422 = CARTESIAN_POINT ( 'NONE',  ( 4367.138532688919440, -249.3251723665274824, -44.12257039954501181 ) ) ;
#3423 = EDGE_CURVE ( 'NONE', #6574, #8205, #3381, .T. ) ;
#3424 = CARTESIAN_POINT ( 'NONE',  ( 4393.424649999944450, -249.2660840320780835, 44.42918524499125965 ) ) ;
#3425 = CARTESIAN_POINT ( 'NONE',  ( 4366.940184720153411, -216.2926664545328492, 29.56339691987823315 ) ) ;
#3426 = CARTESIAN_POINT ( 'NONE',  ( 4393.288223789230869, -219.3819094433536918, -33.85341750344289835 ) ) ;
#3427 = ORIENTED_EDGE ( 'NONE', *, *, #4243, .T. ) ;
#3428 = CARTESIAN_POINT ( 'NONE',  ( 4386.978479193884596, -244.8421495288351366, 44.42646426011594230 ) ) ;
#3429 = CARTESIAN_POINT ( 'NONE',  ( 4384.505515084602848, -216.8896516633633951, -29.00482261870409673 ) ) ;
#3430 = CARTESIAN_POINT ( 'NONE',  ( 4367.436266875392903, -203.3322581266223210, -24.10391400045742571 ) ) ;
#3431 = CARTESIAN_POINT ( 'NONE',  ( 4384.678396288427393, -222.2363036150275946, -36.28810685133660741 ) ) ;
#3432 = CARTESIAN_POINT ( 'NONE',  ( 4367.156667557481342, -205.0285847313955401, -18.30296196344911408 ) ) ;
#3433 = EDGE_CURVE ( 'NONE', #8381, #1342, #4142, .T. ) ;
#3434 = CARTESIAN_POINT ( 'NONE',  ( 4388.897929787061912, -221.1168624912403970, 31.95984528856891416 ) ) ;
#3435 = CARTESIAN_POINT ( 'NONE',  ( 4393.289011482857859, -224.9212585318959441, -33.96418934896664155 ) ) ;
#3436 = CARTESIAN_POINT ( 'NONE',  ( 4375.728933297174990, -222.6095376576425338, 33.84563466972964108 ) ) ;
#3437 = CARTESIAN_POINT ( 'NONE',  ( 4393.315579684117438, -253.6057323266494450, -42.02863170184573249 ) ) ;
#3438 = CARTESIAN_POINT ( 'NONE',  ( 4376.082660720253443, -259.3145842765703151, 38.99858243222259091 ) ) ;
#3439 = CARTESIAN_POINT ( 'NONE',  ( 4367.297895087606776, -227.3832641116644595, 40.29969632948400715 ) ) ;
#3440 = CARTESIAN_POINT ( 'NONE',  ( 4389.052290176249699, -219.0274358785167408, 33.91635948787387633 ) ) ;
#3441 = CARTESIAN_POINT ( 'NONE',  ( 4386.684823126893207, -207.1557759890798707, -14.70673233319575246 ) ) ;
#3442 = CARTESIAN_POINT ( 'NONE',  ( 4393.470294897179883, -257.9332421788080865, -37.40604508448920029 ) ) ;
#3443 = ORIENTED_EDGE ( 'NONE', *, *, #5032, .F. ) ;
#3444 = CYLINDRICAL_SURFACE ( 'NONE', #6938, 1.500000000000001332 ) ;
#3445 = EDGE_LOOP ( 'NONE', ( #867, #2673, #1561, #4687 ) ) ;
#3446 = CARTESIAN_POINT ( 'NONE',  ( 4393.352873158319198, -231.7314312923013517, -40.18510266522163477 ) ) ;
#3447 = CARTESIAN_POINT ( 'NONE',  ( 4393.285774008703811, -221.2804952221212318, 31.75840784436693909 ) ) ;
#3448 = CARTESIAN_POINT ( 'NONE',  ( 4371.343985300654822, -229.1954128868784153, -37.76676124026536741 ) ) ;
#3449 = CARTESIAN_POINT ( 'NONE',  ( 4382.304284213764731, -211.4716350891158640, 23.42290264660312360 ) ) ;
#3450 = CARTESIAN_POINT ( 'NONE',  ( 4367.276994685282261, -222.6912499301898833, 37.74909086700613159 ) ) ;
#3451 = VERTEX_POINT ( 'NONE', #295 ) ;
#3452 = CARTESIAN_POINT ( 'NONE',  ( 4386.713127869417804, -232.8444989208331606, -38.15399471182369950 ) ) ;
#3453 = CARTESIAN_POINT ( 'NONE',  ( 4375.704911717179129, -203.4313300554914576, 9.526638641499944882 ) ) ;
#3454 = CARTESIAN_POINT ( 'NONE',  ( 4367.406100782461181, -255.8914085745797138, -47.62921617970385313 ) ) ;
#3455 = CARTESIAN_POINT ( 'NONE',  ( 4393.450149392665480, -220.2428187497420708, -34.41446889821398969 ) ) ;
#3456 = CARTESIAN_POINT ( 'NONE',  ( 4389.201241999174272, -251.9610239581929818, -45.13295741766915370 ) ) ;
#3457 = CARTESIAN_POINT ( 'NONE',  ( 4371.346089026429581, -203.8301395315795048, 13.80612131005805843 ) ) ;
#3458 = CARTESIAN_POINT ( 'NONE',  ( 4386.702385076299834, -219.6557886754769697, 31.07846084388533470 ) ) ;
#3459 = CARTESIAN_POINT ( 'NONE',  ( 4367.467765398007032, -255.7190011496723230, 47.94884718411908153 ) ) ;
#3460 = CARTESIAN_POINT ( 'NONE',  ( 4393.445048734453849, -219.3825132030236489, 33.85045628704628484 ) ) ;
#3461 = CARTESIAN_POINT ( 'NONE',  ( 4382.480524797080761, -222.0959383961840388, 36.36619901805521948 ) ) ;
#3462 = CARTESIAN_POINT ( 'NONE',  ( 4386.704918956581423, -222.4397315252630278, -32.97321415864460903 ) ) ;
#3463 = FACE_OUTER_BOUND ( 'NONE', #7963, .T. ) ;
#3464 = CARTESIAN_POINT ( 'NONE',  ( 4382.433195436627102, -213.7987645635216438, -30.13120552351282200 ) ) ;
#3465 = CARTESIAN_POINT ( 'NONE',  ( 4375.933955387838978, -231.4514525690958919, -41.47436528099964903 ) ) ;
#3466 = CARTESIAN_POINT ( 'NONE',  ( 4367.120777243202610, -223.2086639307350140, -34.77844703748210975 ) ) ;
#3467 = CARTESIAN_POINT ( 'NONE',  ( 4393.126231671446476, -203.6887282398679417, 11.62418868568300745 ) ) ;
#3468 = CARTESIAN_POINT ( 'NONE',  ( 4366.923531780107623, -206.2824440524801162, 11.13632616470401793 ) ) ;
#3469 = CARTESIAN_POINT ( 'NONE',  ( 4393.252412240132799, -213.7848772043515453, -29.45615234147170014 ) ) ;
#3470 = CARTESIAN_POINT ( 'NONE',  ( 4388.922480594355875, -252.2093962663028890, -42.35847984021954460 ) ) ;
#3471 = VERTEX_POINT ( 'NONE', #2413 ) ;
#3472 = ADVANCED_FACE ( 'NONE', ( #5195 ), #7981, .F. ) ;
#3473 = CARTESIAN_POINT ( 'NONE',  ( 4384.529161031206968, -204.2307909023602122, 14.79708775595119441 ) ) ;
#3474 = CARTESIAN_POINT ( 'NONE',  ( 4393.283405608668545, -218.7130129784543158, -29.91139997548702212 ) ) ;
#3475 = CARTESIAN_POINT ( 'NONE',  ( 4391.092707960913685, -203.6883912512411712, -11.74881062042278934 ) ) ;
#3476 = CARTESIAN_POINT ( 'NONE',  ( 4375.892136498471700, -222.7493706308931110, -37.20693797526388380 ) ) ;
#3477 = CARTESIAN_POINT ( 'NONE',  ( 4367.280098728062512, -223.3941676269488141, -38.15723509276987357 ) ) ;
#3478 = PLANE ( 'NONE',  #4297 ) ;
#3479 = CARTESIAN_POINT ( 'NONE',  ( 4388.882004155549112, -207.9626311258400904, 16.82843864517774790 ) ) ;
#3480 = CARTESIAN_POINT ( 'NONE',  ( 4375.713604618051249, -208.2812804177215753, 18.34877073892225141 ) ) ;
#3481 = CARTESIAN_POINT ( 'NONE',  ( 4380.145967055691472, -253.4528112082816733, -43.35187765308914720 ) ) ;
#3482 = CARTESIAN_POINT ( 'NONE',  ( 4371.691572687066582, -260.7123990410975694, 37.41194002330072976 ) ) ;
#3483 = CARTESIAN_POINT ( 'NONE',  ( 4367.404947011087643, -253.2579622050759554, 47.40865088156323282 ) ) ;
#3484 = CARTESIAN_POINT ( 'NONE',  ( 4388.958763928947519, -206.4368952947329774, 20.29837030220883420 ) ) ;
#3485 = CARTESIAN_POINT ( 'NONE',  ( 4388.878691589030495, -206.9406795260039189, -13.80569279218683576 ) ) ;
#3486 = CARTESIAN_POINT ( 'NONE',  ( 4393.311820214446925, -256.8752413820832885, -33.37788502550647252 ) ) ;
#3487 = VERTEX_POINT ( 'NONE', #7289 ) ;
#3488 = DIRECTION ( 'NONE',  ( 0.000000000000000000, 0.000000000000000000, -1.000000000000000000 ) ) ;
#3489 = VERTEX_POINT ( 'NONE', #7381 ) ;
#3490 = CARTESIAN_POINT ( 'NONE',  ( 4393.275665281967122, -217.3387216517614036, -32.39276758870227724 ) ) ;
#3491 = CARTESIAN_POINT ( 'NONE',  ( 4393.287323117467167, -222.9633859425740070, 32.83148476607609467 ) ) ;
#3492 = CARTESIAN_POINT ( 'NONE',  ( 4366.946162021748023, -222.9504918606534716, -34.62558230758764921 ) ) ;
#3493 = CARTESIAN_POINT ( 'NONE',  ( 4382.319840403071794, -227.9941236444103083, 36.39933238539045846 ) ) ;
#3494 = CARTESIAN_POINT ( 'NONE',  ( 4393.122555149458094, -220.2935622703408285, -31.08757534758687058 ) ) ;
#3495 = CARTESIAN_POINT ( 'NONE',  ( 4367.274670551910276, -222.1604590908163175, 37.42729895671851637 ) ) ;
#3496 = ORIENTED_EDGE ( 'NONE', *, *, #901, .F. ) ;
#3497 = CARTESIAN_POINT ( 'NONE',  ( 4380.128711294336426, -232.9721653506704797, -38.73065973050464095 ) ) ;
#3498 = CARTESIAN_POINT ( 'NONE',  ( 4393.452367839833641, -220.5955742907292176, -34.64085717425567168 ) ) ;
#3499 = CARTESIAN_POINT ( 'NONE',  ( 4389.200250489295286, -251.6594217323284113, -45.10541519851775405 ) ) ;
#3500 = CARTESIAN_POINT ( 'NONE',  ( 4366.922003528495225, -203.4313293485140832, 9.542677498556695781 ) ) ;
#3501 = AXIS2_PLACEMENT_3D ( 'NONE', #5978, #5148, #8625 ) ;
#3502 = CARTESIAN_POINT ( 'NONE',  ( 4386.707261346272389, -225.3263747185274894, 34.68801586350529931 ) ) ;
#3503 = CARTESIAN_POINT ( 'NONE',  ( 4367.468159978182484, -256.9352946716427368, 45.64265757178922200 ) ) ;
#3504 = CARTESIAN_POINT ( 'NONE',  ( 4393.487888042205668, -227.2450809577292716, 38.29096189530721261 ) ) ;
#3505 = CARTESIAN_POINT ( 'NONE',  ( 4382.474553118679069, -220.9353946145788257, 35.64451137500549294 ) ) ;
#3506 = CARTESIAN_POINT ( 'NONE',  ( 4382.315478571179483, -222.6121863920919282, -33.38961138393250394 ) ) ;
#3507 = CARTESIAN_POINT ( 'NONE',  ( 4393.126112267812459, -224.1512556107717273, 33.54886255563973663 ) ) ;
#3508 = CARTESIAN_POINT ( 'NONE',  ( 4386.812520773122742, -212.0026579906517554, -28.06617378442151178 ) ) ;
#3509 = CARTESIAN_POINT ( 'NONE',  ( 4382.527881614216312, -231.9231691366606753, -41.14633970784974792 ) ) ;
#3510 = CARTESIAN_POINT ( 'NONE',  ( 4366.985084280990122, -256.3138669180782472, -44.88276909801025738 ) ) ;
#3511 = CARTESIAN_POINT ( 'NONE',  ( 4393.167532213464256, -252.4561105273669455, 42.17162515590948146 ) ) ;
#3512 = AXIS2_PLACEMENT_3D ( 'NONE', #3819, #6606, #339 ) ;
#3513 = CARTESIAN_POINT ( 'NONE',  ( 4366.943210155933230, -219.6499878495692428, 32.34371197268026776 ) ) ;
#3514 = CARTESIAN_POINT ( 'NONE',  ( 4393.322504767041210, -225.5958974113716238, -37.49575876488071913 ) ) ;
#3515 = CARTESIAN_POINT ( 'NONE',  ( 4384.501078970756680, -203.5847255582253297, 11.27040413038865019 ) ) ;
#3516 = CARTESIAN_POINT ( 'NONE',  ( 4380.113050288977320, -215.1521449739840079, -27.67657065033278840 ) ) ;
#3517 = CARTESIAN_POINT ( 'NONE',  ( 4382.306842286219762, -203.5838631770958216, -11.39298509795520609 ) ) ;
#3518 = CARTESIAN_POINT ( 'NONE',  ( 4393.469425721619700, -223.7011775687934119, -36.48214972889392982 ) ) ;
#3519 = CARTESIAN_POINT ( 'NONE',  ( 4367.276499921271352, -222.5565453288716924, -37.66017321132841289 ) ) ;
#3520 = CARTESIAN_POINT ( 'NONE',  ( 4367.441019707303894, -301.9155512315545593, -25.10391400045742571 ) ) ;
#3521 = EDGE_CURVE ( 'NONE', #1133, #5511, #8029, .T. ) ;
#3522 = CARTESIAN_POINT ( 'NONE',  ( 4391.119642326643771, -251.4703542860968639, 42.07250662795225082 ) ) ;
#3523 = CARTESIAN_POINT ( 'NONE',  ( 4375.729077112380764, -222.7830283925607375, 33.95664461221122110 ) ) ;
#3524 = CARTESIAN_POINT ( 'NONE',  ( 4380.145890176730063, -253.1557639723170894, -43.32597808239937365 ) ) ;
#3525 = CARTESIAN_POINT ( 'NONE',  ( 4384.851208988472536, -258.5988145120616650, 38.20137748778866182 ) ) ;
#3526 = CARTESIAN_POINT ( 'NONE',  ( 4367.287641865025762, -225.0845329874636604, 39.11713317065689210 ) ) ;
#3527 = CARTESIAN_POINT ( 'NONE',  ( 4391.400760106810594, -251.8768453854678455, 44.90773239508265391 ) ) ;
#3528 = CARTESIAN_POINT ( 'NONE',  ( 4366.928935174659273, -207.4029933570359390, -16.59050326762175231 ) ) ;
#3529 = CARTESIAN_POINT ( 'NONE',  ( 4393.124120154548109, -221.9292319937222828, 32.19593246694940092 ) ) ;
#3530 = ORIENTED_EDGE ( 'NONE', *, *, #3129, .F. ) ;
#3531 = CARTESIAN_POINT ( 'NONE',  ( 4367.441019707303894, -305.5155512315545252, -26.00391400045748469 ) ) ;
#3532 = EDGE_LOOP ( 'NONE', ( #1394, #7046, #92, #1324, #6552 ) ) ;
#3533 = CARTESIAN_POINT ( 'NONE',  ( 4393.322504767043938, -225.5958974113687532, -37.49575876487934778 ) ) ;
#3534 = CARTESIAN_POINT ( 'NONE',  ( 4393.287581755371320, -223.2787655740262380, 33.02317898481079794 ) ) ;
#3535 = CARTESIAN_POINT ( 'NONE',  ( 4393.287323114584069, -222.9633859425848641, -32.82365676538023536 ) ) ;
#3536 = CARTESIAN_POINT ( 'NONE',  ( 4382.315753099089306, -222.9579151096127703, 33.61503047282219114 ) ) ;
#3537 = CARTESIAN_POINT ( 'NONE',  ( 4393.119678183429642, -217.4789613525468610, -28.94652214001920854 ) ) ;
#3538 = CARTESIAN_POINT ( 'NONE',  ( 4367.345840547715852, -238.1833264400679866, 44.54561691278990310 ) ) ;
#3539 = ORIENTED_EDGE ( 'NONE', *, *, #3521, .T. ) ;
#3540 = DIRECTION ( 'NONE',  ( 0.000000000000000000, 0.000000000000000000, 1.000000000000000000 ) ) ;
#3541 = CARTESIAN_POINT ( 'NONE',  ( 4371.354306537644334, -238.9521630294698014, -41.51363736224766399 ) ) ;
#3542 = CARTESIAN_POINT ( 'NONE',  ( 4386.861311300996931, -219.8863537185204109, -34.64670117905796332 ) ) ;
#3543 = CARTESIAN_POINT ( 'NONE',  ( 4387.003605612660067, -251.9713050533019612, -45.35677388120751630 ) ) ;
#3544 = CARTESIAN_POINT ( 'NONE',  ( 4367.042441600940037, -211.4262000934247965, 28.60668314612782126 ) ) ;
#3545 = CARTESIAN_POINT ( 'NONE',  ( 4386.722306915090485, -245.3468340477473930, 41.68287912386561089 ) ) ;
#3546 = CARTESIAN_POINT ( 'NONE',  ( 4367.149107962802191, -260.6942632554569741, 32.44100484292354025 ) ) ;
#3547 = CARTESIAN_POINT ( 'NONE',  ( 4380.271518047935388, -219.8743602335666480, 35.09671696999730273 ) ) ;
#3548 = CARTESIAN_POINT ( 'NONE',  ( 4366.945567194560681, -222.2586794257157976, -34.17703694791089930 ) ) ;
#3549 = CARTESIAN_POINT ( 'NONE',  ( 4393.144936081664127, -253.6188978069112636, 42.05527554228007148 ) ) ;
#3550 = CARTESIAN_POINT ( 'NONE',  ( 4386.816603064343326, -212.5903484488700599, -28.67485185510498980 ) ) ;
#3551 = CARTESIAN_POINT ( 'NONE',  ( 4382.533358727690938, -233.0909248687810873, -41.58205898455575777 ) ) ;
#3552 = CARTESIAN_POINT ( 'NONE',  ( 4393.167535856744507, -252.4616743846158045, 42.17215776201469879 ) ) ;
#3553 = CARTESIAN_POINT ( 'NONE',  ( 4366.922250951504793, -206.2313253452668960, 9.940010908383616339 ) ) ;
#3554 = CARTESIAN_POINT ( 'NONE',  ( 4393.117750351764698, -215.6904928144225835, -27.40631615370899254 ) ) ;
#3555 = CARTESIAN_POINT ( 'NONE',  ( 4384.569198919226437, -206.4416150332115762, 20.57254533776175620 ) ) ;
#3556 = CARTESIAN_POINT ( 'NONE',  ( 4366.939650826994693, -215.7130323335492221, -29.01439814984130550 ) ) ;
#3557 = CARTESIAN_POINT ( 'NONE',  ( 4377.141019707303712, -302.9155512315545593, 24.00391400045749535 ) ) ;
#3558 = CARTESIAN_POINT ( 'NONE',  ( 4384.497297851149597, -203.5339617458843691, -10.81485980601658703 ) ) ;
#3559 = CARTESIAN_POINT ( 'NONE',  ( 4371.501216362974446, -223.4499916897030118, -37.91340346560959063 ) ) ;
#3560 = CARTESIAN_POINT ( 'NONE',  ( 4367.268344067406360, -220.8345854070892358, -36.57586752735039681 ) ) ;
#3561 = CARTESIAN_POINT ( 'NONE',  ( 4393.149142886388290, -252.3291465555053605, -41.97347135633136617 ) ) ;
#3562 = ADVANCED_FACE ( 'NONE', ( #3463 ), #1948, .T. ) ;
#3563 = CARTESIAN_POINT ( 'NONE',  ( 4388.896901433449784, -219.9716744191206601, 31.16178956609718398 ) ) ;
#3564 = CARTESIAN_POINT ( 'NONE',  ( 4375.730091937294674, -223.9184974369413510, 34.65743322572026841 ) ) ;
#3565 = CARTESIAN_POINT ( 'NONE',  ( 4391.409376930746475, -264.0751072203988201, 26.31450668092355727 ) ) ;
#3566 = DIRECTION ( 'NONE',  ( 0.000000000000000000, 0.000000000000000000, -1.000000000000000000 ) ) ;
#3567 = CARTESIAN_POINT ( 'NONE',  ( 4389.036196532608301, -216.3425005503131615, 31.92074103107101024 ) ) ;
#3568 = CARTESIAN_POINT ( 'NONE',  ( 4380.101358310447722, -207.4093311898293166, -15.85873282202207513 ) ) ;
#3569 = CARTESIAN_POINT ( 'NONE',  ( 4393.144905958112759, -251.7586697376211760, 41.89017014994033872 ) ) ;
#3570 = ORIENTED_EDGE ( 'NONE', *, *, #214, .T. ) ;
#3571 = ADVANCED_FACE ( 'NONE', ( #3168 ), #242, .F. ) ;
#3572 = CARTESIAN_POINT ( 'NONE',  ( 4393.136522536128723, -274.7512522213627335, 0.003914000457703506117 ) ) ;
#3573 = CARTESIAN_POINT ( 'NONE',  ( 4367.201193163991775, -254.8981741047918774, -44.73995703707566918 ) ) ;
#3574 = CARTESIAN_POINT ( 'NONE',  ( 4376.101122825043603, -267.0755748690797304, -24.10391400045610766 ) ) ;
#3575 = CARTESIAN_POINT ( 'NONE',  ( 4393.266755193401877, -206.7661112892036783, 12.75542155171104497 ) ) ;
#3576 = CARTESIAN_POINT ( 'NONE',  ( 4371.373073284535167, -255.9534292322584577, -44.43310322177819671 ) ) ;
#3577 = CARTESIAN_POINT ( 'NONE',  ( 4371.338175378976302, -222.9525783948800495, -34.34657084611070843 ) ) ;
#3578 = CARTESIAN_POINT ( 'NONE',  ( 4382.315620470957583, -222.7860246698956530, 33.50746397357514184 ) ) ;
#3579 = CARTESIAN_POINT ( 'NONE',  ( 4393.121273177652256, -219.0245383731664788, -30.16234458195987855 ) ) ;
#3580 = DIRECTION ( 'NONE',  ( 0.000000000000000000, -1.000000000000000000, 0.000000000000000000 ) ) ;
#3581 = CARTESIAN_POINT ( 'NONE',  ( 4367.321500335472592, -232.7028854428832858, -42.61631203295156212 ) ) ;
#3582 = ORIENTED_EDGE ( 'NONE', *, *, #8612, .F. ) ;
#3583 = B_SPLINE_CURVE_WITH_KNOTS ( 'NONE', 3,
 ( #4672, #8237, #3204, #3349 ),
 .UNSPECIFIED., .F., .F.,
 ( 4, 4 ),
 ( 0.000000000000000000, 1.000000000000000000 ),
 .UNSPECIFIED. ) ;
#3584 = CARTESIAN_POINT ( 'NONE',  ( 4380.126472151981034, -276.1620864471949517, 0.2766016808354941348 ) ) ;
#3585 = CARTESIAN_POINT ( 'NONE',  ( 4393.307912667973142, -245.0048131379038807, -40.97785779263826100 ) ) ;
#3586 = CARTESIAN_POINT ( 'NONE',  ( 4371.636604994259869, -252.6331534428583154, -46.94056606172355117 ) ) ;
#3587 = CARTESIAN_POINT ( 'NONE',  ( 4371.559977482050272, -235.7142023039980359, 43.43427691449436168 ) ) ;
#3588 = CARTESIAN_POINT ( 'NONE',  ( 4386.726774004698200, -252.6629219032642766, 42.62878219054539386 ) ) ;
#3589 = CARTESIAN_POINT ( 'NONE',  ( 4393.427350238953295, -302.9155512315545593, -24.10391400045749322 ) ) ;
#3590 = EDGE_CURVE ( 'NONE', #1342, #4081, #4343, .T. ) ;
#3591 = CARTESIAN_POINT ( 'NONE',  ( 4382.613538562718531, -252.7483308808895401, 45.87698478848687955 ) ) ;
#3592 = CARTESIAN_POINT ( 'NONE',  ( 4380.149769736688540, -255.0684777799613983, 40.01308284398142234 ) ) ;
#3593 = CARTESIAN_POINT ( 'NONE',  ( 4393.126016122329929, -224.0247757792070331, 33.47576584911218589 ) ) ;
#3594 = CARTESIAN_POINT ( 'NONE',  ( 4384.613342334342633, -211.4334309111472123, -27.57244670652551477 ) ) ;
#3595 = CARTESIAN_POINT ( 'NONE',  ( 4389.109630616311733, -230.0917304901180387, -39.88675083543145661 ) ) ;
#3596 = CARTESIAN_POINT ( 'NONE',  ( 4393.333388731978630, -253.3975873002729600, 43.87226768000285659 ) ) ;
#3597 = CARTESIAN_POINT ( 'NONE',  ( 4366.936501998392487, -212.4558597203041472, 25.55918194651919606 ) ) ;
#3598 = CARTESIAN_POINT ( 'NONE',  ( 4393.432316060127960, -252.0864808799693719, -44.70788361567045399 ) ) ;
#3599 = CARTESIAN_POINT ( 'NONE',  ( 4384.700518283308156, -226.7527144050992831, 38.73811639620954139 ) ) ;
#3600 = CARTESIAN_POINT ( 'NONE',  ( 4388.894560295000701, -217.4826571188459354, -29.23292785656742510 ) ) ;
#3601 = CARTESIAN_POINT ( 'NONE',  ( 4393.093705806565595, -206.2313293483461507, -8.024708257892008589 ) ) ;
#3602 = CARTESIAN_POINT ( 'NONE',  ( 4388.898170781984845, -203.6878037992724444, -11.88777799311547589 ) ) ;
#3603 = CARTESIAN_POINT ( 'NONE',  ( 4367.176842431424120, -206.4294385212964471, -21.53495798351030643 ) ) ;
#3604 = CARTESIAN_POINT ( 'NONE',  ( 4384.684295898997334, -223.4386557393107466, -36.98742654063897106 ) ) ;
#3605 = CARTESIAN_POINT ( 'NONE',  ( 4367.241908363281254, -215.6191038636622181, -32.68454914722047988 ) ) ;
#3606 = CARTESIAN_POINT ( 'NONE',  ( 4375.111074745584119, -276.5084043840387835, 0.003914000457910105611 ) ) ;
#3607 = CARTESIAN_POINT ( 'NONE',  ( 4388.894560297386306, -217.4826571188354762, 29.24075585731604576 ) ) ;
#3608 = CARTESIAN_POINT ( 'NONE',  ( 4375.711486768732357, -207.4084359858297262, 16.12434580323593991 ) ) ;
#3609 = CARTESIAN_POINT ( 'NONE',  ( 4376.018335964001380, -271.5270371785105681, 15.53372480553381685 ) ) ;
#3610 = CARTESIAN_POINT ( 'NONE',  ( 4367.139691348066663, -204.2185040890685741, 15.76377680572108808 ) ) ;
#3611 = CARTESIAN_POINT ( 'NONE',  ( 4389.084803930000817, -225.0667665864555431, 37.55844418503325954 ) ) ;
#3612 = CARTESIAN_POINT ( 'NONE',  ( 4384.490080534640583, -207.1558247208959074, -14.84250482738370458 ) ) ;
#3613 = DIRECTION ( 'NONE',  ( -1.000000000000000000, 0.000000000000000000, 0.000000000000000000 ) ) ;
#3614 = EDGE_LOOP ( 'NONE', ( #1161, #323, #1623, #8111 ) ) ;
#3615 = CARTESIAN_POINT ( 'NONE',  ( 4367.150432318134335, -254.2873826755211439, -44.69209131257801459 ) ) ;
#3616 = ORIENTED_EDGE ( 'NONE', *, *, #8283, .T. ) ;
#3617 = PLANE ( 'NONE',  #1320 ) ;
#3618 = CARTESIAN_POINT ( 'NONE',  ( 4393.288064453156949, -223.7841753281079207, 33.32362677337106049 ) ) ;
#3619 = CARTESIAN_POINT ( 'NONE',  ( 4382.316008528659950, -223.2741819223349751, -33.80321605582626177 ) ) ;
#3620 = CARTESIAN_POINT ( 'NONE',  ( 4382.335278758717322, -247.9425824111233680, 42.50161171410113781 ) ) ;
#3621 = CARTESIAN_POINT ( 'NONE',  ( 4393.132971297720360, -232.7197464544615855, -37.57444665017212770 ) ) ;
#3622 = CARTESIAN_POINT ( 'NONE',  ( 4367.406572944107211, -253.7388524546861959, 47.45138245553650336 ) ) ;
#3623 = ORIENTED_EDGE ( 'NONE', *, *, #4304, .F. ) ;
#3624 = CARTESIAN_POINT ( 'NONE',  ( 4371.373710511436002, -259.6717999615210033, -33.37662444538205619 ) ) ;
#3625 = EDGE_LOOP ( 'NONE', ( #5208, #3623, #2124, #1104 ) ) ;
#3626 = CARTESIAN_POINT ( 'NONE',  ( 4367.119630397800393, -221.7010343427057535, -33.79318841880358804 ) ) ;
#3627 = CARTESIAN_POINT ( 'NONE',  ( 4389.200748858712359, -251.8102354591383971, -45.11934983401633303 ) ) ;
#3628 = CARTESIAN_POINT ( 'NONE',  ( 4371.514598717240005, -226.2728882613199062, 39.45259055105584167 ) ) ;
#3629 = CARTESIAN_POINT ( 'NONE',  ( 4384.484864715599542, -206.3668485680861977, 10.95490016859742965 ) ) ;
#3630 = EDGE_CURVE ( 'NONE', #1483, #1991, #4455, .T. ) ;
#3631 = CARTESIAN_POINT ( 'NONE',  ( 4367.139941683835787, -251.8009512131103520, 44.45763694938338517 ) ) ;
#3632 = CARTESIAN_POINT ( 'NONE',  ( 4380.240566661528646, -214.4173842826038197, 30.84565848972789937 ) ) ;
#3633 = CARTESIAN_POINT ( 'NONE',  ( 4386.727858958919569, -254.5552865948392309, 39.36112951957844786 ) ) ;
#3634 = CARTESIAN_POINT ( 'NONE',  ( 4393.123478726196481, -221.2801799137336332, 31.76984729909787575 ) ) ;
#3635 = CARTESIAN_POINT ( 'NONE',  ( 4391.210603736679332, -213.1940714315817331, -28.98311509826360677 ) ) ;
#3636 = VECTOR ( 'NONE', #5446, 1000.000000000000000 ) ;
#3637 = CARTESIAN_POINT ( 'NONE',  ( 4380.325315831590160, -230.7964427203694981, -40.87023545852600392 ) ) ;
#3638 = CARTESIAN_POINT ( 'NONE',  ( 4393.411482032446656, -253.8329302721067506, 44.67365637601793793 ) ) ;
#3639 = EDGE_CURVE ( 'NONE', #7646, #6240, #3078, .T. ) ;
#3640 = CARTESIAN_POINT ( 'NONE',  ( 4366.946731837116204, -223.5439072473010071, 35.00662235749688023 ) ) ;
#3641 = VECTOR ( 'NONE', #6082, 1000.000000000000000 ) ;
#3642 = CARTESIAN_POINT ( 'NONE',  ( 4393.424710942293132, -249.2628963019366495, -44.42780653825573012 ) ) ;
#3643 = CARTESIAN_POINT ( 'NONE',  ( 4384.671584487839027, -220.9402018345099918, 35.49519330962537111 ) ) ;
#3644 = CARTESIAN_POINT ( 'NONE',  ( 4382.312538725183913, -219.3400375474879809, -31.13130259691517665 ) ) ;
#3645 = CARTESIAN_POINT ( 'NONE',  ( 4391.073578461433499, -203.4711488938487207, -9.511261600597016752 ) ) ;
#3646 = CARTESIAN_POINT ( 'NONE',  ( 4371.499157415018999, -223.0271032261675828, -37.66681838033778718 ) ) ;
#3647 = CARTESIAN_POINT ( 'NONE',  ( 4367.120032471735612, -222.1948928433156993, -34.12392260485181339 ) ) ;
#3648 = CARTESIAN_POINT ( 'NONE',  ( 4389.427350238954205, -305.5155512315545252, -22.40391400045749037 ) ) ;
#3649 = VECTOR ( 'NONE', #6145, 1000.000000000000000 ) ;
#3650 = CARTESIAN_POINT ( 'NONE',  ( 4375.759944944903509, -252.8818545883312368, 43.74563893895106048 ) ) ;
#3651 = CARTESIAN_POINT ( 'NONE',  ( 4380.430386639178323, -267.0684708731146770, 23.12659884442587455 ) ) ;
#3652 = CARTESIAN_POINT ( 'NONE',  ( 4393.135990018929988, -275.4555893460390621, -1.312336852539134346 ) ) ;
#3653 = CARTESIAN_POINT ( 'NONE',  ( 4389.080627100796846, -224.2476091165077605, 37.12092273545295740 ) ) ;
#3654 = CARTESIAN_POINT ( 'NONE',  ( 4393.270548815741677, -207.9588149443103759, -16.53793995545179740 ) ) ;
#3655 = CARTESIAN_POINT ( 'NONE',  ( 4393.427351010983330, -266.9410810582424460, -20.50362304903277533 ) ) ;
#3656 = VERTEX_POINT ( 'NONE', #4501 ) ;
#3657 = CARTESIAN_POINT ( 'NONE',  ( 4367.150223039109733, -258.2091201175178412, 37.24203443193786001 ) ) ;
#3658 = VERTEX_POINT ( 'NONE', #1667 ) ;
#3659 = DIRECTION ( 'NONE',  ( 1.000000000000000000, 0.000000000000000000, -0.000000000000000000 ) ) ;
#3660 = CARTESIAN_POINT ( 'NONE',  ( 4391.068028389033316, -206.2664071523334428, 9.356215980669228216 ) ) ;
#3661 = CARTESIAN_POINT ( 'NONE',  ( 4384.511351749943060, -223.2750455283740507, -33.64954490347724914 ) ) ;
#3662 = CARTESIAN_POINT ( 'NONE',  ( 4382.337311614359351, -250.9068290024666226, 42.89723464277055598 ) ) ;
#3663 = CARTESIAN_POINT ( 'NONE',  ( 4393.126016123530462, -224.0247828686284777, -33.46794195444017106 ) ) ;
#3664 = CARTESIAN_POINT ( 'NONE',  ( 4367.094494539614971, -206.2313222265585466, 10.32511420324429707 ) ) ;
#3665 = CARTESIAN_POINT ( 'NONE',  ( 4391.142451141223319, -205.7187369331211073, 18.55579909080475787 ) ) ;
#3666 = CARTESIAN_POINT ( 'NONE',  ( 4389.229675450105788, -261.2533276938546578, -32.11640456281985934 ) ) ;
#3667 = CARTESIAN_POINT ( 'NONE',  ( 4371.370749834407434, -261.6154111251651102, -29.63710971737539879 ) ) ;
#3668 = CARTESIAN_POINT ( 'NONE',  ( 4367.123089248190809, -226.4096314810750528, -36.65864144815353853 ) ) ;
#3669 = CARTESIAN_POINT ( 'NONE',  ( 4380.419478950931989, -252.6910956849734475, -46.08263306310006868 ) ) ;
#3670 = CARTESIAN_POINT ( 'NONE',  ( 4366.931268830067893, -203.4653556595404496, 10.88376739558788131 ) ) ;
#3671 = CARTESIAN_POINT ( 'NONE',  ( 4386.706953543613963, -224.9389585587223905, 34.47230112937975122 ) ) ;
#3672 = CARTESIAN_POINT ( 'NONE',  ( 4367.121479781525522, -224.1308258835259721, 35.35253489998714826 ) ) ;
#3673 = VERTEX_POINT ( 'NONE', #5831 ) ;
#3674 = CARTESIAN_POINT ( 'NONE',  ( 4380.229062314328075, -212.5902212276675129, 29.09050545162050128 ) ) ;
#3675 = CARTESIAN_POINT ( 'NONE',  ( 4393.139973582151470, -242.7359404317901976, 40.55295913061631552 ) ) ;
#3676 = CARTESIAN_POINT ( 'NONE',  ( 4382.458148899262596, -217.9915493663409052, -33.61220601504601291 ) ) ;
#3677 = ADVANCED_FACE ( 'NONE', ( #7231 ), #8658, .F. ) ;
#3678 = CARTESIAN_POINT ( 'NONE',  ( 4371.595453852520222, -243.1229463304920273, -45.47456475391079778 ) ) ;
#3679 = CARTESIAN_POINT ( 'NONE',  ( 4393.212313766984153, -252.7229892727593779, 42.63154377274118900 ) ) ;
#3680 = CARTESIAN_POINT ( 'NONE',  ( 4366.951148266495693, -228.1273284405876325, 37.56158411637206029 ) ) ;
#3681 = CARTESIAN_POINT ( 'NONE',  ( 4393.430272877692005, -251.0566501548072722, -44.61422464780357444 ) ) ;
#3682 = CARTESIAN_POINT ( 'NONE',  ( 4371.369205561137278, -251.6640163741498668, -44.03861866145771131 ) ) ;
#3683 = CARTESIAN_POINT ( 'NONE',  ( 4371.579204786344235, -280.0826064263291642, 0.1371944776629074048 ) ) ;
#3684 = CARTESIAN_POINT ( 'NONE',  ( 4384.617434731412686, -212.0037244366994855, 28.21223250212122835 ) ) ;
#3685 = CARTESIAN_POINT ( 'NONE',  ( 4388.896901431065999, -219.9716744191316025, -31.15396156535399541 ) ) ;
#3686 = SURFACE_STYLE_USAGE ( .BOTH. , #6390 ) ;
#3687 = CARTESIAN_POINT ( 'NONE',  ( 4388.931033491066046, -204.7552333611916993, -16.21692719516817860 ) ) ;
#3688 = EDGE_CURVE ( 'NONE', #3237, #2713, #2626, .T. ) ;
#3689 = CARTESIAN_POINT ( 'NONE',  ( 4391.270871308912319, -223.1624941464149288, -36.34770620476166414 ) ) ;
#3690 = CARTESIAN_POINT ( 'NONE',  ( 4367.120897507344125, -223.3566823610731831, -34.87146936895411642 ) ) ;
#3691 = CARTESIAN_POINT ( 'NONE',  ( 4375.761368744672836, -254.9905031366155868, 43.92986006005115485 ) ) ;
#3692 = CARTESIAN_POINT ( 'NONE',  ( 4380.438764791641006, -265.5506945822939997, 26.02695664428249955 ) ) ;
#3693 = PLANE ( 'NONE',  #2061 ) ;
#3694 = CARTESIAN_POINT ( 'NONE',  ( 4389.190928054663345, -248.9403720910619882, 44.81288676960998885 ) ) ;
#3695 = CARTESIAN_POINT ( 'NONE',  ( 4380.102560801982690, -207.8195854896614208, -16.98383500054907813 ) ) ;
#3696 = CARTESIAN_POINT ( 'NONE',  ( 4393.119678180951269, -217.4789536230637168, 28.95434373125251781 ) ) ;
#3697 = ORIENTED_EDGE ( 'NONE', *, *, #4126, .F. ) ;
#3698 = EDGE_CURVE ( 'NONE', #4084, #2579, #8268, .T. ) ;
#3699 = CARTESIAN_POINT ( 'NONE',  ( 4386.865413435001756, -220.5820679001826932, -35.10317697607634102 ) ) ;
#3700 = CARTESIAN_POINT ( 'NONE',  ( 4367.142593936992853, -269.6695546583385408, 14.89954406220224747 ) ) ;
#3701 = DIRECTION ( 'NONE',  ( 0.000000000000000000, 0.000000000000000000, 1.000000000000000000 ) ) ;
#3702 = CARTESIAN_POINT ( 'NONE',  ( 4393.429355055370252, -250.7574133843435504, -44.58454067874035331 ) ) ;
#3703 = CARTESIAN_POINT ( 'NONE',  ( 4391.079645165670627, -209.6984381180554067, 20.24640349682651319 ) ) ;
#3704 = CARTESIAN_POINT ( 'NONE',  ( 4384.511909541636669, -223.9113450709488404, -34.03174868489122673 ) ) ;
#3705 = CARTESIAN_POINT ( 'NONE',  ( 4380.112480383645561, -214.5885956916367832, 27.13192080265826078 ) ) ;
#3706 = APPLICATION_PROTOCOL_DEFINITION ( 'draft international standard', 'automotive_design', 1998, #4101 ) ;
#3707 = CARTESIAN_POINT ( 'NONE',  ( 4367.116163131806388, -217.4363022521171729, 30.56527631641080944 ) ) ;
#3708 = CARTESIAN_POINT ( 'NONE',  ( 4391.081426255917904, -203.5359675107680175, 10.41712802046091646 ) ) ;
#3709 = CARTESIAN_POINT ( 'NONE',  ( 4387.013932234332060, -265.9704522390017587, -23.72832232160558874 ) ) ;
#3710 = CARTESIAN_POINT ( 'NONE',  ( 4380.146811441632053, -258.9197967986562503, -32.68123851632312693 ) ) ;
#3711 = CARTESIAN_POINT ( 'NONE',  ( 4391.109441033446274, -240.5625739550957860, -40.19374024731711614 ) ) ;
#3712 = ORIENTED_EDGE ( 'NONE', *, *, #7501, .F. ) ;
#3713 = CARTESIAN_POINT ( 'NONE',  ( 4371.640201900702777, -254.4937201389925292, -47.10441342629425776 ) ) ;
#3714 = CARTESIAN_POINT ( 'NONE',  ( 4367.092233715132352, -220.5435225201532887, 36.40232168229201193 ) ) ;
#3715 = CARTESIAN_POINT ( 'NONE',  ( 4375.732273421373975, -226.4295970233906417, -36.07235950923362111 ) ) ;
#3716 = CARTESIAN_POINT ( 'NONE',  ( 4384.511593912080571, -223.5430628455501392, 33.82002583114329042 ) ) ;
#3717 = CARTESIAN_POINT ( 'NONE',  ( 4367.101555131151144, -207.1438818984851480, 15.81863543021758467 ) ) ;
#3718 = VERTEX_POINT ( 'NONE', #5921 ) ;
#3719 = CARTESIAN_POINT ( 'NONE',  ( 4382.613412949915983, -253.6336858157878851, 45.95437795823301030 ) ) ;
#3720 = CARTESIAN_POINT ( 'NONE',  ( 4386.727222605478346, -256.4594691916605598, 35.75938700142616966 ) ) ;
#3721 = CARTESIAN_POINT ( 'NONE',  ( 4367.161594148980839, -256.1295479866062692, 44.85784727576042741 ) ) ;
#3722 = CARTESIAN_POINT ( 'NONE',  ( 4367.075751631597996, -217.3005616133729063, -34.06018044425729840 ) ) ;
#3723 = CARTESIAN_POINT ( 'NONE',  ( 4380.380426126556813, -242.7298849000314647, -44.60539082338422645 ) ) ;
#3724 = CARTESIAN_POINT ( 'NONE',  ( 4387.051522320622098, -254.4006481876204191, 45.60562882794022954 ) ) ;
#3725 = CARTESIAN_POINT ( 'NONE',  ( 4366.946870854942063, -223.6758439980460480, 35.08820678820698191 ) ) ;
#3726 = CARTESIAN_POINT ( 'NONE',  ( 4393.126768519127836, -224.9214330740522882, -33.97658572019980738 ) ) ;
#3727 = CARTESIAN_POINT ( 'NONE',  ( 4384.662694228171858, -219.3671904909282659, 34.45422268938529697 ) ) ;
#3728 = CARTESIAN_POINT ( 'NONE',  ( 4366.943795756014879, -220.2882347057431787, -32.81130040342251419 ) ) ;
#3729 = FACE_OUTER_BOUND ( 'NONE', #4314, .T. ) ;
#3730 = CARTESIAN_POINT ( 'NONE',  ( 4393.313788102691433, -204.4700610464300325, -15.08927341940907674 ) ) ;
#3731 = CARTESIAN_POINT ( 'NONE',  ( 4367.185703923836627, -207.2863081245542389, -23.05803140232041315 ) ) ;
#3732 = CARTESIAN_POINT ( 'NONE',  ( 4389.079272937377027, -223.9762379458923647, -36.96536908091981388 ) ) ;
#3733 = CARTESIAN_POINT ( 'NONE',  ( 4367.120168988460136, -222.3665595187596011, -34.23680961273169032 ) ) ;
#3734 = CARTESIAN_POINT ( 'NONE',  ( 4371.331123617645972, -215.1525091142663939, 28.21530788733923600 ) ) ;
#3735 = CARTESIAN_POINT ( 'NONE',  ( 4382.602854620172366, -270.9100861727591791, 15.32178541250269888 ) ) ;
#3736 = DIRECTION ( 'NONE',  ( -1.000000000000000000, -0.000000000000000000, -0.000000000000000000 ) ) ;
#3737 = CARTESIAN_POINT ( 'NONE',  ( 4389.201640993367619, -252.1108044298366906, 45.15399479995050314 ) ) ;
#3738 = CARTESIAN_POINT ( 'NONE',  ( 4371.322568528506963, -208.2797198168625243, -18.58656013890471215 ) ) ;
#3739 = CARTESIAN_POINT ( 'NONE',  ( 4393.113803723360434, -212.4386399639614922, 23.98268819666679974 ) ) ;
#3740 = ORIENTED_EDGE ( 'NONE', *, *, #1621, .F. ) ;
#3741 = CARTESIAN_POINT ( 'NONE',  ( 4389.063466679579506, -220.9500340912749436, -35.18338144703496084 ) ) ;
#3742 = PLANE ( 'NONE',  #1594 ) ;
#3743 = CARTESIAN_POINT ( 'NONE',  ( 4367.494646741930410, -256.1961942245904424, 47.67183453088212275 ) ) ;
#3744 = DIRECTION ( 'NONE',  ( -0.000000000000000000, 1.000000000000000000, -0.000000000000000000 ) ) ;
#3745 = CARTESIAN_POINT ( 'NONE',  ( 4393.315846378493916, -254.1773251850570432, 42.08704917066241080 ) ) ;
#3746 = CARTESIAN_POINT ( 'NONE',  ( 4371.339404351290796, -224.3131138285033330, -35.17946970794635320 ) ) ;
#3747 = CARTESIAN_POINT ( 'NONE',  ( 4380.101773374637560, -207.5365849672995182, 16.24423065231247065 ) ) ;
#3748 = EDGE_CURVE ( 'NONE', #3237, #6083, #6601, .T. ) ;
#3749 = CARTESIAN_POINT ( 'NONE',  ( 4367.119242422336356, -221.2159300583163031, 33.46885452232480418 ) ) ;
#3750 = CARTESIAN_POINT ( 'NONE',  ( 4391.180953699831662, -209.2178300936826361, 24.55425363435121611 ) ) ;
#3751 = CARTESIAN_POINT ( 'NONE',  ( 4391.066941918638804, -206.2313296309437476, -8.553680807806443909 ) ) ;
#3752 = CARTESIAN_POINT ( 'NONE',  ( 4387.021569737375103, -264.4602552233558299, -26.58092819966165621 ) ) ;
#3753 = CARTESIAN_POINT ( 'NONE',  ( 4391.117358950136804, -256.1061720555005081, -35.35130200378292642 ) ) ;
#3754 = CARTESIAN_POINT ( 'NONE',  ( 4386.725291391887367, -250.0219016919112960, -42.35111619297523333 ) ) ;
#3755 = ORIENTED_EDGE ( 'NONE', *, *, #6599, .F. ) ;
#3756 = CARTESIAN_POINT ( 'NONE',  ( 4391.400789537268793, -252.2363521208794737, -44.93164453040007089 ) ) ;
#3757 = CARTESIAN_POINT ( 'NONE',  ( 4367.100535275863876, -222.2147887522415033, 37.47186547431989823 ) ) ;
#3758 = CARTESIAN_POINT ( 'NONE',  ( 4384.512805469817067, -225.0745735871614102, 34.70864611713316350 ) ) ;
#3759 = CARTESIAN_POINT ( 'NONE',  ( 4367.124254365508023, -228.0573537393730703, 37.51462409765793637 ) ) ;
#3760 = ORIENTED_EDGE ( 'NONE', *, *, #5032, .T. ) ;
#3761 = CARTESIAN_POINT ( 'NONE',  ( 4380.325315834662433, -230.7964427203064872, 40.87806345917728379 ) ) ;
#3762 = CARTESIAN_POINT ( 'NONE',  ( 4393.312592356324785, -255.9326119114953144, 35.15615634752874286 ) ) ;
#3763 = CARTESIAN_POINT ( 'NONE',  ( 4393.273917855101899, -252.9243746934913872, -43.10123403887763516 ) ) ;
#3764 = CARTESIAN_POINT ( 'NONE',  ( 4371.465009780908076, -216.3206170469595691, -33.02039735689496069 ) ) ;
#3765 = CARTESIAN_POINT ( 'NONE',  ( 4375.977224016165565, -240.4740825683994103, -44.41674259285146320 ) ) ;
#3766 = CARTESIAN_POINT ( 'NONE',  ( 4367.309674845774680, -257.9414258697452169, 43.77469291602923107 ) ) ;
#3767 = CARTESIAN_POINT ( 'NONE',  ( 4388.901095922389686, -224.8046131600255251, 34.23651198634903636 ) ) ;
#3768 = CARTESIAN_POINT ( 'NONE',  ( 4366.945567194485193, -222.2586794257035763, 34.18486494882280624 ) ) ;
#3769 = DIRECTION ( 'NONE',  ( -1.000000000000000000, 0.000000000000000000, -2.536234875824260354E-15 ) ) ;
#3770 = CARTESIAN_POINT ( 'NONE',  ( 4376.057792818677626, -264.9299799398025357, -28.22990658958298482 ) ) ;
#3771 = CARTESIAN_POINT ( 'NONE',  ( 4384.688325083239761, -224.2572574451262142, 37.45039896529566903 ) ) ;
#3772 = CARTESIAN_POINT ( 'NONE',  ( 4371.334687281021615, -219.0245684246930296, -31.59264283609527979 ) ) ;
#3773 = CARTESIAN_POINT ( 'NONE',  ( 4393.173417119580336, -252.4158933617443097, 42.22555918182124657 ) ) ;
#3774 = CARTESIAN_POINT ( 'NONE',  ( 4371.352290809132683, -204.0276734716663327, -14.67437898116886785 ) ) ;
#3775 = CARTESIAN_POINT ( 'NONE',  ( 4367.295306717483982, -226.8033260947551071, -40.00458707382097856 ) ) ;
#3776 = CARTESIAN_POINT ( 'NONE',  ( 4384.689684473934904, -224.5325273301158404, -37.59068878685445014 ) ) ;
#3777 = CARTESIAN_POINT ( 'NONE',  ( 4367.138891759485887, -249.9432588530995076, -44.21208932076338272 ) ) ;
#3778 = AXIS2_PLACEMENT_3D ( 'NONE', #8939, #6926, #7469 ) ;
#3779 = CARTESIAN_POINT ( 'NONE',  ( 4371.316504419183730, -206.4499309250575152, 12.50242296283366272 ) ) ;
#3780 = CARTESIAN_POINT ( 'NONE',  ( 4393.151209731105155, -252.3187005235202207, 42.00048380117081592 ) ) ;
#3781 = CARTESIAN_POINT ( 'NONE',  ( 4393.150890521126712, -253.4668637439395127, 39.83578201155979315 ) ) ;
#3782 = CARTESIAN_POINT ( 'NONE',  ( 4380.144781867044912, -251.6591179749339631, -43.18393199070850130 ) ) ;
#3783 = ORIENTED_EDGE ( 'NONE', *, *, #5426, .T. ) ;
#3784 = CARTESIAN_POINT ( 'NONE',  ( 4389.077894193545035, -223.7060007127449524, 36.82336058573739734 ) ) ;
#3785 = CARTESIAN_POINT ( 'NONE',  ( 4393.273738458681692, -209.6943430115161959, -20.09565259871306608 ) ) ;
#3786 = CARTESIAN_POINT ( 'NONE',  ( 4393.123478726196481, -221.2801799137335479, 31.76984729909797878 ) ) ;
#3787 = ORIENTED_EDGE ( 'NONE', *, *, #3905, .F. ) ;
#3788 =( GEOMETRIC_REPRESENTATION_CONTEXT ( 3 ) GLOBAL_UNCERTAINTY_ASSIGNED_CONTEXT ( ( #7395 ) ) GLOBAL_UNIT_ASSIGNED_CONTEXT ( ( #2323, #6478, #122 ) ) REPRESENTATION_CONTEXT ( 'NONE', 'WORKASPACE' ) );
#3789 = CARTESIAN_POINT ( 'NONE',  ( 4375.885724664121881, -221.4628372533980496, -36.42175705227133875 ) ) ;
#3790 = ORIENTED_EDGE ( 'NONE', *, *, #7103, .T. ) ;
#3791 = CARTESIAN_POINT ( 'NONE',  ( 4367.441019707303894, -302.9155512315545593, -18.60391400045749322 ) ) ;
#3792 = EDGE_CURVE ( 'NONE', #1106, #4225, #1899, .T. ) ;
#3793 = FACE_OUTER_BOUND ( 'NONE', #791, .T. ) ;
#3794 = CARTESIAN_POINT ( 'NONE',  ( 4393.430272877692005, -251.0566501548076133, -44.61422464780359576 ) ) ;
#3795 = CARTESIAN_POINT ( 'NONE',  ( 4391.067502340354622, -206.2432980757153871, 8.958858195557372284 ) ) ;
#3796 = CARTESIAN_POINT ( 'NONE',  ( 4393.288064450273851, -223.7841753281182378, -33.31579877267717649 ) ) ;
#3797 = CARTESIAN_POINT ( 'NONE',  ( 4380.114759071575463, -216.8905579147386220, 29.29165729773575677 ) ) ;
#3798 = VECTOR ( 'NONE', #6877, 1000.000000000000227 ) ;
#3799 = PLANE ( 'NONE',  #8949 ) ;
#3800 = CARTESIAN_POINT ( 'NONE',  ( 4367.095722588142053, -206.2709752515535797, 11.12623101214887811 ) ) ;
#3801 = CARTESIAN_POINT ( 'NONE',  ( 4393.427350238953295, -302.9155512315545593, 19.50391400045749180 ) ) ;
#3802 = CARTESIAN_POINT ( 'NONE',  ( 4393.596754388277986, -251.7885829055455531, 44.67229868786409952 ) ) ;
#3803 = CARTESIAN_POINT ( 'NONE',  ( 4386.676367288377151, -206.2313293483503855, -8.427721863581172812 ) ) ;
#3804 = CARTESIAN_POINT ( 'NONE',  ( 4384.817881520630181, -266.6707723836870514, -22.89244224521295124 ) ) ;
#3805 = CARTESIAN_POINT ( 'NONE',  ( 4391.117929108901080, -255.1616067841135305, -37.13163900447974441 ) ) ;
#3806 = CARTESIAN_POINT ( 'NONE',  ( 4388.920005500252955, -248.7128307061722978, -41.96618271361838026 ) ) ;
#3807 = EDGE_CURVE ( 'NONE', #220, #3075, #6194, .T. ) ;
#3808 = CARTESIAN_POINT ( 'NONE',  ( 4380.419527767858199, -254.3991281848004746, -46.23159528089727388 ) ) ;
#3809 = CARTESIAN_POINT ( 'NONE',  ( 4367.060192567980266, -214.4018903953584640, 31.62571266760013344 ) ) ;
#3810 = CARTESIAN_POINT ( 'NONE',  ( 4366.948974235604510, -225.9357515753515031, -36.39669331553128018 ) ) ;
#3811 = CARTESIAN_POINT ( 'NONE',  ( 4384.511909543547517, -223.9113450709364770, 34.03957668566387440 ) ) ;
#3812 = CARTESIAN_POINT ( 'NONE',  ( 4389.427350238954205, -305.5155512315545252, 26.00391400045749535 ) ) ;
#3813 = CARTESIAN_POINT ( 'NONE',  ( 4380.317034441965006, -229.0594577562296763, 40.13910698686471790 ) ) ;
#3814 = DIRECTION ( 'NONE',  ( 0.000000000000000000, 0.000000000000000000, -1.000000000000000000 ) ) ;
#3815 = CARTESIAN_POINT ( 'NONE',  ( 4384.652932934955061, -217.6597941695825114, -33.22121858914558601 ) ) ;
#3816 = CARTESIAN_POINT ( 'NONE',  ( 4371.583691901410930, -240.6422209341220935, -44.83355110946973809 ) ) ;
#3817 = CARTESIAN_POINT ( 'NONE',  ( 4387.047221911390807, -257.4166858159998128, 39.90050636146258256 ) ) ;
#3818 = CARTESIAN_POINT ( 'NONE',  ( 4388.915675544451005, -242.9273540534212259, 40.99380899827027491 ) ) ;
#3819 = CARTESIAN_POINT ( 'NONE',  ( 4387.927350238953295, -305.5155512315545252, 22.50391400045749535 ) ) ;
#3820 = CARTESIAN_POINT ( 'NONE',  ( 4389.427350238954205, -305.5155512315545252, -22.50391400045749535 ) ) ;
#3821 = CARTESIAN_POINT ( 'NONE',  ( 4382.421413301294706, -212.0040351163358139, 28.34768000472426763 ) ) ;
#3822 = CARTESIAN_POINT ( 'NONE',  ( 4375.727318010983254, -220.7856354760619126, -32.61448614972787396 ) ) ;
#3823 = PLANE ( 'NONE',  #3501 ) ;
#3824 = CARTESIAN_POINT ( 'NONE',  ( 4371.358492592792572, -204.2252074117537006, -15.55046465314411819 ) ) ;
#3825 = CARTESIAN_POINT ( 'NONE',  ( 4382.489856123496793, -223.9875682555468757, -37.45332141648010094 ) ) ;
#3826 = CARTESIAN_POINT ( 'NONE',  ( 4367.121752696138174, -224.5329077488015344, -35.58426416401893277 ) ) ;
#3827 = CARTESIAN_POINT ( 'NONE',  ( 4371.318977082693891, -206.9343838483103184, 14.84494184002755368 ) ) ;
#3828 = CARTESIAN_POINT ( 'NONE',  ( 4393.373589807282769, -253.6216592008816519, -44.27686793038169100 ) ) ;
#3829 = CARTESIAN_POINT ( 'NONE',  ( 4391.119642324000779, -251.4703542863107089, -42.06467862732785790 ) ) ;
#3830 = ORIENTED_EDGE ( 'NONE', *, *, #7318, .T. ) ;
#3831 = CARTESIAN_POINT ( 'NONE',  ( 4386.868479650894187, -221.1272286321230069, 35.45752002988712803 ) ) ;
#3832 = CARTESIAN_POINT ( 'NONE',  ( 4382.298365734130130, -208.1187741260072528, -17.59106439323377558 ) ) ;
#3833 = CARTESIAN_POINT ( 'NONE',  ( 4367.440451222119918, -267.2353602077082542, -25.76935890230704373 ) ) ;
#3834 = ORIENTED_EDGE ( 'NONE', *, *, #450, .T. ) ;
#3835 = CARTESIAN_POINT ( 'NONE',  ( 4367.098162425138980, -221.7788072441743168, -37.19333472733791268 ) ) ;
#3836 = CARTESIAN_POINT ( 'NONE',  ( 4367.303311360698899, -256.1262668480944171, -44.83619963333831748 ) ) ;
#3837 = CARTESIAN_POINT ( 'NONE',  ( 4367.201192631180675, -254.8981726239806846, 44.74777884082708113 ) ) ;
#3838 = CARTESIAN_POINT ( 'NONE',  ( 4393.352873120322329, -231.7314233855119028, 40.19292767688590828 ) ) ;
#3839 = CARTESIAN_POINT ( 'NONE',  ( 4393.295497097008592, -232.1745591741784551, 37.35660168553467031 ) ) ;
#3840 = CARTESIAN_POINT ( 'NONE',  ( 4371.339186235709349, -224.0483005650366977, -35.02187773561097117 ) ) ;
#3841 = CARTESIAN_POINT ( 'NONE',  ( 4380.119820943789819, -222.4375810504176627, 33.43648477300084210 ) ) ;
#3842 = STYLED_ITEM ( 'NONE', ( #3260 ), #1595 ) ;
#3843 = CARTESIAN_POINT ( 'NONE',  ( 4376.031488081857788, -253.5458966025839231, 46.60182716200051800 ) ) ;
#3844 = CARTESIAN_POINT ( 'NONE',  ( 4367.146234497933619, -264.7560497249000377, -24.50189137273062201 ) ) ;
#3845 = CARTESIAN_POINT ( 'NONE',  ( 4371.691572695546711, -260.7123990403541143, -37.40411202171890892 ) ) ;
#3846 = CARTESIAN_POINT ( 'NONE',  ( 4393.597060286771921, -253.9320849323702305, 44.86208219723259560 ) ) ;
#3847 = CARTESIAN_POINT ( 'NONE',  ( 4388.920544653044090, -258.1807714184722613, -31.97070545453802026 ) ) ;
#3848 = CARTESIAN_POINT ( 'NONE',  ( 4380.139831275116194, -245.6916938102018833, -42.35734824940492871 ) ) ;
#3849 = ORIENTED_EDGE ( 'NONE', *, *, #5614, .F. ) ;
#3850 = CARTESIAN_POINT ( 'NONE',  ( 4367.249605756773235, -255.4565625420206629, -47.60662276854326080 ) ) ;
#3851 = CARTESIAN_POINT ( 'NONE',  ( 4367.053169601384980, -213.1815130723475704, 30.45269286768933981 ) ) ;
#3852 = CARTESIAN_POINT ( 'NONE',  ( 4384.513410914655651, -225.8572294269059171, -35.13017500663922021 ) ) ;
#3853 = CARTESIAN_POINT ( 'NONE',  ( 4384.509765016291567, -221.4416648079734955, 32.48412459317397349 ) ) ;
#3854 = CARTESIAN_POINT ( 'NONE',  ( 4367.120541775676429, -222.8852497882481032, 34.58053093290430269 ) ) ;
#3855 = EDGE_CURVE ( 'NONE', #7690, #4942, #7733, .T. ) ;
#3856 = VERTEX_POINT ( 'NONE', #6648 ) ;
#3857 = CARTESIAN_POINT ( 'NONE',  ( 4380.400588469217837, -247.6515653189943009, 45.48577723902990755 ) ) ;
#3858 = CARTESIAN_POINT ( 'NONE',  ( 4380.142554261055921, -262.7547277349947876, 25.36524469027088458 ) ) ;
#3859 = DIRECTION ( 'NONE',  ( 0.000000000000000000, 0.000000000000000000, -1.000000000000000000 ) ) ;
#3860 = CARTESIAN_POINT ( 'NONE',  ( 4393.445048728218353, -219.3825132030247289, -33.84262828657730893 ) ) ;
#3861 = CARTESIAN_POINT ( 'NONE',  ( 4367.225569622417424, -248.4338501943201436, -46.81990853634015082 ) ) ;
#3862 = CARTESIAN_POINT ( 'NONE',  ( 4384.856340099134286, -254.5582944472229485, 45.85328743753760250 ) ) ;
#3863 = VECTOR ( 'NONE', #2970, 1000.000000000000000 ) ;
#3864 = CARTESIAN_POINT ( 'NONE',  ( 4388.900878692534206, -224.5462175437383223, 34.09029972082367266 ) ) ;
#3865 = CARTESIAN_POINT ( 'NONE',  ( 4393.105573988027572, -207.9506608643417565, -16.55252921782525988 ) ) ;
#3866 = CARTESIAN_POINT ( 'NONE',  ( 4386.716187598860415, -271.7045504119700468, 6.945174377540236144 ) ) ;
#3867 = CARTESIAN_POINT ( 'NONE',  ( 4393.135416403018098, -236.0022158571129296, -38.75873944559992168 ) ) ;
#3868 = CARTESIAN_POINT ( 'NONE',  ( 4384.806220618739644, -252.0560041677778429, 45.59505168787541152 ) ) ;
#3869 = CARTESIAN_POINT ( 'NONE',  ( 4393.286074348701732, -221.6041958596284758, -31.96451027125327826 ) ) ;
#3870 = DIRECTION ( 'NONE',  ( 1.000000000000000000, 0.000000000000000000, 0.000000000000000000 ) ) ;
#3871 = CARTESIAN_POINT ( 'NONE',  ( 4386.717199679783334, -204.0342346709716423, -13.77984831812236521 ) ) ;
#3872 = CARTESIAN_POINT ( 'NONE',  ( 4384.688325079114293, -224.2572574451581886, -37.44257096469831225 ) ) ;
#3873 = CARTESIAN_POINT ( 'NONE',  ( 4367.158943352304959, -256.1319448565290600, 44.83007627845052667 ) ) ;
#3874 = CARTESIAN_POINT ( 'NONE',  ( 4371.340130774854515, -225.1136296243037407, 35.65269379155195395 ) ) ;
#3875 = CARTESIAN_POINT ( 'NONE',  ( 4393.228168416725566, -252.8113564154557196, -42.78605775741896622 ) ) ;
#3876 = VERTEX_POINT ( 'NONE', #3902 ) ;
#3877 = CARTESIAN_POINT ( 'NONE',  ( 4386.800112224647819, -210.2907345038129847, 26.17924896933202206 ) ) ;
#3878 = CARTESIAN_POINT ( 'NONE',  ( 4367.395818896830860, -276.3628185865256910, -7.926021215669952547 ) ) ;
#3879 = CARTESIAN_POINT ( 'NONE',  ( 4393.459279097782201, -221.8342390098234205, -35.40783140045089539 ) ) ;
#3880 = CARTESIAN_POINT ( 'NONE',  ( 4367.406215127834002, -255.2761808926006779, -47.57610668361422057 ) ) ;
#3881 = DIRECTION ( 'NONE',  ( -0.000000000000000000, -0.000000000000000000, 1.000000000000000000 ) ) ;
#3882 = CARTESIAN_POINT ( 'NONE',  ( 4393.188621293987126, -206.4299103354543092, 20.02399464683460906 ) ) ;
#3883 = CARTESIAN_POINT ( 'NONE',  ( 4391.095323447103510, -225.0551565381797730, 34.21241445532780290 ) ) ;
#3884 = CARTESIAN_POINT ( 'NONE',  ( 4366.947106906753106, -223.9260121912809325, -35.23230465526935973 ) ) ;
#3885 = CARTESIAN_POINT ( 'NONE',  ( 4380.099661827885029, -206.9387994876493906, 14.34529752283748394 ) ) ;
#3886 = CARTESIAN_POINT ( 'NONE',  ( 4376.015762444680149, -249.1637407394516970, 46.12683320469978554 ) ) ;
#3887 = CARTESIAN_POINT ( 'NONE',  ( 4367.455335724042015, -264.1911130960700120, -31.72017098076643293 ) ) ;
#3888 = CARTESIAN_POINT ( 'NONE',  ( 4367.406329507967712, -254.6609560323941253, -47.52299736641197825 ) ) ;
#3889 = CARTESIAN_POINT ( 'NONE',  ( 4391.280810821815976, -225.0587179303701646, 37.38737063704039798 ) ) ;
#3890 = CARTESIAN_POINT ( 'NONE',  ( 4386.677538000737513, -206.2428980991264496, -9.223099961969598581 ) ) ;
#3891 = CARTESIAN_POINT ( 'NONE',  ( 4382.339544887898228, -258.7331382216989937, -32.50580002159011883 ) ) ;
#3892 = ORIENTED_EDGE ( 'NONE', *, *, #720, .F. ) ;
#3893 = CARTESIAN_POINT ( 'NONE',  ( 4391.117501553620059, -249.1535810092629504, -41.80311615562986560 ) ) ;
#3894 = VERTEX_POINT ( 'NONE', #8747 ) ;
#3895 = CARTESIAN_POINT ( 'NONE',  ( 4371.640783029863087, -255.7131834878101984, -47.20990381559811766 ) ) ;
#3896 = CARTESIAN_POINT ( 'NONE',  ( 4393.392753356655703, -273.9110529789350039, 7.484391103796196099 ) ) ;
#3897 = CARTESIAN_POINT ( 'NONE',  ( 4384.512494388266532, -224.6851151385835976, 34.48888419391902715 ) ) ;
#3898 = DIRECTION ( 'NONE',  ( -1.000000000000000000, -0.000000000000000000, 1.486905836551618499E-15 ) ) ;
#3899 = ORIENTED_EDGE ( 'NONE', *, *, #7350, .T. ) ;
#3900 = CARTESIAN_POINT ( 'NONE',  ( 4380.419489576077467, -253.0624070973715902, 46.12284415849436670 ) ) ;
#3901 = CARTESIAN_POINT ( 'NONE',  ( 4388.916050023672142, -263.8862488116681675, 21.23401695767527997 ) ) ;
#3902 = CARTESIAN_POINT ( 'NONE',  ( 4367.441019707303894, -305.5155512315545252, -18.60391400045749322 ) ) ;
#3903 = CARTESIAN_POINT ( 'NONE',  ( 4367.080908389414617, -218.2992984656131625, -34.82026069856436834 ) ) ;
#3904 = CARTESIAN_POINT ( 'NONE',  ( 4376.015762442672894, -249.1637407395976709, -46.11900520399389336 ) ) ;
#3905 = EDGE_CURVE ( 'NONE', #4431, #5919, #5281, .T. ) ;
#3906 = CARTESIAN_POINT ( 'NONE',  ( 4388.898515762846728, -221.7663076853160646, 32.39355620316193551 ) ) ;
#3907 = LINE ( 'NONE', #7651, #173 ) ;
#3908 = CARTESIAN_POINT ( 'NONE',  ( 4386.713202236513098, -275.5161673826016795, -0.2583712349453092805 ) ) ;
#3909 = CARTESIAN_POINT ( 'NONE',  ( 4393.144903037520635, -254.1908070989331634, -42.09808449471975678 ) ) ;
#3910 = CARTESIAN_POINT ( 'NONE',  ( 4384.806605049648169, -254.6359645656502551, 45.82178920601244698 ) ) ;
#3911 = CARTESIAN_POINT ( 'NONE',  ( 4382.314139579436414, -221.1160825656997702, -32.40447384992369706 ) ) ;
#3912 = CARTESIAN_POINT ( 'NONE',  ( 4367.441019707303894, -305.5155512315545252, -26.00391400045748469 ) ) ;
#3913 = CARTESIAN_POINT ( 'NONE',  ( 4386.791608936214288, -209.2238558678770630, -24.82318291972330826 ) ) ;
#3914 = CARTESIAN_POINT ( 'NONE',  ( 4367.111486706368851, -224.5827968957152336, -38.84273160894241528 ) ) ;
#3915 = DIRECTION ( 'NONE',  ( 0.000000000000000000, 0.000000000000000000, -1.000000000000000000 ) ) ;
#3916 = ADVANCED_FACE ( 'NONE', ( #8114 ), #1858, .T. ) ;
#3917 = CARTESIAN_POINT ( 'NONE',  ( 4371.339888271903874, -224.8478901193021215, 35.50049079035979815 ) ) ;
#3918 = CARTESIAN_POINT ( 'NONE',  ( 4393.167568551231852, -252.4550183820509801, -42.16405325279182392 ) ) ;
#3919 = ORIENTED_EDGE ( 'NONE', *, *, #1577, .F. ) ;
#3920 = CARTESIAN_POINT ( 'NONE',  ( 4386.736259968939521, -204.7558876592303534, 16.36150416036110045 ) ) ;
#3921 = CARTESIAN_POINT ( 'NONE',  ( 4375.721120820129727, -214.0445909533087274, -26.82387452718106857 ) ) ;
#3922 = DIRECTION ( 'NONE',  ( -0.000000000000000000, 1.000000000000000000, -0.000000000000000000 ) ) ;
#3923 = CARTESIAN_POINT ( 'NONE',  ( 4380.281731767940073, -221.8045339045649769, -36.33251489276280211 ) ) ;
#3924 = CARTESIAN_POINT ( 'NONE',  ( 4367.256229421215721, -254.8205845186204499, 45.67686473725103724 ) ) ;
#3925 = VECTOR ( 'NONE', #597, 1000.000000000000000 ) ;
#3926 = CARTESIAN_POINT ( 'NONE',  ( 4393.281945084937433, -218.3427733724762732, 33.13909430535318279 ) ) ;
#3927 = CARTESIAN_POINT ( 'NONE',  ( 4391.095544162781152, -225.3112282767841350, 34.35394398173115604 ) ) ;
#3928 = CARTESIAN_POINT ( 'NONE',  ( 4386.707056142356123, -225.0680972786742018, -34.53637804000625522 ) ) ;
#3929 = CARTESIAN_POINT ( 'NONE',  ( 4380.120628937072070, -223.4143399660643468, 34.04861060334953038 ) ) ;
#3930 = CARTESIAN_POINT ( 'NONE',  ( 4375.908920250090887, -226.2466080996319704, 39.13018613261471756 ) ) ;
#3931 = CARTESIAN_POINT ( 'NONE',  ( 4367.471337175767985, -256.9598959460938090, -45.64781736670549606 ) ) ;
#3932 = FACE_OUTER_BOUND ( 'NONE', #3999, .T. ) ;
#3933 = CARTESIAN_POINT ( 'NONE',  ( 4367.403311259157817, -252.7760091955730388, -47.35547306278056823 ) ) ;
#3934 = AXIS2_PLACEMENT_3D ( 'NONE', #8877, #8975, #649 ) ;
#3935 = CARTESIAN_POINT ( 'NONE',  ( 4391.373384922106197, -244.6165739760586462, 43.96421426784753095 ) ) ;
#3936 = CARTESIAN_POINT ( 'NONE',  ( 4388.873148055911770, -206.2660859597516492, -9.486420590972603151 ) ) ;
#3937 = CARTESIAN_POINT ( 'NONE',  ( 4391.406764157366524, -264.5766725066870322, -25.36656090262124863 ) ) ;
#3938 = CARTESIAN_POINT ( 'NONE',  ( 4386.728260081359622, -252.6516846265865581, -42.95482231638628434 ) ) ;
#3939 = VERTEX_POINT ( 'NONE', #3454 ) ;
#3940 = CARTESIAN_POINT ( 'NONE',  ( 4393.313013575606419, -250.1616529166046234, -41.70374583947694447 ) ) ;
#3941 = SURFACE_SIDE_STYLE ('',( #7408 ) ) ;
#3942 = ORIENTED_EDGE ( 'NONE', *, *, #1187, .F. ) ;
#3943 = CARTESIAN_POINT ( 'NONE',  ( 4393.093705806565595, -206.2313293483461507, -8.024708257892008589 ) ) ;
#3944 = CARTESIAN_POINT ( 'NONE',  ( 4367.248411224770280, -253.6808444700518521, 47.46132328812102941 ) ) ;
#3945 = VECTOR ( 'NONE', #6378, 1000.000000000000000 ) ;
#3946 = CARTESIAN_POINT ( 'NONE',  ( 4391.097356662088714, -227.3924840934083704, -35.42582446568829369 ) ) ;
#3947 = CARTESIAN_POINT ( 'NONE',  ( 4382.295423315367771, -207.1554836410245741, 14.98254052308734963 ) ) ;
#3948 = CARTESIAN_POINT ( 'NONE',  ( 4367.567902142762250, -255.8792369979220780, -47.61271992681012932 ) ) ;
#3949 = ORIENTED_EDGE ( 'NONE', *, *, #7720, .T. ) ;
#3950 = CARTESIAN_POINT ( 'NONE',  ( 4380.314306487799513, -228.4882808772938745, 39.88323291928692527 ) ) ;
#3951 = CARTESIAN_POINT ( 'NONE',  ( 4375.745802068144258, -268.9074932096389148, 14.53145292277218026 ) ) ;
#3952 = CARTESIAN_POINT ( 'NONE',  ( 4367.441019707303894, -301.9155512315545593, 25.10391400045742571 ) ) ;
#3953 = CARTESIAN_POINT ( 'NONE',  ( 4389.055210692405126, -219.5474355709296503, -34.26550079774100510 ) ) ;
#3954 = CARTESIAN_POINT ( 'NONE',  ( 4393.589959591273328, -249.8498384611602319, -44.47259815057427801 ) ) ;
#3955 = CARTESIAN_POINT ( 'NONE',  ( 4371.485260777958501, -220.2016753639726971, 35.89801698102198202 ) ) ;
#3956 = CARTESIAN_POINT ( 'NONE',  ( 4388.898071435904967, -221.2806062557133089, 32.07093082485341284 ) ) ;
#3957 = CARTESIAN_POINT ( 'NONE',  ( 4398.227350238953477, -305.5155512315545252, -18.60391400045748966 ) ) ;
#3958 = CARTESIAN_POINT ( 'NONE',  ( 4386.970492865604683, -274.5280335705239736, 7.571244094396019975 ) ) ;
#3959 = CARTESIAN_POINT ( 'NONE',  ( 4393.319803158784453, -204.7523316977220986, 15.94004898177259122 ) ) ;
#3960 = CARTESIAN_POINT ( 'NONE',  ( 4382.303111833528419, -203.5331511042203942, 10.95268884914125707 ) ) ;
#3961 = CARTESIAN_POINT ( 'NONE',  ( 4388.898213389457851, -221.4420824513899220, -32.17134780985897891 ) ) ;
#3962 = CARTESIAN_POINT ( 'NONE',  ( 4367.467819833042086, -255.8867657726266032, -47.62292406322261940 ) ) ;
#3963 = CARTESIAN_POINT ( 'NONE',  ( 4388.958763923789775, -206.4368952947394860, -20.29054230162218175 ) ) ;
#3964 = CARTESIAN_POINT ( 'NONE',  ( 4367.280740646136110, -223.5345588361815317, -38.23869197843508516 ) ) ;
#3965 = CARTESIAN_POINT ( 'NONE',  ( 4371.531191876195408, -229.7485910189732294, -41.08780446991308821 ) ) ;
#3966 = CARTESIAN_POINT ( 'NONE',  ( 4367.093704726809847, -206.2313293483461507, -9.526115379932971194 ) ) ;
#3967 = CARTESIAN_POINT ( 'NONE',  ( 4371.345650750150526, -230.8695203800765512, 38.53649993573639421 ) ) ;
#3968 = CARTESIAN_POINT ( 'NONE',  ( 4393.189871847316681, -252.5977223870168871, -42.39395071295282946 ) ) ;
#3969 = ORIENTED_EDGE ( 'NONE', *, *, #2689, .T. ) ;
#3970 = EDGE_CURVE ( 'NONE', #2400, #7302, #1004, .T. ) ;
#3971 = CARTESIAN_POINT ( 'NONE',  ( 4386.747920609504945, -205.3647380293533331, 18.03258050979889759 ) ) ;
#3972 = CARTESIAN_POINT ( 'NONE',  ( 4384.499367138946582, -211.4695748983517376, -23.28073352994800871 ) ) ;
#3973 = CARTESIAN_POINT ( 'NONE',  ( 4371.311999722884138, -203.4313293486064254, -9.311159234736344104 ) ) ;
#3974 = VERTEX_POINT ( 'NONE', #2677 ) ;
#3975 = CARTESIAN_POINT ( 'NONE',  ( 4389.070429942819828, -222.2426920663031922, -35.97598646032385972 ) ) ;
#3976 = CARTESIAN_POINT ( 'NONE',  ( 4367.406100782401154, -255.8914085745832097, 47.63704418062514634 ) ) ;
#3977 = CARTESIAN_POINT ( 'NONE',  ( 4393.475496501562702, -253.9419545556557125, -44.86769429911216633 ) ) ;
#3978 = CARTESIAN_POINT ( 'NONE',  ( 4393.315438485604318, -224.2384343056403964, 36.79488094138473997 ) ) ;
#3979 = CARTESIAN_POINT ( 'NONE',  ( 4391.092258939353997, -221.6042736212283444, 32.13073832896614590 ) ) ;
#3980 = CARTESIAN_POINT ( 'NONE',  ( 4371.340010453115610, -224.9806643656975496, -35.56906094042322763 ) ) ;
#3981 = CARTESIAN_POINT ( 'NONE',  ( 4380.121269813576873, -224.1682288973692607, 34.49988502529301115 ) ) ;
#3982 = CARTESIAN_POINT ( 'NONE',  ( 4376.028376634200868, -252.3113626808871572, 46.49184984354702976 ) ) ;
#3983 = CARTESIAN_POINT ( 'NONE',  ( 4380.146428318782455, -255.2350946244545469, -43.50727507284400275 ) ) ;
#3984 = CARTESIAN_POINT ( 'NONE',  ( 4367.138532690059037, -249.3251738919228728, 44.13039862651997680 ) ) ;
#3985 = FACE_OUTER_BOUND ( 'NONE', #8134, .T. ) ;
#3986 = EDGE_CURVE ( 'NONE', #9029, #7085, #6243, .T. ) ;
#3987 = CARTESIAN_POINT ( 'NONE',  ( 4391.317328218887269, -232.3386672393997117, 40.59230787144553432 ) ) ;
#3988 = CARTESIAN_POINT ( 'NONE',  ( 4375.706487419021869, -206.3634176722073903, -11.46021393159822210 ) ) ;
#3989 = CARTESIAN_POINT ( 'NONE',  ( 4391.443453685303211, -254.0859760454666798, -45.10046404964095501 ) ) ;
#3990 = CARTESIAN_POINT ( 'NONE',  ( 4393.310956042194448, -257.8196202292429575, -31.60747966006985976 ) ) ;
#3991 = CARTESIAN_POINT ( 'NONE',  ( 4384.517066104727746, -230.6798506626410585, -37.44987864704512504 ) ) ;
#3992 = CARTESIAN_POINT ( 'NONE',  ( 4376.041463459590886, -279.5837084734045561, 0.003914000456352108824 ) ) ;
#3993 = ORIENTED_EDGE ( 'NONE', *, *, #7978, .F. ) ;
#3994 = CARTESIAN_POINT ( 'NONE',  ( 4380.419544706806846, -254.9932264470842256, -46.28340820944357858 ) ) ;
#3995 = CARTESIAN_POINT ( 'NONE',  ( 4367.246876320505180, -253.3567091112877279, 47.43262699952654771 ) ) ;
#3996 = CARTESIAN_POINT ( 'NONE',  ( 4375.733255380528135, -227.5091650624866020, -36.62933301022945187 ) ) ;
#3997 = CARTESIAN_POINT ( 'NONE',  ( 4382.300299001114581, -208.9274973314748820, 19.40525977373174982 ) ) ;
#3998 = CARTESIAN_POINT ( 'NONE',  ( 4367.436266875392903, -269.9317919148531928, -20.50391400045736745 ) ) ;
#3999 = EDGE_LOOP ( 'NONE', ( #5278, #6874, #5086, #1408, #823, #7055 ) ) ;
#4000 = CARTESIAN_POINT ( 'NONE',  ( 4375.885724666137321, -221.4628372533882725, 36.42958505304708439 ) ) ;
#4001 = CARTESIAN_POINT ( 'NONE',  ( 4380.140257946856764, -264.6700648324530789, 21.70324915601625548 ) ) ;
#4002 = CARTESIAN_POINT ( 'NONE',  ( 4376.741019707303167, -305.5155512315545252, -24.40391400045749748 ) ) ;
#4003 = CARTESIAN_POINT ( 'NONE',  ( 4382.464891813850045, -219.1894961405562583, -34.47223225815699976 ) ) ;
#4004 = CARTESIAN_POINT ( 'NONE',  ( 4367.243843111271417, -252.6293670376543048, -47.35597137633401132 ) ) ;
#4005 = CARTESIAN_POINT ( 'NONE',  ( 4371.428732971055979, -210.2934468784852982, 27.09498649181385588 ) ) ;
#4006 = CARTESIAN_POINT ( 'NONE',  ( 4386.676931501383478, -206.2313309857714785, 8.833522984402979006 ) ) ;
#4007 = PLANE ( 'NONE',  #2638 ) ;
#4008 = CARTESIAN_POINT ( 'NONE',  ( 4389.143118859385140, -278.3366754448628058, -0.02236331785085880763 ) ) ;
#4009 = CARTESIAN_POINT ( 'NONE',  ( 4393.434618854221299, -217.6711596620399689, 32.63860721964439193 ) ) ;
#4010 = CARTESIAN_POINT ( 'NONE',  ( 4384.792631201533368, -248.0014959745769545, 45.11964299338223583 ) ) ;
#4011 = CARTESIAN_POINT ( 'NONE',  ( 4391.092258936720100, -221.6042736212397699, -32.12291032824638393 ) ) ;
#4012 = CARTESIAN_POINT ( 'NONE',  ( 4393.330898546447315, -227.2460351971327555, 38.30390146615596336 ) ) ;
#4013 = CARTESIAN_POINT ( 'NONE',  ( 4384.569198915081870, -206.4416150332212680, -20.56471733711095951 ) ) ;
#4014 = CARTESIAN_POINT ( 'NONE',  ( 4389.101372153596458, -228.3975451312633709, -39.15856842794259762 ) ) ;
#4015 = CARTESIAN_POINT ( 'NONE',  ( 4367.302702999484609, -256.1189453569482453, 44.84346144644565157 ) ) ;
#4016 = CARTESIAN_POINT ( 'NONE',  ( 4371.339085195362713, -223.9222097582537572, 34.95385233671679259 ) ) ;
#4017 = CARTESIAN_POINT ( 'NONE',  ( 4393.133564926348299, -275.5110542139026961, -1.475122854928492933 ) ) ;
#4018 = B_SPLINE_CURVE_WITH_KNOTS ( 'NONE', 3,
 ( #4997, #6459, #7791, #1528 ),
 .UNSPECIFIED., .F., .F.,
 ( 4, 4 ),
 ( 917.5316017761124385, 1178.714500305496813 ),
 .UNSPECIFIED. ) ;
#4019 = EDGE_LOOP ( 'NONE', ( #5444, #2127, #6262, #454 ) ) ;
#4020 = CARTESIAN_POINT ( 'NONE',  ( 4386.870319007216494, -221.4883186142535578, 35.68292286879006525 ) ) ;
#4021 = CARTESIAN_POINT ( 'NONE',  ( 4371.330049328791574, -214.0439239527077859, -27.08068955748499818 ) ) ;
#4022 = CARTESIAN_POINT ( 'NONE',  ( 4374.441019707302985, -302.9155512315545593, -25.10391400045744348 ) ) ;
#4023 = DIRECTION ( 'NONE',  ( 0.000000000000000000, 0.000000000000000000, 1.000000000000000000 ) ) ;
#4024 = ORIENTED_EDGE ( 'NONE', *, *, #946, .T. ) ;
#4025 = CARTESIAN_POINT ( 'NONE',  ( 4386.874413115623611, -222.2394978406653934, -36.13204665583023001 ) ) ;
#4026 = CARTESIAN_POINT ( 'NONE',  ( 4367.150431795141230, -254.2873811940094129, -44.69208511456822208 ) ) ;
#4027 = CARTESIAN_POINT ( 'NONE',  ( 4393.431013174229520, -253.9452187222814814, -44.87258043072817770 ) ) ;
#4028 = EDGE_CURVE ( 'NONE', #1779, #6740, #9031, .T. ) ;
#4029 = CARTESIAN_POINT ( 'NONE',  ( 4391.087806498959253, -216.8853069840712919, 28.57920268177902656 ) ) ;
#4030 = CARTESIAN_POINT ( 'NONE',  ( 4391.094985544626070, -224.6705838597368654, -33.98994586516528926 ) ) ;
#4031 = CARTESIAN_POINT ( 'NONE',  ( 4380.145747216442942, -252.8580703270103527, 43.30835196777741913 ) ) ;
#4032 = CARTESIAN_POINT ( 'NONE',  ( 4389.236678961691723, -259.2475964266482720, 35.90549519026115632 ) ) ;
#4033 = CARTESIAN_POINT ( 'NONE',  ( 4367.470966673758085, -255.8274905979976381, -47.79494907177994634 ) ) ;
#4034 = CARTESIAN_POINT ( 'NONE',  ( 4391.243531254046502, -218.3402256539442021, 33.28063583988487295 ) ) ;
#4035 = CARTESIAN_POINT ( 'NONE',  ( 4380.096843086494118, -206.4546483251407949, -11.99833060956389552 ) ) ;
#4036 = CARTESIAN_POINT ( 'NONE',  ( 4393.603287273805108, -263.8852098449752930, -26.16753632307230504 ) ) ;
#4037 = CARTESIAN_POINT ( 'NONE',  ( 4393.304950601309429, -263.5004831637288021, -20.98632987938949057 ) ) ;
#4038 = CARTESIAN_POINT ( 'NONE',  ( 4371.344528247066592, -229.7492851005945340, -38.02861313210357253 ) ) ;
#4039 = CARTESIAN_POINT ( 'NONE',  ( 4367.441019707303894, -305.5155512315545252, -18.60391400045749322 ) ) ;
#4040 = VERTEX_POINT ( 'NONE', #4002 ) ;
#4041 = CARTESIAN_POINT ( 'NONE',  ( 4367.284892708614279, -267.3502027967538766, 25.58857668808088093 ) ) ;
#4042 = B_SPLINE_CURVE_WITH_KNOTS ( 'NONE', 3,
 ( #5381, #8895, #1813, #5973 ),
 .UNSPECIFIED., .F., .F.,
 ( 4, 4 ),
 ( 0.04164472143836590173, 0.06785627786345556356 ),
 .UNSPECIFIED. ) ;
#4043 = EDGE_CURVE ( 'NONE', #5511, #2400, #7851, .T. ) ;
#4044 = CARTESIAN_POINT ( 'NONE',  ( 4393.467126480760271, -257.9086778548366397, 37.40081323868028562 ) ) ;
#4045 = CARTESIAN_POINT ( 'NONE',  ( 4366.951148266572091, -228.1273284406005359, -37.55375611545807146 ) ) ;
#4046 = CARTESIAN_POINT ( 'NONE',  ( 4382.307891837312127, -214.5877479817297626, 26.99721179546843075 ) ) ;
#4047 = DIRECTION ( 'NONE',  ( -1.000000000000000000, -0.000000000000000000, -0.000000000000000000 ) ) ;
#4048 = ORIENTED_EDGE ( 'NONE', *, *, #8653, .T. ) ;
#4049 = CARTESIAN_POINT ( 'NONE',  ( 4375.881189333784278, -220.5602523095697620, 35.84934464017705835 ) ) ;
#4050 = CARTESIAN_POINT ( 'NONE',  ( 4393.443024390664505, -219.0346578322514119, -33.60408276343591183 ) ) ;
#4051 = CARTESIAN_POINT ( 'NONE',  ( 4389.193077964214353, -249.5433032369255386, -44.88217297578103882 ) ) ;
#4052 = CARTESIAN_POINT ( 'NONE',  ( 4371.439886656829913, -211.9996174656863275, 28.99963360920362732 ) ) ;
#4053 = CARTESIAN_POINT ( 'NONE',  ( 4386.703989204071149, -221.4418736296765076, 32.33165020188658190 ) ) ;
#4054 = FACE_OUTER_BOUND ( 'NONE', #5503, .T. ) ;
#4055 = CARTESIAN_POINT ( 'NONE',  ( 4393.461733406784333, -222.2496722108569145, 35.66345586502188780 ) ) ;
#4056 = B_SPLINE_SURFACE_WITH_KNOTS ( 'NONE', 3, 1, ( 
 ( #3389, #4027 ),
 ( #8966, #6816 ),
 ( #4619, #4760 ),
 ( #8867, #1191 ),
 ( #6174, #8819 ),
 ( #1833, #4664 ),
 ( #6130, #5492 ),
 ( #2557, #7445 ),
 ( #1287, #3294 ),
 ( #2655, #3977 ) ),
 .UNSPECIFIED., .F., .F., .F.,
 ( 4, 3, 3, 4 ),
 ( 2, 2 ),
 ( -0.01373948357776118637, 0.000000000000000000, 1.000000000000000000, 1.013739485050741962 ),
 ( 0.000000000000000000, 1.000000000000000000 ),
 .UNSPECIFIED. ) ;
#4057 = CARTESIAN_POINT ( 'NONE',  ( 4382.468565106505594, -219.8783715035119428, 34.95197732967379523 ) ) ;
#4058 = CARTESIAN_POINT ( 'NONE',  ( 4366.945255057320537, -221.9239288607150513, -33.95456265956631370 ) ) ;
#4059 = CARTESIAN_POINT ( 'NONE',  ( 4393.299837112576824, -221.3247803579437232, 35.11670174680730838 ) ) ;
#4060 = CARTESIAN_POINT ( 'NONE',  ( 4391.198038540137532, -211.4283968280697650, -27.15601393965280508 ) ) ;
#4061 = CARTESIAN_POINT ( 'NONE',  ( 4367.127892243151109, -228.0420760321279374, -40.61827991730672238 ) ) ;
#4062 = LINE ( 'NONE', #9000, #6297 ) ;
#4063 = CARTESIAN_POINT ( 'NONE',  ( 4371.340371417501956, -225.3795601415400540, 35.80430349204731755 ) ) ;
#4064 = CARTESIAN_POINT ( 'NONE',  ( 4393.307605464903645, -222.7561664018028011, -35.96195077657694128 ) ) ;
#4065 = ORIENTED_EDGE ( 'NONE', *, *, #5304, .T. ) ;
#4066 = CARTESIAN_POINT ( 'NONE',  ( 4386.881095917075982, -223.5729817173329934, 36.91030346744517487 ) ) ;
#4067 = CARTESIAN_POINT ( 'NONE',  ( 4388.890467169100702, -213.5056253580160330, -25.42015391165855931 ) ) ;
#4068 = SURFACE_STYLE_FILL_AREA ( #7538 ) ;
#4069 = DIRECTION ( 'NONE',  ( 0.000000000000000000, 0.000000000000000000, -1.000000000000000000 ) ) ;
#4070 = CARTESIAN_POINT ( 'NONE',  ( 4389.072985952961972, -222.7540700564955500, -36.27560244559785474 ) ) ;
#4071 = CARTESIAN_POINT ( 'NONE',  ( 4387.927350238953295, -305.5155512315545252, 24.00391400045749535 ) ) ;
#4072 = CARTESIAN_POINT ( 'NONE',  ( 4393.460470446767431, -253.9430570971455836, 44.87717288876382327 ) ) ;
#4073 = CARTESIAN_POINT ( 'NONE',  ( 4391.090156299746013, -219.3389773472763125, 30.54717522774914684 ) ) ;
#4074 = CARTESIAN_POINT ( 'NONE',  ( 4380.121924774174659, -224.9567713524782562, -34.94754371175690721 ) ) ;
#4075 = CARTESIAN_POINT ( 'NONE',  ( 4380.131659193954874, -236.3572326492156890, 39.99062070605385344 ) ) ;
#4076 = CARTESIAN_POINT ( 'NONE',  ( 4393.622336548630301, -259.8887671408123765, 33.64889065091660569 ) ) ;
#4077 = CARTESIAN_POINT ( 'NONE',  ( 4367.274670551910276, -222.1604590908163175, 37.42729895671851637 ) ) ;
#4078 = CARTESIAN_POINT ( 'NONE',  ( 4391.391794457012111, -249.3986468848075333, 44.65166203127225941 ) ) ;
#4079 = CARTESIAN_POINT ( 'NONE',  ( 4382.289911707294777, -206.3212326292257899, -10.68185193454744031 ) ) ;
#4080 = DIRECTION ( 'NONE',  ( 0.000000000000000000, 0.000000000000000000, 1.000000000000000000 ) ) ;
#4081 = VERTEX_POINT ( 'NONE', #856 ) ;
#4082 = EDGE_CURVE ( 'NONE', #8040, #8548, #8899, .T. ) ;
#4083 = LINE ( 'NONE', #3399, #8673 ) ;
#4084 = VERTEX_POINT ( 'NONE', #5150 ) ;
#4085 = CARTESIAN_POINT ( 'NONE',  ( 4393.142172757732624, -267.2601542546796054, -13.99528357344566132 ) ) ;
#4086 = CARTESIAN_POINT ( 'NONE',  ( 4367.243843111170463, -252.6293670376322211, 47.36379937725618561 ) ) ;
#4087 = CARTESIAN_POINT ( 'NONE',  ( 4366.950593440697048, -227.5759693750709403, -37.27073747731741804 ) ) ;
#4088 = CARTESIAN_POINT ( 'NONE',  ( 4382.310808523192463, -217.4851507836566782, 29.67164853197182239 ) ) ;
#4089 = VECTOR ( 'NONE', #5874, 1000.000000000000000 ) ;
#4090 = CARTESIAN_POINT ( 'NONE',  ( 4367.248814851497627, -256.1229943903633739, -44.84112745504889830 ) ) ;
#4091 = ORIENTED_EDGE ( 'NONE', *, *, #4193, .F. ) ;
#4092 = CARTESIAN_POINT ( 'NONE',  ( 4380.433183090563034, -266.5625626682852953, -24.08554171421778278 ) ) ;
#4093 = CARTESIAN_POINT ( 'NONE',  ( 4388.906682258793808, -231.7062314703134120, -37.52924993067960457 ) ) ;
#4094 = CARTESIAN_POINT ( 'NONE',  ( 4375.772425248435866, -205.3675791367125214, 18.69252912384363796 ) ) ;
#4095 = CARTESIAN_POINT ( 'NONE',  ( 4380.274413561749498, -220.3912333977037861, -35.43362328694239238 ) ) ;
#4096 = VECTOR ( 'NONE', #8551, 1000.000000000000000 ) ;
#4097 = CARTESIAN_POINT ( 'NONE',  ( 4380.412385737504337, -250.7455976458943212, -45.89066202724146137 ) ) ;
#4098 = CARTESIAN_POINT ( 'NONE',  ( 4371.501889062791633, -223.5896076490314215, 38.00152863446457729 ) ) ;
#4099 = CARTESIAN_POINT ( 'NONE',  ( 4386.686136230819102, -207.5363399976297671, 15.84679379657098153 ) ) ;
#4100 = LINE ( 'NONE', #8850, #7604 ) ;
#4101 = APPLICATION_CONTEXT ( 'automotive_design' ) ;
#4102 = AXIS2_PLACEMENT_3D ( 'NONE', #8260, #7525, #3093 ) ;
#4103 = CARTESIAN_POINT ( 'NONE',  ( 4393.451251089043581, -220.4167646384996715, 34.53479320351851101 ) ) ;
#4104 = CARTESIAN_POINT ( 'NONE',  ( 4382.525147990305413, -231.3431522525573314, 40.92412721069067771 ) ) ;
#4105 = CARTESIAN_POINT ( 'NONE',  ( 4371.337434196063441, -222.0929370840615036, -33.79003475246647525 ) ) ;
#4106 = CARTESIAN_POINT ( 'NONE',  ( 4393.304965934652500, -222.2491526573201668, 35.67483028985150639 ) ) ;
#4107 = CARTESIAN_POINT ( 'NONE',  ( 4393.384158124273199, -210.2817704775347067, -25.75120899303057342 ) ) ;
#4108 = CARTESIAN_POINT ( 'NONE',  ( 4386.904997422901033, -228.4202071205935738, -39.33998666026464974 ) ) ;
#4109 = CARTESIAN_POINT ( 'NONE',  ( 4367.120897496703947, -223.3566698223512788, -34.87146152339690275 ) ) ;
#4110 = CARTESIAN_POINT ( 'NONE',  ( 4366.921971350672720, -206.2313293483715881, 9.542707422311620391 ) ) ;
#4111 = CARTESIAN_POINT ( 'NONE',  ( 4393.217417304221271, -209.2135656221283000, -24.41346823117980591 ) ) ;
#4112 = CARTESIAN_POINT ( 'NONE',  ( 4386.907712509168960, -228.9836863469556931, 39.59732090019759454 ) ) ;
#4113 = CARTESIAN_POINT ( 'NONE',  ( 4388.895149269646936, -218.0924766974760018, -29.73114964720923226 ) ) ;
#4114 = CARTESIAN_POINT ( 'NONE',  ( 4367.279498336772122, -268.2211755828315631, -23.88580156650436948 ) ) ;
#4115 = CARTESIAN_POINT ( 'NONE',  ( 4386.875154318298883, -222.3653397037197692, -36.20658614900226269 ) ) ;
#4116 = CARTESIAN_POINT ( 'NONE',  ( 4367.127332701499654, -203.8253407630965341, -14.00559270476270868 ) ) ;
#4117 = LINE ( 'NONE', #1978, #7068 ) ;
#4118 = CARTESIAN_POINT ( 'NONE',  ( 4388.897209183850464, -220.2945180605389623, 31.39223944650323972 ) ) ;
#4119 = CARTESIAN_POINT ( 'NONE',  ( 4366.948457383364257, -225.3949256451007273, -36.09477888317461947 ) ) ;
#4120 = CARTESIAN_POINT ( 'NONE',  ( 4380.128711295739777, -232.9721653506281598, 38.73848773129281398 ) ) ;
#4121 = CARTESIAN_POINT ( 'NONE',  ( 4366.983292021913257, -254.1521204915571559, -44.69638508438062274 ) ) ;
#4122 = CARTESIAN_POINT ( 'NONE',  ( 4391.431742054200186, -259.0688466605978988, 35.71216863574365874 ) ) ;
#4123 = CARTESIAN_POINT ( 'NONE',  ( 4367.257263332259754, -218.5823869212499346, 35.02567105742648579 ) ) ;
#4124 = CARTESIAN_POINT ( 'NONE',  ( 4389.063466684754530, -220.9500340912714194, 35.19120944757813874 ) ) ;
#4125 = CARTESIAN_POINT ( 'NONE',  ( 4380.099661826479860, -206.9387994876495895, -14.33746952200706737 ) ) ;
#4126 = EDGE_CURVE ( 'NONE', #5990, #989, #6131, .T. ) ;
#4127 = CARTESIAN_POINT ( 'NONE',  ( 4393.313293491844888, -254.9916364886652502, -36.91826899427469044 ) ) ;
#4128 = VERTEX_POINT ( 'NONE', #2874 ) ;
#4129 = CARTESIAN_POINT ( 'NONE',  ( 4367.441019707303894, -305.5155512315545252, -26.00391400045748469 ) ) ;
#4130 = VERTEX_POINT ( 'NONE', #8581 ) ;
#4131 = CARTESIAN_POINT ( 'NONE',  ( 4393.339187965762903, -228.9097458996866976, -39.04337550786389244 ) ) ;
#4132 = CARTESIAN_POINT ( 'NONE',  ( 4393.287185852616858, -222.7908812284195506, 32.72568448092081894 ) ) ;
#4133 = CARTESIAN_POINT ( 'NONE',  ( 4371.342908370584155, -228.0891573500259142, -37.23380490787020847 ) ) ;
#4134 = CARTESIAN_POINT ( 'NONE',  ( 4382.290458404325364, -206.3660558011514468, 11.08593708319340720 ) ) ;
#4135 = VECTOR ( 'NONE', #2976, 1000.000000000000000 ) ;
#4136 = CARTESIAN_POINT ( 'NONE',  ( 4367.391931782884967, -249.5548329537581935, 46.98137270124429676 ) ) ;
#4137 = ORIENTED_EDGE ( 'NONE', *, *, #8283, .F. ) ;
#4138 = CARTESIAN_POINT ( 'NONE',  ( 4380.464586419318039, -259.9739572233585818, -36.65840703820919089 ) ) ;
#4139 = CARTESIAN_POINT ( 'NONE',  ( 4382.322897406709671, -231.8172893873070564, -38.09982446692805524 ) ) ;
#4140 = CARTESIAN_POINT ( 'NONE',  ( 4375.840152828658574, -213.1917244574771928, 29.94973483733716435 ) ) ;
#4141 = CARTESIAN_POINT ( 'NONE',  ( 4371.486187904621147, -220.3746392777468657, -36.00599044009069871 ) ) ;
#4142 = B_SPLINE_CURVE_WITH_KNOTS ( 'NONE', 3,
 ( #5242, #4604, #6566, #492 ),
 .UNSPECIFIED., .F., .F.,
 ( 4, 4 ),
 ( 0.000000000000000000, 0.02616260110350166271 ),
 .UNSPECIFIED. ) ;
#4143 = CARTESIAN_POINT ( 'NONE',  ( 4387.003114050140539, -251.8195056765311506, -45.34277413497866860 ) ) ;
#4144 = CARTESIAN_POINT ( 'NONE',  ( 4371.412741546811048, -208.2671526467248668, 24.30564386554783596 ) ) ;
#4145 = CARTESIAN_POINT ( 'NONE',  ( 4388.922911710588778, -254.5256587743084822, 42.56975118452493234 ) ) ;
#4146 = CARTESIAN_POINT ( 'NONE',  ( 4367.465009211618963, -261.1073859555687022, 37.68972565498692262 ) ) ;
#4147 = CARTESIAN_POINT ( 'NONE',  ( 4393.446042381727239, -219.5551269973632316, 33.96665974706969848 ) ) ;
#4148 = CARTESIAN_POINT ( 'NONE',  ( 4382.469534504807598, -220.0502385011408251, 35.06675116004051063 ) ) ;
#4149 = CARTESIAN_POINT ( 'NONE',  ( 4388.899152572422281, -222.4403953530155889, -32.81864834004814924 ) ) ;
#4150 = CARTESIAN_POINT ( 'NONE',  ( 4393.344697413889662, -230.0328214593087068, 39.52391202659202918 ) ) ;
#4151 = CARTESIAN_POINT ( 'NONE',  ( 4384.629452424478586, -213.7996199117266087, -29.99398067303344462 ) ) ;
#4152 = CARTESIAN_POINT ( 'NONE',  ( 4371.534010540907730, -230.3362977042855277, -41.34501263369863722 ) ) ;
#4153 = CARTESIAN_POINT ( 'NONE',  ( 4367.098800881144598, -206.5791333873270901, -13.48995539094010709 ) ) ;
#4154 = CARTESIAN_POINT ( 'NONE',  ( 4393.133500147084305, -203.8385809446939447, 12.50675748196350234 ) ) ;
#4155 = ADVANCED_FACE ( 'NONE', ( #1590 ), #7896, .T. ) ;
#4156 = CARTESIAN_POINT ( 'NONE',  ( 4366.930264685471229, -207.9606393966793689, 18.09835881179856187 ) ) ;
#4157 = CARTESIAN_POINT ( 'NONE',  ( 4393.404171057542044, -253.7921642531382247, -44.59077217379905989 ) ) ;
#4158 = CIRCLE ( 'NONE', #1386, 1.500000000000001332 ) ;
#4159 = CARTESIAN_POINT ( 'NONE',  ( 4384.493430404343599, -203.4955557965110415, 10.37275880852844878 ) ) ;
#4160 = CARTESIAN_POINT ( 'NONE',  ( 4380.115327997363238, -217.4851954040294686, -29.80294875344684513 ) ) ;
#4161 = CARTESIAN_POINT ( 'NONE',  ( 4393.528805931034185, -277.9000132200717985, 0.002943466758572156963 ) ) ;
#4162 = CARTESIAN_POINT ( 'NONE',  ( 4388.882970308723088, -203.4967752480054060, -10.09800012374255118 ) ) ;
#4163 = CARTESIAN_POINT ( 'NONE',  ( 4375.891558264822379, -222.6137764838545934, -37.12642531884802821 ) ) ;
#4164 = CARTESIAN_POINT ( 'NONE',  ( 4367.290180077721743, -225.6544504044464929, -39.41350405274440050 ) ) ;
#4165 = LINE ( 'NONE', #8323, #8531 ) ;
#4166 = CARTESIAN_POINT ( 'NONE',  ( 4391.119375322251472, -251.1797113790079550, 42.04365278971024367 ) ) ;
#4167 = CARTESIAN_POINT ( 'NONE',  ( 4375.732273422291655, -226.4295970233742707, 36.08018751007706015 ) ) ;
#4168 = CARTESIAN_POINT ( 'NONE',  ( 4393.613856936509364, -261.8834604308600547, 29.91311512565703623 ) ) ;
#4169 = CARTESIAN_POINT ( 'NONE',  ( 4367.405494396775794, -253.4181138057932685, 47.42321673783447267 ) ) ;
#4170 = CARTESIAN_POINT ( 'NONE',  ( 4391.400082105792535, -251.7250264758809521, 44.89414899866704900 ) ) ;
#4171 = CARTESIAN_POINT ( 'NONE',  ( 4382.294513718886265, -206.9396350454906894, -14.20899939509952858 ) ) ;
#4172 = CARTESIAN_POINT ( 'NONE',  ( 4393.142033265498867, -267.4491094084112319, -13.64222417393565046 ) ) ;
#4173 = LINE ( 'NONE', #48, #2246 ) ;
#4174 = VERTEX_POINT ( 'NONE', #4467 ) ;
#4175 = CARTESIAN_POINT ( 'NONE',  ( 4393.239472854307678, -211.9971123690932018, -27.65308260264751183 ) ) ;
#4176 = CARTESIAN_POINT ( 'NONE',  ( 4393.272549603737389, -208.9159770214745890, 18.71650047311686293 ) ) ;
#4177 = CARTESIAN_POINT ( 'NONE',  ( 4371.338036226878103, -222.7809904813657056, -34.23726900241788229 ) ) ;
#4178 = CARTESIAN_POINT ( 'NONE',  ( 4382.314279618199180, -221.2797950071826278, 32.52449137691274927 ) ) ;
#4179 = DIRECTION ( 'NONE',  ( 1.000000000000000000, 0.000000000000000000, 2.536234875824260354E-15 ) ) ;
#4180 = FACE_OUTER_BOUND ( 'NONE', #1830, .T. ) ;
#4181 = ORIENTED_EDGE ( 'NONE', *, *, #8563, .T. ) ;
#4182 = CARTESIAN_POINT ( 'NONE',  ( 4382.637678875665188, -264.3436384782380628, -27.81358932774679360 ) ) ;
#4183 = CARTESIAN_POINT ( 'NONE',  ( 4389.060238874340939, -220.4081453061545233, -34.83725732710151135 ) ) ;
#4184 = CARTESIAN_POINT ( 'NONE',  ( 4371.638204828419475, -253.0305279500894073, -46.97712154518011829 ) ) ;
#4185 = CARTESIAN_POINT ( 'NONE',  ( 4366.966607482025211, -204.2218317667830831, 15.78622124787501946 ) ) ;
#4186 = CARTESIAN_POINT ( 'NONE',  ( 4386.706848126311343, -224.8099911565749096, 34.39981540021424422 ) ) ;
#4187 = CARTESIAN_POINT ( 'NONE',  ( 4367.141099034663057, -253.9778034040570560, 44.67409215733552941 ) ) ;
#4188 = CARTESIAN_POINT ( 'NONE',  ( 4393.479367287912282, -225.5954501448266285, 37.49114472108103513 ) ) ;
#4189 = CARTESIAN_POINT ( 'NONE',  ( 4382.458148902859648, -217.9915493663355619, 33.62003401571960381 ) ) ;
#4190 = CARTESIAN_POINT ( 'NONE',  ( 4393.287185849733760, -222.7908812284308908, -32.71785648022473225 ) ) ;
#4191 = CARTESIAN_POINT ( 'NONE',  ( 4393.300764277695635, -221.5040553137110351, 35.22663151127053993 ) ) ;
#4192 = CARTESIAN_POINT ( 'NONE',  ( 4371.450757372658700, -213.7897234494754741, -30.79295307661888970 ) ) ;
#4193 = EDGE_CURVE ( 'NONE', #7743, #8722, #2197, .T. ) ;
#4194 = CARTESIAN_POINT ( 'NONE',  ( 4393.502014392436649, -230.0309434838089828, -39.50233575379699857 ) ) ;
#4195 = CARTESIAN_POINT ( 'NONE',  ( 4393.257734963191069, -252.9760719866029319, 43.09675451276184788 ) ) ;
#4196 = CARTESIAN_POINT ( 'NONE',  ( 4366.942649220450221, -219.0218827268737982, 31.86349327132580100 ) ) ;
#4197 = CARTESIAN_POINT ( 'NONE',  ( 4393.269392242349568, -216.3452342010792222, -31.62854205788574191 ) ) ;
#4198 = CARTESIAN_POINT ( 'NONE',  ( 4384.530913394220079, -252.5324724156203899, -42.83310037891212829 ) ) ;
#4199 = CARTESIAN_POINT ( 'NONE',  ( 4386.885851927633666, -224.5265944682895451, 37.43264000304989736 ) ) ;
#4200 = CARTESIAN_POINT ( 'NONE',  ( 4382.309063276545203, -215.7151523862770546, -28.09276738963868425 ) ) ;
#4201 = CARTESIAN_POINT ( 'NONE',  ( 4393.592686586442142, -265.8873716334871915, -22.42895524546160857 ) ) ;
#4202 = CARTESIAN_POINT ( 'NONE',  ( 4391.085186820447234, -203.5867754242582635, -10.85580355341297576 ) ) ;
#4203 = ADVANCED_FACE ( 'NONE', ( #7812 ), #3002, .F. ) ;
#4204 = CARTESIAN_POINT ( 'NONE',  ( 4380.289933333471708, -223.4421850446939573, -37.30161790040948944 ) ) ;
#4205 = CARTESIAN_POINT ( 'NONE',  ( 4367.367142863761728, -243.1815846663991181, -45.84898714695093958 ) ) ;
#4206 = B_SPLINE_SURFACE_WITH_KNOTS ( 'NONE', 3, 3, ( 
 ( #2957, #8443, #2195, #78, #4971, #4378, #6434, #4288, #854, #897 ),
 ( #208, #3000, #250, #8579, #7894, #4333, #4419, #3042, #2914, #8490 ),
 ( #7114, #2990, #4324, #3592, #8523, #844, #3633, #8657, #2947, #7754 ),
 ( #7187, #2314, #6381, #199, #112, #5746, #7927, #5089, #2903, #5790 ),
 ( #8569, #7884, #4409, #1666, #7230, #928, #3720, #2359, #6509, #3762 ),
 ( #5701, #971, #5136, #241, #3032, #4454, #6554, #8479, #5004, #285 ),
 ( #7800, #1539, #8701, #2583, #5232, #4640, #7276, #7970, #5280, #6647 ),
 ( #5376, #8016, #7417, #332, #1064, #4690, #6695, #1904, #1761, #4548 ),
 ( #7325, #6742, #5966, #3858, #8746, #428, #528, #379, #3167, #2490 ),
 ( #7468, #8065, #4594, #4001, #1807, #1163, #1115, #3901, #3220, #8796 ),
 ( #5329, #1857, #3951, #482, #3268, #3318, #6792, #8843, #6109, #8890 ),
 ( #5191, #8024, #8754, #8543, #4507, #2923, #3866, #6654, #5721, #4341 ),
 ( #340, #2454, #1122, #6701, #5286, #7122, #3908, #435, #8923, #8096 ) ),
 .UNSPECIFIED., .F., .F., .F.,
 ( 4, 3, 3, 3, 4 ),
 ( 4, 3, 3, 4 ),
 ( -5.120072509065416000, 40.09560011881696084, 85.31127274669934479, 175.7426180024640985, 356.6053085139936343 ),
 ( 2181.813877349034556, 2314.325894545121173, 2380.581903143164709, 2446.837911741207790 ),
 .UNSPECIFIED. ) ;
#4207 = CARTESIAN_POINT ( 'NONE',  ( 4376.101122825043603, -267.0755748690797304, 24.10391400045610766 ) ) ;
#4208 = CARTESIAN_POINT ( 'NONE',  ( 4391.121144083153013, -254.3503650505888913, 42.32928712667528259 ) ) ;
#4209 = CARTESIAN_POINT ( 'NONE',  ( 4375.727176078857156, -220.6212729392533447, 32.50582236050112073 ) ) ;
#4210 = CARTESIAN_POINT ( 'NONE',  ( 4386.726787708319534, -252.9542506966044186, -42.64653903644850885 ) ) ;
#4211 = CARTESIAN_POINT ( 'NONE',  ( 4376.079819441947620, -260.3406570559928923, 37.04223865205484856 ) ) ;
#4212 = CARTESIAN_POINT ( 'NONE',  ( 4367.268344056384194, -220.8345820853157875, 36.58369335342705853 ) ) ;
#4213 = CARTESIAN_POINT ( 'NONE',  ( 4388.898170787176241, -203.6878037992739792, 11.89560599370473781 ) ) ;
#4214 = CARTESIAN_POINT ( 'NONE',  ( 4382.295423313718857, -207.1554836410249720, -14.97471252227324889 ) ) ;
#4215 = CARTESIAN_POINT ( 'NONE',  ( 4393.126112267812459, -224.1512556107716705, 33.54886255563983610 ) ) ;
#4216 = ORIENTED_EDGE ( 'NONE', *, *, #7711, .T. ) ;
#4217 = DIRECTION ( 'NONE',  ( -1.000000000000000000, 0.000000000000000000, -0.000000000000000000 ) ) ;
#4218 = ORIENTED_EDGE ( 'NONE', *, *, #2345, .F. ) ;
#4219 = CARTESIAN_POINT ( 'NONE',  ( 4393.311210293868498, -223.4327174507451446, -36.34560071649576685 ) ) ;
#4220 = CARTESIAN_POINT ( 'NONE',  ( 4393.270199895627229, -207.8141943815109016, 16.17494126718927205 ) ) ;
#4221 = CARTESIAN_POINT ( 'NONE',  ( 4388.899574325860158, -222.9611801246879850, -33.14321966276442311 ) ) ;
#4222 = CARTESIAN_POINT ( 'NONE',  ( 4382.313124340826107, -219.9715347897926279, 31.60684085956071954 ) ) ;
#4223 = CARTESIAN_POINT ( 'NONE',  ( 4393.125712371670488, -223.6687366119613500, -33.26018876302331506 ) ) ;
#4224 = CARTESIAN_POINT ( 'NONE',  ( 4367.318834615647575, -232.1028707582324273, 42.38824145743806326 ) ) ;
#4225 = VERTEX_POINT ( 'NONE', #4380 ) ;
#4226 = CARTESIAN_POINT ( 'NONE',  ( 4375.752160712220757, -265.0648367798466438, -21.92714823233120924 ) ) ;
#4227 = CARTESIAN_POINT ( 'NONE',  ( 4380.133700347574631, -238.6608367660726913, -40.69192616191813272 ) ) ;
#4228 = CARTESIAN_POINT ( 'NONE',  ( 4386.862315282363852, -220.0583561789892428, -34.76077363836768086 ) ) ;
#4229 = CARTESIAN_POINT ( 'NONE',  ( 4371.638524334889553, -253.1099436387958974, -46.98430383883332695 ) ) ;
#4230 = CARTESIAN_POINT ( 'NONE',  ( 4367.019520999340784, -208.2640444823267387, 24.54149995804022311 ) ) ;
#4231 = AXIS2_PLACEMENT_3D ( 'NONE', #6753, #5339, #3870 ) ;
#4232 = CARTESIAN_POINT ( 'NONE',  ( 4386.706633569417136, -224.5505393338906401, 34.25247464729113744 ) ) ;
#4233 = CARTESIAN_POINT ( 'NONE',  ( 4367.375128009978653, -280.5829865306033071, -0.3164553822725675314 ) ) ;
#4234 = CARTESIAN_POINT ( 'NONE',  ( 4391.210603742384592, -213.1940714315711034, 28.99094309879991371 ) ) ;
#4235 = CARTESIAN_POINT ( 'NONE',  ( 4382.485763373464579, -223.1645517687473443, 36.99608098532314671 ) ) ;
#4236 = CARTESIAN_POINT ( 'NONE',  ( 4388.898991940834094, -222.2652093879034965, -32.70779607009095002 ) ) ;
#4237 = CARTESIAN_POINT ( 'NONE',  ( 4393.116452199170453, -214.5577483569540220, 26.32080673063477505 ) ) ;
#4238 = CARTESIAN_POINT ( 'NONE',  ( 4389.007606818997374, -212.0015915445811174, -27.92794306735768117 ) ) ;
#4239 = CARTESIAN_POINT ( 'NONE',  ( 4367.139167277242450, -230.3979982795604826, -41.68736576043850306 ) ) ;
#4240 = CARTESIAN_POINT ( 'NONE',  ( 4393.235026134960208, -252.8495611847936289, 42.86413235816833378 ) ) ;
#4241 = VECTOR ( 'NONE', #4047, 1000.000000000000000 ) ;
#4242 = CARTESIAN_POINT ( 'NONE',  ( 4371.371410176039717, -253.5138719180801559, 44.23047112938102288 ) ) ;
#4243 = EDGE_CURVE ( 'NONE', #56, #3939, #80, .T. ) ;
#4244 = FACE_OUTER_BOUND ( 'NONE', #652, .T. ) ;
#4245 = CARTESIAN_POINT ( 'NONE',  ( 4387.003848776231280, -252.0471924260883156, 45.37143558838851476 ) ) ;
#4246 = CARTESIAN_POINT ( 'NONE',  ( 4375.724366949016257, -217.4852846447575985, -30.08120519800149495 ) ) ;
#4247 = CARTESIAN_POINT ( 'NONE',  ( 4384.489426574265053, -203.4698872527982303, -9.914471443059991174 ) ) ;
#4248 = CARTESIAN_POINT ( 'NONE',  ( 4386.879682934566517, -223.3002330918544942, -36.74846520257668914 ) ) ;
#4249 = CARTESIAN_POINT ( 'NONE',  ( 4367.185703923836627, -207.2863081245542389, -23.05803140232041315 ) ) ;
#4250 = CARTESIAN_POINT ( 'NONE',  ( 4387.927350238953295, -302.9155512315545593, -22.50391400045749535 ) ) ;
#4251 = CARTESIAN_POINT ( 'NONE',  ( 4391.115889585636978, -247.4225805432189702, 41.56918936748107285 ) ) ;
#4252 = CARTESIAN_POINT ( 'NONE',  ( 4375.722734034951827, -215.7167779964095189, 28.50943871806461161 ) ) ;
#4253 = CARTESIAN_POINT ( 'NONE',  ( 4371.371878205985922, -254.1242366782107069, -44.27489900151865498 ) ) ;
#4254 = EDGE_CURVE ( 'NONE', #3266, #2526, #1793, .T. ) ;
#4255 = CARTESIAN_POINT ( 'NONE',  ( 4391.406764156731697, -264.5766725067578022, 25.37438890354409082 ) ) ;
#4256 = CARTESIAN_POINT ( 'NONE',  ( 4367.310891495614669, -230.3114315817461772, 41.64555466914928417 ) ) ;
#4257 = CARTESIAN_POINT ( 'NONE',  ( 4389.046187923937396, -218.0013874377909247, 33.18398334749678469 ) ) ;
#4258 = CARTESIAN_POINT ( 'NONE',  ( 4388.880820842093271, -207.5358081367358807, -15.70299595875827237 ) ) ;
#4259 = CARTESIAN_POINT ( 'NONE',  ( 4393.141365845241125, -245.0132295834312401, 41.00346579587567675 ) ) ;
#4260 = ORIENTED_EDGE ( 'NONE', *, *, #7103, .F. ) ;
#4261 = CARTESIAN_POINT ( 'NONE',  ( 4377.141019707303712, -305.5155512315545252, -24.40391400045749748 ) ) ;
#4262 = CARTESIAN_POINT ( 'NONE',  ( 4367.302702822597894, -256.1189450009021584, -44.83563186982042481 ) ) ;
#4263 = CARTESIAN_POINT ( 'NONE',  ( 4393.309729210357546, -223.1620651751359787, -36.19365540503180512 ) ) ;
#4264 = CARTESIAN_POINT ( 'NONE',  ( 4393.288157531233082, -223.9045211263417059, 33.39364931287081362 ) ) ;
#4265 = CARTESIAN_POINT ( 'NONE',  ( 4380.120499417638712, -223.2733507840598861, -33.95413960687258026 ) ) ;
#4266 = CARTESIAN_POINT ( 'NONE',  ( 4382.323785531469184, -232.9296289429997842, 38.54915851485903744 ) ) ;
#4267 = ADVANCED_FACE ( 'NONE', ( #8097 ), #318, .F. ) ;
#4268 = CARTESIAN_POINT ( 'NONE',  ( 4393.124459583729731, -222.2655562977936370, -32.40251876705574574 ) ) ;
#4269 = CARTESIAN_POINT ( 'NONE',  ( 4367.334894854020604, -235.7198705442534674, 43.76357512856652932 ) ) ;
#4270 = ORIENTED_EDGE ( 'NONE', *, *, #1400, .F. ) ;
#4271 = CARTESIAN_POINT ( 'NONE',  ( 4380.150785265484046, -253.1358318298448467, -43.66968322901175270 ) ) ;
#4272 = CARTESIAN_POINT ( 'NONE',  ( 4366.963552523582621, -239.0980490027768326, -41.90939794161901233 ) ) ;
#4273 = CARTESIAN_POINT ( 'NONE',  ( 4384.668481453354616, -220.3996312612092368, -35.13943748314668625 ) ) ;
#4274 = CARTESIAN_POINT ( 'NONE',  ( 4387.004091930487448, -252.1230797996105082, -45.37044129475019361 ) ) ;
#4275 = CARTESIAN_POINT ( 'NONE',  ( 4371.517323495459095, -226.8448284532936725, 39.74405157886837259 ) ) ;
#4276 = CARTESIAN_POINT ( 'NONE',  ( 4386.710592474189070, -229.5642172066126534, 36.79944098434165056 ) ) ;
#4277 = DIRECTION ( 'NONE',  ( -1.000000000000000000, -0.000000000000000000, 2.536234875824260354E-15 ) ) ;
#4278 = CARTESIAN_POINT ( 'NONE',  ( 4380.278319385573013, -221.1123545130608079, 35.90651645377384682 ) ) ;
#4279 = CARTESIAN_POINT ( 'NONE',  ( 4393.145031015732457, -251.9746659191800973, 41.90969464119753951 ) ) ;
#4280 = CARTESIAN_POINT ( 'NONE',  ( 4389.019936306388445, -213.8001255382449415, -29.71416774143276029 ) ) ;
#4281 = CARTESIAN_POINT ( 'NONE',  ( 4391.317328213193832, -232.3386672395595269, -40.58447987106804788 ) ) ;
#4282 = CARTESIAN_POINT ( 'NONE',  ( 4393.171113452929603, -252.4288646344464269, 42.20405123764973609 ) ) ;
#4283 = VECTOR ( 'NONE', #4383, 1000.000000000000000 ) ;
#4284 = CARTESIAN_POINT ( 'NONE',  ( 4366.941264935402614, -217.4808666353441993, 30.61368892706341072 ) ) ;
#4285 = CARTESIAN_POINT ( 'NONE',  ( 4393.102815006765923, -207.1544671327307015, -14.29941981040461840 ) ) ;
#4286 = CARTESIAN_POINT ( 'NONE',  ( 4384.676822345951223, -221.9627698134214313, 36.13106035169214891 ) ) ;
#4287 = CARTESIAN_POINT ( 'NONE',  ( 4371.333853018953960, -218.0921831441750669, -30.85553685883062869 ) ) ;
#4288 = CARTESIAN_POINT ( 'NONE',  ( 4388.923006511374297, -252.4910495062884195, 42.72199616580503090 ) ) ;
#4289 = CARTESIAN_POINT ( 'NONE',  ( 4382.295350833203884, -203.4693923179522699, -10.04364787188106511 ) ) ;
#4290 = CARTESIAN_POINT ( 'NONE',  ( 4367.139691348554152, -204.2185043761889176, -15.75594992053517096 ) ) ;
#4291 = CARTESIAN_POINT ( 'NONE',  ( 4371.498533171366034, -222.8878528345252619, -37.58433418581886798 ) ) ;
#4292 = CARTESIAN_POINT ( 'NONE',  ( 4367.260640980084645, -219.2729986921147827, -35.51398565812142749 ) ) ;
#4293 = CYLINDRICAL_SURFACE ( 'NONE', #347, 1.000000000000000888 ) ;
#4294 = CARTESIAN_POINT ( 'NONE',  ( 4388.892809152175687, -215.7105036928149673, 27.67808460514270763 ) ) ;
#4295 = CARTESIAN_POINT ( 'NONE',  ( 4375.731327709621837, -225.3643063438559579, 35.49587523059377503 ) ) ;
#4296 = CARTESIAN_POINT ( 'NONE',  ( 4393.592686586683158, -265.8873716334801429, 22.43678324633674848 ) ) ;
#4297 = AXIS2_PLACEMENT_3D ( 'NONE', #6268, #4889, #2747 ) ;
#4298 = FACE_OUTER_BOUND ( 'NONE', #8772, .T. ) ;
#4299 = CARTESIAN_POINT ( 'NONE',  ( 4391.400777767942600, -252.0925494263732674, 44.92677647727289525 ) ) ;
#4300 = CARTESIAN_POINT ( 'NONE',  ( 4388.877753882449724, -206.7660703012070655, -13.02932570537534041 ) ) ;
#4301 = CARTESIAN_POINT ( 'NONE',  ( 4393.129641512793569, -228.4280998960902025, 35.77349511366455204 ) ) ;
#4302 = VERTEX_POINT ( 'NONE', #4626 ) ;
#4303 = DIRECTION ( 'NONE',  ( 1.000000000000000000, 0.000000000000000000, -0.000000000000000000 ) ) ;
#4304 = EDGE_CURVE ( 'NONE', #5321, #7673, #7314, .T. ) ;
#4305 = AXIS2_PLACEMENT_3D ( 'NONE', #4250, #6354, #84 ) ;
#4306 = ORIENTED_EDGE ( 'NONE', *, *, #465, .T. ) ;
#4307 = CARTESIAN_POINT ( 'NONE',  ( 4374.441019707302985, -302.9155512315545593, 26.00391400045749535 ) ) ;
#4308 = CARTESIAN_POINT ( 'NONE',  ( 4393.279952548653455, -215.1400601755289017, 26.83828010508814543 ) ) ;
#4309 = CARTESIAN_POINT ( 'NONE',  ( 4382.315753097436755, -222.9579151096242242, -33.60720247202874589 ) ) ;
#4310 = CARTESIAN_POINT ( 'NONE',  ( 4382.320273091358104, -228.5342499980939408, 36.65970456241971931 ) ) ;
#4311 = CARTESIAN_POINT ( 'NONE',  ( 4393.126434035050806, -224.5377168018917189, -33.76177285814602413 ) ) ;
#4312 = CARTESIAN_POINT ( 'NONE',  ( 4367.404947011087643, -253.2579622050759554, 47.40865088156323282 ) ) ;
#4313 = CARTESIAN_POINT ( 'NONE',  ( 4367.367142863761728, -243.1815846663991181, -45.84898714695093958 ) ) ;
#4314 = EDGE_LOOP ( 'NONE', ( #6917, #7825, #4809, #5986, #7990 ) ) ;
#4315 = CARTESIAN_POINT ( 'NONE',  ( 4384.777207130520765, -274.7391454424252970, -7.592722295236189467 ) ) ;
#4316 = CARTESIAN_POINT ( 'NONE',  ( 4366.985927586862090, -260.0505882274188139, -33.71419144722771222 ) ) ;
#4317 = CARTESIAN_POINT ( 'NONE',  ( 4393.305659914169155, -242.7286717947710315, -40.52779114518083503 ) ) ;
#4318 = CARTESIAN_POINT ( 'NONE',  ( 4367.095709792004527, -206.2822696946168719, -11.11620057491801283 ) ) ;
#4319 = CARTESIAN_POINT ( 'NONE',  ( 4387.004499813121583, -252.2010130872060358, -45.37730717174505202 ) ) ;
#4320 = CARTESIAN_POINT ( 'NONE',  ( 4371.639657057445220, -253.3504732510472479, 47.01334416809959293 ) ) ;
#4321 = CARTESIAN_POINT ( 'NONE',  ( 4386.712704046803992, -232.2938863850696976, 37.94504847659862889 ) ) ;
#4322 = CARTESIAN_POINT ( 'NONE',  ( 4367.375931462275730, -280.4191122659600524, 0.003914000457967475519 ) ) ;
#4323 = CARTESIAN_POINT ( 'NONE',  ( 4380.168127576515872, -205.7261063862887909, 19.23405113953553069 ) ) ;
#4324 = CARTESIAN_POINT ( 'NONE',  ( 4375.765943833553138, -255.4128636931519623, 40.44345338893852215 ) ) ;
#4325 = CARTESIAN_POINT ( 'NONE',  ( 4393.128369687949998, -226.8535319896220699, 35.00930081602420785 ) ) ;
#4326 = CARTESIAN_POINT ( 'NONE',  ( 4382.440940992634751, -215.0532185784551586, -31.25468424029773118 ) ) ;
#4327 = CARTESIAN_POINT ( 'NONE',  ( 4386.913178624884495, -230.1222556979004992, -40.07450462919739209 ) ) ;
#4328 = CARTESIAN_POINT ( 'NONE',  ( 4393.167486391058446, -252.4589385893822282, 42.17143178947215887 ) ) ;
#4329 = CARTESIAN_POINT ( 'NONE',  ( 4366.977053342462568, -249.4820262958236015, 44.16835666781616965 ) ) ;
#4330 = CARTESIAN_POINT ( 'NONE',  ( 4393.129641517535674, -228.4281076065479681, -35.76567071354567418 ) ) ;
#4331 = CARTESIAN_POINT ( 'NONE',  ( 4384.711311235938410, -229.0089250614659306, 39.78086902508667322 ) ) ;
#4332 = CARTESIAN_POINT ( 'NONE',  ( 4371.334961622251285, -219.3369340649509525, -31.83333018280155713 ) ) ;
#4333 = CARTESIAN_POINT ( 'NONE',  ( 4384.533423449147449, -253.7687938191425872, 41.39195609384427144 ) ) ;
#4334 = CARTESIAN_POINT ( 'NONE',  ( 4380.108659446344063, -203.5322613977801041, -11.07105487122463749 ) ) ;
#4335 = CARTESIAN_POINT ( 'NONE',  ( 4367.161909478499183, -205.3546452021945470, -19.13179270209733218 ) ) ;
#4336 = CARTESIAN_POINT ( 'NONE',  ( 4384.682888252118573, -223.1638842754188659, -36.83091244639157225 ) ) ;
#4337 = CARTESIAN_POINT ( 'NONE',  ( 4367.125821121951049, -230.2857333944129152, -38.57097262626087542 ) ) ;
#4338 = CARTESIAN_POINT ( 'NONE',  ( 4367.467819822858473, -255.8867657733923124, 47.63075206517660121 ) ) ;
#4339 = CARTESIAN_POINT ( 'NONE',  ( 4375.761708360433659, -255.5923222748168655, 43.98209599803411152 ) ) ;
#4340 = CARTESIAN_POINT ( 'NONE',  ( 4393.605974667270857, -263.3844033705364609, 27.11031520626777080 ) ) ;
#4341 = CARTESIAN_POINT ( 'NONE',  ( 4393.296595426902059, -271.0807082146151288, 6.832849939884772184 ) ) ;
#4342 = FACE_OUTER_BOUND ( 'NONE', #3159, .T. ) ;
#4343 = B_SPLINE_CURVE_WITH_KNOTS ( 'NONE', 3,
 ( #7277, #8017, #1762, #286 ),
 .UNSPECIFIED., .F., .F.,
 ( 4, 4 ),
 ( 0.000000000000000000, 0.004082926572664530990 ),
 .UNSPECIFIED. ) ;
#4344 = CARTESIAN_POINT ( 'NONE',  ( 4389.072371391791421, -222.6213992067845311, 36.20623954011931289 ) ) ;
#4345 = CARTESIAN_POINT ( 'NONE',  ( 4384.493574355873534, -208.2797493518890519, -17.81944155371991911 ) ) ;
#4346 = DIRECTION ( 'NONE',  ( 0.000000000000000000, 0.000000000000000000, -1.000000000000000000 ) ) ;
#4347 = LINE ( 'NONE', #137, #6614 ) ;
#4348 = ADVANCED_FACE ( 'NONE', ( #5954 ), #6728, .F. ) ;
#4349 = ORIENTED_EDGE ( 'NONE', *, *, #214, .F. ) ;
#4350 = DIRECTION ( 'NONE',  ( 0.000000000000000000, -0.000000000000000000, -1.000000000000000000 ) ) ;
#4351 = CARTESIAN_POINT ( 'NONE',  ( 4393.294994117683927, -231.6322570440835023, 37.14576115175491111 ) ) ;
#4352 = CARTESIAN_POINT ( 'NONE',  ( 4382.316135004222815, -223.4147984585677875, -33.88933759393057699 ) ) ;
#4353 = CARTESIAN_POINT ( 'NONE',  ( 4382.328298906163582, -238.5881018172869119, 40.49167428280623682 ) ) ;
#4354 = CARTESIAN_POINT ( 'NONE',  ( 4393.112448759279687, -211.4555614556981595, -22.73291506497704262 ) ) ;
#4355 = CARTESIAN_POINT ( 'NONE',  ( 4367.128222682135856, -233.7140511118915356, 40.02013862991746862 ) ) ;
#4356 = EDGE_CURVE ( 'NONE', #2713, #2400, #1700, .T. ) ;
#4357 = CARTESIAN_POINT ( 'NONE',  ( 4386.990958273948308, -270.5010295113028747, -15.17047266374231462 ) ) ;
#4358 = CARTESIAN_POINT ( 'NONE',  ( 4371.356509497169100, -269.3166438895234478, -14.67306484958628587 ) ) ;
#4359 = CARTESIAN_POINT ( 'NONE',  ( 4382.328298904511030, -238.5881018173591599, -40.48384628205363356 ) ) ;
#4360 = CARTESIAN_POINT ( 'NONE',  ( 4367.140946178266859, -253.6691520655766681, -44.63972271430399985 ) ) ;
#4361 = CARTESIAN_POINT ( 'NONE',  ( 4389.201600448104728, -252.4002575387997354, -45.17165778794687725 ) ) ;
#4362 = CARTESIAN_POINT ( 'NONE',  ( 4366.972261451657687, -204.4648230299019360, 16.64670468356740329 ) ) ;
#4363 = CARTESIAN_POINT ( 'NONE',  ( 4384.488103610404323, -206.7651911652521335, 13.30804625050460288 ) ) ;
#4364 = CARTESIAN_POINT ( 'NONE',  ( 4367.118234016887072, -219.9045695113065904, 32.53204353770652801 ) ) ;
#4365 = EDGE_CURVE ( 'NONE', #3471, #590, #3110, .T. ) ;
#4366 = CARTESIAN_POINT ( 'NONE',  ( 4382.612372999794388, -252.2173864706532811, 45.82991856962243560 ) ) ;
#4367 = CARTESIAN_POINT ( 'NONE',  ( 4393.153828267768404, -204.4701090437656603, 15.10746371013011746 ) ) ;
#4368 = CARTESIAN_POINT ( 'NONE',  ( 4382.452464269545999, -216.9957908805275792, -32.85535347994872524 ) ) ;
#4369 = VECTOR ( 'NONE', #8145, 1000.000000000000000 ) ;
#4370 = CARTESIAN_POINT ( 'NONE',  ( 4375.941019707302985, -302.9155512315545593, 20.90391400045749393 ) ) ;
#4371 = CARTESIAN_POINT ( 'NONE',  ( 4384.792631197444280, -248.0014959748792478, -45.11181499290959351 ) ) ;
#4372 = CARTESIAN_POINT ( 'NONE',  ( 4393.167587431625179, -252.4631758785516524, 42.17279398109141653 ) ) ;
#4373 = CARTESIAN_POINT ( 'NONE',  ( 4366.978726867336263, -250.7246572418093820, 44.33783903331893583 ) ) ;
#4374 = VECTOR ( 'NONE', #8589, 1000.000000000000000 ) ;
#4375 = CARTESIAN_POINT ( 'NONE',  ( 4393.124935323055979, -222.7904671332574651, -32.72953332298477847 ) ) ;
#4376 = CARTESIAN_POINT ( 'NONE',  ( 4384.596720682585328, -209.2264172033262923, 24.96785394033128114 ) ) ;
#4377 = CARTESIAN_POINT ( 'NONE',  ( 4366.942649220528438, -219.0218827268835753, -31.85566527041371643 ) ) ;
#4378 = CARTESIAN_POINT ( 'NONE',  ( 4384.533513646514621, -252.8123197986103037, 43.20330437212668784 ) ) ;
#4379 = CARTESIAN_POINT ( 'NONE',  ( 4391.106470834706670, -204.0345671638115448, -13.50414195400601614 ) ) ;
#4380 = CARTESIAN_POINT ( 'NONE',  ( 4382.565171111442396, -302.9155512315545593, 26.00391400045749535 ) ) ;
#4381 = CARTESIAN_POINT ( 'NONE',  ( 4389.077204813861499, -223.5708820961938557, -36.74061433736173399 ) ) ;
#4382 = CARTESIAN_POINT ( 'NONE',  ( 4367.106303062540064, -208.9149149941804353, -20.23618336738109846 ) ) ;
#4383 = DIRECTION ( 'NONE',  ( 0.000000000000000000, 0.000000000000000000, -1.000000000000000000 ) ) ;
#4384 = CIRCLE ( 'NONE', #876, 1.000000000000000888 ) ;
#4385 = CARTESIAN_POINT ( 'NONE',  ( 4371.319742358839903, -207.1509028500260001, 15.61184412939035937 ) ) ;
#4386 = CARTESIAN_POINT ( 'NONE',  ( 4371.656695457056230, -267.3606878453325635, 24.56059046961568271 ) ) ;
#4387 = CARTESIAN_POINT ( 'NONE',  ( 4367.241908354655607, -215.6191012113860950, 32.69237488141289560 ) ) ;
#4388 = CARTESIAN_POINT ( 'NONE',  ( 4389.093099473365328, -226.7223298347558966, 38.38836267136552749 ) ) ;
#4389 = CARTESIAN_POINT ( 'NONE',  ( 4375.712571832316826, -207.8193840406136417, -17.24229546457393525 ) ) ;
#4390 = CARTESIAN_POINT ( 'NONE',  ( 4393.144561734951822, -251.0384303675794513, 41.82108164704896325 ) ) ;
#4391 = DIRECTION ( 'NONE',  ( 0.000000000000000000, 0.000000000000000000, -1.000000000000000000 ) ) ;
#4392 = CARTESIAN_POINT ( 'NONE',  ( 4367.303311350894546, -256.1262668487928522, 44.84402763509783085 ) ) ;
#4393 = CARTESIAN_POINT ( 'NONE',  ( 4393.093706160056172, -205.2979960150234149, 8.032538077895212680 ) ) ;
#4394 = CARTESIAN_POINT ( 'NONE',  ( 4391.075938618540022, -207.8161684137026270, 16.31797213243254419 ) ) ;
#4395 = CARTESIAN_POINT ( 'NONE',  ( 4388.900477373002104, -224.0293878449494116, -33.78426549350300689 ) ) ;
#4396 = CARTESIAN_POINT ( 'NONE',  ( 4380.119665131247530, -222.2630846134266562, 33.32438191617359280 ) ) ;
#4397 = CARTESIAN_POINT ( 'NONE',  ( 4393.132147480520871, -231.6347263300592090, -37.15245026738479339 ) ) ;
#4398 = CARTESIAN_POINT ( 'NONE',  ( 4367.402239715142969, -252.4512664107365651, 47.33073569297205552 ) ) ;
#4399 = CARTESIAN_POINT ( 'NONE',  ( 4393.595808314655187, -251.4918492621808639, 44.64569126792684273 ) ) ;
#4400 = CARTESIAN_POINT ( 'NONE',  ( 4380.148468015067010, -256.9966027992467730, -36.34275428768317084 ) ) ;
#4401 = CARTESIAN_POINT ( 'NONE',  ( 4388.915675541979908, -242.9273540535367601, -40.98598099760310731 ) ) ;
#4402 = CARTESIAN_POINT ( 'NONE',  ( 4367.100673518455551, -206.9282637026977056, -15.04478768676800904 ) ) ;
#4403 = CARTESIAN_POINT ( 'NONE',  ( 4376.031433468906471, -253.3954412189799541, -46.58093717344772955 ) ) ;
#4404 = CARTESIAN_POINT ( 'NONE',  ( 4367.125112899100714, -227.4585441225274565, 40.34844439251907033 ) ) ;
#4405 = CARTESIAN_POINT ( 'NONE',  ( 4384.510216909287010, -221.9288069157700249, 32.80701716220829667 ) ) ;
#4406 = CARTESIAN_POINT ( 'NONE',  ( 4367.136704403963449, -246.2419654957477917, 43.64460002842108821 ) ) ;
#4407 = ORIENTED_EDGE ( 'NONE', *, *, #622, .T. ) ;
#4408 = CARTESIAN_POINT ( 'NONE',  ( 4380.273426811644640, -220.2180067653365825, 35.32695904053618818 ) ) ;
#4409 = CARTESIAN_POINT ( 'NONE',  ( 4375.763837240956491, -257.3574799390778480, 36.74081057298395336 ) ) ;
#4410 = CARTESIAN_POINT ( 'NONE',  ( 4393.093706634646878, -203.4313293483712641, 8.032549106252147908 ) ) ;
#4411 = CARTESIAN_POINT ( 'NONE',  ( 4367.077427686217561, -217.6305946618305711, -34.31565389151764123 ) ) ;
#4412 = CARTESIAN_POINT ( 'NONE',  ( 4380.347544822707277, -235.4883016653277252, -42.63767894221344790 ) ) ;
#4413 = ADVANCED_FACE ( 'NONE', ( #1198 ), #5268, .T. ) ;
#4414 = CARTESIAN_POINT ( 'NONE',  ( 4391.437218196922913, -257.0737396723431516, 39.47103796768079320 ) ) ;
#4415 = CARTESIAN_POINT ( 'NONE',  ( 4366.949500051448013, -226.4778329536939054, 36.70432257657382991 ) ) ;
#4416 = CARTESIAN_POINT ( 'NONE',  ( 4393.101834053791208, -206.9401498477360803, -13.53433932355058467 ) ) ;
#4417 = CARTESIAN_POINT ( 'NONE',  ( 4384.587729882378881, -208.2637252166243229, 23.53241224629345396 ) ) ;
#4418 = CARTESIAN_POINT ( 'NONE',  ( 4388.897209181451217, -220.2945180605491089, -31.38441144576058051 ) ) ;
#4419 = CARTESIAN_POINT ( 'NONE',  ( 4386.728074565777206, -253.6034416462822492, 41.16191409942159396 ) ) ;
#4420 = CARTESIAN_POINT ( 'NONE',  ( 4366.972261451755003, -204.4648230299028739, -16.63887668265022057 ) ) ;
#4421 = CARTESIAN_POINT ( 'NONE',  ( 4367.156667557481342, -205.0285847313955401, -18.30296196344911408 ) ) ;
#4422 = CARTESIAN_POINT ( 'NONE',  ( 4380.300688459895355, -225.6580787677369813, -38.50590346433062905 ) ) ;
#4423 = CARTESIAN_POINT ( 'NONE',  ( 4367.097827234485521, -206.4463560119181977, -12.70519887240062040 ) ) ;
#4424 = ADVANCED_FACE ( 'NONE', ( #3985 ), #6251, .T. ) ;
#4425 = CARTESIAN_POINT ( 'NONE',  ( 4371.326214913217882, -210.5931557433105183, 22.74929304414227360 ) ) ;
#4426 = CARTESIAN_POINT ( 'NONE',  ( 4393.603287274044305, -263.8852098449705750, 26.17536432394193824 ) ) ;
#4427 = CARTESIAN_POINT ( 'NONE',  ( 4393.371984837150194, -278.0757317612892621, -0.2953062038293703950 ) ) ;
#4428 = CARTESIAN_POINT ( 'NONE',  ( 4389.200748863895569, -251.8102354587394984, 45.12717783436602303 ) ) ;
#4429 = CARTESIAN_POINT ( 'NONE',  ( 4391.076304299787807, -207.9610180112773890, -16.68099819028891062 ) ) ;
#4430 = CARTESIAN_POINT ( 'NONE',  ( 4367.436266863795936, -268.0912865651311563, 24.10391400045698518 ) ) ;
#4431 = VERTEX_POINT ( 'NONE', #724 ) ;
#4432 = CARTESIAN_POINT ( 'NONE',  ( 4393.456616105447210, -221.3255447478235567, -35.09781519120559778 ) ) ;
#4433 = CARTESIAN_POINT ( 'NONE',  ( 4367.150432308321797, -254.2873826762599947, 44.69991931449456501 ) ) ;
#4434 = CARTESIAN_POINT ( 'NONE',  ( 4393.392753358049049, -273.9110529787903943, -7.476563102909212333 ) ) ;
#4435 = DIRECTION ( 'NONE',  ( 0.000000000000000000, 0.000000000000000000, 1.000000000000000000 ) ) ;
#4436 = CARTESIAN_POINT ( 'NONE',  ( 4393.297025636213220, -233.8088773792327970, 37.96673897923696472 ) ) ;
#4437 = CARTESIAN_POINT ( 'NONE',  ( 4386.706425978898551, -224.2894903368818689, -34.09414417494657812 ) ) ;
#4438 = CARTESIAN_POINT ( 'NONE',  ( 4382.338666659327828, -253.8760165208555009, 43.17844513239167270 ) ) ;
#4439 =( NAMED_UNIT ( * ) PLANE_ANGLE_UNIT ( ) SI_UNIT ( $, .RADIAN. ) );
#4440 = CARTESIAN_POINT ( 'NONE',  ( 4367.120032474056643, -222.1948897718826856, 34.13174857586161437 ) ) ;
#4441 = CARTESIAN_POINT ( 'NONE',  ( 4367.310891505007930, -230.3114343393799572, -41.63772785700267320 ) ) ;
#4442 = CARTESIAN_POINT ( 'NONE',  ( 4391.162729875976765, -207.2920829824593056, 21.68315333199887718 ) ) ;
#4443 = CARTESIAN_POINT ( 'NONE',  ( 4387.039399224948284, -260.4341632776678921, -34.18753180199111341 ) ) ;
#4444 = CARTESIAN_POINT ( 'NONE',  ( 4386.727540784614575, -255.5073778705949508, -37.55243030184890785 ) ) ;
#4445 = CARTESIAN_POINT ( 'NONE',  ( 4382.335278757068409, -247.9425824112449561, -42.49378371336219828 ) ) ;
#4446 = ORIENTED_EDGE ( 'NONE', *, *, #1691, .T. ) ;
#4447 = CARTESIAN_POINT ( 'NONE',  ( 4393.596774773347533, -251.9314830405274961, -44.67712292862913159 ) ) ;
#4448 = CARTESIAN_POINT ( 'NONE',  ( 4367.086133543819415, -219.3347980057993709, 35.57476864891316382 ) ) ;
#4449 = CARTESIAN_POINT ( 'NONE',  ( 4384.505515086498235, -216.8896516633541012, 29.01265061948958035 ) ) ;
#4450 = CARTESIAN_POINT ( 'NONE',  ( 4367.104417349749383, -208.1068071648600721, 18.43662808392231156 ) ) ;
#4451 = ORIENTED_EDGE ( 'NONE', *, *, #4356, .F. ) ;
#4452 = B_SPLINE_CURVE_WITH_KNOTS ( 'NONE', 3,
 ( #3976, #549, #3292, #3342 ),
 .UNSPECIFIED., .F., .F.,
 ( 4, 4 ),
 ( 0.000000000000000000, 1.000000000000000000 ),
 .UNSPECIFIED. ) ;
#4453 = CARTESIAN_POINT ( 'NONE',  ( 4380.221235202908247, -211.4339776192612135, 27.84747941721668241 ) ) ;
#4454 = CARTESIAN_POINT ( 'NONE',  ( 4384.532490989083271, -257.5925708567453398, 34.14753091889591730 ) ) ;
#4455 = LINE ( 'NONE', #4641, #4089 ) ;
#4456 = CARTESIAN_POINT ( 'NONE',  ( 4393.434618847983074, -217.6711596620413047, -32.63077921916431023 ) ) ;
#4457 = CARTESIAN_POINT ( 'NONE',  ( 4393.538247889743616, -237.4667250009007375, -42.09668327251695530 ) ) ;
#4458 = DIRECTION ( 'NONE',  ( 1.000000000000000000, 0.000000000000000000, -4.630148714024827843E-16 ) ) ;
#4459 = CARTESIAN_POINT ( 'NONE',  ( 4388.922277732475777, -251.9182866885398369, 42.33912272655638276 ) ) ;
#4460 = CARTESIAN_POINT ( 'NONE',  ( 4366.983548059486566, -254.4609414095823183, 44.73083937328814841 ) ) ;
#4461 = DIRECTION ( 'NONE',  ( 2.536234875824260354E-15, 0.000000000000000000, -1.000000000000000000 ) ) ;
#4462 = ADVANCED_FACE ( 'NONE', ( #2829 ), #3338, .T. ) ;
#4463 = CARTESIAN_POINT ( 'NONE',  ( 4384.687003700371861, -223.9837081952219648, 37.30038955615457041 ) ) ;
#4464 = CARTESIAN_POINT ( 'NONE',  ( 4375.725752627487964, -219.0265076206700599, -31.31954929275419275 ) ) ;
#4465 = CARTESIAN_POINT ( 'NONE',  ( 4367.093705806565595, -205.2979960148499003, 9.533960918662849338 ) ) ;
#4466 = CARTESIAN_POINT ( 'NONE',  ( 4380.133067860569099, -204.0323525661594886, -14.17619992740183932 ) ) ;
#4467 = CARTESIAN_POINT ( 'NONE',  ( 4367.436266863795936, -268.0912865651311563, 24.10391400045698518 ) ) ;
#4468 = CARTESIAN_POINT ( 'NONE',  ( 4367.116867888016714, -225.7229070818247010, -39.46128770440655131 ) ) ;
#4469 = FACE_OUTER_BOUND ( 'NONE', #2628, .T. ) ;
#4470 = CARTESIAN_POINT ( 'NONE',  ( 4375.759274392728003, -252.2742654379466103, 43.68760835590669700 ) ) ;
#4471 = CARTESIAN_POINT ( 'NONE',  ( 4376.876444576196263, -302.9155512315545593, 24.10391400045745058 ) ) ;
#4472 = CARTESIAN_POINT ( 'NONE',  ( 4393.139017268385942, -271.4523522486455818, 6.168831210868074955 ) ) ;
#4473 = CARTESIAN_POINT ( 'NONE',  ( 4375.759274391815779, -252.2742654380378156, -43.67978035508860302 ) ) ;
#4474 = ORIENTED_EDGE ( 'NONE', *, *, #3192, .F. ) ;
#4475 = CARTESIAN_POINT ( 'NONE',  ( 4389.201499118312313, -253.1238903106773250, 45.24321324869120531 ) ) ;
#4476 = CARTESIAN_POINT ( 'NONE',  ( 4371.323889122702894, -208.9286004521607936, -20.03382940033027992 ) ) ;
#4477 = CARTESIAN_POINT ( 'NONE',  ( 4393.098685690461934, -206.4179980090019058, 11.21399983103336062 ) ) ;
#4478 = ORIENTED_EDGE ( 'NONE', *, *, #2852, .T. ) ;
#4479 = CARTESIAN_POINT ( 'NONE',  ( 4380.277407904348365, -220.9306837642396317, -35.78333797074302680 ) ) ;
#4480 = ORIENTED_EDGE ( 'NONE', *, *, #935, .F. ) ;
#4481 = CARTESIAN_POINT ( 'NONE',  ( 4367.150432318134335, -254.2873826755211439, -44.69209131257801459 ) ) ;
#4482 = FACE_OUTER_BOUND ( 'NONE', #8880, .T. ) ;
#4483 = CARTESIAN_POINT ( 'NONE',  ( 4393.424650013123028, -249.2660866479350830, -44.42135755538950548 ) ) ;
#4484 = CARTESIAN_POINT ( 'NONE',  ( 4393.299088953321188, -235.9980268567688597, 38.75081566470797867 ) ) ;
#4485 = CARTESIAN_POINT ( 'NONE',  ( 4386.706327474727004, -224.1596857787533850, -34.01897425740964565 ) ) ;
#4486 = CARTESIAN_POINT ( 'NONE',  ( 4380.117614671413321, -219.9710556314077792, 31.75068506825370207 ) ) ;
#4487 = DIRECTION ( 'NONE',  ( 0.000000000000000000, 0.000000000000000000, 1.000000000000000000 ) ) ;
#4488 = CARTESIAN_POINT ( 'NONE',  ( 4367.121404817547955, -224.0002315696553126, 35.27389145233063772 ) ) ;
#4489 = CARTESIAN_POINT ( 'NONE',  ( 4367.279155902713683, -265.7212720622404163, -28.76962200749563792 ) ) ;
#4490 = CARTESIAN_POINT ( 'NONE',  ( 4393.510455800506861, -231.7289356052430946, 40.17870480549115797 ) ) ;
#4491 = CARTESIAN_POINT ( 'NONE',  ( 4371.313254766639147, -206.2313242438017937, -9.708552711809410596 ) ) ;
#4492 = CARTESIAN_POINT ( 'NONE',  ( 4387.026687067512285, -263.4534405934879260, -28.48265189731726110 ) ) ;
#4493 = CARTESIAN_POINT ( 'NONE',  ( 4384.529594655541587, -262.3670688284999528, -25.08466030168751715 ) ) ;
#4494 = CARTESIAN_POINT ( 'NONE',  ( 4380.143313797202609, -249.8631830360496338, -42.97427087290486725 ) ) ;
#4495 = CARTESIAN_POINT ( 'NONE',  ( 4384.807228595447668, -252.7300978501942268, -45.64693980361771253 ) ) ;
#4496 = CARTESIAN_POINT ( 'NONE',  ( 4367.144943118460105, -231.5965645156854293, 42.19353868168070676 ) ) ;
#4497 = CARTESIAN_POINT ( 'NONE',  ( 4384.509624401619476, -221.2801816588028885, 32.37512937940083901 ) ) ;
#4498 = CARTESIAN_POINT ( 'NONE',  ( 4367.120032461683877, -222.1948743436242353, 34.13173838144884087 ) ) ;
#4499 = EDGE_LOOP ( 'NONE', ( #4480, #8841, #4446, #5484 ) ) ;
#4500 = CARTESIAN_POINT ( 'NONE',  ( 4380.293930419889875, -224.2672508475858706, 37.77138562701818358 ) ) ;
#4501 = CARTESIAN_POINT ( 'NONE',  ( 4380.947391558322124, -305.5155512315545252, -26.22612988217233010 ) ) ;
#4502 = CARTESIAN_POINT ( 'NONE',  ( 4389.040198855032941, -217.0037753022754146, -32.42452492455010571 ) ) ;
#4503 = CARTESIAN_POINT ( 'NONE',  ( 4382.555268733704906, -237.8136337895050190, -43.16661430844290237 ) ) ;
#4504 = CARTESIAN_POINT ( 'NONE',  ( 4387.049135799597025, -256.4111398901168286, 41.80222146884798917 ) ) ;
#4505 = CARTESIAN_POINT ( 'NONE',  ( 4388.900768357733796, -224.4154703987939286, 34.01552177688007816 ) ) ;
#4506 = CARTESIAN_POINT ( 'NONE',  ( 4366.982964851957149, -253.8426694243782151, 44.67808236482247963 ) ) ;
#4507 = CARTESIAN_POINT ( 'NONE',  ( 4382.326886076049050, -272.1220488390590049, 7.018918448790345543 ) ) ;
#4508 = DIRECTION ( 'NONE',  ( -0.000000000000000000, 1.000000000000000000, -0.000000000000000000 ) ) ;
#4509 = CARTESIAN_POINT ( 'NONE',  ( 4376.071984441223321, -262.3863008002933839, -33.12151826942780986 ) ) ;
#4510 = CARTESIAN_POINT ( 'NONE',  ( 4384.740979364380109, -235.3754780770123887, 42.24281950351222292 ) ) ;
#4511 = CARTESIAN_POINT ( 'NONE',  ( 4391.091520736415077, -220.7879153975907798, -31.57378220954137049 ) ) ;
#4512 = DIRECTION ( 'NONE',  ( 0.000000000000000000, 0.000000000000000000, 1.000000000000000000 ) ) ;
#4513 = CARTESIAN_POINT ( 'NONE',  ( 4366.960603674886443, -204.0243983042352625, -14.90129986477325197 ) ) ;
#4514 = CARTESIAN_POINT ( 'NONE',  ( 4386.884476087365329, -224.2524332808410747, -37.27783284981581602 ) ) ;
#4515 = CARTESIAN_POINT ( 'NONE',  ( 4367.104040231761246, -207.9451989601192565, -18.06735457406217904 ) ) ;
#4516 = AXIS2_PLACEMENT_3D ( 'NONE', #7940, #7242, #81 ) ;
#4517 = CARTESIAN_POINT ( 'NONE',  ( 4371.325078174487317, -209.7109503502997825, 21.43084081089083526 ) ) ;
#4518 = CARTESIAN_POINT ( 'NONE',  ( 4374.441019707302985, -301.9155512315545593, -24.10391400045744348 ) ) ;
#4519 = CARTESIAN_POINT ( 'NONE',  ( 4393.350645673452163, -253.4937641774541817, -44.04144936512960840 ) ) ;
#4520 = CARTESIAN_POINT ( 'NONE',  ( 4393.313865178601191, -251.0266859308228220, -41.79465878608998963 ) ) ;
#4521 = ORIENTED_EDGE ( 'NONE', *, *, #6475, .T. ) ;
#4522 = CARTESIAN_POINT ( 'NONE',  ( 4389.200500349042159, -251.7348475780231070, 45.12026666373731132 ) ) ;
#4523 = CARTESIAN_POINT ( 'NONE',  ( 4388.882004153163507, -207.9626311258428757, -16.82061064441665010 ) ) ;
#4524 = CARTESIAN_POINT ( 'NONE',  ( 4367.445408608255093, -266.2226160306008182, -27.74974794012832646 ) ) ;
#4525 = ORIENTED_EDGE ( 'NONE', *, *, #3372, .F. ) ;
#4526 = CARTESIAN_POINT ( 'NONE',  ( 4382.478092153271973, -221.6434738566847784, -36.08118160859937262 ) ) ;
#4527 = CARTESIAN_POINT ( 'NONE',  ( 4367.201192640998670, -254.8981726232801748, -44.73995083906572034 ) ) ;
#4528 = CARTESIAN_POINT ( 'NONE',  ( 4387.927350238953295, -305.5155512315545252, -22.50391400045749535 ) ) ;
#4529 = CARTESIAN_POINT ( 'NONE',  ( 4393.399078959437247, -242.1509513447204824, 43.28036405790497554 ) ) ;
#4530 = CARTESIAN_POINT ( 'NONE',  ( 4391.071457278003436, -206.5918865096385559, 12.12189092534802626 ) ) ;
#4531 = CARTESIAN_POINT ( 'NONE',  ( 4366.947213346571516, -224.0532405437776049, -35.30929867380873333 ) ) ;
#4532 = CARTESIAN_POINT ( 'NONE',  ( 4380.119201887802774, -221.7649632617481359, 32.99816418928882911 ) ) ;
#4533 = CARTESIAN_POINT ( 'NONE',  ( 4375.931118778402379, -230.8630574238457882, 41.24601695166253990 ) ) ;
#4534 = AXIS2_PLACEMENT_3D ( 'NONE', #8573, #2451, #5835 ) ;
#4535 = DIRECTION ( 'NONE',  ( 0.000000000000000000, 0.000000000000000000, -1.000000000000000000 ) ) ;
#4536 = DIRECTION ( 'NONE',  ( 1.000000000000000000, 0.000000000000000000, 0.000000000000000000 ) ) ;
#4537 = CARTESIAN_POINT ( 'NONE',  ( 4393.559306475028279, -242.1441007866147572, 43.26363264071859760 ) ) ;
#4538 = CARTESIAN_POINT ( 'NONE',  ( 4389.143118860889444, -278.3366754447110338, 0.03019131875277005633 ) ) ;
#4539 = CARTESIAN_POINT ( 'NONE',  ( 4386.727222607893054, -256.4594691700746125, -35.75155904074797064 ) ) ;
#4540 = CARTESIAN_POINT ( 'NONE',  ( 4380.142325243214145, -248.6690120321762265, -42.81322547274068313 ) ) ;
#4541 = VERTEX_POINT ( 'NONE', #7491 ) ;
#4542 = CARTESIAN_POINT ( 'NONE',  ( 4391.400895536360622, -253.5305763704548951, -45.04590897668584404 ) ) ;
#4543 = EDGE_CURVE ( 'NONE', #7302, #3237, #8912, .T. ) ;
#4544 = CARTESIAN_POINT ( 'NONE',  ( 4367.049643957942862, -212.5795164486571878, 29.85677028583958759 ) ) ;
#4545 = CARTESIAN_POINT ( 'NONE',  ( 4384.513410916551948, -225.8572294268864766, 35.13800300740528826 ) ) ;
#4546 = CARTESIAN_POINT ( 'NONE',  ( 4393.446039227857000, -253.9441160535755841, 44.87875804075048336 ) ) ;
#4547 = CARTESIAN_POINT ( 'NONE',  ( 4380.333629657580786, -232.5474329167399219, 41.56604678239692419 ) ) ;
#4548 = CARTESIAN_POINT ( 'NONE',  ( 4393.309227697747701, -259.7083779405425048, 28.07449689834794171 ) ) ;
#4549 = DIRECTION ( 'NONE',  ( 0.000000000000000000, 0.000000000000000000, -1.000000000000000000 ) ) ;
#4550 = CARTESIAN_POINT ( 'NONE',  ( 4393.438813961432061, -218.3433275706002235, -33.12063496956201192 ) ) ;
#4551 = CARTESIAN_POINT ( 'NONE',  ( 4367.214052607620943, -245.8649237573276594, -46.42108527709446975 ) ) ;
#4552 = CARTESIAN_POINT ( 'NONE',  ( 4371.696442878506787, -258.6384814823354645, 41.36891482969627987 ) ) ;
#4553 = CARTESIAN_POINT ( 'NONE',  ( 4388.901720179853328, -225.5777093147428047, 34.66346659588918300 ) ) ;
#4554 = LINE ( 'NONE', #8753, #1470 ) ;
#4555 = LINE ( 'NONE', #3820, #152 ) ;
#4556 = CARTESIAN_POINT ( 'NONE',  ( 4384.771969875999275, -242.5339464296723406, 44.17120691257890996 ) ) ;
#4557 = CARTESIAN_POINT ( 'NONE',  ( 4367.412781845915561, -255.9642266739314778, -46.69383139370449243 ) ) ;
#4558 = CARTESIAN_POINT ( 'NONE',  ( 4384.541486437508865, -204.7565419572741803, -16.49042512431055130 ) ) ;
#4559 = CARTESIAN_POINT ( 'NONE',  ( 4391.280810816104349, -225.0587179304050949, -37.37954263657942988 ) ) ;
#4560 = CARTESIAN_POINT ( 'NONE',  ( 4367.202705348953714, -256.1264589884630141, 44.85365619387933833 ) ) ;
#4561 = CARTESIAN_POINT ( 'NONE',  ( 4371.339404351709163, -224.3131138284924191, 35.18729770882801944 ) ) ;
#4562 = CARTESIAN_POINT ( 'NONE',  ( 4393.167628093865460, -252.4539381773757611, -42.16453634972521058 ) ) ;
#4563 = CARTESIAN_POINT ( 'NONE',  ( 4366.981687332491674, -252.9082615233338913, -44.58223236735839379 ) ) ;
#4564 = VERTEX_POINT ( 'NONE', #4022 ) ;
#4565 = CARTESIAN_POINT ( 'NONE',  ( 4386.852535992703451, -218.3335312441256804, 33.57698046964140559 ) ) ;
#4566 = CARTESIAN_POINT ( 'NONE',  ( 4375.720582236484915, -213.5158070435693674, -26.23487522034709940 ) ) ;
#4567 = CARTESIAN_POINT ( 'NONE',  ( 4367.436266875392903, -302.9155512315545593, -20.17058066712415965 ) ) ;
#4568 = AXIS2_PLACEMENT_3D ( 'NONE', #411, #4487, #5217 ) ;
#4569 = CARTESIAN_POINT ( 'NONE',  ( 4367.096560053100802, -221.4444477532184123, -36.98127817379209148 ) ) ;
#4570 = CARTESIAN_POINT ( 'NONE',  ( 4367.403311259157817, -252.7760091955730388, -47.35547306278056823 ) ) ;
#4571 = FACE_OUTER_BOUND ( 'NONE', #2694, .T. ) ;
#4572 = CARTESIAN_POINT ( 'NONE',  ( 4393.303337896614721, -221.9803380181854777, 35.51509250891005820 ) ) ;
#4573 = MANIFOLD_SOLID_BREP ( 'Thicken1', #4883 ) ;
#4574 = CARTESIAN_POINT ( 'NONE',  ( 4391.091074436374583, -220.2943149995298313, 31.23955791437561658 ) ) ;
#4575 = CARTESIAN_POINT ( 'NONE',  ( 4382.316960410106731, -224.4269625260549788, -34.48971225614017300 ) ) ;
#4576 = CARTESIAN_POINT ( 'NONE',  ( 4380.098736138058484, -206.7635471152356104, 13.56806889125626370 ) ) ;
#4577 = B_SPLINE_SURFACE_WITH_KNOTS ( 'NONE', 1, 3, ( 
 ( #5156, #4427, #7946, #7123, #5722, #945, #6527, #5849, #257, #1511, #2924 ),
 ( #3049, #8631, #1685, #3652, #4472, #7081, #7248, #988, #819, #3781, #302 ),
 ( #2207, #4708, #4017, #4610, #7988, #6616, #5202, #6077, #8717, #1777, #6713 ) ),
 .UNSPECIFIED., .F., .F., .F.,
 ( 2, 1, 2 ),
 ( 4, 3, 2, 2, 4 ),
 ( 0.000000000000000000, 1.000000000000000000, 1.010000000000000009 ),
 ( -0.04829735131815342253, -0.03745849663379266503, 0.5044842375842450988, 0.7754556046932640223, 1.046426971802282946 ),
 .UNSPECIFIED. ) ;
#4578 = CARTESIAN_POINT ( 'NONE',  ( 4376.030514740918989, -252.8603358900801652, 46.54210250624441869 ) ) ;
#4579 = CARTESIAN_POINT ( 'NONE',  ( 4367.141073049237093, -254.9006384332428468, 44.75374211914422773 ) ) ;
#4580 = CARTESIAN_POINT ( 'NONE',  ( 4367.305367679809933, -260.0405971543062265, -39.76551826302815584 ) ) ;
#4581 = CARTESIAN_POINT ( 'NONE',  ( 4391.245665888231088, -218.6837286069043103, 33.52487167879098706 ) ) ;
#4582 = CARTESIAN_POINT ( 'NONE',  ( 4388.922421803767975, -254.3854496605664792, -39.13373408574203438 ) ) ;
#4583 = CARTESIAN_POINT ( 'NONE',  ( 4371.365556970524267, -248.5993358441322982, -43.62610127543822358 ) ) ;
#4584 = EDGE_CURVE ( 'NONE', #2845, #8738, #7259, .T. ) ;
#4585 = ORIENTED_EDGE ( 'NONE', *, *, #745, .F. ) ;
#4586 = DIRECTION ( 'NONE',  ( 0.9629640197141803304, 0.000000000000000000, -0.2696299255199759437 ) ) ;
#4587 = CARTESIAN_POINT ( 'NONE',  ( 4367.177767594906982, -238.3009660207180218, 44.59451943740015167 ) ) ;
#4588 = CARTESIAN_POINT ( 'NONE',  ( 4386.708087718878232, -226.3695791499385166, -35.24244937809242373 ) ) ;
#4589 = CARTESIAN_POINT ( 'NONE',  ( 4384.511822854733509, -223.7886772854660364, 33.96717235018770253 ) ) ;
#4590 = MANIFOLD_SOLID_BREP ( 'Mirror2', #6485 ) ;
#4591 = CARTESIAN_POINT ( 'NONE',  ( 4367.300051017936312, -256.1213424397955691, -44.80786257970989794 ) ) ;
#4592 = ORIENTED_EDGE ( 'NONE', *, *, #8429, .F. ) ;
#4593 = CARTESIAN_POINT ( 'NONE',  ( 4380.418217378641202, -252.3794414872158143, 46.06261453804817307 ) ) ;
#4594 = CARTESIAN_POINT ( 'NONE',  ( 4375.752160705641472, -265.0648367933259806, 21.93497620876178189 ) ) ;
#4595 = CARTESIAN_POINT ( 'NONE',  ( 4393.109589513620449, -209.6945293022892258, 20.11396626139763555 ) ) ;
#4596 = CARTESIAN_POINT ( 'NONE',  ( 4386.860364335845588, -219.7159601900088717, -34.53213512802583551 ) ) ;
#4597 = CARTESIAN_POINT ( 'NONE',  ( 4391.393986426723131, -249.9969252186844528, -44.71338021975185484 ) ) ;
#4598 = COLOUR_RGB ( '',0.7921568627450980005, 0.8196078431372548767, 0.9333333333333333481 ) ;
#4599 = CARTESIAN_POINT ( 'NONE',  ( 4388.903206488445903, -227.4091871639201372, 35.61106496175156622 ) ) ;
#4600 = LINE ( 'NONE', #5927, #6428 ) ;
#4601 = PLANE ( 'NONE',  #8329 ) ;
#4602 = CARTESIAN_POINT ( 'NONE',  ( 4382.392241235561414, -208.2654608660065207, 23.66606427704159898 ) ) ;
#4603 = CARTESIAN_POINT ( 'NONE',  ( 4384.509201619620399, -220.7876619950937993, -32.02953605454083430 ) ) ;
#4604 = CARTESIAN_POINT ( 'NONE',  ( 4376.100906283545555, -268.9430482238179820, 20.50391400045736745 ) ) ;
#4605 = CARTESIAN_POINT ( 'NONE',  ( 4380.196495622571092, -208.2664209861797815, -23.78870439762936329 ) ) ;
#4606 = CARTESIAN_POINT ( 'NONE',  ( 4367.280098728062512, -223.3941676269488141, -38.15723509276987357 ) ) ;
#4607 = CARTESIAN_POINT ( 'NONE',  ( 4371.509182571762722, -225.1334104143267609, -38.85316894598504689 ) ) ;
#4608 = CARTESIAN_POINT ( 'NONE',  ( 4367.567902132933341, -255.8792369986620088, 47.62054792872726949 ) ) ;
#4609 = CARTESIAN_POINT ( 'NONE',  ( 4371.337589227489843, -222.2603338343175778, 33.90843605821321205 ) ) ;
#4610 = CARTESIAN_POINT ( 'NONE',  ( 4393.133622082827060, -275.4309897271841123, -1.325499361069102600 ) ) ;
#4611 = CARTESIAN_POINT ( 'NONE',  ( 4388.922074865812647, -251.6271771111673843, -42.30410961158691663 ) ) ;
#4612 = VERTEX_POINT ( 'NONE', #7197 ) ;
#4613 = CARTESIAN_POINT ( 'NONE',  ( 4386.879682939220402, -223.3002330918415339, 36.75629320314520498 ) ) ;
#4614 = CARTESIAN_POINT ( 'NONE',  ( 4366.937548565108045, -213.5130672927818125, -26.73499282615138384 ) ) ;
#4615 = CARTESIAN_POINT ( 'NONE',  ( 4393.120322803017189, -218.0893841541473819, 29.45047752439807454 ) ) ;
#4616 = VERTEX_POINT ( 'NONE', #3557 ) ;
#4617 = CARTESIAN_POINT ( 'NONE',  ( 4384.675167911282188, -221.6484223068556503, -35.93027958173066594 ) ) ;
#4618 = CARTESIAN_POINT ( 'NONE',  ( 4367.406100782461181, -255.8914085745797138, -47.62921617970387445 ) ) ;
#4619 = CARTESIAN_POINT ( 'NONE',  ( 4393.144980881262200, -252.3502545802411419, -41.93470204699797677 ) ) ;
#4620 = CARTESIAN_POINT ( 'NONE',  ( 4393.307605430596595, -222.7561587921104831, 35.96977439451253389 ) ) ;
#4621 = CARTESIAN_POINT ( 'NONE',  ( 4391.084915424795327, -214.0318907101925845, 25.87102687168678372 ) ) ;
#4622 = CARTESIAN_POINT ( 'NONE',  ( 4380.121701850915997, -224.6948636552794198, -34.79802164489125715 ) ) ;
#4623 = CARTESIAN_POINT ( 'NONE',  ( 4380.143806705043971, -250.4607838806704478, 43.05907528930747930 ) ) ;
#4624 = CARTESIAN_POINT ( 'NONE',  ( 4376.018333704853831, -249.7917305847948057, 46.20775684373181491 ) ) ;
#4625 = CARTESIAN_POINT ( 'NONE',  ( 4367.140863567348788, -253.5142476065052506, 44.63293273856670140 ) ) ;
#4626 = CARTESIAN_POINT ( 'NONE',  ( 4374.441019707302985, -305.5155512315545252, -22.40391400045749393 ) ) ;
#4627 = CARTESIAN_POINT ( 'NONE',  ( 4391.260077762507535, -221.1375253589102385, 35.15012646139354047 ) ) ;
#4628 = CARTESIAN_POINT ( 'NONE',  ( 4384.482489179371441, -206.2426841648901643, -9.357267332425088568 ) ) ;
#4629 = CARTESIAN_POINT ( 'NONE',  ( 4393.618448832135073, -260.8852528177574754, -31.77275142319700052 ) ) ;
#4630 = CARTESIAN_POINT ( 'NONE',  ( 4384.533513649758788, -252.8123197725582543, -43.19547641974493501 ) ) ;
#4631 = CARTESIAN_POINT ( 'NONE',  ( 4375.754921834645756, -248.3354803408541898, -43.17858265749621438 ) ) ;
#4632 = FILL_AREA_STYLE ('',( #5458 ) ) ;
#4633 = EDGE_LOOP ( 'NONE', ( #372, #7465, #7387, #5959, #2894, #138, #7406, #1039, #2554, #4270, #695, #3787, #102, #5466, #307, #2064, #5134 ) ) ;
#4634 = CARTESIAN_POINT ( 'NONE',  ( 4391.400942670717995, -254.1057871510581379, -45.09669314074455571 ) ) ;
#4635 = CARTESIAN_POINT ( 'NONE',  ( 4393.151209740883132, -252.3187004976331025, -41.99265584664675544 ) ) ;
#4636 = CARTESIAN_POINT ( 'NONE',  ( 4384.530865507845192, -254.2923727401420422, 42.99462564685423871 ) ) ;
#4637 = CARTESIAN_POINT ( 'NONE',  ( 4375.941019707302985, -305.5155512315545252, 20.90391400045749393 ) ) ;
#4638 = ORIENTED_EDGE ( 'NONE', *, *, #8447, .T. ) ;
#4639 = CARTESIAN_POINT ( 'NONE',  ( 4380.419510808485938, -253.8050299230998235, 46.18761034328835535 ) ) ;
#4640 = CARTESIAN_POINT ( 'NONE',  ( 4384.532033469746239, -258.5478062327209159, 32.33654928644337900 ) ) ;
#4641 = CARTESIAN_POINT ( 'NONE',  ( 4367.441019707303894, -305.5155512315545252, -24.10391400045742571 ) ) ;
#4642 = CARTESIAN_POINT ( 'NONE',  ( 4389.053279455673874, -219.2010368399382685, -34.02919080563133747 ) ) ;
#4643 = CARTESIAN_POINT ( 'NONE',  ( 4393.585524915680253, -248.6606956487697744, -44.32759014244808071 ) ) ;
#4644 = CARTESIAN_POINT ( 'NONE',  ( 4371.490722729845402, -221.2747111285727897, 36.60051068418927400 ) ) ;
#4645 = CARTESIAN_POINT ( 'NONE',  ( 4388.922480596736023, -252.2093962661118951, 42.36630784087302004 ) ) ;
#4646 = DIRECTION ( 'NONE',  ( 0.000000000000000000, -1.000000000000000000, 0.000000000000000000 ) ) ;
#4647 = CARTESIAN_POINT ( 'NONE',  ( 4393.300793243045518, -204.0342310004581918, 13.36836801056523072 ) ) ;
#4648 = CARTESIAN_POINT ( 'NONE',  ( 4384.806988781567270, -253.4631235083208480, 45.71900682146538486 ) ) ;
#4649 = CARTESIAN_POINT ( 'NONE',  ( 4371.336828095582860, -221.4381932698811397, -33.35013140024326361 ) ) ;
#4650 = CARTESIAN_POINT ( 'NONE',  ( 4367.141073049272563, -254.9006381696791266, -44.74591409547836918 ) ) ;
#4651 = CARTESIAN_POINT ( 'NONE',  ( 4391.153146505824225, -206.4337306409792347, -20.14999129293377678 ) ) ;
#4652 = CARTESIAN_POINT ( 'NONE',  ( 4367.270013820684653, -221.1967080508952108, -36.81116425644852086 ) ) ;
#4653 = CARTESIAN_POINT ( 'NONE',  ( 4380.314306484729059, -228.4882808773391787, -39.87540491862328196 ) ) ;
#4654 = CARTESIAN_POINT ( 'NONE',  ( 4393.093705806565595, -203.4313293483461393, 12.12391400045757095 ) ) ;
#4655 = CARTESIAN_POINT ( 'NONE',  ( 4371.336119166328899, -220.6194070010517123, 32.78536337440257853 ) ) ;
#4656 = CARTESIAN_POINT ( 'NONE',  ( 4393.169129584736766, -252.4407970211967722, -42.17797815403834960 ) ) ;
#4657 = ORIENTED_EDGE ( 'NONE', *, *, #7305, .T. ) ;
#4658 = CARTESIAN_POINT ( 'NONE',  ( 4386.820648719539349, -213.1951105869196397, 29.27229103178132874 ) ) ;
#4659 = CARTESIAN_POINT ( 'NONE',  ( 4386.697377364987915, -214.5840469469797540, -26.71164313371222576 ) ) ;
#4660 = CARTESIAN_POINT ( 'NONE',  ( 4393.584548324729440, -266.6934593673302629, -20.93244082656525151 ) ) ;
#4661 = ORIENTED_EDGE ( 'NONE', *, *, #5540, .T. ) ;
#4662 = CARTESIAN_POINT ( 'NONE',  ( 4393.461733400548837, -222.2496722108559766, -35.65562786457095967 ) ) ;
#4663 = LINE ( 'NONE', #1929, #7279 ) ;
#4664 = CARTESIAN_POINT ( 'NONE',  ( 4393.460470455108407, -253.9430570965337495, -44.86934488693235323 ) ) ;
#4665 = VECTOR ( 'NONE', #7336, 1000.000000000000000 ) ;
#4666 = CARTESIAN_POINT ( 'NONE',  ( 4393.252378627302278, -213.7985884066140727, 29.44416176541205488 ) ) ;
#4667 = CARTESIAN_POINT ( 'NONE',  ( 4391.091957472834110, -221.2806438425712372, 31.91605288731909340 ) ) ;
#4668 = CARTESIAN_POINT ( 'NONE',  ( 4380.121814086456652, -224.8261671686578893, -34.87336655833440346 ) ) ;
#4669 = CARTESIAN_POINT ( 'NONE',  ( 4380.145890178134323, -253.1557639721860937, 43.33380608316342375 ) ) ;
#4670 = CARTESIAN_POINT ( 'NONE',  ( 4375.922680442292403, -229.1100460606889442, 40.49448539790996904 ) ) ;
#4671 = CARTESIAN_POINT ( 'NONE',  ( 4367.375931461941946, -280.4191122659923963, 0.003914000458055512735 ) ) ;
#4672 = CARTESIAN_POINT ( 'NONE',  ( 4367.438643291347944, -302.9155512315545593, 20.50391400045749180 ) ) ;
#4673 = CARTESIAN_POINT ( 'NONE',  ( 0.000000000000000000, -302.9155512315545593, 0.000000000000000000 ) ) ;
#4674 = CIRCLE ( 'NONE', #8025, 0.4000000000000010214 ) ;
#4675 = CARTESIAN_POINT ( 'NONE',  ( 4391.393986432448401, -249.9969252183058188, 44.72120822004572460 ) ) ;
#4676 = CARTESIAN_POINT ( 'NONE',  ( 4371.314663193601518, -206.2839437303280476, -10.90385934247730582 ) ) ;
#4677 = CARTESIAN_POINT ( 'NONE',  ( 4393.626224264644407, -258.8922814638663681, -35.50937387692239611 ) ) ;
#4678 = CARTESIAN_POINT ( 'NONE',  ( 4393.474901659067655, -253.9419982024102467, 44.87558764254978882 ) ) ;
#4679 = CARTESIAN_POINT ( 'NONE',  ( 4391.100679836741620, -231.1244931195754191, -37.11373361804938042 ) ) ;
#4680 = ORIENTED_EDGE ( 'NONE', *, *, #5320, .T. ) ;
#4681 = CARTESIAN_POINT ( 'NONE',  ( 4377.248871677511488, -289.7815121590419380, 27.26171544879925790 ) ) ;
#4682 = CARTESIAN_POINT ( 'NONE',  ( 4376.741019707303167, -302.9155512315545593, -24.00391400045749535 ) ) ;
#4683 = VECTOR ( 'NONE', #6798, 1000.000000000000000 ) ;
#4684 = CARTESIAN_POINT ( 'NONE',  ( 4391.098286171588370, -228.4482361646144000, -35.93681187625772822 ) ) ;
#4685 = CARTESIAN_POINT ( 'NONE',  ( 4384.530828190849206, -254.8787881378363238, 43.04600103203438266 ) ) ;
#4686 = CARTESIAN_POINT ( 'NONE',  ( 4367.141038519384892, -256.1310924598252541, -44.85211451936696392 ) ) ;
#4687 = ORIENTED_EDGE ( 'NONE', *, *, #631, .F. ) ;
#4688 = CARTESIAN_POINT ( 'NONE',  ( 4386.712704044663042, -232.2938863851227609, -37.93722047587780111 ) ) ;
#4689 = CARTESIAN_POINT ( 'NONE',  ( 4380.419485328126029, -252.9138825322785351, 46.10989092093303299 ) ) ;
#4690 = CARTESIAN_POINT ( 'NONE',  ( 4384.531118431073082, -260.4582769846718975, 28.71458602153831308 ) ) ;
#4691 = CARTESIAN_POINT ( 'NONE',  ( 4389.050311601860813, -218.6802339556864183, -33.66721285070039471 ) ) ;
#4692 = CARTESIAN_POINT ( 'NONE',  ( 4391.391794451303213, -249.3986468851937843, -44.64383403097980363 ) ) ;
#4693 = CARTESIAN_POINT ( 'NONE',  ( 4371.495527453264003, -222.2196395319247415, 37.19156701020187228 ) ) ;
#4694 = CARTESIAN_POINT ( 'NONE',  ( 4386.703706824368965, -221.1166650015747166, 32.11157517357538893 ) ) ;
#4695 = LINE ( 'NONE', #6114, #2488 ) ;
#4696 = FACE_OUTER_BOUND ( 'NONE', #261, .T. ) ;
#4697 = CARTESIAN_POINT ( 'NONE',  ( 4393.366283535970069, -208.2505164227720797, 22.97543673398491038 ) ) ;
#4698 = CARTESIAN_POINT ( 'NONE',  ( 4384.807324525337208, -252.4368875867108954, 45.62907219443316365 ) ) ;
#4699 = CARTESIAN_POINT ( 'NONE',  ( 4375.727877295981671, -221.4397686028371481, -33.06705533803098973 ) ) ;
#4700 = CARTESIAN_POINT ( 'NONE',  ( 4393.355577482754597, -232.2998589398214904, 40.40493377372047945 ) ) ;
#4701 = CARTESIAN_POINT ( 'NONE',  ( 4371.421021161768294, -209.2292233625137214, -25.73523236448645335 ) ) ;
#4702 = ADVANCED_FACE ( 'NONE', ( #5488 ), #5100, .F. ) ;
#4703 = CARTESIAN_POINT ( 'NONE',  ( 4367.273151937596595, -221.8730331591693243, -37.24122261697984015 ) ) ;
#4704 = CARTESIAN_POINT ( 'NONE',  ( 4393.485050712466546, -226.6922604224742486, -38.02196043516319435 ) ) ;
#4705 = CARTESIAN_POINT ( 'NONE',  ( 4374.441019707302985, -302.9155512315545593, -26.00391400045749535 ) ) ;
#4706 = B_SPLINE_CURVE_WITH_KNOTS ( 'NONE', 3,
 ( #6420, #5698, #8477, #4187, #2227, #7102, #841, #3631, #1059, #8566, #6644, #4406, #2398, #6551, #7839, #1664, #1576, #7880, #3119, #282, #7323, #968, #3759, #2311, #2445, #3672, #6596, #5829, #1711, #5744, #7184, #3854, #7967, #1757, #4498, #3029, #2270, #8610, #8014, #8655, #5871, #4364, #7272, #2945, #2355, #925, #6465, #327, #196, #5183, #5045, #1622, #5228, #4450, #5918, #2987, #5787, #3717, #8521, #1015, #3074, #6507, #5085, #238, #7145, #7227 ),
 .UNSPECIFIED., .F., .F.,
 ( 4, 2, 2, 2, 2, 2, 2, 2, 2, 2, 2, 2, 2, 2, 2, 2, 2, 2, 2, 2, 2, 2, 2, 2, 2, 2, 2, 2, 2, 2, 2, 2, 4 ),
 ( 0.000000000000000000, 0.03244316649648697898, 0.04866474974473193604, 0.06488633299297690005, 0.09732949948946396923, 0.1297726659859524678, 0.2595453319719023266, 0.3893179979578520467, 0.4217611644543401428, 0.4542043309508282389, 0.4866474974473163351, 0.5190906639438044312, 0.5839769969367819558, 0.5920877885609039382, 0.6001985801850256985, 0.6083093718091475699, 0.6164201634332695523, 0.6245309550573913127, 0.6326417466815132951, 0.6407525383056350554, 0.6488633299297569268, 0.6813064964262439682, 0.7137496629227307876, 0.7461928294192176070, 0.7786359959157044264, 0.8435223289086790643, 0.9084086619016535913, 0.9246302451498974451, 0.9408518283981411878, 0.9732949948946291174, 1.005738161391116936, 1.021959744639360901, 1.038181327887604866 ),
 .UNSPECIFIED. ) ;
#4707 = CARTESIAN_POINT ( 'NONE',  ( 4371.336403794461148, -220.9488992055833876, 33.01879083898191425 ) ) ;
#4708 = CARTESIAN_POINT ( 'NONE',  ( 4393.133507769869539, -275.5911187006212799, -1.624746348787883710 ) ) ;
#4709 = ORIENTED_EDGE ( 'NONE', *, *, #3192, .T. ) ;
#4710 = CARTESIAN_POINT ( 'NONE',  ( 4386.864360168500752, -220.4038882836789526, 34.99617540571131258 ) ) ;
#4711 = CARTESIAN_POINT ( 'NONE',  ( 4388.891056555125942, -214.0350839824808702, -26.00565862555218999 ) ) ;
#4712 = DIRECTION ( 'NONE',  ( 0.2696299255199759437, 0.000000000000000000, -0.9629640197141803304 ) ) ;
#4713 = CARTESIAN_POINT ( 'NONE',  ( 4384.811936421450810, -268.3365208348522515, -19.73389377948891266 ) ) ;
#4714 = ADVANCED_FACE ( 'NONE', ( #3729 ), #4206, .F. ) ;
#4715 = CARTESIAN_POINT ( 'NONE',  ( 4384.680281761157858, -222.6184893844990142, -36.51414163260316315 ) ) ;
#4716 = DIRECTION ( 'NONE',  ( 0.000000000000000000, 0.000000000000000000, 1.000000000000000000 ) ) ;
#4717 = DIRECTION ( 'NONE',  ( 0.000000000000000000, 0.000000000000000000, 1.000000000000000000 ) ) ;
#4718 = CARTESIAN_POINT ( 'NONE',  ( 4391.092414585649749, -221.7664174231389040, 32.23755786680992941 ) ) ;
#4719 = CARTESIAN_POINT ( 'NONE',  ( 4371.340130774437057, -225.1136296243160189, -35.64486579067108352 ) ) ;
#4720 = CARTESIAN_POINT ( 'NONE',  ( 4380.135743666455710, -240.9944437451325712, 41.29340597775652100 ) ) ;
#4721 = CARTESIAN_POINT ( 'NONE',  ( 4376.030818164224911, -252.9387372628441710, 46.54909185362613044 ) ) ;
#4722 = CARTESIAN_POINT ( 'NONE',  ( 4367.467792620651380, -255.8028834607657416, -47.78197162268703835 ) ) ;
#4723 = PLANE ( 'NONE',  #5096 ) ;
#4724 = CARTESIAN_POINT ( 'NONE',  ( 4391.396124542491634, -250.5985744543623355, 44.78421923344043165 ) ) ;
#4725 = CARTESIAN_POINT ( 'NONE',  ( 4384.483096696704706, -206.2653403916451680, -9.755044184100219340 ) ) ;
#4726 = CARTESIAN_POINT ( 'NONE',  ( 4393.632191597494057, -256.9049114208229412, -39.24577348357203732 ) ) ;
#4727 = CARTESIAN_POINT ( 'NONE',  ( 4393.412653930227862, -269.9064240979298006, -14.95700766636404389 ) ) ;
#4728 = CARTESIAN_POINT ( 'NONE',  ( 4384.516659883357534, -230.1323026648769883, -37.21552789531448013 ) ) ;
#4729 = LINE ( 'NONE', #8929, #5768 ) ;
#4730 = ORIENTED_EDGE ( 'NONE', *, *, #6487, .F. ) ;
#4731 = CARTESIAN_POINT ( 'NONE',  ( 4382.613245379481668, -254.8141590655212951, -46.04974081784340711 ) ) ;
#4732 = CARTESIAN_POINT ( 'NONE',  ( 4367.249190274601460, -254.8389214731715526, 47.56118904052932805 ) ) ;
#4733 = CARTESIAN_POINT ( 'NONE',  ( 4386.709336717991391, -227.9560710563531529, -36.04128902308342219 ) ) ;
#4734 = CARTESIAN_POINT ( 'NONE',  ( 4382.293541433460632, -206.7644783620364990, 13.43985353768235136 ) ) ;
#4735 = CARTESIAN_POINT ( 'NONE',  ( 4367.256297423622527, -254.8206627373177469, -45.66886857735325833 ) ) ;
#4736 = EDGE_LOOP ( 'NONE', ( #5964, #2212, #7732, #4907 ) ) ;
#4737 = CARTESIAN_POINT ( 'NONE',  ( 4393.296000073450159, -232.7168613043439223, -37.55961421866899741 ) ) ;
#4738 = CARTESIAN_POINT ( 'NONE',  ( 4375.813434493788009, -209.2306656999586778, 25.49385403299314845 ) ) ;
#4739 = CARTESIAN_POINT ( 'NONE',  ( 4386.859417991820919, -219.5435150661600403, -34.41480130069268739 ) ) ;
#4740 = CARTESIAN_POINT ( 'NONE',  ( 4376.020904962999339, -250.4197204303166870, -46.28085248206197377 ) ) ;
#4741 = CARTESIAN_POINT ( 'NONE',  ( 4371.497336890967745, -222.6120440440384982, 37.42809110988844878 ) ) ;
#4742 = CARTESIAN_POINT ( 'NONE',  ( 4386.696779620398956, -214.0375118289013869, 26.15312053122136149 ) ) ;
#4743 = DIRECTION ( 'NONE',  ( 4.630148714024827843E-16, 0.000000000000000000, -1.000000000000000000 ) ) ;
#4744 = CARTESIAN_POINT ( 'NONE',  ( 4393.502014398669417, -230.0309434837027993, 39.51016375415383663 ) ) ;
#4745 = CARTESIAN_POINT ( 'NONE',  ( 4382.555268737302868, -237.8136337893757286, 43.17444230901149638 ) ) ;
#4746 = CARTESIAN_POINT ( 'NONE',  ( 4393.431825873603884, -253.3732672649511244, 44.82968717696194716 ) ) ;
#4747 = CARTESIAN_POINT ( 'NONE',  ( 4384.578739078071521, -207.3010332299315337, -22.08914255160042472 ) ) ;
#4748 =( GEOMETRIC_REPRESENTATION_CONTEXT ( 3 ) GLOBAL_UNCERTAINTY_ASSIGNED_CONTEXT ( ( #7864 ) ) GLOBAL_UNIT_ASSIGNED_CONTEXT ( ( #5366, #2620, #5596 ) ) REPRESENTATION_CONTEXT ( 'NONE', 'WORKASPACE' ) );
#4749 = CARTESIAN_POINT ( 'NONE',  ( 4391.303313787581828, -229.4972299817701469, -39.45768191290025584 ) ) ;
#4750 = CARTESIAN_POINT ( 'NONE',  ( 4367.236037899130679, -256.1239544446247578, 44.85025794473477134 ) ) ;
#4751 = CARTESIAN_POINT ( 'NONE',  ( 4371.359805292092460, -243.7307435303002023, 42.75768123659295128 ) ) ;
#4752 = ADVANCED_FACE ( 'NONE', ( #6001 ), #4723, .F. ) ;
#4753 = CARTESIAN_POINT ( 'NONE',  ( 4393.344697452786022, -230.0328295097385478, -39.51608732497069809 ) ) ;
#4754 = CARTESIAN_POINT ( 'NONE',  ( 4387.000127666391563, -250.9053895526689928, 45.26030228639688602 ) ) ;
#4755 = CARTESIAN_POINT ( 'NONE',  ( 4391.085489567758486, -214.5788777641005538, -26.42833384040950406 ) ) ;
#4756 = LINE ( 'NONE', #2604, #3641 ) ;
#4757 = VERTEX_POINT ( 'NONE', #6867 ) ;
#4758 = CARTESIAN_POINT ( 'NONE',  ( 4380.285404733719588, -222.4871456157207206, -36.74508279958835999 ) ) ;
#4759 = PLANE ( 'NONE',  #8458 ) ;
#4760 = CARTESIAN_POINT ( 'NONE',  ( 4393.431409729451843, -253.9451896215578870, -44.87253687497210564 ) ) ;
#4761 = CARTESIAN_POINT ( 'NONE',  ( 4391.085489570387836, -214.5788777640901230, 26.43616184114544865 ) ) ;
#4762 = CARTESIAN_POINT ( 'NONE',  ( 4375.730745226604995, -224.7046337758542336, -35.11218780411535079 ) ) ;
#4763 = CARTESIAN_POINT ( 'NONE',  ( 4380.142820892170676, -249.2655821911973533, 42.90512245803149938 ) ) ;
#4764 = CARTESIAN_POINT ( 'NONE',  ( 4380.447166037653005, -264.0329355699765870, 28.92732773813721536 ) ) ;
#4765 = CARTESIAN_POINT ( 'NONE',  ( 4367.402239715142969, -252.4512664107365651, 47.33073569297205552 ) ) ;
#4766 = CARTESIAN_POINT ( 'NONE',  ( 4391.303313793291636, -229.4972299816850807, 39.46550991331756109 ) ) ;
#4767 = CARTESIAN_POINT ( 'NONE',  ( 4382.288196025234356, -206.2424474615240513, -9.487652110104198400 ) ) ;
#4768 = CARTESIAN_POINT ( 'NONE',  ( 4377.141019707303712, -289.7815121590419380, 26.87652984091358377 ) ) ;
#4769 = CARTESIAN_POINT ( 'NONE',  ( 4371.345650749731249, -230.8695203800961337, -38.52867193485940334 ) ) ;
#4770 = LINE ( 'NONE', #4039, #7793 ) ;
#4771 = ORIENTED_EDGE ( 'NONE', *, *, #901, .T. ) ;
#4772 = CARTESIAN_POINT ( 'NONE',  ( 4393.093705806565595, -203.4313293483461393, -8.024708257892008589 ) ) ;
#4773 = CARTESIAN_POINT ( 'NONE',  ( 4393.263136104244950, -206.2899108787462978, 9.611700472269527395 ) ) ;
#4774 = CARTESIAN_POINT ( 'NONE',  ( 4382.302981301931140, -210.5900303622381102, 22.10772533486920111 ) ) ;
#4775 = PLANE ( 'NONE',  #8755 ) ;
#4776 = ORIENTED_EDGE ( 'NONE', *, *, #2625, .F. ) ;
#4777 = CARTESIAN_POINT ( 'NONE',  ( 4382.662957081252898, -256.7476535215539570, -42.24223232635752368 ) ) ;
#4778 = CARTESIAN_POINT ( 'NONE',  ( 4375.883117484899230, -220.9212620635424571, 36.08447516432399027 ) ) ;
#4779 = CARTESIAN_POINT ( 'NONE',  ( 4386.857517511678452, -219.1972140220872518, -34.17775202794967271 ) ) ;
#4780 = CARTESIAN_POINT ( 'NONE',  ( 4389.198242766274234, -251.0545124500276302, -45.04733769695269530 ) ) ;
#4781 = CARTESIAN_POINT ( 'NONE',  ( 4371.473768666729484, -217.9730859777569378, 34.31431671250531679 ) ) ;
#4782 = CARTESIAN_POINT ( 'NONE',  ( 4386.697971112022060, -215.1481598211865105, 27.26965108735640442 ) ) ;
#4783 = DIRECTION ( 'NONE',  ( 1.000000000000000000, 0.000000000000000000, 0.000000000000000000 ) ) ;
#4784 = CARTESIAN_POINT ( 'NONE',  ( 4393.396972201729113, -211.9971572929516128, 27.65083351304684456 ) ) ;
#4785 = CARTESIAN_POINT ( 'NONE',  ( 4382.565778040382611, -240.2227299760344010, 43.78395102149532647 ) ) ;
#4786 = CARTESIAN_POINT ( 'NONE',  ( 4388.898515760460214, -221.7663076853271775, -32.38572820242283257 ) ) ;
#4787 = CARTESIAN_POINT ( 'NONE',  ( 4393.217417268026111, -209.2135606610057152, 24.42128956170851950 ) ) ;
#4788 = CARTESIAN_POINT ( 'NONE',  ( 4382.401084106474627, -209.2280726335576730, -25.09381979060519541 ) ) ;
#4789 = CARTESIAN_POINT ( 'NONE',  ( 4380.303406005969009, -226.2206713963631728, -38.78859838489383094 ) ) ;
#4790 = CARTESIAN_POINT ( 'NONE',  ( 4367.126615504854271, -231.4181129040910037, -39.07218448072742945 ) ) ;
#4791 = CARTESIAN_POINT ( 'NONE',  ( 4366.925237199910953, -206.4472139848493555, 12.72883378145340671 ) ) ;
#4792 = CARTESIAN_POINT ( 'NONE',  ( 4393.303337940773417, -221.9803460481141713, -35.50726931725286306 ) ) ;
#4793 = CARTESIAN_POINT ( 'NONE',  ( 4371.371041057147522, -253.2073711590985283, -44.19436388765184631 ) ) ;
#4794 = VERTEX_POINT ( 'NONE', #557 ) ;
#4795 = CARTESIAN_POINT ( 'NONE',  ( 4387.003114054798061, -251.8195056761662443, 45.35060213538846341 ) ) ;
#4796 = CARTESIAN_POINT ( 'NONE',  ( 4366.941264935481740, -217.4808666353529532, -30.60586092615126574 ) ) ;
#4797 = CARTESIAN_POINT ( 'NONE',  ( 4366.922003528592541, -203.4313293485140832, -9.534849497636804116 ) ) ;
#4798 = CARTESIAN_POINT ( 'NONE',  ( 4380.283334171622300, -222.0924965907548483, -36.50837272973208769 ) ) ;
#4799 = CARTESIAN_POINT ( 'NONE',  ( 4367.231562263608794, -213.7293872630812643, -31.01056207063813730 ) ) ;
#4800 = CARTESIAN_POINT ( 'NONE',  ( 4367.438643291347944, -302.9155512315545593, -20.50391400045749180 ) ) ;
#4801 = CARTESIAN_POINT ( 'NONE',  ( 4388.891641876069116, -214.5818289508120813, 26.57921709382029718 ) ) ;
#4802 = CARTESIAN_POINT ( 'NONE',  ( 4375.730626571887115, -224.5722820706566267, -35.03573682698654324 ) ) ;
#4803 = CARTESIAN_POINT ( 'NONE',  ( 4380.121589616778692, -224.5635601418878196, 34.73050473225718093 ) ) ;
#4804 = CARTESIAN_POINT ( 'NONE',  ( 4389.225336031883671, -262.2570260125867776, 30.23400674378287789 ) ) ;
#4805 = CARTESIAN_POINT ( 'NONE',  ( 4367.270013810603814, -221.1967047432638367, 36.81899012400678117 ) ) ;
#4806 = CARTESIAN_POINT ( 'NONE',  ( 4391.399562538379541, -251.5752128220512986, 44.88049335249277760 ) ) ;
#4807 = CARTESIAN_POINT ( 'NONE',  ( 4393.262124742956985, -206.2434701861728570, -8.809411749852106510 ) ) ;
#4808 = CARTESIAN_POINT ( 'NONE',  ( 4393.478136062094563, -253.9665687331658717, -44.88079143565789764 ) ) ;
#4809 = ORIENTED_EDGE ( 'NONE', *, *, #732, .T. ) ;
#4810 = VECTOR ( 'NONE', #4536, 1000.000000000000000 ) ;
#4811 = CARTESIAN_POINT ( 'NONE',  ( 4389.427350238954205, -302.9155512315545593, 22.40391400045749037 ) ) ;
#4812 = ORIENTED_EDGE ( 'NONE', *, *, #6439, .T. ) ;
#4813 = DIRECTION ( 'NONE',  ( 0.000000000000000000, 0.000000000000000000, -1.000000000000000000 ) ) ;
#4814 = LINE ( 'NONE', #6102, #3798 ) ;
#4815 = CARTESIAN_POINT ( 'NONE',  ( 4382.309647135877640, -216.2955455518192593, 28.63537174949387776 ) ) ;
#4816 = B_SPLINE_CURVE_WITH_KNOTS ( 'NONE', 3,
 ( #6235, #1519, #3574, #698 ),
 .UNSPECIFIED., .F., .F.,
 ( 4, 4 ),
 ( 0.000000000000000000, 0.02617253734712225027 ),
 .UNSPECIFIED. ) ;
#4817 = VECTOR ( 'NONE', #3104, 1000.000000000000000 ) ;
#4818 = CARTESIAN_POINT ( 'NONE',  ( 4367.202228431111507, -209.2023512032026531, 25.93895460662510288 ) ) ;
#4819 = ORIENTED_EDGE ( 'NONE', *, *, #2699, .T. ) ;
#4820 = CARTESIAN_POINT ( 'NONE',  ( 4366.956619935266644, -233.2276677040457855, -39.83399119263297194 ) ) ;
#4821 = CARTESIAN_POINT ( 'NONE',  ( 4375.888176020754145, -221.9464772278978444, 36.73123370321599168 ) ) ;
#4822 = CARTESIAN_POINT ( 'NONE',  ( 4382.468565102907633, -219.8783715035178261, -34.94414932900659920 ) ) ;
#4823 = AXIS2_PLACEMENT_3D ( 'NONE', #5326, #1302, #479 ) ;
#4824 = CARTESIAN_POINT ( 'NONE',  ( 4380.416842340243420, -251.9923245618423948, -46.01898628243768741 ) ) ;
#4825 = CARTESIAN_POINT ( 'NONE',  ( 4371.506500416501694, -224.5697430599120139, 38.55139940423027411 ) ) ;
#4826 = CARTESIAN_POINT ( 'NONE',  ( 4386.683908341421557, -206.9404414686988503, 13.94915788895568731 ) ) ;
#4827 = CARTESIAN_POINT ( 'NONE',  ( 4367.440451216752990, -267.2353602082113753, 25.77718690348239150 ) ) ;
#4828 = CARTESIAN_POINT ( 'NONE',  ( 4393.454609024945057, -220.9601742955411225, 34.87909446472459507 ) ) ;
#4829 = CARTESIAN_POINT ( 'NONE',  ( 4382.482606390371984, -222.4888242253627197, 36.60108760791058558 ) ) ;
#4830 = CARTESIAN_POINT ( 'NONE',  ( 4380.119665129844179, -222.2630846134382523, -33.31655391536136790 ) ) ;
#4831 = CARTESIAN_POINT ( 'NONE',  ( 4393.252412194611679, -213.7848697402674247, 29.46397338890651341 ) ) ;
#4832 = CARTESIAN_POINT ( 'NONE',  ( 4380.229062311262169, -212.5902212276728562, -29.08267745089791845 ) ) ;
#4833 = CARTESIAN_POINT ( 'NONE',  ( 4380.317034438896371, -229.0594577562768848, -40.13127898620318490 ) ) ;
#4834 = CARTESIAN_POINT ( 'NONE',  ( 4367.113519402178099, -214.5534548122203660, -27.85479816116668417 ) ) ;
#4835 = CARTESIAN_POINT ( 'NONE',  ( 4393.265137257969400, -215.6944130590697455, 31.10773405853088747 ) ) ;
#4836 = CARTESIAN_POINT ( 'NONE',  ( 4366.943795755941210, -220.2882347057324637, 32.81912840433443534 ) ) ;
#4837 = CARTESIAN_POINT ( 'NONE',  ( 4393.166238322318350, -205.0347039889794587, -16.78549725263588144 ) ) ;
#4838 = CARTESIAN_POINT ( 'NONE',  ( 4387.004414526434630, -252.5651776941226103, 45.41712679619156035 ) ) ;
#4839 = CARTESIAN_POINT ( 'NONE',  ( 4366.940724827853046, -216.8867665449467950, -30.08071492255847446 ) ) ;
#4840 = FACE_OUTER_BOUND ( 'NONE', #1659, .T. ) ;
#4841 = CARTESIAN_POINT ( 'NONE',  ( 4384.677609315121117, -222.0995367142245129, -36.20566960120286382 ) ) ;
#4842 = CARTESIAN_POINT ( 'NONE',  ( 4367.140615733983395, -253.0495332151426737, -44.58125072162977887 ) ) ;
#4843 = CARTESIAN_POINT ( 'NONE',  ( 4367.436266863795936, -268.0912865651311563, 24.10391400045698518 ) ) ;
#4844 = CARTESIAN_POINT ( 'NONE',  ( 4388.881612778079216, -207.8175807455085646, 16.45753697464754950 ) ) ;
#4845 = CARTESIAN_POINT ( 'NONE',  ( 4375.727877296894803, -221.4397686028267742, 33.07488333888002785 ) ) ;
#4846 = CARTESIAN_POINT ( 'NONE',  ( 4380.146120813614289, -254.0469056802107559, -43.40367679446870142 ) ) ;
#4847 = CARTESIAN_POINT ( 'NONE',  ( 4382.659442161545485, -258.7769032129303355, 38.40195768738744420 ) ) ;
#4848 = CARTESIAN_POINT ( 'NONE',  ( 4377.141019707303712, -302.9155512315545593, -24.00391400045749535 ) ) ;
#4849 = CARTESIAN_POINT ( 'NONE',  ( 4389.007606824146933, -212.0015915445815153, 27.93577106794710829 ) ) ;
#4850 = CARTESIAN_POINT ( 'NONE',  ( 4366.929280164092233, -207.5306113787149798, -16.96904198415790077 ) ) ;
#4851 = CARTESIAN_POINT ( 'NONE',  ( 4393.395290794437642, -273.9356248449819304, -7.489746985715513006 ) ) ;
#4852 = ORIENTED_EDGE ( 'NONE', *, *, #3630, .F. ) ;
#4853 = DIRECTION ( 'NONE',  ( 0.000000000000000000, 0.000000000000000000, 1.000000000000000000 ) ) ;
#4854 = EDGE_LOOP ( 'NONE', ( #7223, #4852, #6100, #524, #5593, #2760, #5944, #4986 ) ) ;
#4855 = CARTESIAN_POINT ( 'NONE',  ( 4393.311936884974784, -223.5670113544244941, -36.42021215847081095 ) ) ;
#4856 = CARTESIAN_POINT ( 'NONE',  ( 4393.269850972629683, -207.6695738187157758, 15.80411457820321175 ) ) ;
#4857 = CARTESIAN_POINT ( 'NONE',  ( 4386.705712698034404, -223.4158326442746727, -33.57816460735276110 ) ) ;
#4858 = CARTESIAN_POINT ( 'NONE',  ( 4382.317180164723140, -224.6899785949780153, 34.64876656606912775 ) ) ;
#4859 = B_SPLINE_SURFACE_WITH_KNOTS ( 'NONE', 3, 1, ( 
 ( #3195, #5994 ),
 ( #2295, #3837 ),
 ( #3743, #7862 ),
 ( #1090, #7256 ),
 ( #1604, #3057 ),
 ( #6533, #4392 ),
 ( #7169, #265 ) ),
 .UNSPECIFIED., .F., .F., .F.,
 ( 4, 3, 4 ),
 ( 2, 2 ),
 ( 0.000000000000000000, 1.000000000000000000, 1.006000268090407657 ),
 ( 0.000000000000000000, 1.000000000000000000 ),
 .UNSPECIFIED. ) ;
#4860 =( GEOMETRIC_REPRESENTATION_CONTEXT ( 3 ) GLOBAL_UNCERTAINTY_ASSIGNED_CONTEXT ( ( #1835 ) ) GLOBAL_UNIT_ASSIGNED_CONTEXT ( ( #2476, #4439, #7312 ) ) REPRESENTATION_CONTEXT ( 'NONE', 'WORKASPACE' ) );
#4861 = LINE ( 'NONE', #3957, #6146 ) ;
#4862 = CARTESIAN_POINT ( 'NONE',  ( 4367.231562255733479, -213.7293848629955164, 31.01838777891895305 ) ) ;
#4863 = EDGE_CURVE ( 'NONE', #1950, #3471, #3583, .T. ) ;
#4864 = ORIENTED_EDGE ( 'NONE', *, *, #3792, .F. ) ;
#4865 = CARTESIAN_POINT ( 'NONE',  ( 4375.738004153907241, -232.4927233823321160, -38.88256353868934667 ) ) ;
#4866 = CARTESIAN_POINT ( 'NONE',  ( 4375.880226607949226, -220.3828697811649420, 35.73297643372382737 ) ) ;
#4867 = CARTESIAN_POINT ( 'NONE',  ( 4391.257983352810697, -220.7695958431822874, -34.91187215395235910 ) ) ;
#4868 = CARTESIAN_POINT ( 'NONE',  ( 4376.029600233895508, -252.6251137526250830, -46.51294714792562957 ) ) ;
#4869 = CARTESIAN_POINT ( 'NONE',  ( 4371.595453853477011, -243.1229463304329670, 45.48239275473130050 ) ) ;
#4870 = CARTESIAN_POINT ( 'NONE',  ( 4386.706061451915957, -223.7875213164859929, 33.80840884001928259 ) ) ;
#4871 = LINE ( 'NONE', #7662, #735 ) ;
#4872 = EDGE_CURVE ( 'NONE', #8381, #1340, #3252, .T. ) ;
#4873 = CARTESIAN_POINT ( 'NONE',  ( 4393.470844285595376, -223.9692170333465810, 36.63746108564799897 ) ) ;
#4874 = CARTESIAN_POINT ( 'NONE',  ( 4382.483176984974307, -222.6172065744844986, 36.67708513843709994 ) ) ;
#4875 = CARTESIAN_POINT ( 'NONE',  ( 4371.337890600570972, -222.6076559833567785, -34.12560846525128255 ) ) ;
#4876 = CARTESIAN_POINT ( 'NONE',  ( 4393.352873120323238, -231.7314233855105385, 40.19292767688526880 ) ) ;
#4877 = CARTESIAN_POINT ( 'NONE',  ( 4393.413828878256936, -214.4216364178282674, -29.99386163531359273 ) ) ;
#4878 = CARTESIAN_POINT ( 'NONE',  ( 4391.320115209370670, -232.9121461740725465, -40.79057082886683361 ) ) ;
#4879 = CARTESIAN_POINT ( 'NONE',  ( 4393.303135791486966, -253.2290067374810008, 43.56204768382288961 ) ) ;
#4880 = CARTESIAN_POINT ( 'NONE',  ( 4371.373073284951715, -255.9534292321971520, 44.44093122264814610 ) ) ;
#4881 = CARTESIAN_POINT ( 'NONE',  ( 4393.431608007063005, -253.9451750711944555, -44.87251509709778219 ) ) ;
#4882 = ORIENTED_EDGE ( 'NONE', *, *, #5197, .F. ) ;
#4883 = CLOSED_SHELL ( 'NONE', ( #7991, #3562, #2356, #7433, #2751, #4203, #7599, #2802, #180, #7097, #6951, #394, #5264, #7890, #383, #7660, #6708, #4424, #5924, #2366, #8219, #4714, #5019, #4912, #6772, #8487 ) ) ;
#4884 = CARTESIAN_POINT ( 'NONE',  ( 4386.915908621175731, -230.6965706437137271, 40.31740965228505047 ) ) ;
#4885 = CARTESIAN_POINT ( 'NONE',  ( 4380.116470993565599, -218.7161567864939684, -30.79224602827081370 ) ) ;
#4886 = CARTESIAN_POINT ( 'NONE',  ( 4380.104897416093991, -203.4941167502487929, -10.62021152931818335 ) ) ;
#4887 = CARTESIAN_POINT ( 'NONE',  ( 4382.486462782119816, -223.3024549227195052, -37.06707779207423670 ) ) ;
#4888 = CARTESIAN_POINT ( 'NONE',  ( 4367.267443123319936, -220.6534207253720297, -36.45678961418979469 ) ) ;
#4889 = DIRECTION ( 'NONE',  ( 0.2696299255199759437, 0.000000000000000000, 0.9629640197141803304 ) ) ;
#4890 = CARTESIAN_POINT ( 'NONE',  ( 4388.885568257685009, -209.7017169027006958, 20.38611815156891538 ) ) ;
#4891 = CARTESIAN_POINT ( 'NONE',  ( 4375.728325288169799, -221.9269287546183591, 33.40208877935062759 ) ) ;
#4892 = CARTESIAN_POINT ( 'NONE',  ( 4380.444383518334689, -264.5390856325561231, 27.96018974955720182 ) ) ;
#4893 = CARTESIAN_POINT ( 'NONE',  ( 4367.275380521989064, -222.2931337398860023, 37.50836139087029153 ) ) ;
#4894 = B_SPLINE_CURVE_WITH_KNOTS ( 'NONE', 3,
 ( #4998, #7139, #5694, #4318, #192, #7794, #4153, #4402, #2306, #8472, #2982, #7875, #6940, #5528, #8312, #1617, #2737, #7180, #4834, #2941, #7098, #2691, #837, #5081, #3380, #6165, #5782, #674, #1532, #3626, #2059, #8955, #1364, #5481, #881, #3466, #4109, #6209, #2012, #6415, #8267, #8561, #3668, #151, #5740, #6461, #8517, #4790, #7577, #2265, #1319, #6257, #7625, #6896, #630, #3422, #5040, #9044, #2897, #7835, #1572, #4360, #3279, #4650, #8123, #3087 ),
 .UNSPECIFIED., .F., .F.,
 ( 4, 2, 2, 2, 2, 2, 2, 2, 2, 2, 2, 2, 2, 2, 2, 2, 2, 2, 2, 2, 2, 2, 2, 2, 2, 2, 2, 2, 2, 2, 2, 2, 4 ),
 ( -0.03818133517869248816, -0.02195975181652591937, -0.005738168454359350579, 0.02670499826997378701, 0.05914816499430691765, 0.07536974835647337889, 0.09159133171863984013, 0.1564776651673062680, 0.2213639986159727235, 0.2538071653403058403, 0.2862503320646389571, 0.3186934987889720738, 0.3511366655133053571, 0.3592474571943886641, 0.3673582488754719155, 0.3754690405565552225, 0.3835798322376384739, 0.3916906239187217809, 0.3998014155998050878, 0.4079122072808883392, 0.4160229989619716462, 0.4809093324106400447, 0.5133524991349743827, 0.5457956658593086097, 0.5782388325836429477, 0.6106819993079772857, 0.7404546662053157480, 0.8702273331026543213, 0.9026704998269888813, 0.9351136665513248847, 0.9513352499134930529, 0.9675568332756611101, 1.000000000000000000 ),
 .UNSPECIFIED. ) ;
#4895 = CARTESIAN_POINT ( 'NONE',  ( 4391.400789542979510, -252.2363521204308370, 44.93947253068814973 ) ) ;
#4896 = CARTESIAN_POINT ( 'NONE',  ( 4371.317349136481425, -206.5835045822824725, -13.28039028314552716 ) ) ;
#4897 = CARTESIAN_POINT ( 'NONE',  ( 4377.141019707303712, -302.9155512315545593, 24.40391400045749748 ) ) ;
#4898 = ORIENTED_EDGE ( 'NONE', *, *, #985, .F. ) ;
#4899 = LINE ( 'NONE', #7005, #7807 ) ;
#4900 = VERTEX_POINT ( 'NONE', #1147 ) ;
#4901 = CARTESIAN_POINT ( 'NONE',  ( 4393.243797157237168, -212.5861861905393368, -28.26051247106549980 ) ) ;
#4902 = CARTESIAN_POINT ( 'NONE',  ( 4393.283984672040788, -219.3379963246507316, 30.39370352069344605 ) ) ;
#4903 = CARTESIAN_POINT ( 'NONE',  ( 4386.705950374671374, -223.6703263410866782, -33.73111429691615371 ) ) ;
#4904 = CARTESIAN_POINT ( 'NONE',  ( 4382.317501117726351, -225.0810552705242742, 34.87020946675513500 ) ) ;
#4905 = CARTESIAN_POINT ( 'NONE',  ( 4393.145031020391798, -251.9746671645090714, -41.90186675005452344 ) ) ;
#4906 = CARTESIAN_POINT ( 'NONE',  ( 4367.270013810603814, -221.1967047432638367, 36.81899012400678117 ) ) ;
#4907 = ORIENTED_EDGE ( 'NONE', *, *, #998, .T. ) ;
#4908 = CARTESIAN_POINT ( 'NONE',  ( 4380.150303096302196, -254.1024996520531261, -41.83726199174896010 ) ) ;
#4909 = CARTESIAN_POINT ( 'NONE',  ( 4388.912078516757902, -238.3701318794874737, -39.84587719747394630 ) ) ;
#4910 = CARTESIAN_POINT ( 'NONE',  ( 4384.669514175394397, -220.5776223774554410, -35.25457736803753050 ) ) ;
#4911 = CARTESIAN_POINT ( 'NONE',  ( 4382.613144402494072, -252.4480183967673952, -45.84288394052093452 ) ) ;
#4912 = ADVANCED_FACE ( 'NONE', ( #3932 ), #8948, .F. ) ;
#4913 = CARTESIAN_POINT ( 'NONE',  ( 4367.002759848607639, -206.4419351302425127, 21.57664187648119025 ) ) ;
#4914 = CARTESIAN_POINT ( 'NONE',  ( 4386.724190839266157, -248.2658336574816076, 42.12668040032534833 ) ) ;
#4915 = CARTESIAN_POINT ( 'NONE',  ( 4367.148490793318160, -261.7142972630676923, 30.45864726664530053 ) ) ;
#4916 = CARTESIAN_POINT ( 'NONE',  ( 4391.092707966624403, -203.6883912512429049, 11.75663862097523982 ) ) ;
#4917 = CARTESIAN_POINT ( 'NONE',  ( 4382.576287343463264, -242.6318261626930450, 44.39345973397915657 ) ) ;
#4918 = CARTESIAN_POINT ( 'NONE',  ( 4393.286556824354193, -222.0977430594971906, -32.28373443723258163 ) ) ;
#4919 = CARTESIAN_POINT ( 'NONE',  ( 4393.124120154548109, -221.9292319937223681, 32.19593246694930144 ) ) ;
#4920 = CARTESIAN_POINT ( 'NONE',  ( 4393.409625713263267, -213.7987883342169368, -29.42617511022157117 ) ) ;
#4921 = CARTESIAN_POINT ( 'NONE',  ( 4389.120607449232921, -232.3804412627821421, -40.78340132484474623 ) ) ;
#4922 = CARTESIAN_POINT ( 'NONE',  ( 4393.168881681890525, -252.4424322991420979, 42.18353917468494529 ) ) ;
#4923 = CARTESIAN_POINT ( 'NONE',  ( 4366.944513842447122, -221.1105982395008027, 33.40434216717837046 ) ) ;
#4924 = CARTESIAN_POINT ( 'NONE',  ( 4393.336440137980389, -228.3538286644989626, -38.80011276720072289 ) ) ;
#4925 = CARTESIAN_POINT ( 'NONE',  ( 4387.004380411135571, -252.7108435371979169, 45.42992344396891014 ) ) ;
#4926 = CARTESIAN_POINT ( 'NONE',  ( 4393.281662175998463, -216.8828902498745208, -28.42230128511833342 ) ) ;
#4927 = CARTESIAN_POINT ( 'NONE',  ( 4393.294074081680264, -203.8386026579104850, -12.48854535500200136 ) ) ;
#4928 = CARTESIAN_POINT ( 'NONE',  ( 4384.683592075558408, -223.3012700073647920, -36.90916949351527165 ) ) ;
#4929 = CARTESIAN_POINT ( 'NONE',  ( 4367.264789728560572, -220.1304609863323378, -36.10670418900114242 ) ) ;
#4930 = ADVANCED_FACE ( 'NONE', ( #2148 ), #7332, .T. ) ;
#4931 = DIRECTION ( 'NONE',  ( 1.000000000000000000, 0.000000000000000000, -0.000000000000000000 ) ) ;
#4932 = CARTESIAN_POINT ( 'NONE',  ( 4391.120351448167639, -252.3371521680086289, 42.15160800582570744 ) ) ;
#4933 = CARTESIAN_POINT ( 'NONE',  ( 4375.728634162626804, -222.2618437267547051, 33.62190066270355970 ) ) ;
#4934 = CARTESIAN_POINT ( 'NONE',  ( 4375.760689504700167, -253.7868648606144006, -43.81756017980501383 ) ) ;
#4935 = CARTESIAN_POINT ( 'NONE',  ( 4371.669089189382248, -265.3256174611163942, 28.51020110865645663 ) ) ;
#4936 = CARTESIAN_POINT ( 'NONE',  ( 4367.150441204024901, -254.4751671498333678, -44.33604989216271974 ) ) ;
#4937 = CARTESIAN_POINT ( 'NONE',  ( 4388.866750476852758, -203.4313293483487826, 8.301632505871713974 ) ) ;
#4938 = CARTESIAN_POINT ( 'NONE',  ( 4366.927531266223014, -206.9312230706021012, -15.06580289902138148 ) ) ;
#4939 = CARTESIAN_POINT ( 'NONE',  ( 4393.093705806565595, -203.4313293483461393, 8.032536258807095209 ) ) ;
#4940 = EDGE_LOOP ( 'NONE', ( #2842, #6014, #8985 ) ) ;
#4941 = CARTESIAN_POINT ( 'NONE',  ( 4377.141019707303712, -305.5155512315545252, 24.40391400045749748 ) ) ;
#4942 = VERTEX_POINT ( 'NONE', #4370 ) ;
#4943 = CARTESIAN_POINT ( 'NONE',  ( 4393.110757433091749, -203.4856370711673605, -9.831853359265434023 ) ) ;
#4944 = CARTESIAN_POINT ( 'NONE',  ( 4393.274889421883017, -210.5748605323906304, 21.41687860712217883 ) ) ;
#4945 = CARTESIAN_POINT ( 'NONE',  ( 4386.705463391733247, -223.1180179934277135, -33.39595148212090692 ) ) ;
#4946 = CARTESIAN_POINT ( 'NONE',  ( 4382.318981180682385, -226.9242919352092542, 35.86339429215937713 ) ) ;
#4947 = CARTESIAN_POINT ( 'NONE',  ( 4393.143258627574141, -248.4495775477994357, -41.51489281873731585 ) ) ;
#4948 = CARTESIAN_POINT ( 'NONE',  ( 4367.270804321503419, -221.3766217494444106, 36.93458039593112829 ) ) ;
#4949 = VERTEX_POINT ( 'NONE', #478 ) ;
#4950 = CARTESIAN_POINT ( 'NONE',  ( 4382.341682692322138, -254.8962847992974332, -39.79006961522267716 ) ) ;
#4951 = CARTESIAN_POINT ( 'NONE',  ( 4380.131659192548796, -236.3572326492690081, -39.98279270527205398 ) ) ;
#4952 = CARTESIAN_POINT ( 'NONE',  ( 4391.255787784229142, -220.4124396534535322, -34.68345901290586397 ) ) ;
#4953 = CARTESIAN_POINT ( 'NONE',  ( 4393.596326928277449, -251.6407192583168921, -44.65136129367168394 ) ) ;
#4954 = CARTESIAN_POINT ( 'NONE',  ( 4371.640783030821694, -255.7131834877043275, 47.21773181641266603 ) ) ;
#4955 = AXIS2_PLACEMENT_3D ( 'NONE', #5397, #7444, #1240 ) ;
#4956 = CARTESIAN_POINT ( 'NONE',  ( 4386.708087721021911, -226.3695791499156371, 35.25027737883559809 ) ) ;
#4957 = LINE ( 'NONE', #5568, #7882 ) ;
#4958 = AXIS2_PLACEMENT_3D ( 'NONE', #3430, #8133, #8963 ) ;
#4959 = CARTESIAN_POINT ( 'NONE',  ( 4380.267897519184771, -219.1855367316737784, 34.62333577866269962 ) ) ;
#4960 = CARTESIAN_POINT ( 'NONE',  ( 4380.119201886398514, -221.7649632617591351, -32.99033618847573734 ) ) ;
#4961 = CARTESIAN_POINT ( 'NONE',  ( 4393.144561734951822, -251.0384303675794513, 41.82108164704884956 ) ) ;
#4962 = CARTESIAN_POINT ( 'NONE',  ( 4375.847530390511565, -214.4138918759965691, -31.10843670975783937 ) ) ;
#4963 = CARTESIAN_POINT ( 'NONE',  ( 4371.539714001590255, -231.5238446971672772, -41.83502946051454785 ) ) ;
#4964 = CARTESIAN_POINT ( 'NONE',  ( 4393.189605274199494, -252.5962302030289095, 42.39904968138664998 ) ) ;
#4965 = VECTOR ( 'NONE', #3299, 1000.000000000000000 ) ;
#4966 = CARTESIAN_POINT ( 'NONE',  ( 4366.945100524324516, -221.7608722553530072, 33.85252926760732350 ) ) ;
#4967 = CARTESIAN_POINT ( 'NONE',  ( 4393.123630219814913, -221.4416990166593280, -31.86954004431821730 ) ) ;
#4968 = EDGE_CURVE ( 'NONE', #1060, #4431, #5982, .T. ) ;
#4969 = CARTESIAN_POINT ( 'NONE',  ( 4384.637353406292277, -215.0548961640852497, 31.12364951437429639 ) ) ;
#4970 = CARTESIAN_POINT ( 'NONE',  ( 4393.281087577310245, -216.2866985684958365, -27.90896593367449086 ) ) ;
#4971 = CARTESIAN_POINT ( 'NONE',  ( 4382.342309900803230, -252.9737404498835645, 43.44147296574380590 ) ) ;
#4972 = CARTESIAN_POINT ( 'NONE',  ( 4382.303111829934096, -203.5331511042191153, -10.94486084843733309 ) ) ;
#4973 = CARTESIAN_POINT ( 'NONE',  ( 4367.093704726809847, -203.4313293483530458, -9.526115379932971194 ) ) ;
#4974 = CARTESIAN_POINT ( 'NONE',  ( 4389.073651448538840, -222.8894373514199572, -36.35367354990201960 ) ) ;
#4975 = CARTESIAN_POINT ( 'NONE',  ( 4367.262229220202244, -219.6174308708142746, -35.75555558059048877 ) ) ;
#4976 = DIRECTION ( 'NONE',  ( -0.000000000000000000, -1.000000000000000000, -0.000000000000000000 ) ) ;
#4977 = CARTESIAN_POINT ( 'NONE',  ( 4391.120176350150359, -252.0488817485578750, 42.12662987303642836 ) ) ;
#4978 = CARTESIAN_POINT ( 'NONE',  ( 4375.730188659386840, -224.0434536930478089, 34.73215085001379521 ) ) ;
#4979 = CARTESIAN_POINT ( 'NONE',  ( 4388.922727417918395, -253.3678592230190816, -42.45999520045536002 ) ) ;
#4980 = CARTESIAN_POINT ( 'NONE',  ( 4389.215116940496955, -264.2668923470272375, 26.45233599302431671 ) ) ;
#4981 = CARTESIAN_POINT ( 'NONE',  ( 4367.176842427624251, -206.4294375774053378, 21.54278414647374262 ) ) ;
#4982 = EDGE_CURVE ( 'NONE', #56, #2015, #4018, .T. ) ;
#4983 = CARTESIAN_POINT ( 'NONE',  ( 4391.400765993854293, -251.9487467324363479, 44.91408042247940102 ) ) ;
#4984 = CARTESIAN_POINT ( 'NONE',  ( 4386.686555740369840, -207.6732370169211208, -16.21485605509809247 ) ) ;
#4985 = CARTESIAN_POINT ( 'NONE',  ( 4393.133381100145016, -233.2646797807466896, 37.78570446716524600 ) ) ;
#4986 = ORIENTED_EDGE ( 'NONE', *, *, #1356, .F. ) ;
#4987 = CARTESIAN_POINT ( 'NONE',  ( 4393.446039298809410, -253.9441160498376746, -44.87093002927164775 ) ) ;
#4988 = ORIENTED_EDGE ( 'NONE', *, *, #5499, .F. ) ;
#4989 = CARTESIAN_POINT ( 'NONE',  ( 4393.336440137979480, -228.3538286644992183, -38.80011276720094315 ) ) ;
#4990 = CARTESIAN_POINT ( 'NONE',  ( 4393.278269408823689, -213.4980949725735968, 25.14121523773259526 ) ) ;
#4991 = CARTESIAN_POINT ( 'NONE',  ( 4391.093639473667281, -223.1200344679210446, -33.08111421210594472 ) ) ;
#4992 = CARTESIAN_POINT ( 'NONE',  ( 4382.313858545161565, -220.7872928176959419, 32.18563536791037905 ) ) ;
#4993 = CARTESIAN_POINT ( 'NONE',  ( 4393.125339831744895, -223.2783981481856017, -33.02715169423699137 ) ) ;
#4994 = CARTESIAN_POINT ( 'NONE',  ( 4367.377492528886251, -245.7161543249372642, 46.38580204435702825 ) ) ;
#4995 = ORIENTED_EDGE ( 'NONE', *, *, #3423, .F. ) ;
#4996 = CARTESIAN_POINT ( 'NONE',  ( 4384.838161106813459, -262.6363473225613347, -30.54241151903645601 ) ) ;
#4997 = CARTESIAN_POINT ( 'NONE',  ( 4367.093704726809847, -203.4313293483530458, -9.526115379932971194 ) ) ;
#4998 = CARTESIAN_POINT ( 'NONE',  ( 4367.093704726809847, -206.2313293483461507, -9.526115379932971194 ) ) ;
#4999 = CARTESIAN_POINT ( 'NONE',  ( 4376.030211315603992, -252.7819345174917487, -46.52728515815925903 ) ) ;
#5000 = CARTESIAN_POINT ( 'NONE',  ( 4371.638842210423718, -253.1893824245148892, 46.99919332649513848 ) ) ;
#5001 = CARTESIAN_POINT ( 'NONE',  ( 4386.720703712238901, -243.0273822226018012, 41.21908975866357139 ) ) ;
#5002 = CARTESIAN_POINT ( 'NONE',  ( 4367.467738185580856, -255.6351188378123140, 48.10789474359010853 ) ) ;
#5003 = CARTESIAN_POINT ( 'NONE',  ( 4382.612113439408859, -252.1404702769107757, 45.82279415625074392 ) ) ;
#5004 = CARTESIAN_POINT ( 'NONE',  ( 4391.116711523402046, -257.0519709698725137, 33.57841997171463788 ) ) ;
#5005 = CARTESIAN_POINT ( 'NONE',  ( 4393.130481188949489, -229.4864948887108653, 36.25541539370517796 ) ) ;
#5006 = CARTESIAN_POINT ( 'NONE',  ( 4391.223026514571757, -215.0580024442245417, -30.68861653521954835 ) ) ;
#5007 = CARTESIAN_POINT ( 'NONE',  ( 4386.924065758309553, -232.4222081087057177, -40.97931771097011477 ) ) ;
#5008 = CARTESIAN_POINT ( 'NONE',  ( 4393.171886775739040, -252.4244899198870939, 42.21118789151704931 ) ) ;
#5009 = CIRCLE ( 'NONE', #1061, 0.4000000000000010214 ) ;
#5010 = CARTESIAN_POINT ( 'NONE',  ( 4366.952883714528070, -229.8023223637708270, 38.36911507097492802 ) ) ;
#5011 = CARTESIAN_POINT ( 'NONE',  ( 4393.124459583729731, -222.2655562977936370, -32.40251876705574574 ) ) ;
#5012 = CARTESIAN_POINT ( 'NONE',  ( 4384.658882968377839, -218.6730052669322504, 33.97003374297226941 ) ) ;
#5013 = CARTESIAN_POINT ( 'NONE',  ( 4382.312256581891234, -219.0274574949519888, -30.89364460042145666 ) ) ;
#5014 = CARTESIAN_POINT ( 'NONE',  ( 4371.321920981432413, -203.4665663230783537, -10.65521768317089801 ) ) ;
#5015 = CARTESIAN_POINT ( 'NONE',  ( 4367.209884333499758, -210.2619002191346453, -27.28286398943843238 ) ) ;
#5016 = CARTESIAN_POINT ( 'NONE',  ( 4384.681524873635681, -222.8884928986487353, -36.67165956772305435 ) ) ;
#5017 = CARTESIAN_POINT ( 'NONE',  ( 4367.120777253601773, -223.2086776955087259, -34.77845572665854235 ) ) ;
#5018 = CARTESIAN_POINT ( 'NONE',  ( 4393.151209740883132, -252.3187004976331025, -41.99265584664675544 ) ) ;
#5019 = ADVANCED_FACE ( 'NONE', ( #5823 ), #1210, .F. ) ;
#5020 = CARTESIAN_POINT ( 'NONE',  ( 4375.719505070123887, -212.4582392240838828, 25.06470460753470419 ) ) ;
#5021 = CARTESIAN_POINT ( 'NONE',  ( 4371.665961552488625, -265.8338796590589368, 27.52341689985491158 ) ) ;
#5022 = AXIS2_PLACEMENT_3D ( 'NONE', #405, #7212, #1648 ) ;
#5023 = CARTESIAN_POINT ( 'NONE',  ( 4367.093704729264573, -203.4313293483530742, 9.533943380833617809 ) ) ;
#5024 = CARTESIAN_POINT ( 'NONE',  ( 4389.117868890597492, -231.8064987886609742, 40.57541545550807882 ) ) ;
#5025 = CARTESIAN_POINT ( 'NONE',  ( 4375.716135503031182, -209.7115542795980048, -21.17530807835505868 ) ) ;
#5026 = CARTESIAN_POINT ( 'NONE',  ( 4393.126016122329929, -224.0247757792069763, 33.47576584911229247 ) ) ;
#5027 = ORIENTED_EDGE ( 'NONE', *, *, #8540, .T. ) ;
#5028 = CARTESIAN_POINT ( 'NONE',  ( 4376.741019707303167, -289.7815121590419380, 27.40391400045749393 ) ) ;
#5029 = CIRCLE ( 'NONE', #798, 1.000000000000000888 ) ;
#5030 = VERTEX_POINT ( 'NONE', #2664 ) ;
#5031 = DIRECTION ( 'NONE',  ( -1.000000000000000000, -0.000000000000000000, 4.630148714024827843E-16 ) ) ;
#5032 = EDGE_CURVE ( 'NONE', #4431, #2800, #6095, .T. ) ;
#5033 = CARTESIAN_POINT ( 'NONE',  ( 4393.264090836610194, -206.3692050579707598, 10.40476994842699199 ) ) ;
#5034 = CARTESIAN_POINT ( 'NONE',  ( 4393.287452433535691, -223.1210757583103828, -32.91950387474769713 ) ) ;
#5035 = CARTESIAN_POINT ( 'NONE',  ( 4382.316008530311592, -223.2741819223242885, 33.81104405661980650 ) ) ;
#5036 = CARTESIAN_POINT ( 'NONE',  ( 4393.123478730147326, -221.2801889169708431, -31.76202531458013212 ) ) ;
#5037 = CARTESIAN_POINT ( 'NONE',  ( 4367.097827241029336, -206.4463559280026459, 12.71302627347298042 ) ) ;
#5038 = CARTESIAN_POINT ( 'NONE',  ( 4384.851208991783096, -258.5988145117639192, -38.19354948663400506 ) ) ;
#5039 = CARTESIAN_POINT ( 'NONE',  ( 4371.342451037494357, -277.0232628909988648, 0.2902520267472431525 ) ) ;
#5040 = CARTESIAN_POINT ( 'NONE',  ( 4367.138891758066165, -249.9432563908228815, -44.21208897662577186 ) ) ;
#5041 = CARTESIAN_POINT ( 'NONE',  ( 4391.400801313257034, -252.3801548150614735, -44.94434058243737695 ) ) ;
#5042 = EDGE_CURVE ( 'NONE', #3658, #1303, #5559, .T. ) ;
#5043 = CARTESIAN_POINT ( 'NONE',  ( 4371.639911319625753, -253.8839884653000922, 47.05949622313263347 ) ) ;
#5044 = CARTESIAN_POINT ( 'NONE',  ( 4384.481865874049618, -206.2313317266075785, 8.967661734247762695 ) ) ;
#5045 = CARTESIAN_POINT ( 'NONE',  ( 4367.110150006207732, -211.4517123381318413, 24.26794372247094955 ) ) ;
#5046 = CARTESIAN_POINT ( 'NONE',  ( 4382.613517628657064, -252.8958900366579030, 45.88988365066611408 ) ) ;
#5047 = CARTESIAN_POINT ( 'NONE',  ( 4393.145018637668727, -252.1891305298531449, 41.92868343490680161 ) ) ;
#5048 = CARTESIAN_POINT ( 'NONE',  ( 4384.649102186853270, -216.9986451762175079, -32.71349294278760311 ) ) ;
#5049 = CARTESIAN_POINT ( 'NONE',  ( 4386.937619642485515, -235.3190094458030046, -42.02929056784859085 ) ) ;
#5050 = CARTESIAN_POINT ( 'NONE',  ( 4393.167768181404426, -252.4657959334913926, 42.17478761535849685 ) ) ;
#5051 = CARTESIAN_POINT ( 'NONE',  ( 4366.957277175271884, -233.8063790740942238, 40.06863457248473281 ) ) ;
#5052 = CARTESIAN_POINT ( 'NONE',  ( 4377.141019707303712, -289.7815121590419380, -24.40391400045749748 ) ) ;
#5053 = CARTESIAN_POINT ( 'NONE',  ( 4393.124120159793165, -221.9292411925902968, -32.18811039030426713 ) ) ;
#5054 = CARTESIAN_POINT ( 'NONE',  ( 4384.530042885162402, -250.7565359791601338, -42.65563905237350184 ) ) ;
#5055 = CARTESIAN_POINT ( 'NONE',  ( 4384.661755571808499, -219.1933912042327677, 34.33414125090023816 ) ) ;
#5056 = CARTESIAN_POINT ( 'NONE',  ( 4380.116755263757113, -219.0271408701913458, -31.03561283119903536 ) ) ;
#5057 = CARTESIAN_POINT ( 'NONE',  ( 4391.137103450359973, -205.3612400792052028, -17.74696098892659535 ) ) ;
#5058 = CARTESIAN_POINT ( 'NONE',  ( 4367.255490368352184, -218.2424846775363960, -34.76735735087681434 ) ) ;
#5059 = CARTESIAN_POINT ( 'NONE',  ( 4386.881095912423916, -223.5729817173485401, -36.90247546687919566 ) ) ;
#5060 = CARTESIAN_POINT ( 'NONE',  ( 4367.123477627603279, -226.9588837660210174, -36.94136572375189331 ) ) ;
#5061 = CARTESIAN_POINT ( 'NONE',  ( 4393.427350238953295, -302.9155512315545593, 24.10391400045749322 ) ) ;
#5062 = PRODUCT_DEFINITION ( 'UNKNOWN', '', #2380, #8507 ) ;
#5063 = CARTESIAN_POINT ( 'NONE',  ( 4375.734776616538511, -229.1475150523961588, 37.43606304233374260 ) ) ;
#5064 = CARTESIAN_POINT ( 'NONE',  ( 4371.662876208468333, -266.3427941457520660, 26.53587289612037736 ) ) ;
#5065 = FACE_OUTER_BOUND ( 'NONE', #5680, .T. ) ;
#5066 = CARTESIAN_POINT ( 'NONE',  ( 4389.104113782399509, -228.9584476324454840, 39.41377277530851586 ) ) ;
#5067 = CARTESIAN_POINT ( 'NONE',  ( 4371.321201073564225, -207.6713419105500407, -17.11525477834602427 ) ) ;
#5068 = CARTESIAN_POINT ( 'NONE',  ( 4393.125829003394756, -223.7840128632120695, 33.33563881461992651 ) ) ;
#5069 = DIRECTION ( 'NONE',  ( 0.000000000000000000, 0.000000000000000000, 1.000000000000000000 ) ) ;
#5070 = DIRECTION ( 'NONE',  ( -1.000000000000000000, 0.000000000000000000, -0.000000000000000000 ) ) ;
#5071 = CARTESIAN_POINT ( 'NONE',  ( 4367.436266875392903, -269.9317919148531928, -20.50391400045736745 ) ) ;
#5072 = CARTESIAN_POINT ( 'NONE',  ( 4393.313865181484289, -251.0266859305974094, 41.80248678668577611 ) ) ;
#5073 = CARTESIAN_POINT ( 'NONE',  ( 4391.094447354545991, -224.0271044374851783, -33.62146436219351386 ) ) ;
#5074 = CARTESIAN_POINT ( 'NONE',  ( 4380.093097231665524, -206.2313316961932230, 9.224649677754575450 ) ) ;
#5075 = CARTESIAN_POINT ( 'NONE',  ( 4393.127299056054653, -225.5608082582033092, -34.32612817111146342 ) ) ;
#5076 = CARTESIAN_POINT ( 'NONE',  ( 4367.125821123227070, -230.2857307541384273, 38.57879942833365305 ) ) ;
#5077 = CARTESIAN_POINT ( 'NONE',  ( 4393.589959597510642, -249.8498384607133005, 44.48042615080210282 ) ) ;
#5078 = CARTESIAN_POINT ( 'NONE',  ( 4382.581426749417005, -274.9509058197986633, -7.621645661973112773 ) ) ;
#5079 = CARTESIAN_POINT ( 'NONE',  ( 4375.758702513777280, -261.2256435756531232, -29.33119618474427881 ) ) ;
#5080 = CARTESIAN_POINT ( 'NONE',  ( 4393.299088950436271, -235.9980268568627366, -38.74298766407696348 ) ) ;
#5081 = CARTESIAN_POINT ( 'NONE',  ( 4367.117710855992300, -219.2812627592326464, -32.05238977618444807 ) ) ;
#5082 = CARTESIAN_POINT ( 'NONE',  ( 4371.640492471099606, -255.1034518131277764, -47.15715862405557601 ) ) ;
#5083 = CARTESIAN_POINT ( 'NONE',  ( 4367.098162425041664, -221.7788072441616691, 37.20116272825134018 ) ) ;
#5084 = CARTESIAN_POINT ( 'NONE',  ( 4384.481294644688205, -206.2313293483542793, 8.569765068868003155 ) ) ;
#5085 = CARTESIAN_POINT ( 'NONE',  ( 4367.095709798917596, -206.2822696739274591, 11.12402826640134101 ) ) ;
#5086 = ORIENTED_EDGE ( 'NONE', *, *, #7420, .T. ) ;
#5087 = ADVANCED_FACE ( 'NONE', ( #8195 ), #6871, .F. ) ;
#5088 = CARTESIAN_POINT ( 'NONE',  ( 4380.162926679382508, -205.3671480385988843, 18.43289642242037374 ) ) ;
#5089 = CARTESIAN_POINT ( 'NONE',  ( 4388.922021346451402, -255.3337039713198351, 37.35091218853875006 ) ) ;
#5090 = CARTESIAN_POINT ( 'NONE',  ( 4393.117750350207643, -215.6904858497948965, 27.41413766189168300 ) ) ;
#5091 = CARTESIAN_POINT ( 'NONE',  ( 4382.444797192843907, -215.6873066709993907, -31.80684110196512648 ) ) ;
#5092 = VECTOR ( 'NONE', #6661, 1000.000000000000000 ) ;
#5093 = CARTESIAN_POINT ( 'NONE',  ( 4393.548777179261378, -239.8054128939041050, -42.67624395648858382 ) ) ;
#5094 = CARTESIAN_POINT ( 'NONE',  ( 4367.311771660232807, -255.8285151212935773, 47.77935546258135702 ) ) ;
#5095 = CARTESIAN_POINT ( 'NONE',  ( 4366.947213346498756, -224.0532405437673731, 35.31712667472265821 ) ) ;
#5096 = AXIS2_PLACEMENT_3D ( 'NONE', #2661, #5453, #1248 ) ;
#5097 = CARTESIAN_POINT ( 'NONE',  ( 4393.126112270222620, -224.1512628999826120, -33.54103875531946244 ) ) ;
#5098 = CARTESIAN_POINT ( 'NONE',  ( 4384.679128807943016, -222.3627985483667828, 36.37111696539393790 ) ) ;
#5099 = CARTESIAN_POINT ( 'NONE',  ( 4371.335832757044045, -220.2906324171585197, -32.54317638117402822 ) ) ;
#5100 = PLANE ( 'NONE',  #7588 ) ;
#5101 = CARTESIAN_POINT ( 'NONE',  ( 4384.553147385553530, -205.3661617375039725, -18.16182741060188377 ) ) ;
#5102 = CARTESIAN_POINT ( 'NONE',  ( 4367.145509502513050, -204.4604747746561486, -16.61466545914363024 ) ) ;
#5103 = CARTESIAN_POINT ( 'NONE',  ( 4389.084803924834887, -225.0667665864920366, -37.55061618452793226 ) ) ;
#5104 = AXIS2_PLACEMENT_3D ( 'NONE', #8672, #5382, #6201 ) ;
#5105 = CARTESIAN_POINT ( 'NONE',  ( 4375.757595517245136, -250.7545977620859219, 43.52118209033319118 ) ) ;
#5106 = CARTESIAN_POINT ( 'NONE',  ( 4384.822959959095897, -265.6621967798828337, 24.81273393834345953 ) ) ;
#5107 = CARTESIAN_POINT ( 'NONE',  ( 4367.441019707303894, -305.5155512315545252, 26.00391400045748469 ) ) ;
#5108 = CARTESIAN_POINT ( 'NONE',  ( 4389.067156304937271, -221.6586973784860959, 35.63093188271645317 ) ) ;
#5109 = CARTESIAN_POINT ( 'NONE',  ( 4391.080843494615692, -210.5792239331226199, -21.55218145094945115 ) ) ;
#5110 = VECTOR ( 'NONE', #1636, 1000.000000000000000 ) ;
#5111 = CARTESIAN_POINT ( 'NONE',  ( 4393.139352602742292, -271.0057080969784806, 7.003488999252285296 ) ) ;
#5112 = ORIENTED_EDGE ( 'NONE', *, *, #7488, .T. ) ;
#5113 = B_SPLINE_CURVE_WITH_KNOTS ( 'NONE', 3,
 ( #4338, #7119, #6952, #1464 ),
 .UNSPECIFIED., .F., .F.,
 ( 4, 4 ),
 ( 0.04218512172848206537, 0.06836572229096907205 ),
 .UNSPECIFIED. ) ;
#5114 = CARTESIAN_POINT ( 'NONE',  ( 4384.666474084353467, -220.0542950696917899, -34.91117888409448256 ) ) ;
#5115 = CARTESIAN_POINT ( 'NONE',  ( 4367.148880229952738, -261.0975437928638598, -31.65045988331124960 ) ) ;
#5116 = CARTESIAN_POINT ( 'NONE',  ( 4389.427350238954205, -305.5155512315545252, 22.40391400045749037 ) ) ;
#5117 = CARTESIAN_POINT ( 'NONE',  ( 4376.741019707303167, -289.7815121590419380, 26.87652984091358377 ) ) ;
#5118 = CARTESIAN_POINT ( 'NONE',  ( 4391.082041828828551, -211.4600097481737180, 22.87361540655349046 ) ) ;
#5119 = CARTESIAN_POINT ( 'NONE',  ( 4375.761708359525983, -255.5923222749184731, -43.97426799721661439 ) ) ;
#5120 = CARTESIAN_POINT ( 'NONE',  ( 4391.094259539983796, -223.7852461594133047, -33.48021197585544684 ) ) ;
#5121 = CARTESIAN_POINT ( 'NONE',  ( 4380.120106018099250, -222.7850259107840429, 33.65719085312050396 ) ) ;
#5122 = PRODUCT_CONTEXT ( 'NONE', #4101, 'mechanical' ) ;
#5123 = CARTESIAN_POINT ( 'NONE',  ( 4367.135136685259567, -243.7987975813657329, 43.13389451503109484 ) ) ;
#5124 = CARTESIAN_POINT ( 'NONE',  ( 4393.548777185497784, -239.8054128936473433, 42.68407195676169863 ) ) ;
#5125 = CARTESIAN_POINT ( 'NONE',  ( 4384.822959962341884, -265.6621967795783803, -24.80490593727179771 ) ) ;
#5126 = CARTESIAN_POINT ( 'NONE',  ( 4382.323170682052478, -275.9466990337539301, 0.2731618017176361546 ) ) ;
#5127 = CARTESIAN_POINT ( 'NONE',  ( 4388.920424329810885, -249.2945417191827175, -42.04074759106333659 ) ) ;
#5128 = ORIENTED_EDGE ( 'NONE', *, *, #4082, .T. ) ;
#5129 = CARTESIAN_POINT ( 'NONE',  ( 4387.004448637849237, -252.4195118515197862, -45.39650214685639185 ) ) ;
#5130 = CARTESIAN_POINT ( 'NONE',  ( 4367.107532954883027, -223.7356237122842799, 38.37350004244507318 ) ) ;
#5131 = CARTESIAN_POINT ( 'NONE',  ( 4384.503112858189525, -214.5862649431297768, 26.85972517514701963 ) ) ;
#5132 = ADVANCED_FACE ( 'NONE', ( #1339 ), #6914, .T. ) ;
#5133 = DIRECTION ( 'NONE',  ( -1.000000000000000000, -0.000000000000000000, -0.000000000000000000 ) ) ;
#5134 = ORIENTED_EDGE ( 'NONE', *, *, #1810, .F. ) ;
#5135 = CARTESIAN_POINT ( 'NONE',  ( 4380.196495625639727, -208.2664209861737845, 23.79653239835520395 ) ) ;
#5136 = CARTESIAN_POINT ( 'NONE',  ( 4375.762665560187088, -258.3268491622359875, 34.89040312830158541 ) ) ;
#5137 = CARTESIAN_POINT ( 'NONE',  ( 4367.236037899130679, -256.1239544446247578, 44.85025794473477134 ) ) ;
#5138 = CARTESIAN_POINT ( 'NONE',  ( 4393.432591217804656, -217.3391934126215972, -32.38225727585795255 ) ) ;
#5139 = CARTESIAN_POINT ( 'NONE',  ( 4382.576287339867122, -242.6318261628777861, -44.38563173343196411 ) ) ;
#5140 = CARTESIAN_POINT ( 'NONE',  ( 4387.050299973020628, -255.4059271118858021, 43.70388379068759122 ) ) ;
#5141 = CARTESIAN_POINT ( 'NONE',  ( 4388.920005502651293, -248.7128307059979875, 41.97401071427307784 ) ) ;
#5142 = ADVANCED_FACE ( 'NONE', ( #5409 ), #1252, .T. ) ;
#5143 = CARTESIAN_POINT ( 'NONE',  ( 4366.982537046525067, -253.5322194782640963, 44.64948899233078805 ) ) ;
#5144 = CARTESIAN_POINT ( 'NONE',  ( 4393.355577520661427, -232.2998667993780941, -40.39710866382361587 ) ) ;
#5145 = CARTESIAN_POINT ( 'NONE',  ( 4376.084685253803400, -258.2855440298517351, -40.94803051496158730 ) ) ;
#5146 = CARTESIAN_POINT ( 'NONE',  ( 4384.684987015109982, -223.5750813384877915, 37.07216459700539701 ) ) ;
#5147 = CARTESIAN_POINT ( 'NONE',  ( 4393.285339973773262, -220.7876292495483312, -31.41726246767880681 ) ) ;
#5148 = DIRECTION ( 'NONE',  ( 0.000000000000000000, -1.000000000000000000, 0.000000000000000000 ) ) ;
#5149 = CARTESIAN_POINT ( 'NONE',  ( 4393.300793236812751, -204.0342310004595276, -13.36054001005980574 ) ) ;
#5150 = CARTESIAN_POINT ( 'NONE',  ( 4367.141038519325775, -256.1310924598289489, 44.85994252028803686 ) ) ;
#5151 = CARTESIAN_POINT ( 'NONE',  ( 4380.295283587821359, -224.5447169383119217, -37.91391781593618049 ) ) ;
#5152 = CARTESIAN_POINT ( 'NONE',  ( 4367.094494532409954, -206.2313222265478601, -10.31728635855213483 ) ) ;
#5153 = B_SPLINE_SURFACE_WITH_KNOTS ( 'NONE', 1, 3, ( 
 ( #1160, #1211, #2672, #5465, #2627, #1996, #3948 ),
 ( #4686, #8885, #571, #7464, #1803, #5277, #5419 ),
 ( #3265, #6739, #425, #6835, #6013, #8204, #4591 ) ),
 .UNSPECIFIED., .F., .F., .F.,
 ( 2, 1, 2 ),
 ( 4, 3, 4 ),
 ( 0.000000000000000000, 1.000000000000000000, 1.010000000000000009 ),
 ( 0.04212400953605821563, 0.04218622113051117423, 0.04228710224045647420 ),
 .UNSPECIFIED. ) ;
#5154 = CARTESIAN_POINT ( 'NONE',  ( 4375.734260551903390, -228.5986181825249162, 37.17841401425935288 ) ) ;
#5155 = CARTESIAN_POINT ( 'NONE',  ( 4387.019026002098144, -264.9636559620527123, 25.63788500438399964 ) ) ;
#5156 = CARTESIAN_POINT ( 'NONE',  ( 4393.371585441106618, -278.1558220261653105, -0.4449163059728908354 ) ) ;
#5157 = ORIENTED_EDGE ( 'NONE', *, *, #6487, .T. ) ;
#5158 = CARTESIAN_POINT ( 'NONE',  ( 4389.145041852364557, -237.6051930245032224, 42.53864481545849685 ) ) ;
#5159 = CARTESIAN_POINT ( 'NONE',  ( 4384.493168717811386, -208.1181389179483574, -17.45823367939103932 ) ) ;
#5160 = CARTESIAN_POINT ( 'NONE',  ( 4393.123175824327518, -220.9525566917989465, 31.54911684376981995 ) ) ;
#5161 = CARTESIAN_POINT ( 'NONE',  ( 4371.492348474463142, -221.6201709963781923, -36.81157173449589237 ) ) ;
#5162 = CARTESIAN_POINT ( 'NONE',  ( 4367.494646752109475, -256.1961942238163488, -47.66400652888954426 ) ) ;
#5163 = DIRECTION ( 'NONE',  ( -0.000000000000000000, 1.000000000000000000, -0.000000000000000000 ) ) ;
#5164 = CARTESIAN_POINT ( 'NONE',  ( 4393.432370519088181, -251.9435037092475511, 44.70304757167829024 ) ) ;
#5165 = CARTESIAN_POINT ( 'NONE',  ( 4393.313013578485879, -250.1616529163874247, 41.71157384007322833 ) ) ;
#5166 = VECTOR ( 'NONE', #223, 1000.000000000000000 ) ;
#5167 = CARTESIAN_POINT ( 'NONE',  ( 4388.900668721092188, -224.2861665983559192, -33.93308100283471873 ) ) ;
#5168 = CARTESIAN_POINT ( 'NONE',  ( 4380.113620197117598, -215.7156942563159134, 28.23687649965033231 ) ) ;
#5169 = CARTESIAN_POINT ( 'NONE',  ( 4389.427350238954205, -302.9155512315545593, -22.50391400045749535 ) ) ;
#5170 = CARTESIAN_POINT ( 'NONE',  ( 4367.120168990825732, -222.3665563544542465, 34.24463554104445961 ) ) ;
#5171 = CARTESIAN_POINT ( 'NONE',  ( 4367.318834625126328, -232.1028734737204502, -42.38041453850189555 ) ) ;
#5172 = CARTESIAN_POINT ( 'NONE',  ( 4393.569346865542684, -244.5049725759114665, 43.72959726264376457 ) ) ;
#5173 = CARTESIAN_POINT ( 'NONE',  ( 4386.676931499237980, -206.2313309857714501, -8.825694983619037259 ) ) ;
#5174 = CARTESIAN_POINT ( 'NONE',  ( 4389.239407059360019, -258.2456489715713133, -37.78837701933630910 ) ) ;
#5175 = CARTESIAN_POINT ( 'NONE',  ( 4384.522707552873726, -271.9129583988221839, -6.974421363996254897 ) ) ;
#5176 = CARTESIAN_POINT ( 'NONE',  ( 4371.362658165076027, -246.1541721476009457, -43.24788005379754452 ) ) ;
#5177 = VECTOR ( 'NONE', #6873, 1000.000000000000000 ) ;
#5178 = ORIENTED_EDGE ( 'NONE', *, *, #3068, .F. ) ;
#5179 = CARTESIAN_POINT ( 'NONE',  ( 4382.613538559126027, -252.7483308811851543, -45.86915678795750040 ) ) ;
#5180 = CARTESIAN_POINT ( 'NONE',  ( 4367.133472420938233, -229.2120818089018712, 41.17234804794025393 ) ) ;
#5181 = CARTESIAN_POINT ( 'NONE',  ( 4391.095988580792437, -225.8278787728848727, -34.62381561187773826 ) ) ;
#5182 = CARTESIAN_POINT ( 'NONE',  ( 4384.512280612697396, -224.4231193911986679, 34.33876240958954895 ) ) ;
#5183 = CARTESIAN_POINT ( 'NONE',  ( 4367.111310192976816, -212.4302812312685660, 25.51794658281841421 ) ) ;
#5184 = CARTESIAN_POINT ( 'NONE',  ( 4380.405403087286686, -248.8875003958081038, 45.66711554406202112 ) ) ;
#5185 = CARTESIAN_POINT ( 'NONE',  ( 4367.141038519325775, -256.1310924598289489, 44.85994252028803686 ) ) ;
#5186 = CARTESIAN_POINT ( 'NONE',  ( 4386.850541133966544, -217.9981693457921210, -33.32238012130211047 ) ) ;
#5187 = CARTESIAN_POINT ( 'NONE',  ( 4389.186581054789713, -247.7353540241510927, -44.64390119059811468 ) ) ;
#5188 = CARTESIAN_POINT ( 'NONE',  ( 4389.246704542109001, -254.2430019280179181, 45.35797021834286369 ) ) ;
#5189 = CARTESIAN_POINT ( 'NONE',  ( 4388.919155910246445, -247.5520054383586341, 41.80479031118650823 ) ) ;
#5190 = CARTESIAN_POINT ( 'NONE',  ( 4366.945871815581086, -222.6057195053626003, 34.41112070555015379 ) ) ;
#5191 = CARTESIAN_POINT ( 'NONE',  ( 4366.958403643959173, -273.5898943811260438, 7.269165452840476327 ) ) ;
#5192 = CARTESIAN_POINT ( 'NONE',  ( 4393.143858036334677, -249.5958657490921837, -41.66158048090307631 ) ) ;
#5193 = CARTESIAN_POINT ( 'NONE',  ( 4382.425367589015877, -212.5909137189004525, 28.95732178268424661 ) ) ;
#5194 = CARTESIAN_POINT ( 'NONE',  ( 4391.091371968857857, -220.6233819315741300, -31.45976477757838552 ) ) ;
#5195 = FACE_OUTER_BOUND ( 'NONE', #6150, .T. ) ;
#5196 = CARTESIAN_POINT ( 'NONE',  ( 4391.113187884875515, -204.2305942395088323, -14.37648048784853216 ) ) ;
#5197 = EDGE_CURVE ( 'NONE', #4084, #2803, #2715, .T. ) ;
#5198 = CARTESIAN_POINT ( 'NONE',  ( 4371.511873938061399, -225.7009480693637045, -39.15330152240180439 ) ) ;
#5199 = CARTESIAN_POINT ( 'NONE',  ( 4398.227350238953477, -302.9155512315545593, -26.00391400045749535 ) ) ;
#5200 = CARTESIAN_POINT ( 'NONE',  ( 4371.322568528922602, -208.2797198168612738, 18.59438813979423699 ) ) ;
#5201 = CARTESIAN_POINT ( 'NONE',  ( 4377.248871677511488, -305.5155512315545252, 27.26171544879925790 ) ) ;
#5202 = CARTESIAN_POINT ( 'NONE',  ( 4393.143585532018733, -261.4195548016156749, 24.85886617557893530 ) ) ;
#5203 = CARTESIAN_POINT ( 'NONE',  ( 4375.759608072039555, -252.5793026311658025, -43.70983557177320478 ) ) ;
#5204 = EDGE_LOOP ( 'NONE', ( #3740, #5272, #8887, #3570 ) ) ;
#5205 = CARTESIAN_POINT ( 'NONE',  ( 4389.101372158791492, -228.3975451312006442, 39.16639642842110902 ) ) ;
#5206 = CARTESIAN_POINT ( 'NONE',  ( 4388.885568255286671, -209.7017169027066359, -20.37829015080955131 ) ) ;
#5207 = CARTESIAN_POINT ( 'NONE',  ( 4367.466697790545368, -260.0708619510263588, -39.66795668391894480 ) ) ;
#5208 = ORIENTED_EDGE ( 'NONE', *, *, #8389, .T. ) ;
#5209 = CARTESIAN_POINT ( 'NONE',  ( 4389.068831554865938, -221.9715666968485266, -35.81371205344540698 ) ) ;
#5210 = CARTESIAN_POINT ( 'NONE',  ( 4367.146120767428329, -264.9094182583281167, -24.20191476783485030 ) ) ;
#5211 = PLANE ( 'NONE',  #6060 ) ;
#5212 = CARTESIAN_POINT ( 'NONE',  ( 4393.426568575418059, -249.8607008240893492, 44.49832793838690748 ) ) ;
#5213 = CARTESIAN_POINT ( 'NONE',  ( 4393.305659917064986, -242.7286717946240060, 40.53561914578970260 ) ) ;
#5214 = CARTESIAN_POINT ( 'NONE',  ( 4380.121269812172613, -224.1682288973810842, -34.49205702448285393 ) ) ;
#5215 = CARTESIAN_POINT ( 'NONE',  ( 4380.096843087896559, -206.4546483251412496, 12.00615861039580778 ) ) ;
#5216 = CARTESIAN_POINT ( 'NONE',  ( 4375.965744334407646, -238.0221627623680547, 43.79640418313590544 ) ) ;
#5217 = DIRECTION ( 'NONE',  ( 1.000000000000000000, 0.000000000000000000, 0.000000000000000000 ) ) ;
#5218 = CARTESIAN_POINT ( 'NONE',  ( 4367.120897509716087, -223.3566797504811916, 34.87929573603042144 ) ) ;
#5219 = CARTESIAN_POINT ( 'NONE',  ( 4371.699417648397684, -256.5543126973329322, -45.32160716375921083 ) ) ;
#5220 = CARTESIAN_POINT ( 'NONE',  ( 4391.125475003813335, -204.7540573227002483, 16.08427743710772972 ) ) ;
#5221 = CARTESIAN_POINT ( 'NONE',  ( 4389.184357860963246, -270.2970246178167031, -15.09831113733672225 ) ) ;
#5222 = CARTESIAN_POINT ( 'NONE',  ( 4384.531118434322707, -260.4582769672631457, -28.70675805287844895 ) ) ;
#5223 = CARTESIAN_POINT ( 'NONE',  ( 4393.310743385969545, -247.8668879668062459, -41.41013991139038097 ) ) ;
#5224 = ORIENTED_EDGE ( 'NONE', *, *, #7209, .F. ) ;
#5225 = CARTESIAN_POINT ( 'NONE',  ( 4367.249190274700595, -254.8389214731909362, -47.55336103960658534 ) ) ;
#5226 = CARTESIAN_POINT ( 'NONE',  ( 4367.111486706270625, -224.5827968957030123, 38.85055960985731360 ) ) ;
#5227 = CARTESIAN_POINT ( 'NONE',  ( 4384.511475310295282, -223.4152937447164220, 33.74296869992944892 ) ) ;
#5228 = CARTESIAN_POINT ( 'NONE',  ( 4367.106303045789900, -208.9149021254655452, 20.24398680108244619 ) ) ;
#5229 = VERTEX_POINT ( 'NONE', #1939 ) ;
#5230 = B_SPLINE_SURFACE_WITH_KNOTS ( 'NONE', 3, 3, ( 
 ( #5336, #3084, #292, #1768, #387, #5882, #8664, #8120, #8851, #4647, #7424, #1172, #3959, #6607, #6749, #2590, #3131, #2731, #4697, #6977, #8898, #8994, #4784, #7618, #1312, #3374, #8348, #6159, #5521, #2639, #5431, #7477, #4009, #8306, #3416, #8214, #624, #667, #3460, #4147, #1357, #24, #6202, #5569, #4103, #2052, #7663, #4828, #2684, #2817, #6933, #6250, #7526, #1223, #5474, #4055, #6844, #5613, #1270, #1915, #8947, #9038, #2775, #6800, #2101, #535, #579, #4873, #1404, #6298, #2006, #4188, #712, #8261, #3504, #1959, #3326, #7571, #6116, #4744, #6890, #6634, #4490, #7315, #7265, #8599, #7706, #5124, #4537, #5172, #2390, #7914, #1005, #7219, #7960, #5077, #2978, #8645, #319, #5862, #6500, #4399, #369, #2346, #1701, #3802, #3156, #1051, #8006, #5777, #8557, #3846 ),
 ( #958, #7022, #7175, #6589, #5909, #3708, #3111, #4916, #8390, #8691, #1655, #2437, #5220, #1747, #2142, #3665, #2302, #4442, #230, #3750, #6542, #7872, #1449, #3064, #4234, #1612, #757, #272, #6457, #189, #3020, #5821, #917, #1249, #4034, #4581, #5314, #6729, #466, #6093, #7550, #6869, #7453, #1794, #414, #8053, #8924, #2521, #4627, #513, #7403, #8192, #6822, #1293, #604, #5955, #8734, #7502, #6004, #1149, #2480, #5454, #3301, #5269, #558, #1199, #3254, #3350, #8828, #7360, #3889, #8874, #6048, #6138, #1100, #8098, #6681, #2615, #4766, #3207, #8784, #8238, #2565, #3987, #5361, #6776, #1842, #2662, #5407, #3935, #8146, #1986, #1888, #1936, #4078, #4675, #4724, #2030, #7729, #1471, #4806, #2755, #4170, #6957, #3527, #4983, #4299, #4895, #8286, #6912, #5500, #6359 ),
 ( #4937, #5635, #43, #1513, #7685, #7043, #5590, #4213, #89, #2121, #692, #7082, #7000, #1428, #9018, #2710, #3484, #5546, #8330, #3396, #2078, #6180, #4849, #2839, #736, #7595, #6318, #1337, #7641, #3567, #8411, #7775, #6274, #4257, #2, #2797, #3440, #6229, #2882, #8368, #1381, #2165, #5677, #8454, #777, #2208, #8973, #4124, #647, #258, #990, #5108, #8499, #5723, #5850, #820, #905, #2290, #4344, #7250, #7124, #3051, #2925, #5764, #304, #2332, #3784, #864, #3653, #8545, #3611, #2377, #7858, #4388, #8632, #6400, #5205, #5066, #177, #2247, #1599, #6575, #5024, #217, #3097, #7819, #5158, #3009, #7165, #5808, #7902, #1556, #132, #3694, #6488, #6445, #2967, #8587, #7992, #1643, #4522, #4428, #7948, #7205, #947, #3737, #6528, #1688, #5895, #4475, #1732, #8677 ),
 ( #2423, #1925, #1134, #6080, #1036, #8769, #5442, #3287, #6125, #8861, #7388, #6619, #3920, #3336, #3971, #1183, #6715, #2602, #6033, #6762, #3877, #1780, #7438, #8179, #4658, #5299, #3189, #8225, #451, #499, #5393, #1971, #8910, #6810, #4565, #7344, #2649, #7299, #1085, #2506, #355, #8812, #5941, #5987, #4710, #7489, #8083, #1235, #3831, #3141, #4020, #3238, #545, #8719, #2465, #5253, #8037, #6666, #2551, #1827, #5347, #8131, #399, #4613, #1875, #4066, #8273, #2827, #1369, #4199, #7716, #9006, #2742, #3384, #33, #5625, #6169, #4112, #5533, #8318, #4884, #6349, #5665, #6263, #591, #2016, #6855, #1459, #1325, #3428, #8357, #6215, #6989, #8399, #76, #8441, #4754, #7536, #6308, #4795, #2065, #1281, #4245, #2111, #8961, #2153, #9051, #4838, #4925, #722, #2695, #635 ),
 ( #7582, #7629, #5486, #7031, #4159, #6946, #3515, #6900, #2871, #679, #3473, #2787, #5579, #767, #7674, #1415, #3555, #120, #4417, #4376, #165, #7156, #3684, #807, #7762, #2955, #5753, #4969, #5883, #2321, #979, #5840, #895, #6476, #248, #5012, #1676, #5055, #3727, #2998, #1499, #7238, #2912, #206, #7847, #7892, #1586, #3643, #8623, #6432, #5798, #5710, #8488, #4286, #7072, #8577, #5098, #2235, #1632, #936, #6517, #7195, #3040, #293, #2368, #5146, #7936, #4463, #3771, #6564, #8532, #3085, #2193, #3599, #7808, #6388, #2279, #4331, #7112, #1546, #852, #3327, #1072, #8121, #3227, #4510, #7379, #7287, #4556, #8852, #6023, #4010, #8757, #1173, #2497, #5976, #8709, #2456, #5384, #8072, #3868, #439, #8170, #1916, #1866, #4698, #7334, #5240, #1124, #4648, #2592, #3910 ),
 ( #7426, #8027, #3132, #8803, #490, #3960, #2411, #6801, #6656, #1770, #1721, #388, #7479, #1026, #1815, #1224, #6608, #6751, #4602, #3177, #6704, #2541, #3821, #5193, #5288, #5337, #7979, #8665, #3277, #536, #6070, #343, #5929, #4189, #8950, #5615, #8995, #7664, #6934, #8900, #2143, #4057, #4148, #2732, #2777, #5523, #7572, #3505, #1314, #668, #6845, #581, #2640, #8215, #3461, #7620, #3375, #4829, #4874, #1405, #8349, #5570, #4235, #1359, #713, #8307, #6252, #2818, #9039, #6891, #7023, #2102, #6978, #2685, #5433, #625, #8262, #2007, #758, #5475, #6117, #4104, #6299, #25, #1961, #8391, #4745, #4785, #4917, #7707, #1450, #6203, #7527, #2054, #3417, #6160, #1272, #240, #2946, #5003, #4366, #3031, #5830, #5789, #8614, #2228, #3591, #5046, #2989, #3719, #7840, #2183 ),
 ( #7799, #7063, #927, #800, #8568, #5655, #8478, #2358, #1578, #6508, #6380, #111, #1538, #6339, #5088, #4323, #7104, #7148, #5135, #2271, #843, #4453, #887, #3674, #2902, #2863, #3632, #5700, #6422, #1665, #157, #7229, #5745, #2313, #6467, #8433, #198, #4959, #8522, #7926, #7883, #3547, #1624, #4408, #7186, #66, #7753, #1491, #4278, #378, #2447, #1806, #481, #6741, #3219, #3267, #8700, #1018, #2489, #427, #1162, #5279, #8656, #5873, #6015, #970, #1063, #5231, #4500, #7416, #7275, #8795, #3077, #5920, #6062, #8064, #3950, #3813, #6600, #8015, #3761, #2533, #1760, #4547, #5328, #6553, #5375, #7324, #331, #2401, #3857, #8842, #5184, #3166, #2582, #7969, #8113, #5965, #6646, #8745, #4593, #1713, #284, #7371, #1114, #3122, #4689, #3900, #8160, #4639, #6694, #1856 ),
 ( #1903, #3453, #3366, #6152, #3317, #7612, #1350, #6108, #7518, #8938, #2676, #8987, #8342, #7655, #4094, #527, #5422, #8889, #6242, #4738, #6837, #3409, #573, #8299, #4140, #2094, #1397, #7467, #1215, #6925, #617, #1263, #661, #2725, #2629, #1952, #9032, #7565, #2045, #2768, #5468, #8254, #8207, #5562, #4866, #4049, #2000, #4778, #1305, #5514, #4000, #6791, #6884, #4821, #6195, #8688, #510, #3152, #5265, #1145, #8048, #8824, #1885, #8190, #7499, #6586, #1246, #8143, #6630, #1791, #316, #6090, #3930, #5906, #1196, #1839, #7357, #4670, #410, #3108, #4533, #6726, #6678, #7450, #2434, #5952, #5216, #462, #5403, #8003, #1743, #8871, #3886, #4624, #7399, #8731, #2612, #7311, #3982, #3201, #5358, #1047, #4578, #4721, #2562, #1934, #6773, #5999, #3843, #8781, #366, #3250 ),
 ( #2475, #2517, #1096, #5311, #3298, #8094, #6045, #6198, #3457, #2634, #8257, #2680, #6247, #7615, #2048, #6065, #8847, #1353, #4144, #5379, #4005, #1861, #4052, #1167, #1219, #620, #8991, #6796, #8943, #8117, #2537, #3413, #5427, #4781, #6887, #2003, #5333, #6745, #2586, #8210, #531, #1956, #2728, #3955, #1909, #3322, #6112, #5471, #6930, #4644, #6841, #7421, #8164, #485, #5518, #4693, #8893, #6155, #4741, #7568, #8302, #664, #3271, #7473, #7523, #4098, #1267, #576, #3369, #4825, #1309, #8345, #3628, #4275, #754, #7100, #2860, #9035, #6974, #6376, #63, #1534, #2771, #5610, #2098, #3587, #7837, #5566, #4869, #2267, #6336, #7060, #796, #8386, #8519, #709, #6417, #5651, #7796, #7658, #1446, #7141, #5000, #1574, #4320, #8430, #1401, #2180, #5043, #5696, #2899, #4954 ),
 ( #3500, #107, #7750, #3670, #1488, #154, #883, #8475, #2225, #839, #4185, #4362, #6294, #21, #2814, #2138, #4913, #7703, #4230, #7019, #2943, #3544, #5742, #4544, #3851, #1661, #3809, #2984, #1108, #7321, #6549, #8696, #1754, #5916, #6463, #1619, #922, #279, #4448, #3071, #7965, #235, #1057, #1011, #5784, #3714, #6641, #5868, #2443, #374, #7225, #965, #5083, #3161, #5827, #3757, #8651, #6594, #8059, #7366, #1708, #2308, #6504, #8564, #5961, #3027, #5130, #325, #7920, #5226, #8740, #1800, #194, #7877, #4404, #7182, #2485, #5180, #2396, #8607, #3117, #4496, #2353, #7270, #8012, #5274, #4587, #2038, #474, #7603, #5369, #3357, #7510, #8791, #2623, #2528, #8837, #4086, #1257, #8292, #3995, #5462, #6784, #1207, #3944, #6737, #610, #3311, #8155, #4732, #3402, #6188 ) ),
 .UNSPECIFIED., .F., .F., .F.,
 ( 4, 3, 3, 4 ),
 ( 4, 3, 3, 3, 3, 3, 3, 3, 3, 3, 3, 3, 3, 3, 3, 3, 3, 3, 3, 3, 3, 3, 3, 3, 3, 3, 3, 3, 3, 3, 3, 3, 3, 3, 3, 3, 3, 4 ),
 ( 915.9069769663328771, 982.0399549960794729, 1048.172933025826069, 1180.438889085319261 ),
 ( -3.654096003204807142E-13, 12.60479524734486034, 25.20959049469008662, 50.41918098938053561, 75.62877148407099526, 100.8383619787614407, 151.2575429681423316, 201.6767239575232509, 226.8863144522136963, 252.0959049469041702, 277.3054954415946440, 289.9102906889398810, 302.5150859362850611, 308.8174835599576227, 315.1198811836302411, 321.4222788073028596, 327.7246764309754781, 334.0270740546480965, 340.3294716783207150, 346.6318693019933335, 352.9342669256659519, 359.2366645493385704, 365.5390621730111889, 378.1438574203564258, 403.3534479150468428, 428.5630384097372598, 453.7726289044277337, 478.9822193991182075, 504.1918098938086814, 605.0301718725704632, 705.8685338513322449, 731.0781243460226051, 756.2877148407130790, 768.8925100880583159, 772.0437088998946820, 775.1949077117309344, 781.4973053354035528, 806.7068958300940267 ),
 .UNSPECIFIED. ) ;
#5231 = CARTESIAN_POINT ( 'NONE',  ( 4380.292617069644621, -223.9915432976810052, 37.61912928607016227 ) ) ;
#5232 = CARTESIAN_POINT ( 'NONE',  ( 4382.339544883820963, -258.7331382413956931, 32.51362798604765203 ) ) ;
#5233 = CARTESIAN_POINT ( 'NONE',  ( 4367.302702812808093, -256.1189450016360638, 44.84345987173365700 ) ) ;
#5234 = CARTESIAN_POINT ( 'NONE',  ( 4380.261261270152318, -217.9879865447462066, -33.75317610308496796 ) ) ;
#5235 = CARTESIAN_POINT ( 'NONE',  ( 4384.781607921100658, -244.9551149513840471, -44.64848158430150704 ) ) ;
#5236 = CARTESIAN_POINT ( 'NONE',  ( 4389.243710291326352, -256.2434064781323855, 41.57723823857735823 ) ) ;
#5237 = CARTESIAN_POINT ( 'NONE',  ( 4388.905361987059223, -230.0742082485745641, 36.85324164304156369 ) ) ;
#5238 = DIRECTION ( 'NONE',  ( -0.000000000000000000, 1.000000000000000000, -0.000000000000000000 ) ) ;
#5239 = DIRECTION ( 'NONE',  ( -1.000000000000000000, 0.000000000000000000, 1.486905836551618499E-15 ) ) ;
#5240 = CARTESIAN_POINT ( 'NONE',  ( 4384.807228599588598, -252.7300978498602149, 45.65476780408729240 ) ) ;
#5241 = CARTESIAN_POINT ( 'NONE',  ( 4380.119053788914243, -221.6028746899665975, -32.88168721370352188 ) ) ;
#5242 = CARTESIAN_POINT ( 'NONE',  ( 4367.436266875392903, -269.9317919148531928, 20.50391400045736745 ) ) ;
#5243 = CARTESIAN_POINT ( 'NONE',  ( 4391.125474998107165, -204.7540573227048242, -16.07644943656359260 ) ) ;
#5244 = CARTESIAN_POINT ( 'NONE',  ( 4367.278154471229755, -222.9693246156438704, -37.90732735772971296 ) ) ;
#5245 = CARTESIAN_POINT ( 'NONE',  ( 4391.277972802015029, -224.5148446112427223, -37.09016395328303162 ) ) ;
#5246 = CARTESIAN_POINT ( 'NONE',  ( 4393.427350238953295, -302.9155512315545593, -19.50391400045749180 ) ) ;
#5247 = VECTOR ( 'NONE', #7168, 1000.000000000000000 ) ;
#5248 = CARTESIAN_POINT ( 'NONE',  ( 4375.758267750242339, -251.3595613242428044, 43.59192510447131497 ) ) ;
#5249 = EDGE_CURVE ( 'NONE', #16, #8086, #5709, .T. ) ;
#5250 = CARTESIAN_POINT ( 'NONE',  ( 4393.172704347807667, -252.5003536975169993, -42.21810088071283928 ) ) ;
#5251 = CARTESIAN_POINT ( 'NONE',  ( 4384.530770206675697, -252.2376101038693719, -42.80565970461697134 ) ) ;
#5252 = ORIENTED_EDGE ( 'NONE', *, *, #6999, .F. ) ;
#5253 = CARTESIAN_POINT ( 'NONE',  ( 4386.874413120277495, -222.2394978406625796, 36.13987465640895635 ) ) ;
#5254 = CARTESIAN_POINT ( 'NONE',  ( 4380.107746529179167, -210.5912170250883264, -22.23067524220957480 ) ) ;
#5255 = CARTESIAN_POINT ( 'NONE',  ( 4393.116452199170453, -214.5577483569539368, 26.32080673063485676 ) ) ;
#5256 = VECTOR ( 'NONE', #5031, 1000.000000000000000 ) ;
#5257 = CARTESIAN_POINT ( 'NONE',  ( 4393.455612562077476, -221.1428595216813733, -34.98454082773498897 ) ) ;
#5258 = CARTESIAN_POINT ( 'NONE',  ( 4367.443889916940861, -255.5856734527796164, -47.61615968645216412 ) ) ;
#5259 = CARTESIAN_POINT ( 'NONE',  ( 4393.452285132173529, -261.8971398685847589, -29.91715253795677043 ) ) ;
#5260 = CARTESIAN_POINT ( 'NONE',  ( 4393.308975350630135, -223.0249716984651798, 36.12368709617275897 ) ) ;
#5261 = CARTESIAN_POINT ( 'NONE',  ( 4391.094142863626075, -223.6693572201471056, 33.41982723027908264 ) ) ;
#5262 = CARTESIAN_POINT ( 'NONE',  ( 4366.947000466935606, -223.7987838387842885, -35.15531063672998613 ) ) ;
#5263 = CARTESIAN_POINT ( 'NONE',  ( 4380.115327998769317, -217.4851954040206863, 29.81077675426580953 ) ) ;
#5264 = ADVANCED_FACE ( 'NONE', ( #2568 ), #477, .T. ) ;
#5265 = CARTESIAN_POINT ( 'NONE',  ( 4375.891558266832362, -222.6137764838535702, 37.13425331962733367 ) ) ;
#5266 = AXIS2_PLACEMENT_3D ( 'NONE', #533, #7376, #3274 ) ;
#5267 = CARTESIAN_POINT ( 'NONE',  ( 4367.140615733719642, -253.0495326452965514, 44.58907866663049191 ) ) ;
#5268 = PLANE ( 'NONE',  #1012 ) ;
#5269 = CARTESIAN_POINT ( 'NONE',  ( 4391.271607033582768, -223.2983089838800197, 36.43205360945287907 ) ) ;
#5270 = CARTESIAN_POINT ( 'NONE',  ( 4386.725239586941825, -260.2693295955457415, -28.54787749948231124 ) ) ;
#5271 = CARTESIAN_POINT ( 'NONE',  ( 4375.755588054928012, -248.9387915589983891, -43.27140341093424070 ) ) ;
#5272 = ORIENTED_EDGE ( 'NONE', *, *, #2625, .T. ) ;
#5273 = CARTESIAN_POINT ( 'NONE',  ( 4367.467819833042086, -255.8867657726266032, -47.62292406322261940 ) ) ;
#5274 = CARTESIAN_POINT ( 'NONE',  ( 4367.165531202858801, -235.8274832807267103, 43.81324362057738142 ) ) ;
#5275 = CARTESIAN_POINT ( 'NONE',  ( 4375.731796477671196, -225.8963656730258265, -35.78125918820877871 ) ) ;
#5276 = CARTESIAN_POINT ( 'NONE',  ( 4384.493574357776197, -208.2797493518865224, 17.82726955451546402 ) ) ;
#5277 = CARTESIAN_POINT ( 'NONE',  ( 4367.269370459224774, -256.1214499000412275, -44.83903169366415398 ) ) ;
#5278 = ORIENTED_EDGE ( 'NONE', *, *, #4584, .F. ) ;
#5279 = CARTESIAN_POINT ( 'NONE',  ( 4380.287833817496903, -223.0253295814011381, 37.06950593790602966 ) ) ;
#5280 = CARTESIAN_POINT ( 'NONE',  ( 4391.115964432033252, -257.9990748674437668, 31.79773975477852233 ) ) ;
#5281 = LINE ( 'NONE', #1808, #136 ) ;
#5282 = CARTESIAN_POINT ( 'NONE',  ( 4380.268807387792549, -219.3592640322297314, -34.73630966105771734 ) ) ;
#5283 = CARTESIAN_POINT ( 'NONE',  ( 4380.390868038743065, -245.1818148575530074, -45.10051420160090174 ) ) ;
#5284 = CARTESIAN_POINT ( 'NONE',  ( 4388.905801234165665, -230.6165112851666947, 37.08349289282176642 ) ) ;
#5285 = CARTESIAN_POINT ( 'NONE',  ( 4380.947391558322124, -305.5155512315545252, 26.22612988217233010 ) ) ;
#5286 = CARTESIAN_POINT ( 'NONE',  ( 4382.323170677981580, -275.9466990339996642, -0.2653338005165796765 ) ) ;
#5287 = CARTESIAN_POINT ( 'NONE',  ( 4393.143258627574141, -248.4495775477994357, -41.51489281873731585 ) ) ;
#5288 = CARTESIAN_POINT ( 'NONE',  ( 4382.429281514620016, -213.1948391412078934, 29.54817765344093061 ) ) ;
#5289 = CARTESIAN_POINT ( 'NONE',  ( 4393.285919027072850, -221.4420052510668029, -31.85806383166920597 ) ) ;
#5290 = CARTESIAN_POINT ( 'NONE',  ( 4367.302702822597894, -256.1189450009021584, -44.83563186982042481 ) ) ;
#5291 = CARTESIAN_POINT ( 'NONE',  ( 4375.796574315805628, -207.3060167530514377, -22.61325524816409427 ) ) ;
#5292 = CARTESIAN_POINT ( 'NONE',  ( 4367.260640980084645, -219.2729986921147827, -35.51398565812142749 ) ) ;
#5293 = CARTESIAN_POINT ( 'NONE',  ( 4389.077894188367281, -223.7060007127600159, -36.81553258521442729 ) ) ;
#5294 = CARTESIAN_POINT ( 'NONE',  ( 4367.440451216752990, -267.2353602082113753, 25.77718690348239150 ) ) ;
#5295 = CARTESIAN_POINT ( 'NONE',  ( 4371.333853019376875, -218.0921831441664551, 30.86336485971437682 ) ) ;
#5296 = CARTESIAN_POINT ( 'NONE',  ( 4393.168106453526889, -252.4701923100985823, -42.17064534530251763 ) ) ;
#5297 = CARTESIAN_POINT ( 'NONE',  ( 4393.314149620103308, -251.3153592662436040, -41.82336002171392408 ) ) ;
#5298 = EDGE_LOOP ( 'NONE', ( #4024, #2441, #5604, #5788 ) ) ;
#5299 = CARTESIAN_POINT ( 'NONE',  ( 4386.824694370087855, -213.7998727249775754, 29.86190220784354565 ) ) ;
#5300 = CARTESIAN_POINT ( 'NONE',  ( 4382.304284212121274, -211.4716350891221452, -23.41507464579393982 ) ) ;
#5301 = CARTESIAN_POINT ( 'NONE',  ( 4393.121273174464477, -219.0245300624323477, 30.17016630092432194 ) ) ;
#5302 = CARTESIAN_POINT ( 'NONE',  ( 4371.493155061978541, -221.7868993182739814, -36.91665033065751800 ) ) ;
#5303 = CARTESIAN_POINT ( 'NONE',  ( 4367.391931786814894, -249.5548340792764748, -46.97354485741276164 ) ) ;
#5304 = EDGE_CURVE ( 'NONE', #4616, #6854, #4674, .T. ) ;
#5305 = CARTESIAN_POINT ( 'NONE',  ( 4367.438643291347944, -302.9155512315545593, -24.10391400045742571 ) ) ;
#5306 = CARTESIAN_POINT ( 'NONE',  ( 4393.172038857941516, -205.3586122502659634, 17.62071225727846979 ) ) ;
#5307 = CARTESIAN_POINT ( 'NONE',  ( 4391.094544458122073, -224.1540664340280671, 33.70292530757082261 ) ) ;
#5308 = CARTESIAN_POINT ( 'NONE',  ( 4388.901514952336584, -225.3187976560471100, -34.51461351323963100 ) ) ;
#5309 = CARTESIAN_POINT ( 'NONE',  ( 4380.128229031545743, -232.4132139041888934, 38.51573417402653376 ) ) ;
#5310 = B_SPLINE_SURFACE_WITH_KNOTS ( 'NONE', 1, 3, ( 
 ( #7534, #5577, #2741, #7580, #5531, #4837, #1968, #6124, #1322, #4111, #3334, #543, #3469, #8398, #4197, #8316, #7628, #7672, #8958, #32, #3426, #2109, #1367, #8908, #5622, #1279, #6943, #6213, #6261, #9003, #4792, #6986, #633, #9048, #4064, #6852, #2647, #5440, #8356, #1413, #2693, #721, #3514, #6307, #2825, #4924, #7715, #4753, #5483, #164, #5144, #2996, #5839, #5796, #7111, #6346, #3642, #3038, #3681, #893, #6430, #8575, #5752, #6473, #3598, #1497, #7155, #7891 ),
 ( #2911, #6515, #8529, #4416, #4285, #7070, #5708, #766, #2320, #7846, #1674, #2278, #3554, #2367, #8486, #6387, #73, #2234, #7194, #5663, #2953, #247, #4967, #205, #5053, #5011, #1584, #4375, #8440, #2870, #7806, #1545, #2192, #7030, #5097, #8622, #1631, #934, #3726, #7935, #806, #7760, #851, #119, #4330, #7237, #489, #2410, #2496, #7333, #1123, #3867, #5928, #1865, #8708, #5287, #5192, #7977, #978, #6562, #8071, #5974, #1720, #3176, #3226, #6022, #6702, #3909 ) ),
 .UNSPECIFIED., .F., .F., .F.,
 ( 2, 2 ),
 ( 4, 2, 2, 2, 2, 2, 2, 2, 2, 2, 2, 2, 2, 2, 2, 2, 2, 2, 2, 2, 2, 2, 2, 2, 2, 2, 2, 2, 2, 2, 2, 2, 2, 4 ),
 ( 0.000000000000000000, 1.000000000000000000 ),
 ( 0.000000000000000000, 0.06507124895373447848, 0.09760687343060171772, 0.1301424979074689570, 0.1952137468612034354, 0.2602849958149379139, 0.3253562447686724202, 0.3578918692455396178, 0.3741596814839732721, 0.3904274937224068709, 0.3985613998416236425, 0.4066953059608404697, 0.4148292120800572969, 0.4229631181992741240, 0.4310970243184909512, 0.4392309304377077228, 0.4473648365569244945, 0.4554987426761413216, 0.4636326487953581488, 0.4717665549145749759, 0.4880343671530085747, 0.5205699916298758279, 0.5531056161067431365, 0.5856412405836103341, 0.6181768650604775317, 0.6507124895373448403, 0.7808549874448137418, 0.9109974853522826432, 0.9760687343060171495, 0.9923365465444506928, 0.9964034996040590508, 1.000470452663667409, 1.008604358782884347, 1.041139983259751656 ),
 .UNSPECIFIED. ) ;
#5311 = CARTESIAN_POINT ( 'NONE',  ( 4371.321920982392840, -203.4665663230785526, 10.66304568403763930 ) ) ;
#5312 = CARTESIAN_POINT ( 'NONE',  ( 4367.445408608255093, -266.2226160306008182, -27.74974794012832646 ) ) ;
#5313 = CARTESIAN_POINT ( 'NONE',  ( 4376.741019707303167, -305.5155512315545252, 24.00391400045749535 ) ) ;
#5314 = CARTESIAN_POINT ( 'NONE',  ( 4391.247681801313774, -219.0310989309207343, 33.76547287661117736 ) ) ;
#5315 = CARTESIAN_POINT ( 'NONE',  ( 4388.872586822103585, -206.2431120333627064, -9.088932591514108594 ) ) ;
#5316 = CARTESIAN_POINT ( 'NONE',  ( 4393.634931516763572, -255.9120991067177613, -41.11373979205175289 ) ) ;
#5317 = CARTESIAN_POINT ( 'NONE',  ( 4391.110601659795066, -263.6925772229602671, -21.10679977860770151 ) ) ;
#5318 = CARTESIAN_POINT ( 'NONE',  ( 4388.920843159368815, -249.8762527321931373, -42.11531246850829291 ) ) ;
#5319 = LINE ( 'NONE', #6142, #8228 ) ;
#5320 = EDGE_CURVE ( 'NONE', #3290, #3856, #7045, .T. ) ;
#5321 = VERTEX_POINT ( 'NONE', #6402 ) ;
#5322 = CARTESIAN_POINT ( 'NONE',  ( 4393.150659274749160, -254.1740495133603019, -38.49551581734938566 ) ) ;
#5323 = CARTESIAN_POINT ( 'NONE',  ( 4367.436266875392903, -269.9317919148531928, 20.50391400045736745 ) ) ;
#5324 = CARTESIAN_POINT ( 'NONE',  ( 4382.318129794341075, -225.8670044626399829, -35.29506887189037911 ) ) ;
#5325 = CARTESIAN_POINT ( 'NONE',  ( 4384.500644668447421, -212.4523879193290270, 24.53296336127942112 ) ) ;
#5326 = CARTESIAN_POINT ( 'NONE',  ( 4375.941019707302985, -305.5155512315545252, 22.40391400045749393 ) ) ;
#5327 = ORIENTED_EDGE ( 'NONE', *, *, #2082, .F. ) ;
#5328 = CARTESIAN_POINT ( 'NONE',  ( 4380.336412691216537, -233.1356066664339437, 41.78193881448472524 ) ) ;
#5329 = CARTESIAN_POINT ( 'NONE',  ( 4366.966368860589682, -269.7259279808405950, 14.82735178787898178 ) ) ;
#5330 = DIRECTION ( 'NONE',  ( 0.000000000000000000, -1.000000000000000000, 0.000000000000000000 ) ) ;
#5331 = CARTESIAN_POINT ( 'NONE',  ( 4391.249677746210182, -219.3787677317499174, -33.99692484219333721 ) ) ;
#5332 = CARTESIAN_POINT ( 'NONE',  ( 4380.410086261307697, -250.1266407655762123, -45.81854644828884204 ) ) ;
#5333 = CARTESIAN_POINT ( 'NONE',  ( 4371.479150171530819, -218.9961899047093823, 35.06237210102909785 ) ) ;
#5334 = CARTESIAN_POINT ( 'NONE',  ( 4388.899950090055427, -223.4163715438138240, 33.42901651628751836 ) ) ;
#5335 = CARTESIAN_POINT ( 'NONE',  ( 4377.141019707303712, -305.5155512315545252, 26.87652984091358377 ) ) ;
#5336 = CARTESIAN_POINT ( 'NONE',  ( 4393.255413207445599, -203.4313293483747316, 8.022119960549918716 ) ) ;
#5337 = CARTESIAN_POINT ( 'NONE',  ( 4382.433195440224154, -213.7987645635153342, 30.13903352419762172 ) ) ;
#5338 = CARTESIAN_POINT ( 'NONE',  ( 4380.118905691429973, -221.4407861181740600, -32.77303823893129930 ) ) ;
#5339 = DIRECTION ( 'NONE',  ( -0.000000000000000000, 0.000000000000000000, 1.000000000000000000 ) ) ;
#5340 = CARTESIAN_POINT ( 'NONE',  ( 4386.782574955630480, -208.2610983819528201, -23.38774805219373576 ) ) ;
#5341 = CARTESIAN_POINT ( 'NONE',  ( 4391.289266551549190, -226.7072006882090989, -38.20268370269721458 ) ) ;
#5342 = DIRECTION ( 'NONE',  ( 1.000000000000000000, -0.000000000000000000, -0.000000000000000000 ) ) ;
#5343 = CARTESIAN_POINT ( 'NONE',  ( 4371.340010453531249, -224.9806643656855556, 35.57688894130426860 ) ) ;
#5344 = CARTESIAN_POINT ( 'NONE',  ( 4393.167484771192903, -252.4580326641183206, -42.16350702792954053 ) ) ;
#5345 = CARTESIAN_POINT ( 'NONE',  ( 4371.370671938668238, -252.9008704000629848, -44.16608464679336521 ) ) ;
#5346 = ORIENTED_EDGE ( 'NONE', *, *, #3748, .T. ) ;
#5347 = CARTESIAN_POINT ( 'NONE',  ( 4386.877588165741145, -222.8889651250256634, 36.52049455938516331 ) ) ;
#5348 = CARTESIAN_POINT ( 'NONE',  ( 4393.279388311070761, -214.5751585612567283, -26.28245454666526371 ) ) ;
#5349 = CARTESIAN_POINT ( 'NONE',  ( 4391.061243447657034, -203.4313293483271252, -8.155895251844942351 ) ) ;
#5350 = ORIENTED_EDGE ( 'NONE', *, *, #328, .T. ) ;
#5351 = CARTESIAN_POINT ( 'NONE',  ( 4367.100535275961192, -222.2147887522514793, -37.46403747340456647 ) ) ;
#5352 = FACE_OUTER_BOUND ( 'NONE', #398, .T. ) ;
#5353 = CARTESIAN_POINT ( 'NONE',  ( 4367.441019707303894, -302.9155512315545593, -25.10391400045742571 ) ) ;
#5354 = CARTESIAN_POINT ( 'NONE',  ( 4393.300764277693816, -221.5040553137111772, 35.22663151127055414 ) ) ;
#5355 = CARTESIAN_POINT ( 'NONE',  ( 4391.090760481240068, -219.9713422429273635, 31.00978578510049388 ) ) ;
#5356 = CARTESIAN_POINT ( 'NONE',  ( 4391.095544160144527, -225.3112282768031207, -34.34611598102506491 ) ) ;
#5357 = CARTESIAN_POINT ( 'NONE',  ( 4380.120876499256156, -223.6719627905771688, 34.20501450954103717 ) ) ;
#5358 = CARTESIAN_POINT ( 'NONE',  ( 4376.029906136335740, -252.7035515203409091, 46.52800647489964092 ) ) ;
#5359 = CARTESIAN_POINT ( 'NONE',  ( 4367.141038519325775, -256.1310924598292331, 44.85994252028811502 ) ) ;
#5360 = CARTESIAN_POINT ( 'NONE',  ( 4367.406472526588004, -253.8919284843432251, -47.45661094351570597 ) ) ;
#5361 = CARTESIAN_POINT ( 'NONE',  ( 4391.320115215079568, -232.9121461739340759, 40.79839882924986227 ) ) ;
#5362 = CARTESIAN_POINT ( 'NONE',  ( 4393.263136101359123, -206.2899108787458431, -9.603872471541540889 ) ) ;
#5363 = CARTESIAN_POINT ( 'NONE',  ( 4393.639349516462971, -253.9303403698538943, -44.84892593515158410 ) ) ;
#5364 = CARTESIAN_POINT ( 'NONE',  ( 4393.467126489143993, -257.9086778541487206, -37.39298523702889554 ) ) ;
#5365 = CARTESIAN_POINT ( 'NONE',  ( 4366.954093367400674, -230.9329338853842160, -38.86964695185189100 ) ) ;
#5366 =( LENGTH_UNIT ( ) NAMED_UNIT ( * ) SI_UNIT ( .MILLI., .METRE. ) );
#5367 = ORIENTED_EDGE ( 'NONE', *, *, #8612, .T. ) ;
#5368 = CARTESIAN_POINT ( 'NONE',  ( 4393.593604800967114, -264.9849610477544957, 24.12266820922337729 ) ) ;
#5369 = CARTESIAN_POINT ( 'NONE',  ( 4367.225569622319199, -248.4338501943022663, 46.82773653726133034 ) ) ;
#5370 = CARTESIAN_POINT ( 'NONE',  ( 4388.903206486056661, -227.4091871639507758, -35.60323696103441193 ) ) ;
#5371 = CARTESIAN_POINT ( 'NONE',  ( 4382.312538726835555, -219.3400375474782322, 31.13913059771453717 ) ) ;
#5372 = CARTESIAN_POINT ( 'NONE',  ( 4367.093704729264573, -206.2313293483461507, 9.533943380833617809 ) ) ;
#5373 = ORIENTED_EDGE ( 'NONE', *, *, #985, .T. ) ;
#5374 = CARTESIAN_POINT ( 'NONE',  ( 4376.075901944956968, -261.3634789278476092, -35.07796446001868418 ) ) ;
#5375 = CARTESIAN_POINT ( 'NONE',  ( 4380.358760603004157, -237.8831434470398278, 43.38176293371963510 ) ) ;
#5376 = CARTESIAN_POINT ( 'NONE',  ( 4366.982491181540354, -262.0054062237640551, 29.94471892446840044 ) ) ;
#5377 = CARTESIAN_POINT ( 'NONE',  ( 4380.263155176487999, -218.3228362026969194, -34.00178762628163298 ) ) ;
#5378 = CARTESIAN_POINT ( 'NONE',  ( 4393.592101380188069, -250.4473026358125480, -44.53523071860324478 ) ) ;
#5379 = CARTESIAN_POINT ( 'NONE',  ( 4371.421021162729630, -209.2292233625076676, 25.74306036534125752 ) ) ;
#5380 = CARTESIAN_POINT ( 'NONE',  ( 4386.681949153819914, -206.5908199977600361, 12.39604206768746941 ) ) ;
#5381 = CARTESIAN_POINT ( 'NONE',  ( 4367.150432308321797, -254.2873826762599947, 44.69991931449456501 ) ) ;
#5382 = DIRECTION ( 'NONE',  ( 0.000000000000000000, -1.000000000000000000, 0.000000000000000000 ) ) ;
#5383 = CARTESIAN_POINT ( 'NONE',  ( 4367.150432308321797, -254.2873826762599947, 44.69991931449456501 ) ) ;
#5384 = CARTESIAN_POINT ( 'NONE',  ( 4384.805005600611366, -251.6739314308593123, 45.55959860804215111 ) ) ;
#5385 = CARTESIAN_POINT ( 'NONE',  ( 4371.336686143646148, -221.2765075152488237, -33.23893613602379560 ) ) ;
#5386 = CARTESIAN_POINT ( 'NONE',  ( 4393.315438485603408, -224.2384343056375542, 36.79488094138316256 ) ) ;
#5387 = CARTESIAN_POINT ( 'NONE',  ( 4386.773540975047581, -207.2983408960285487, -21.95231318466416326 ) ) ;
#5388 = CARTESIAN_POINT ( 'NONE',  ( 4380.308854645839347, -227.3509642690858641, -39.34579631291548196 ) ) ;
#5389 = CARTESIAN_POINT ( 'NONE',  ( 4367.466697782119809, -260.0708619517452007, 39.67578468553016080 ) ) ;
#5390 = CARTESIAN_POINT ( 'NONE',  ( 4371.338859658771980, -223.6744417366597304, 34.80426967064417454 ) ) ;
#5391 = CARTESIAN_POINT ( 'NONE',  ( 4393.167500527668381, -252.4570636563467474, -42.16357382748670091 ) ) ;
#5392 = EDGE_LOOP ( 'NONE', ( #7459, #4730, #5914, #7688 ) ) ;
#5393 = CARTESIAN_POINT ( 'NONE',  ( 4386.844650525593352, -217.0012102392411748, 32.57683693426950100 ) ) ;
#5394 = CARTESIAN_POINT ( 'NONE',  ( 4388.891641873684421, -214.5818289508211478, -26.57138909306616981 ) ) ;
#5395 = CARTESIAN_POINT ( 'NONE',  ( 4382.283816374843809, -203.4313293484456722, -8.692584567081773628 ) ) ;
#5396 = CARTESIAN_POINT ( 'NONE',  ( 4384.679705282489522, -222.4906439664345612, -36.43871529868856385 ) ) ;
#5397 = CARTESIAN_POINT ( 'NONE',  ( 4367.436266875392903, -203.3322581266223210, 24.10391400045742571 ) ) ;
#5398 = CARTESIAN_POINT ( 'NONE',  ( 4393.144092093153631, -252.3182182179828885, 41.94299474335233668 ) ) ;
#5399 = AXIS2_PLACEMENT_3D ( 'NONE', #951, #7255, #5069 ) ;
#5400 = CARTESIAN_POINT ( 'NONE',  ( 4391.092906230598601, -222.2656060974463799, 32.55857411603545160 ) ) ;
#5401 = CARTESIAN_POINT ( 'NONE',  ( 4393.289340915708635, -225.3037109790174100, -34.17475280717084019 ) ) ;
#5402 = CARTESIAN_POINT ( 'NONE',  ( 4380.125396425340114, -229.0996322963780756, 37.08605415376679559 ) ) ;
#5403 = CARTESIAN_POINT ( 'NONE',  ( 4375.988703701952545, -242.9260023742340309, 45.05273700400439196 ) ) ;
#5404 = CARTESIAN_POINT ( 'NONE',  ( 4367.471543869271045, -258.0103426547400431, -43.65664928904683961 ) ) ;
#5405 = CARTESIAN_POINT ( 'NONE',  ( 4367.282322742871656, -265.2101597349414419, -29.76864877145682087 ) ) ;
#5406 = VECTOR ( 'NONE', #7597, 1000.000000000000000 ) ;
#5407 = CARTESIAN_POINT ( 'NONE',  ( 4391.363337347869674, -242.2408645508664335, 43.49362459239840462 ) ) ;
#5408 = CARTESIAN_POINT ( 'NONE',  ( 4391.069058841858350, -206.3237639007124358, -10.14341753127259338 ) ) ;
#5409 = FACE_OUTER_BOUND ( 'NONE', #3625, .T. ) ;
#5410 = ORIENTED_EDGE ( 'NONE', *, *, #6271, .T. ) ;
#5411 = CARTESIAN_POINT ( 'NONE',  ( 4386.710592472046301, -229.5642172066516480, -36.79161298361115939 ) ) ;
#5412 = DIRECTION ( 'NONE',  ( -1.000000000000000000, 0.000000000000000000, 0.000000000000000000 ) ) ;
#5413 = VERTEX_POINT ( 'NONE', #4939 ) ;
#5414 = CARTESIAN_POINT ( 'NONE',  ( 4393.580015992499284, -267.5476967630968375, 19.33732028687096971 ) ) ;
#5415 = DIRECTION ( 'NONE',  ( 0.000000000000000000, 0.000000000000000000, 1.000000000000000000 ) ) ;
#5416 = CIRCLE ( 'NONE', #3512, 1.500000000000001332 ) ;
#5417 = CARTESIAN_POINT ( 'NONE',  ( 4375.734776615629926, -229.1475150524193225, -37.42823504149502867 ) ) ;
#5418 = CARTESIAN_POINT ( 'NONE',  ( 4382.288196026882360, -206.2424474615241934, 9.495480110922139616 ) ) ;
#5419 = CARTESIAN_POINT ( 'NONE',  ( 4367.302703009271681, -256.1189453562126346, -44.83563344453266808 ) ) ;
#5420 = VERTEX_POINT ( 'NONE', #3655 ) ;
#5421 = CARTESIAN_POINT ( 'NONE',  ( 4375.738562823389657, -233.0572381659151517, -39.10931816332614375 ) ) ;
#5422 = CARTESIAN_POINT ( 'NONE',  ( 4375.787584850429994, -206.4457350768549588, 21.09673696837068846 ) ) ;
#5423 = CARTESIAN_POINT ( 'NONE',  ( 4391.245665882534013, -218.6837286069133768, -33.51704367828111231 ) ) ;
#5424 = CARTESIAN_POINT ( 'NONE',  ( 4367.236934187418228, -251.0098407263184299, -47.17871569976868074 ) ) ;
#5425 = CARTESIAN_POINT ( 'NONE',  ( 4371.340611935374000, -225.6471716807525638, -35.94631135364689101 ) ) ;
#5426 = EDGE_CURVE ( 'NONE', #6714, #5030, #780, .T. ) ;
#5427 = CARTESIAN_POINT ( 'NONE',  ( 4371.471987382520638, -217.6386637697900710, 34.06325331577563276 ) ) ;
#5428 = CARTESIAN_POINT ( 'NONE',  ( 4386.682928747620281, -206.7656307332294432, 13.17259997832157836 ) ) ;
#5429 = LINE ( 'NONE', #1392, #1017 ) ;
#5430 = FACE_OUTER_BOUND ( 'NONE', #1706, .T. ) ;
#5431 = CARTESIAN_POINT ( 'NONE',  ( 4393.430522971411847, -217.0080066236133973, 32.13538268505823225 ) ) ;
#5432 = CARTESIAN_POINT ( 'NONE',  ( 4393.261045236435166, -206.2313293483504992, -8.013916776364487404 ) ) ;
#5433 = CARTESIAN_POINT ( 'NONE',  ( 4382.506080657424718, -227.3331893007119220, 39.18234289390308334 ) ) ;
#5434 = CARTESIAN_POINT ( 'NONE',  ( 4386.703989201924742, -221.4418736296873647, -32.32382220112779692 ) ) ;
#5435 = CARTESIAN_POINT ( 'NONE',  ( 4393.314054650376420, -223.9691807433820543, 36.64939111918672410 ) ) ;
#5436 = CARTESIAN_POINT ( 'NONE',  ( 4367.035171973440811, -210.2894426652332527, -27.32649875201854428 ) ) ;
#5437 = CARTESIAN_POINT ( 'NONE',  ( 4391.300499823224527, -228.9332379339025749, -39.21938466593577743 ) ) ;
#5438 = CARTESIAN_POINT ( 'NONE',  ( 4367.141038519325775, -256.1310924598298016, 44.85994252028867635 ) ) ;
#5439 = CARTESIAN_POINT ( 'NONE',  ( 4371.335534409884531, -219.9681616425161508, 32.31521678644288187 ) ) ;
#5440 = CARTESIAN_POINT ( 'NONE',  ( 4393.311210293868498, -223.4327174507455425, -36.34560071649598711 ) ) ;
#5441 = ORIENTED_EDGE ( 'NONE', *, *, #2037, .F. ) ;
#5442 = CARTESIAN_POINT ( 'NONE',  ( 4386.695846481823537, -203.5854536174643101, 11.13609417954241820 ) ) ;
#5443 = FACE_OUTER_BOUND ( 'NONE', #4854, .T. ) ;
#5444 = ORIENTED_EDGE ( 'NONE', *, *, #631, .T. ) ;
#5445 = CARTESIAN_POINT ( 'NONE',  ( 4393.462502617751852, -222.3735347338829058, -35.72821129386223049 ) ) ;
#5446 = DIRECTION ( 'NONE',  ( 0.000000000000000000, 0.000000000000000000, 1.000000000000000000 ) ) ;
#5447 = FACE_OUTER_BOUND ( 'NONE', #6502, .T. ) ;
#5448 = CARTESIAN_POINT ( 'NONE',  ( 4391.095988583428152, -225.8278787728625048, 34.63164361258109381 ) ) ;
#5449 = CARTESIAN_POINT ( 'NONE',  ( 4366.947949254082232, -224.8588991581351593, -35.78655511156448199 ) ) ;
#5450 = CARTESIAN_POINT ( 'NONE',  ( 4380.124025655062724, -227.4758602140292965, 36.29996256287372347 ) ) ;
#5451 = CARTESIAN_POINT ( 'NONE',  ( 4393.618448832378817, -260.8852528177567365, 31.78057942405660441 ) ) ;
#5452 = CARTESIAN_POINT ( 'NONE',  ( 4367.139941684800760, -251.8009529374854480, 44.45763714627398855 ) ) ;
#5453 = DIRECTION ( 'NONE',  ( -1.000000000000000000, 0.000000000000000000, 0.000000000000000000 ) ) ;
#5454 = CARTESIAN_POINT ( 'NONE',  ( 4391.270122883275690, -223.0249435710146031, 36.27720040263464796 ) ) ;
#5455 = CARTESIAN_POINT ( 'NONE',  ( 4386.678122376308238, -206.2657131756984086, -9.620732387536410357 ) ) ;
#5456 = CARTESIAN_POINT ( 'NONE',  ( 4393.300776506374859, -267.2906297998584364, -13.90567721458620198 ) ) ;
#5457 = CARTESIAN_POINT ( 'NONE',  ( 4375.735292680258681, -229.6964119222913894, -37.68588406956994419 ) ) ;
#5458 = FILL_AREA_STYLE_COLOUR ( '', #4598 ) ;
#5459 = ORIENTED_EDGE ( 'NONE', *, *, #6323, .T. ) ;
#5460 = CARTESIAN_POINT ( 'NONE',  ( 4367.274093966958390, -269.0919433260470441, 22.18328754196562258 ) ) ;
#5461 = VECTOR ( 'NONE', #8333, 1000.000000000000000 ) ;
#5462 = CARTESIAN_POINT ( 'NONE',  ( 4367.247215578519899, -253.4371566680159162, 47.43988761421432798 ) ) ;
#5463 = CARTESIAN_POINT ( 'NONE',  ( 4384.515039406067444, -227.9751190564958279, -36.21788655542751201 ) ) ;
#5464 = CARTESIAN_POINT ( 'NONE',  ( 4384.529117575043529, -248.9883692684056768, 42.44324017196017707 ) ) ;
#5465 = CARTESIAN_POINT ( 'NONE',  ( 4367.467819833042995, -255.8867657726259210, -47.62292406322330152 ) ) ;
#5466 = ORIENTED_EDGE ( 'NONE', *, *, #8886, .F. ) ;
#5467 = CARTESIAN_POINT ( 'NONE',  ( 4375.737445484425734, -231.9282085987491087, -38.65580891405254960 ) ) ;
#5468 = CARTESIAN_POINT ( 'NONE',  ( 4375.876545525123220, -219.6959598773894982, 35.26975672271260009 ) ) ;
#5469 = CARTESIAN_POINT ( 'NONE',  ( 4389.056172313256866, -219.7199217481692699, -34.38246133751716371 ) ) ;
#5470 = CARTESIAN_POINT ( 'NONE',  ( 4367.239730971292374, -251.6543082242714888, -47.25421292005977847 ) ) ;
#5471 = CARTESIAN_POINT ( 'NONE',  ( 4371.488992065216735, -220.9122228783092510, 36.36709127920445184 ) ) ;
#5472 = CARTESIAN_POINT ( 'NONE',  ( 4386.705589617950864, -223.2759474065500171, 33.50092854435433054 ) ) ;
#5473 = DIRECTION ( 'NONE',  ( 0.000000000000000000, 0.000000000000000000, -1.000000000000000000 ) ) ;
#5474 = CARTESIAN_POINT ( 'NONE',  ( 4393.460920659330441, -222.1153219385569173, 35.58364392425473710 ) ) ;
#5475 = CARTESIAN_POINT ( 'NONE',  ( 4382.519676963906932, -230.1832878660318897, 40.45483012402555545 ) ) ;
#5476 = CARTESIAN_POINT ( 'NONE',  ( 4371.337279165055406, -221.9255403337936912, -33.67946144760087890 ) ) ;
#5477 = CARTESIAN_POINT ( 'NONE',  ( 4393.294456733833613, -220.4161011126507788, 34.54573655359181572 ) ) ;
#5478 = CARTESIAN_POINT ( 'NONE',  ( 4393.375448871364824, -209.2134246596258151, -24.40340956001355011 ) ) ;
#5479 = VECTOR ( 'NONE', #1385, 1000.000000000000000 ) ;
#5480 = CARTESIAN_POINT ( 'NONE',  ( 4380.319791586614883, -229.6366508042017074, -40.38008383338544860 ) ) ;
#5481 = CARTESIAN_POINT ( 'NONE',  ( 4367.120421989449824, -222.7125454681424230, -34.46170651754884062 ) ) ;
#5482 = CARTESIAN_POINT ( 'NONE',  ( 4371.334961622662377, -219.3369340649410333, 31.84115818368393036 ) ) ;
#5483 = CARTESIAN_POINT ( 'NONE',  ( 4393.347436633559482, -230.5990098904698016, -39.74505331342054859 ) ) ;
#5484 = ORIENTED_EDGE ( 'NONE', *, *, #5320, .F. ) ;
#5485 = EDGE_CURVE ( 'NONE', #8102, #7441, #7552, .T. ) ;
#5486 = CARTESIAN_POINT ( 'NONE',  ( 4384.485422752425620, -203.4442187090888865, 9.471840078942150853 ) ) ;
#5487 = CARTESIAN_POINT ( 'NONE',  ( 4391.087806496325356, -216.8853069840822059, -28.57137468104811973 ) ) ;
#5488 = FACE_OUTER_BOUND ( 'NONE', #7562, .T. ) ;
#5489 = DIRECTION ( 'NONE',  ( -0.9629640197141802194, 0.000000000000000000, -0.2696299255199758882 ) ) ;
#5490 = CARTESIAN_POINT ( 'NONE',  ( 4384.676822341814841, -221.9627698134214597, -36.12323235106911312 ) ) ;
#5491 = CARTESIAN_POINT ( 'NONE',  ( 4393.147076084312175, -252.3395925861914861, 41.96211482584936903 ) ) ;
#5492 = CARTESIAN_POINT ( 'NONE',  ( 4393.474901669211249, -253.9419982016663653, -44.86775964052030474 ) ) ;
#5493 = CARTESIAN_POINT ( 'NONE',  ( 4388.882390059149657, -208.1156934105685536, 17.19358511542910151 ) ) ;
#5494 = CARTESIAN_POINT ( 'NONE',  ( 4366.947691220977504, -224.5900193464831034, -35.62929332200317134 ) ) ;
#5495 = CARTESIAN_POINT ( 'NONE',  ( 4380.144296992986710, -251.0577397763919976, 43.12879813000414231 ) ) ;
#5496 = CARTESIAN_POINT ( 'NONE',  ( 4384.530902821787095, -253.7059573428118711, -42.93542225877825302 ) ) ;
#5497 = CARTESIAN_POINT ( 'NONE',  ( 4380.467181681115107, -258.9561302341436431, 38.60083260233248836 ) ) ;
#5498 = CARTESIAN_POINT ( 'NONE',  ( 4367.262229210431542, -219.6174278159638504, 35.76338145371450850 ) ) ;
#5499 = EDGE_CURVE ( 'NONE', #8936, #6412, #8721, .T. ) ;
#5500 = CARTESIAN_POINT ( 'NONE',  ( 4391.400895542072249, -253.5305763699839474, 45.05373697697261548 ) ) ;
#5501 = CARTESIAN_POINT ( 'NONE',  ( 4388.876816175868953, -206.5914610764101838, -12.25295861856384505 ) ) ;
#5502 = DIRECTION ( 'NONE',  ( 0.000000000000000000, -1.000000000000000000, 0.000000000000000000 ) ) ;
#5503 = EDGE_LOOP ( 'NONE', ( #1474, #566, #2766, #354 ) ) ;
#5504 = CARTESIAN_POINT ( 'NONE',  ( 4393.427351010983330, -266.9410810582424460, 20.50362304903277533 ) ) ;
#5505 = VERTEX_POINT ( 'NONE', #219 ) ;
#5506 = CARTESIAN_POINT ( 'NONE',  ( 4393.093705806565595, -203.4313293483461393, -8.024708257892008589 ) ) ;
#5507 = LINE ( 'NONE', #4682, #1609 ) ;
#5508 = CARTESIAN_POINT ( 'NONE',  ( 4391.098758689867282, -228.9797256290434291, -36.17972045794132185 ) ) ;
#5509 = CARTESIAN_POINT ( 'NONE',  ( 4382.292569146386995, -206.5893216785824791, 12.66287967945064530 ) ) ;
#5510 = CARTESIAN_POINT ( 'NONE',  ( 4367.161909475500579, -205.3546445586350728, 19.13961912721831382 ) ) ;
#5511 = VERTEX_POINT ( 'NONE', #949 ) ;
#5512 = CARTESIAN_POINT ( 'NONE',  ( 4380.435977851822827, -266.0566171182339872, -25.05237122445899089 ) ) ;
#5513 = CARTESIAN_POINT ( 'NONE',  ( 4384.518686811654334, -232.8870980843706207, -38.34916538519930640 ) ) ;
#5514 = CARTESIAN_POINT ( 'NONE',  ( 4375.884890244051348, -221.2840993088859705, 36.31654328148989208 ) ) ;
#5515 = CARTESIAN_POINT ( 'NONE',  ( 4375.880226605934695, -220.3828697811727295, -35.72514843294507614 ) ) ;
#5516 = CARTESIAN_POINT ( 'NONE',  ( 4367.247553380700992, -253.5176320736454159, -47.43919591471036767 ) ) ;
#5517 = CARTESIAN_POINT ( 'NONE',  ( 4366.948711327645469, -225.6647108861747881, -36.24679268546710631 ) ) ;
#5518 = CARTESIAN_POINT ( 'NONE',  ( 4371.494753790868344, -222.0793498664752690, 37.10536988411193704 ) ) ;
#5519 = CARTESIAN_POINT ( 'NONE',  ( 4386.705950376815053, -223.6703263410771001, 33.73894229767134334 ) ) ;
#5520 = CARTESIAN_POINT ( 'NONE',  ( 4367.136407726537982, -278.0171064970572274, -1.426250393548951445 ) ) ;
#5521 = CARTESIAN_POINT ( 'NONE',  ( 4393.422185815253215, -215.6947691208927722, 31.09741664046766374 ) ) ;
#5522 = B_SPLINE_SURFACE_WITH_KNOTS ( 'NONE', 3, 1, ( 
 ( #3343, #8089, #3244 ),
 ( #5398, #8231, #2702 ),
 ( #6767, #7393, #4072 ),
 ( #1140, #8138, #504 ),
 ( #8917, #1331, #640 ),
 ( #7495, #1930, #6860 ),
 ( #6039, #1241, #7543 ) ),
 .UNSPECIFIED., .F., .F., .F.,
 ( 4, 3, 4 ),
 ( 2, 1, 2 ),
 ( 0.000000000000000000, 1.000000000000000000, 1.013739486767322617 ),
 ( -0.01000000000000000021, 0.000000000000000000, 1.000000000000000000 ),
 .UNSPECIFIED. ) ;
#5523 = CARTESIAN_POINT ( 'NONE',  ( 4382.472520956167500, -220.5732393942364524, 35.41113645106830177 ) ) ;
#5524 = CARTESIAN_POINT ( 'NONE',  ( 4375.728172648399777, -221.7639891108843528, -33.28579728101279045 ) ) ;
#5525 = CARTESIAN_POINT ( 'NONE',  ( 4393.265137257971219, -215.6944130590700297, 31.10773405853100826 ) ) ;
#5526 = CARTESIAN_POINT ( 'NONE',  ( 4382.425367585418826, -212.5909137189074158, -28.94949378199752488 ) ) ;
#5527 = CARTESIAN_POINT ( 'NONE',  ( 4382.516944199255704, -229.6087257350746995, -40.20029595207146400 ) ) ;
#5528 = CARTESIAN_POINT ( 'NONE',  ( 4367.106303040446619, -208.9149029827915740, -20.23616047170460774 ) ) ;
#5529 = CARTESIAN_POINT ( 'NONE',  ( 4393.299837112576824, -221.3247803579436948, 35.11670174680725864 ) ) ;
#5530 = CARTESIAN_POINT ( 'NONE',  ( 4366.929612052257653, -207.6683884168436975, 17.35400272493162888 ) ) ;
#5531 = CARTESIAN_POINT ( 'NONE',  ( 4393.153828287425313, -204.4701101634433940, -15.09963951583990394 ) ) ;
#5532 = ORIENTED_EDGE ( 'NONE', *, *, #6219, .F. ) ;
#5533 = CARTESIAN_POINT ( 'NONE',  ( 4386.910445569352305, -229.5529710223854920, 39.83982676495178055 ) ) ;
#5534 = CARTESIAN_POINT ( 'NONE',  ( 4384.503716708021784, -215.1501533205672558, -27.40282332444296642 ) ) ;
#5535 = CARTESIAN_POINT ( 'NONE',  ( 4393.571449590633165, -269.8917858569972168, -14.95170279070224950 ) ) ;
#5536 = CARTESIAN_POINT ( 'NONE',  ( 4375.704911715168237, -203.4313300554914008, -9.518810640692969116 ) ) ;
#5537 = CARTESIAN_POINT ( 'NONE',  ( 4382.482606386773114, -222.4888242253696831, -36.59325960725249161 ) ) ;
#5538 = CARTESIAN_POINT ( 'NONE',  ( 4367.098911900365238, -203.4313214445255653, -10.40392789882309188 ) ) ;
#5539 = CARTESIAN_POINT ( 'NONE',  ( 4393.147076090721384, -252.3395925773332351, -41.95428684005161557 ) ) ;
#5540 = EDGE_CURVE ( 'NONE', #8548, #6882, #2334, .T. ) ;
#5541 = CARTESIAN_POINT ( 'NONE',  ( 4391.118038331676871, -249.7314025712186094, 41.88492889157539167 ) ) ;
#5542 = CARTESIAN_POINT ( 'NONE',  ( 4375.710737928103299, -207.1535036226112254, 15.36858244561504527 ) ) ;
#5543 = CARTESIAN_POINT ( 'NONE',  ( 4366.983548059563873, -254.4609414096030093, -44.72301137236756574 ) ) ;
#5544 = CARTESIAN_POINT ( 'NONE',  ( 4367.302353190822942, -261.0840258901631046, 37.77453992022038420 ) ) ;
#5545 = CARTESIAN_POINT ( 'NONE',  ( 4367.396590061213828, -250.8394325008027010, 47.15077240043586215 ) ) ;
#5546 = CARTESIAN_POINT ( 'NONE',  ( 4388.968342877214127, -207.2956485621161846, 21.82331181831144917 ) ) ;
#5547 = CARTESIAN_POINT ( 'NONE',  ( 4375.712220176156734, -207.6734784159596643, -16.87082509831868293 ) ) ;
#5548 = CARTESIAN_POINT ( 'NONE',  ( 4393.148145213944190, -259.4405476247392244, -28.60461241774820706 ) ) ;
#5549 = EDGE_LOOP ( 'NONE', ( #7253, #1975, #7644, #2601 ) ) ;
#5550 = AXIS2_PLACEMENT_3D ( 'NONE', #3952, #1264, #2095 ) ;
#5551 = FACE_OUTER_BOUND ( 'NONE', #544, .T. ) ;
#5552 = ORIENTED_EDGE ( 'NONE', *, *, #1062, .F. ) ;
#5553 = CARTESIAN_POINT ( 'NONE',  ( 4393.277713435731130, -217.6706645020189796, -32.64133117340433898 ) ) ;
#5554 = EDGE_CURVE ( 'NONE', #4900, #2357, #3053, .T. ) ;
#5555 = CARTESIAN_POINT ( 'NONE',  ( 4393.269494063085403, -207.5332893331884634, 15.42840495208199592 ) ) ;
#5556 = B_SPLINE_CURVE_WITH_KNOTS ( 'NONE', 3,
 ( #1041, #222, #8592, #3102 ),
 .UNSPECIFIED., .F., .F.,
 ( 4, 4 ),
 ( 0.000000000000000000, 1.000000000000000000 ),
 .UNSPECIFIED. ) ;
#5557 = CARTESIAN_POINT ( 'NONE',  ( 4391.099231208145284, -229.5112150934724298, -36.42262903962492260 ) ) ;
#5558 = CARTESIAN_POINT ( 'NONE',  ( 4382.314716507050434, -221.7654503371854560, 32.85043364300253899 ) ) ;
#5559 = CIRCLE ( 'NONE', #3934, 1.500000000000001332 ) ;
#5560 = CARTESIAN_POINT ( 'NONE',  ( 4367.145509501318884, -204.4604744082924412, 16.62249222025227979 ) ) ;
#5561 = ORIENTED_EDGE ( 'NONE', *, *, #6003, .T. ) ;
#5562 = CARTESIAN_POINT ( 'NONE',  ( 4375.879272628713807, -220.2098092984703612, 35.61782714079412671 ) ) ;
#5563 = CARTESIAN_POINT ( 'NONE',  ( 4371.485260776999894, -220.2016753639829858, -35.89018898017379655 ) ) ;
#5564 = VECTOR ( 'NONE', #6056, 1000.000000000000000 ) ;
#5565 = CARTESIAN_POINT ( 'NONE',  ( 4382.613569957694381, -252.5269921476188699, -45.84980849369018330 ) ) ;
#5566 = CARTESIAN_POINT ( 'NONE',  ( 4371.583691902367718, -240.6422209340643406, 44.84137911029078793 ) ) ;
#5567 = CARTESIAN_POINT ( 'NONE',  ( 4386.678122378452827, -206.2657131756987496, 9.628560388319849395 ) ) ;
#5568 = CARTESIAN_POINT ( 'NONE',  ( 4367.436266875392903, -302.9155512315545593, -25.10391400045742571 ) ) ;
#5569 = CARTESIAN_POINT ( 'NONE',  ( 4393.450149398900066, -220.2428187497423266, 34.42229689867811970 ) ) ;
#5570 = CARTESIAN_POINT ( 'NONE',  ( 4382.485051967564686, -223.0250194270600730, 36.91546903934725776 ) ) ;
#5571 = CARTESIAN_POINT ( 'NONE',  ( 4375.728479724486533, -222.0943862406977587, -33.50416672017885844 ) ) ;
#5572 = CARTESIAN_POINT ( 'NONE',  ( 4393.399078959435428, -242.1509513447279005, 43.28036405790700059 ) ) ;
#5573 = CARTESIAN_POINT ( 'NONE',  ( 4391.206447520334223, -212.5883674236495722, -28.39468840804662619 ) ) ;
#5574 = CARTESIAN_POINT ( 'NONE',  ( 4386.918628437958432, -231.2709877676162762, -40.53554522425599060 ) ) ;
#5575 = CARTESIAN_POINT ( 'NONE',  ( 4393.418673779698111, -247.4813009462261846, 44.19443174705880750 ) ) ;
#5576 = CARTESIAN_POINT ( 'NONE',  ( 4366.939123123339414, -215.1500511767910666, 28.46476652767213977 ) ) ;
#5577 = CARTESIAN_POINT ( 'NONE',  ( 4393.110935882901686, -203.4313364179267012, -9.839601207732917132 ) ) ;
#5578 = CARTESIAN_POINT ( 'NONE',  ( 4380.145747215044139, -252.8580703271365167, -43.30052396701306350 ) ) ;
#5579 = CARTESIAN_POINT ( 'NONE',  ( 4384.541486441636152, -204.7565419572728160, 16.49825312497083019 ) ) ;
#5580 = CARTESIAN_POINT ( 'NONE',  ( 4384.504320559751250, -215.7140416979961515, -27.95374947452765113 ) ) ;
#5581 = CARTESIAN_POINT ( 'NONE',  ( 4388.878959599735936, -203.4707687509927894, -9.648257875702245911 ) ) ;
#5582 = CARTESIAN_POINT ( 'NONE',  ( 4391.271607027875689, -223.2983089838933779, -36.42422560897096417 ) ) ;
#5583 = CARTESIAN_POINT ( 'NONE',  ( 4367.295306717483982, -226.8033260947551071, -40.00458707382097856 ) ) ;
#5584 = CARTESIAN_POINT ( 'NONE',  ( 4393.145009353885143, -252.3500385631349729, -41.93510229781848153 ) ) ;
#5585 = EDGE_CURVE ( 'NONE', #3974, #6789, #8100, .T. ) ;
#5586 = CARTESIAN_POINT ( 'NONE',  ( 4391.116427540498989, -247.9987303743973257, 41.65638746279997662 ) ) ;
#5587 = CARTESIAN_POINT ( 'NONE',  ( 4375.724921966343572, -218.0939850662173569, 30.59377363148693618 ) ) ;
#5588 = CARTESIAN_POINT ( 'NONE',  ( 4371.683607836948795, -262.7718153130829251, 33.45599769412177693 ) ) ;
#5589 = CARTESIAN_POINT ( 'NONE',  ( 4367.278795779073334, -223.1115927245480464, 37.99942855721652535 ) ) ;
#5590 = CARTESIAN_POINT ( 'NONE',  ( 4388.890613992891303, -203.5861816767032906, 11.00178422869618622 ) ) ;
#5591 = CARTESIAN_POINT ( 'NONE',  ( 4391.074807883070207, -207.4082969772282752, -15.18623986287356509 ) ) ;
#5592 = CARTESIAN_POINT ( 'NONE',  ( 4393.144973358575953, -251.9024526839915836, 41.90324936843071413 ) ) ;
#5593 = ORIENTED_EDGE ( 'NONE', *, *, #6759, .T. ) ;
#5594 = EDGE_CURVE ( 'NONE', #5505, #9021, #7668, .T. ) ;
#5595 = AXIS2_PLACEMENT_3D ( 'NONE', #6747, #1169, #6967 ) ;
#5596 =( NAMED_UNIT ( * ) SI_UNIT ( $, .STERADIAN. ) SOLID_ANGLE_UNIT ( ) );
#5597 = VERTEX_POINT ( 'NONE', #8085 ) ;
#5598 = CARTESIAN_POINT ( 'NONE',  ( 4393.355577520662337, -232.2998667993740298, -40.39710866382199583 ) ) ;
#5599 = CARTESIAN_POINT ( 'NONE',  ( 4393.270548818625684, -207.9588149443060558, 16.54576795617533236 ) ) ;
#5600 = CARTESIAN_POINT ( 'NONE',  ( 4393.287581752488222, -223.2787655740359298, -33.01535098411516600 ) ) ;
#5601 = CARTESIAN_POINT ( 'NONE',  ( 4382.313427621502342, -220.2941122993212275, 31.83930676300956364 ) ) ;
#5602 = CARTESIAN_POINT ( 'NONE',  ( 4393.125465713414087, -223.4172696640294760, -33.11066468235301130 ) ) ;
#5603 = CARTESIAN_POINT ( 'NONE',  ( 4367.268344056384194, -220.8345820853157875, 36.58369335342705853 ) ) ;
#5604 = ORIENTED_EDGE ( 'NONE', *, *, #341, .T. ) ;
#5605 = CARTESIAN_POINT ( 'NONE',  ( 4380.363216943193038, -279.2098786325350943, 0.08410572849263958650 ) ) ;
#5606 = CARTESIAN_POINT ( 'NONE',  ( 4384.518282496338543, -232.3337071564409655, -38.13040396719176073 ) ) ;
#5607 = EDGE_CURVE ( 'NONE', #4174, #8381, #1769, .T. ) ;
#5608 = CARTESIAN_POINT ( 'NONE',  ( 4386.863319263729863, -220.2303586394580748, -34.87484609767739840 ) ) ;
#5609 = CARTESIAN_POINT ( 'NONE',  ( 4384.806702114204199, -252.2087551442467941, -45.60106155011496298 ) ) ;
#5610 = CARTESIAN_POINT ( 'NONE',  ( 4371.545457098010957, -232.7145927140585968, 42.31503958867560300 ) ) ;
#5611 = CARTESIAN_POINT ( 'NONE',  ( 4386.725650348094860, -250.6069709206561527, 42.42717540633292117 ) ) ;
#5612 = CARTESIAN_POINT ( 'NONE',  ( 4367.136346990324455, -278.0990184491859623, -1.586450131746589332 ) ) ;
#5613 = CARTESIAN_POINT ( 'NONE',  ( 4393.463120133247685, -222.4991932320016588, 35.80911479823654275 ) ) ;
#5614 = EDGE_CURVE ( 'NONE', #3096, #6782, #6795, .T. ) ;
#5615 = CARTESIAN_POINT ( 'NONE',  ( 4382.462066816829065, -218.6692744153647254, 34.11489947147274648 ) ) ;
#5616 = CARTESIAN_POINT ( 'NONE',  ( 4382.314716505397882, -221.7654503371965120, -32.84260564220721790 ) ) ;
#5617 = CARTESIAN_POINT ( 'NONE',  ( 4393.143258621329551, -248.4495744470426644, 41.52272040774635542 ) ) ;
#5618 = CARTESIAN_POINT ( 'NONE',  ( 4386.820648714888193, -213.1951105869279104, -29.26446303116904701 ) ) ;
#5619 = CARTESIAN_POINT ( 'NONE',  ( 4380.328083787083415, -231.3792523581203682, -41.10232123372610857 ) ) ;
#5620 = CARTESIAN_POINT ( 'NONE',  ( 4393.168375294328143, -252.4461989151649561, 42.17894640507994097 ) ) ;
#5621 = CARTESIAN_POINT ( 'NONE',  ( 4366.944084185679458, -220.6171067025856303, 33.05485021445412741 ) ) ;
#5622 = CARTESIAN_POINT ( 'NONE',  ( 4393.294456791654738, -220.4161109093997766, -34.53791485810217665 ) ) ;
#5623 = CARTESIAN_POINT ( 'NONE',  ( 4388.921666915715832, -251.0421522192510224, -42.24441284066147517 ) ) ;
#5624 = AXIS2_PLACEMENT_3D ( 'NONE', #3103, #5070, #7351 ) ;
#5625 = CARTESIAN_POINT ( 'NONE',  ( 4386.902271982538878, -227.8590074984501541, 39.08946304704682717 ) ) ;
#5626 = CARTESIAN_POINT ( 'NONE',  ( 4393.282236774686680, -217.4790819312532335, -28.93563663656217599 ) ) ;
#5627 = CARTESIAN_POINT ( 'NONE',  ( 4366.941617543744542, -203.5762186345433520, -12.23401949526488330 ) ) ;
#5628 = CARTESIAN_POINT ( 'NONE',  ( 4375.896153864680855, -223.5843992405985716, -37.69223161250994281 ) ) ;
#5629 = CARTESIAN_POINT ( 'NONE',  ( 4367.278154471229755, -222.9693246156438704, -37.90732735772971296 ) ) ;
#5630 = CARTESIAN_POINT ( 'NONE',  ( 4383.777600102352153, -275.6635510288998603, 0.003914000457187637519 ) ) ;
#5631 = CARTESIAN_POINT ( 'NONE',  ( 4388.896022350861131, -219.0266752809693287, 30.46206138572832955 ) ) ;
#5632 = CARTESIAN_POINT ( 'NONE',  ( 4375.711861189047340, -207.5359021674389624, 16.50222748204638989 ) ) ;
#5633 = CARTESIAN_POINT ( 'NONE',  ( 4380.452731076289638, -263.0206354448175148, 30.86160371529723889 ) ) ;
#5634 = CARTESIAN_POINT ( 'NONE',  ( 4374.441019707302985, -302.9155512315545593, 22.40391400045749393 ) ) ;
#5635 = CARTESIAN_POINT ( 'NONE',  ( 4388.870745041191185, -203.4313303736929015, 8.754913488878949934 ) ) ;
#5636 = CARTESIAN_POINT ( 'NONE',  ( 4366.926018356911300, -206.5805725923137004, -13.50754349305072211 ) ) ;
#5637 = CARTESIAN_POINT ( 'NONE',  ( 4393.133622082465990, -275.4309897272181615, 1.333327361983549508 ) ) ;
#5638 = ORIENTED_EDGE ( 'NONE', *, *, #7772, .F. ) ;
#5639 = CARTESIAN_POINT ( 'NONE',  ( 4367.136949929371440, -277.2858478115782077, 0.003914000457557633220 ) ) ;
#5640 = ORIENTED_EDGE ( 'NONE', *, *, #7611, .T. ) ;
#5641 = CARTESIAN_POINT ( 'NONE',  ( 4393.347436633558573, -230.5990098904693753, -39.74505331342042780 ) ) ;
#5642 = CARTESIAN_POINT ( 'NONE',  ( 4393.285339976657269, -220.7876292495369910, 31.42509046838071995 ) ) ;
#5643 = CARTESIAN_POINT ( 'NONE',  ( 4366.946019706948391, -222.7789410773335135, -34.51559750049514719 ) ) ;
#5644 = CARTESIAN_POINT ( 'NONE',  ( 4382.314870044132476, -221.9284119456067685, 32.95783389947585817 ) ) ;
#5645 = CARTESIAN_POINT ( 'NONE',  ( 4393.141365852151466, -245.0132342358365065, -40.99563860991393227 ) ) ;
#5646 = CARTESIAN_POINT ( 'NONE',  ( 4367.389561519251401, -248.9138567579107075, 46.88872113371257200 ) ) ;
#5647 = EDGE_LOOP ( 'NONE', ( #6830, #377, #2716, #4709 ) ) ;
#5648 = CARTESIAN_POINT ( 'NONE',  ( 4382.342018477077545, -253.9352156844903448, -41.61173491632958843 ) ) ;
#5649 = CARTESIAN_POINT ( 'NONE',  ( 4386.864360163847778, -220.4038882836818800, -34.98834740512409525 ) ) ;
#5650 = CARTESIAN_POINT ( 'NONE',  ( 4393.596067618347661, -251.5662842604848208, -44.64461228068588383 ) ) ;
#5651 = CARTESIAN_POINT ( 'NONE',  ( 4371.635340116180487, -252.3127243045384489, 46.91694098893819387 ) ) ;
#5652 = CARTESIAN_POINT ( 'NONE',  ( 4386.726001623606862, -251.1958396073765698, 42.48892865932452167 ) ) ;
#5653 = EDGE_CURVE ( 'NONE', #3656, #3489, #2508, .T. ) ;
#5654 = CARTESIAN_POINT ( 'NONE',  ( 4367.395818895377488, -276.3628185866723470, 7.933849216560319384 ) ) ;
#5655 = CARTESIAN_POINT ( 'NONE',  ( 4380.108659449411789, -203.5322613977812978, 11.07888287196235666 ) ) ;
#5656 = CARTESIAN_POINT ( 'NONE',  ( 4391.093370652445628, -222.7899331013497601, -32.87867428177342077 ) ) ;
#5657 = CARTESIAN_POINT ( 'NONE',  ( 4393.125829003394756, -223.7840128632121548, 33.33563881461982703 ) ) ;
#5658 = CARTESIAN_POINT ( 'NONE',  ( 4380.240566658453645, -214.4173842826061502, -30.83783048900617274 ) ) ;
#5659 = CARTESIAN_POINT ( 'NONE',  ( 4391.306127751938220, -230.0612220296376904, -39.69597915986474135 ) ) ;
#5660 = CARTESIAN_POINT ( 'NONE',  ( 4393.182010327323951, -252.5543224198497683, 42.32135108639213428 ) ) ;
#5661 = ADVANCED_FACE ( 'NONE', ( #4840 ), #6218, .F. ) ;
#5662 = CARTESIAN_POINT ( 'NONE',  ( 4366.924389205929401, -206.3591544529703583, 11.93367316885044183 ) ) ;
#5663 = CARTESIAN_POINT ( 'NONE',  ( 4393.123023032765559, -220.7873313533719397, -31.42861980903174768 ) ) ;
#5664 = CARTESIAN_POINT ( 'NONE',  ( 4371.653598943627912, -267.8695708353151872, -23.56518601776479827 ) ) ;
#5665 = CARTESIAN_POINT ( 'NONE',  ( 4386.921348264047083, -231.8454048913375800, 40.76933679723288861 ) ) ;
#5666 = CARTESIAN_POINT ( 'NONE',  ( 4388.893393698259388, -216.2916042088914708, -28.20244854705142501 ) ) ;
#5667 = CARTESIAN_POINT ( 'NONE',  ( 4386.684193087000494, -203.4703280018955240, -9.781364659381118543 ) ) ;
#5668 = DIRECTION ( 'NONE',  ( 0.000000000000000000, -1.000000000000000000, 0.000000000000000000 ) ) ;
#5669 = CARTESIAN_POINT ( 'NONE',  ( 4367.106876701090187, -223.5951200999385833, -38.28510047921519543 ) ) ;
#5670 = CARTESIAN_POINT ( 'NONE',  ( 4367.252078503346638, -217.5766890797657709, -34.26359137843850533 ) ) ;
#5671 = LINE ( 'NONE', #8448, #2704 ) ;
#5672 = CARTESIAN_POINT ( 'NONE',  ( 4388.880820844480695, -207.5358081367334364, 15.71082395951957089 ) ) ;
#5673 = CARTESIAN_POINT ( 'NONE',  ( 4375.730506757289731, -224.4385639943222941, 34.96550244674575225 ) ) ;
#5674 = CARTESIAN_POINT ( 'NONE',  ( 4393.595341211158484, -265.3868198555422282, 23.37143980318051106 ) ) ;
#5675 = CARTESIAN_POINT ( 'NONE',  ( 4367.145509501318884, -204.4604744082924412, 16.62249222025227979 ) ) ;
#5676 = B_SPLINE_CURVE_WITH_KNOTS ( 'NONE', 3,
 ( #1730, #8035, #3285, #447, #7486, #3187, #4656, #5984, #396, #3139, #5938, #8859, #2504, #4562, #3918, #2600, #5391, #5344, #8177, #7341, #2463, #8766, #1923, #8810, #6031, #5296, #8128, #1825, #2548, #5250, #352, #3236, #3968, #1873, #1082, #3875, #6808, #8081, #7436, #1181, #3094, #6664, #5892, #6760, #497, #8674, #7386, #2420, #1232, #1132, #4519, #7297, #1033, #3828, #8223, #6168, #8271, #4157, #2014, #2785, #4881 ),
 .UNSPECIFIED., .F., .F.,
 ( 4, 3, 3, 3, 3, 3, 3, 3, 3, 3, 3, 3, 3, 3, 3, 3, 3, 3, 3, 3, 4 ),
 ( 0.0003820996455144380199, 0.0004076616190941372009, 0.0004292179319348513587, 0.0004380964598449087481, 0.0004470856259862437498, 0.0004505486654283526616, 0.0004533751581990482101, 0.0004561903865952529700, 0.0004611106496600053521, 0.0004782735675217608478, 0.0005459567446398029458, 0.0008159794650386708627, 0.001355985869233325598, 0.001625988945142477389, 0.001895992020276828817, 0.002165995095179771169, 0.002435998169989737547, 0.002706001244754441086, 0.002976004319494233996, 0.003246007394219119560, 0.003569114091305464892 ),
 .UNSPECIFIED. ) ;
#5677 = CARTESIAN_POINT ( 'NONE',  ( 4389.058156485550171, -220.0624172882790219, 34.61819639318604658 ) ) ;
#5678 = CARTESIAN_POINT ( 'NONE',  ( 4375.711861188138755, -207.5359021674396445, -16.49439948118518373 ) ) ;
#5679 = CARTESIAN_POINT ( 'NONE',  ( 4393.127089385219733, -225.3039991320937077, 34.19510372518762864 ) ) ;
#5680 = EDGE_LOOP ( 'NONE', ( #7968, #1735, #8550, #1084 ) ) ;
#5681 = B_SPLINE_CURVE_WITH_KNOTS ( 'NONE', 3,
 ( #38, #2877, #5630, #7679, #3606, #2833, #772 ),
 .UNSPECIFIED., .F., .F.,
 ( 4, 3, 4 ),
 ( 0.03997207118272760179, 0.05407699464974987519, 0.06609489550902272748 ),
 .UNSPECIFIED. ) ;
#5682 = CARTESIAN_POINT ( 'NONE',  ( 4393.216269687466593, -275.8059434166746655, 0.003953540574975668818 ) ) ;
#5683 = PLANE ( 'NONE',  #5624 ) ;
#5684 = CARTESIAN_POINT ( 'NONE',  ( 4393.288223789229960, -219.3819094433536065, -33.85341750344279177 ) ) ;
#5685 = CARTESIAN_POINT ( 'NONE',  ( 4393.267594024057871, -206.9401444744583500, 13.53149391390607192 ) ) ;
#5686 = CARTESIAN_POINT ( 'NONE',  ( 4384.511593910182455, -223.5430628455594046, -33.81219783036829796 ) ) ;
#5687 = CARTESIAN_POINT ( 'NONE',  ( 4382.326474885183416, -236.2973074018790953, 39.78968399178478421 ) ) ;
#5688 = CARTESIAN_POINT ( 'NONE',  ( 4393.128369692102751, -226.8535395835942268, -35.00147664370199863 ) ) ;
#5689 = CARTESIAN_POINT ( 'NONE',  ( 4367.265669253218221, -220.3023023884677229, 36.23062858723478286 ) ) ;
#5690 = ORIENTED_EDGE ( 'NONE', *, *, #6271, .F. ) ;
#5691 = CARTESIAN_POINT ( 'NONE',  ( 4380.444383523335091, -264.5390856320929061, -27.95236174835886089 ) ) ;
#5692 = CARTESIAN_POINT ( 'NONE',  ( 4375.763837247520314, -257.3574799167382139, -36.73298261306480583 ) ) ;
#5693 = CARTESIAN_POINT ( 'NONE',  ( 4382.330085079111996, -240.9078618794496833, -41.07148529282289218 ) ) ;
#5694 = CARTESIAN_POINT ( 'NONE',  ( 4367.094610588892465, -206.2405358999627367, -10.31952138981779044 ) ) ;
#5695 = CARTESIAN_POINT ( 'NONE',  ( 4380.419035655733751, -252.6115913521964558, -46.07567724465576475 ) ) ;
#5696 = CARTESIAN_POINT ( 'NONE',  ( 4371.640201901657747, -254.4937201388893868, 47.11224142710912588 ) ) ;
#5697 = CARTESIAN_POINT ( 'NONE',  ( 4384.487082129386181, -206.5901789191100022, 12.53129751604759257 ) ) ;
#5698 = CARTESIAN_POINT ( 'NONE',  ( 4367.141055764736848, -255.5158637909131301, 44.80684220678680418 ) ) ;
#5699 = CIRCLE ( 'NONE', #3054, 0.4000000000000010214 ) ;
#5700 = CARTESIAN_POINT ( 'NONE',  ( 4380.244353499686440, -215.0511187831920381, 31.39871136573318822 ) ) ;
#5701 = CARTESIAN_POINT ( 'NONE',  ( 4366.987645774654993, -259.0731792601429220, 35.61066965388996408 ) ) ;
#5702 = CARTESIAN_POINT ( 'NONE',  ( 4393.129218880308144, -227.9000901681202151, 35.52377914225669286 ) ) ;
#5703 = CARTESIAN_POINT ( 'NONE',  ( 4375.828908481851613, -211.4338292886723707, -28.10400624835048333 ) ) ;
#5704 = CARTESIAN_POINT ( 'NONE',  ( 4367.150768054000764, -232.7985672987030057, -42.66609253390897294 ) ) ;
#5705 = CARTESIAN_POINT ( 'NONE',  ( 4393.265303094386582, -253.0182329698122885, 43.17430042313991123 ) ) ;
#5706 = CIRCLE ( 'NONE', #1759, 0.4000000000000010214 ) ;
#5707 = CARTESIAN_POINT ( 'NONE',  ( 4366.950038614745608, -227.0246103095306296, 36.99554684009135030 ) ) ;
#5708 = CARTESIAN_POINT ( 'NONE',  ( 4393.105573988027572, -207.9506608643417565, -16.55252921782525988 ) ) ;
#5709 = B_SPLINE_CURVE_WITH_KNOTS ( 'NONE', 3,
 ( #1383, #694, #606, #4678 ),
 .UNSPECIFIED., .F., .F.,
 ( 4, 4 ),
 ( 0.06869698296571041807, 1.000000000000000000 ),
 .UNSPECIFIED. ) ;
#5710 = CARTESIAN_POINT ( 'NONE',  ( 4384.675167915409475, -221.6484223068542292, 35.93810758235429148 ) ) ;
#5711 = CARTESIAN_POINT ( 'NONE',  ( 4386.701802737171420, -219.0270620427163806, -30.60160510220284635 ) ) ;
#5712 = CARTESIAN_POINT ( 'NONE',  ( 4382.291406208721128, -203.4439190515581117, -9.592818634636815389 ) ) ;
#5713 = EDGE_CURVE ( 'NONE', #4757, #1368, #4756, .T. ) ;
#5714 = CARTESIAN_POINT ( 'NONE',  ( 4367.245352222400470, -216.2633276299153522, -33.22465432015452080 ) ) ;
#5715 = CARTESIAN_POINT ( 'NONE',  ( 4393.465745685731235, -223.0252785998215472, -36.10423412771370977 ) ) ;
#5716 = CARTESIAN_POINT ( 'NONE',  ( 4367.280740646136110, -223.5345588361815317, -38.23869197843508516 ) ) ;
#5717 = DIRECTION ( 'NONE',  ( -1.000000000000000000, -0.000000000000000000, -0.000000000000000000 ) ) ;
#5718 = CARTESIAN_POINT ( 'NONE',  ( 4380.122463939032968, -225.6123921475683574, -35.31377740819350208 ) ) ;
#5719 = CARTESIAN_POINT ( 'NONE',  ( 4375.729745919474226, -223.5432764030672672, 34.43084259777151601 ) ) ;
#5720 = CARTESIAN_POINT ( 'NONE',  ( 4367.269655462381706, -267.2513350285884712, 25.78555555739492178 ) ) ;
#5721 = CARTESIAN_POINT ( 'NONE',  ( 4391.103082780269688, -271.2881821873288004, 6.870648592185942150 ) ) ;
#5722 = CARTESIAN_POINT ( 'NONE',  ( 4393.392753431414349, -273.9110379877363357, 7.484419107633694779 ) ) ;
#5723 = CARTESIAN_POINT ( 'NONE',  ( 4389.068831560037324, -221.9715666968438939, 35.82154005398254526 ) ) ;
#5724 = CARTESIAN_POINT ( 'NONE',  ( 4384.489125089534355, -206.9402034113948048, -14.07696698416409298 ) ) ;
#5725 = CARTESIAN_POINT ( 'NONE',  ( 4393.139973582151470, -242.7359404317901692, 40.55295913061643631 ) ) ;
#5726 = VERTEX_POINT ( 'NONE', #1974 ) ;
#5727 = DIRECTION ( 'NONE',  ( 0.000000000000000000, -1.000000000000000000, 0.000000000000000000 ) ) ;
#5728 = VERTEX_POINT ( 'NONE', #637 ) ;
#5729 = CARTESIAN_POINT ( 'NONE',  ( 4393.426568587521615, -249.8607031348882970, -44.49050019444837289 ) ) ;
#5730 = CARTESIAN_POINT ( 'NONE',  ( 4393.287037110801975, -222.6162147130489473, 32.61732383954853987 ) ) ;
#5731 = CARTESIAN_POINT ( 'NONE',  ( 4382.316256115857868, -223.5430888659570030, -33.96696953498823035 ) ) ;
#5732 = CARTESIAN_POINT ( 'NONE',  ( 4382.313999543973296, -220.9523701241951983, 32.30011232452731917 ) ) ;
#5733 = CARTESIAN_POINT ( 'NONE',  ( 4393.129218884881084, -227.9000978300505551, -35.51595481269430366 ) ) ;
#5734 = CARTESIAN_POINT ( 'NONE',  ( 4367.122332461618498, -225.3356142393641903, 36.05748504663642962 ) ) ;
#5735 = CARTESIAN_POINT ( 'NONE',  ( 4367.396590064387055, -250.8394334224184377, -47.14294451242140838 ) ) ;
#5736 = ORIENTED_EDGE ( 'NONE', *, *, #4043, .F. ) ;
#5737 = CARTESIAN_POINT ( 'NONE',  ( 4389.241558676112618, -257.2445277247796298, -39.67889362844885426 ) ) ;
#5738 = CARTESIAN_POINT ( 'NONE',  ( 4366.993396402678627, -255.1129079683836949, -43.16535577381161204 ) ) ;
#5739 = CARTESIAN_POINT ( 'NONE',  ( 4384.521106008795869, -236.2374161665132704, -39.57816220115928729 ) ) ;
#5740 = CARTESIAN_POINT ( 'NONE',  ( 4367.124646524086529, -228.6121767955399946, -37.78178796771469194 ) ) ;
#5741 = CARTESIAN_POINT ( 'NONE',  ( 4367.248774782770852, -254.2212804048016324, -47.50009930565713034 ) ) ;
#5742 = CARTESIAN_POINT ( 'NONE',  ( 4367.046076414738309, -211.9945788075229984, 29.24286134272525572 ) ) ;
#5743 = CARTESIAN_POINT ( 'NONE',  ( 4386.711010936150160, -230.1032554567039483, 37.03829876955261113 ) ) ;
#5744 = CARTESIAN_POINT ( 'NONE',  ( 4367.120897499082275, -223.3566672117754877, 34.87928789048203981 ) ) ;
#5745 = CARTESIAN_POINT ( 'NONE',  ( 4380.259367366886181, -217.6531368867900085, 33.51239258059937498 ) ) ;
#5746 = CARTESIAN_POINT ( 'NONE',  ( 4384.533060217945604, -255.6810518151799840, 37.76960433246586746 ) ) ;
#5747 = CARTESIAN_POINT ( 'NONE',  ( 4393.132147474634621, -231.6347186621259766, 37.16027520626430203 ) ) ;
#5748 = CARTESIAN_POINT ( 'NONE',  ( 4367.070611209713206, -216.3130345007075732, -33.27602414285029653 ) ) ;
#5749 = CARTESIAN_POINT ( 'NONE',  ( 4380.336412688144264, -233.1356066665114213, -41.77411081384356351 ) ) ;
#5750 = CARTESIAN_POINT ( 'NONE',  ( 4393.168622138658975, -252.4442367191156507, 42.18117393949213323 ) ) ;
#5751 = CARTESIAN_POINT ( 'NONE',  ( 4366.951719075637811, -228.6846127177941810, 37.83698293167034166 ) ) ;
#5752 = CARTESIAN_POINT ( 'NONE',  ( 4393.432452217523860, -251.7290409026609552, -44.67622375582526217 ) ) ;
#5753 = CARTESIAN_POINT ( 'NONE',  ( 4384.633420334213952, -214.4203997806556004, 30.57237211625705342 ) ) ;
#5754 = CARTESIAN_POINT ( 'NONE',  ( 4375.726595331677345, -219.9700973146479441, -32.03054548478961294 ) ) ;
#5755 = CARTESIAN_POINT ( 'NONE',  ( 4384.428096058704796, -206.2313293483223333, -8.583269504200082167 ) ) ;
#5756 = CARTESIAN_POINT ( 'NONE',  ( 4391.081426250214463, -203.5359675107667954, -10.40930001990806808 ) ) ;
#5757 = DIRECTION ( 'NONE',  ( 1.000000000000000000, -0.000000000000000000, 0.000000000000000000 ) ) ;
#5758 = CARTESIAN_POINT ( 'NONE',  ( 4391.273065242495250, -223.5689238389526281, -36.57590627014410245 ) ) ;
#5759 = CARTESIAN_POINT ( 'NONE',  ( 4367.113531476848948, -214.5367242067123073, -27.87390282913855444 ) ) ;
#5760 = DIRECTION ( 'NONE',  ( 0.000000000000000000, 1.000000000000000000, 0.000000000000000000 ) ) ;
#5761 = CARTESIAN_POINT ( 'NONE',  ( 4371.314663194024433, -206.2839437303283034, 10.91168734337074753 ) ) ;
#5762 = CARTESIAN_POINT ( 'NONE',  ( 4387.016482269201333, -265.4670567005235284, 24.68701380807383217 ) ) ;
#5763 = CARTESIAN_POINT ( 'NONE',  ( 4367.120906706833921, -203.6751680994384515, 13.12717465093260572 ) ) ;
#5764 = CARTESIAN_POINT ( 'NONE',  ( 4389.075773798753289, -223.2991961763312077, 36.59558891216412491 ) ) ;
#5765 = CARTESIAN_POINT ( 'NONE',  ( 4380.103703130509530, -208.2807726506419215, -18.08187282546803587 ) ) ;
#5766 = CARTESIAN_POINT ( 'NONE',  ( 4367.436266875392903, -301.9155512315545593, -20.50391400045749180 ) ) ;
#5767 = CARTESIAN_POINT ( 'NONE',  ( 4367.148244426334713, -262.0534516917851420, -29.78830552400208020 ) ) ;
#5768 = VECTOR ( 'NONE', #471, 1000.000000000000000 ) ;
#5769 = ORIENTED_EDGE ( 'NONE', *, *, #6592, .F. ) ;
#5770 = LINE ( 'NONE', #3015, #4096 ) ;
#5771 = CARTESIAN_POINT ( 'NONE',  ( 4393.296000076332348, -232.7168613042734080, 37.56744221931443661 ) ) ;
#5772 = CARTESIAN_POINT ( 'NONE',  ( 4375.729875038568935, -223.6731298250678037, -34.50235657409533019 ) ) ;
#5773 = CARTESIAN_POINT ( 'NONE',  ( 4380.111908181166655, -214.0425970509793956, 26.56363060391609210 ) ) ;
#5774 = EDGE_CURVE ( 'NONE', #7646, #8, #6137, .T. ) ;
#5775 = CARTESIAN_POINT ( 'NONE',  ( 4393.123023032765559, -220.7873313533719397, -31.42861980903174768 ) ) ;
#5776 = CARTESIAN_POINT ( 'NONE',  ( 4367.104040237340996, -207.9451983823519470, 18.07518115921978463 ) ) ;
#5777 = CARTESIAN_POINT ( 'NONE',  ( 4393.596897131660626, -252.7888838484144571, 44.76086435932865015 ) ) ;
#5778 = CARTESIAN_POINT ( 'NONE',  ( 4384.481294642792818, -206.2313293483542509, -8.561937068066292511 ) ) ;
#5779 = CARTESIAN_POINT ( 'NONE',  ( 4384.828022532751675, -264.6536180998321015, -26.71734840727831184 ) ) ;
#5780 = CARTESIAN_POINT ( 'NONE',  ( 4375.764890543834554, -256.3851717926435185, -38.58430402311989837 ) ) ;
#5781 = CARTESIAN_POINT ( 'NONE',  ( 4386.719046889816127, -240.7350850143034791, -40.63537511575385963 ) ) ;
#5782 = CARTESIAN_POINT ( 'NONE',  ( 4367.118999305722355, -220.8882983699086537, -33.22973729812328259 ) ) ;
#5783 = CARTESIAN_POINT ( 'NONE',  ( 4376.031296937406296, -253.0193027596826028, -46.54828220191984656 ) ) ;
#5784 = CARTESIAN_POINT ( 'NONE',  ( 4367.091322660028709, -220.3665148438762458, 36.28472990596064562 ) ) ;
#5785 = CARTESIAN_POINT ( 'NONE',  ( 4386.726523970525704, -252.0779483961218546, 42.57630521594128936 ) ) ;
#5786 = CARTESIAN_POINT ( 'NONE',  ( 4384.530865505945258, -254.2923727403176883, -42.98679764614555410 ) ) ;
#5787 = CARTESIAN_POINT ( 'NONE',  ( 4367.102823205511413, -207.5250572464260301, 16.95174758390405145 ) ) ;
#5788 = ORIENTED_EDGE ( 'NONE', *, *, #8058, .T. ) ;
#5789 = CARTESIAN_POINT ( 'NONE',  ( 4382.613144406087486, -252.4480183964887203, 45.85071194105159975 ) ) ;
#5790 = CARTESIAN_POINT ( 'NONE',  ( 4393.313293491912191, -254.9916365108610989, 36.92609695341998588 ) ) ;
#5791 = CARTESIAN_POINT ( 'NONE',  ( 4393.126319821192737, -224.4079214059598542, 33.69590290121699638 ) ) ;
#5792 = CARTESIAN_POINT ( 'NONE',  ( 4391.239397879009630, -217.6686119154054779, -32.78172197912819996 ) ) ;
#5793 = CARTESIAN_POINT ( 'NONE',  ( 4389.184334935293009, -247.1341200406742757, -44.55287913949418765 ) ) ;
#5794 = PLANE ( 'NONE',  #4534 ) ;
#5795 = CARTESIAN_POINT ( 'NONE',  ( 4366.950593440620651, -227.5759693750591452, 37.27856547823170530 ) ) ;
#5796 = CARTESIAN_POINT ( 'NONE',  ( 4393.399078985778033, -242.1509570454528273, -43.27253725274037777 ) ) ;
#5797 = CARTESIAN_POINT ( 'NONE',  ( 4382.337311612711346, -250.9068290026042405, -42.88940664203332886 ) ) ;
#5798 = CARTESIAN_POINT ( 'NONE',  ( 4384.674333110509906, -221.4829901055665573, 35.83600244830989112 ) ) ;
#5799 = CARTESIAN_POINT ( 'NONE',  ( 4366.943210156008718, -219.6499878495793325, -32.33588397176813345 ) ) ;
#5800 =( LENGTH_UNIT ( ) NAMED_UNIT ( * ) SI_UNIT ( .MILLI., .METRE. ) );
#5801 = CARTESIAN_POINT ( 'NONE',  ( 4388.942693824156777, -205.3633143212120444, -17.88767760775480298 ) ) ;
#5802 = CARTESIAN_POINT ( 'NONE',  ( 4367.093705806565595, -203.4313293483461393, 12.12391400045757095 ) ) ;
#5803 = CARTESIAN_POINT ( 'NONE',  ( 4389.090332162650157, -226.1691665935001652, -38.10670991185423873 ) ) ;
#5804 = CARTESIAN_POINT ( 'NONE',  ( 4367.119630410041282, -221.7010493643510358, -33.79319861540674452 ) ) ;
#5805 = CARTESIAN_POINT ( 'NONE',  ( 4375.732758440959515, -226.9671956964623973, 36.36272612115394764 ) ) ;
#5806 = CARTESIAN_POINT ( 'NONE',  ( 4382.632296813490939, -265.3537567347189565, 25.89855936708275053 ) ) ;
#5807 = DIRECTION ( 'NONE',  ( 0.000000000000000000, 0.000000000000000000, 1.000000000000000000 ) ) ;
#5808 = CARTESIAN_POINT ( 'NONE',  ( 4389.175350462380266, -244.7291841063430695, 44.19661893542569686 ) ) ;
#5809 = CARTESIAN_POINT ( 'NONE',  ( 4393.270893680515655, -208.1114607000894239, -16.90305460842944285 ) ) ;
#5810 = CARTESIAN_POINT ( 'NONE',  ( 4393.101834059028079, -206.9401490662518768, 13.54216427610871776 ) ) ;
#5811 = CARTESIAN_POINT ( 'NONE',  ( 4386.866466706155734, -220.7602475166835063, -35.21800654702857258 ) ) ;
#5812 = CARTESIAN_POINT ( 'NONE',  ( 4367.150526223314955, -256.2570434242475699, -40.95758967067072831 ) ) ;
#5813 = ADVANCED_FACE ( 'NONE', ( #8913 ), #8137, .T. ) ;
#5814 = DIRECTION ( 'NONE',  ( 0.000000000000000000, 0.000000000000000000, 1.000000000000000000 ) ) ;
#5815 = CARTESIAN_POINT ( 'NONE',  ( 4393.408265538026171, -244.5129835321894802, -43.73894367019789797 ) ) ;
#5816 = CARTESIAN_POINT ( 'NONE',  ( 4391.083192894312560, -212.4430349986637054, 24.11606319641714435 ) ) ;
#5817 = CARTESIAN_POINT ( 'NONE',  ( 4382.316489885058218, -223.7898690612541373, -34.11530512254543623 ) ) ;
#5818 = CARTESIAN_POINT ( 'NONE',  ( 4380.117324490117426, -219.6553561212672605, 31.51619480652373539 ) ) ;
#5819 = PRODUCT_DEFINITION_SHAPE ( 'NONE', 'NONE',  #5062 ) ;
#5820 = CARTESIAN_POINT ( 'NONE',  ( 4367.124646532861334, -228.6121843637700124, 37.78961967036030245 ) ) ;
#5821 = CARTESIAN_POINT ( 'NONE',  ( 4391.237400841057024, -217.3369435621745254, 32.54045713407915486 ) ) ;
#5822 = CARTESIAN_POINT ( 'NONE',  ( 4380.093097230262174, -206.2313316961932230, -9.216821676920604389 ) ) ;
#5823 = FACE_OUTER_BOUND ( 'NONE', #197, .T. ) ;
#5824 = CARTESIAN_POINT ( 'NONE',  ( 4388.917448388929188, -245.2321983135490200, -41.44508185461820915 ) ) ;
#5825 = ORIENTED_EDGE ( 'NONE', *, *, #9017, .T. ) ;
#5826 = CARTESIAN_POINT ( 'NONE',  ( 4380.419481075641670, -252.7653579674939976, -46.08910968218194171 ) ) ;
#5827 = CARTESIAN_POINT ( 'NONE',  ( 4367.099762697422193, -222.0733815759759011, 37.38446503667155696 ) ) ;
#5828 = CARTESIAN_POINT ( 'NONE',  ( 4384.510372811449997, -222.0965327752963674, 32.91557245173210333 ) ) ;
#5829 = CARTESIAN_POINT ( 'NONE',  ( 4367.121235189844811, -223.7484087971422753, 35.12121671126018185 ) ) ;
#5830 = CARTESIAN_POINT ( 'NONE',  ( 4382.612887920905450, -252.3711370825726874, 45.84381824369158664 ) ) ;
#5831 = CARTESIAN_POINT ( 'NONE',  ( 4367.302702822597894, -256.1189450009021584, -44.83563186982042481 ) ) ;
#5832 = CARTESIAN_POINT ( 'NONE',  ( 4371.470271860925095, -217.3085358641776850, -33.80113901456731895 ) ) ;
#5833 = VECTOR ( 'NONE', #4549, 1000.000000000000000 ) ;
#5834 = CARTESIAN_POINT ( 'NONE',  ( 4386.978479189203426, -244.8421495290755843, -44.41863625969001106 ) ) ;
#5835 = DIRECTION ( 'NONE',  ( 0.000000000000000000, 0.000000000000000000, 1.000000000000000000 ) ) ;
#5836 = CARTESIAN_POINT ( 'NONE',  ( 4388.901202751409983, -224.9330326272165621, 34.30842818958193163 ) ) ;
#5837 = CARTESIAN_POINT ( 'NONE',  ( 4366.953479770728336, -230.3643633931676504, 38.62665326373197416 ) ) ;
#5838 = VECTOR ( 'NONE', #992, 1000.000000000000000 ) ;
#5839 = CARTESIAN_POINT ( 'NONE',  ( 4393.379447727957086, -237.4714629328712192, -42.11239908582160041 ) ) ;
#5840 = CARTESIAN_POINT ( 'NONE',  ( 4384.651038683301522, -217.3288339045965074, 32.97823245731350283 ) ) ;
#5841 = CARTESIAN_POINT ( 'NONE',  ( 4371.336119165912351, -220.6194070010625126, -32.77753537352081992 ) ) ;
#5842 = CARTESIAN_POINT ( 'NONE',  ( 4371.369898963705964, -204.7533701780749880, -17.25523891170987412 ) ) ;
#5843 = CARTESIAN_POINT ( 'NONE',  ( 4367.107016423243294, -203.4761569819899023, -11.31939267918112968 ) ) ;
#5844 = CARTESIAN_POINT ( 'NONE',  ( 4389.082019372021932, -224.5206616065133289, -37.25893521813152631 ) ) ;
#5845 = CARTESIAN_POINT ( 'NONE',  ( 4367.117704264803251, -219.2831542401661977, -32.04763546838650967 ) ) ;
#5846 = VECTOR ( 'NONE', #623, 1000.000000000000000 ) ;
#5847 = CARTESIAN_POINT ( 'NONE',  ( 4375.737445485347962, -231.9282085987180722, 38.66363691488669474 ) ) ;
#5848 = CARTESIAN_POINT ( 'NONE',  ( 4384.825491244293517, -265.1579074400097511, 25.76895517335373853 ) ) ;
#5849 = CARTESIAN_POINT ( 'NONE',  ( 4393.452994202817536, -261.8954501369295258, 29.92414368580672246 ) ) ;
#5850 = CARTESIAN_POINT ( 'NONE',  ( 4389.069630754018362, -222.1071293815726619, 35.90267725742189953 ) ) ;
#5851 = CARTESIAN_POINT ( 'NONE',  ( 4386.688167596829771, -208.2783681024078817, -17.68316404307003964 ) ) ;
#5852 = CARTESIAN_POINT ( 'NONE',  ( 4393.096324724312581, -206.2313355514737907, 9.625782460470729163 ) ) ;
#5853 = CARTESIAN_POINT ( 'NONE',  ( 4380.280083723559983, -221.4728375729700645, -36.12630093954570754 ) ) ;
#5854 = CARTESIAN_POINT ( 'NONE',  ( 4367.545399575546980, -256.8064443488898405, -47.71183451919673502 ) ) ;
#5855 = LINE ( 'NONE', #8726, #1076 ) ;
#5856 = DIRECTION ( 'NONE',  ( 0.000000000000000000, -1.000000000000000000, 0.000000000000000000 ) ) ;
#5857 = CARTESIAN_POINT ( 'NONE',  ( 4393.296509806936228, -233.2615900098488169, 37.77071980786921301 ) ) ;
#5858 = CARTESIAN_POINT ( 'NONE',  ( 4375.730091936386088, -223.9184974369515544, -34.64960522487211847 ) ) ;
#5859 = CARTESIAN_POINT ( 'NONE',  ( 4382.338479916240431, -252.6949022177194024, 43.07572079901059681 ) ) ;
#5860 = CARTESIAN_POINT ( 'NONE',  ( 4367.403311257210589, -252.7760086049419215, 47.36330100589902514 ) ) ;
#5861 = EDGE_CURVE ( 'NONE', #3266, #4616, #594, .T. ) ;
#5862 = CARTESIAN_POINT ( 'NONE',  ( 4393.595284633985102, -251.3429544290127637, 44.63187651156400904 ) ) ;
#5863 = CARTESIAN_POINT ( 'NONE',  ( 4384.756802472361414, -278.7730793285008986, 0.05727189052103903028 ) ) ;
#5864 = CARTESIAN_POINT ( 'NONE',  ( 4388.906461417864193, -275.3010561440204924, 0.2627046496027110600 ) ) ;
#5865 = CARTESIAN_POINT ( 'NONE',  ( 4386.725650345950271, -250.6069709208257450, -42.41934740565125139 ) ) ;
#5866 = VERTEX_POINT ( 'NONE', #6171 ) ;
#5867 = CARTESIAN_POINT ( 'NONE',  ( 4389.201499113130012, -253.1238903111021159, -45.23538524834290087 ) ) ;
#5868 = CARTESIAN_POINT ( 'NONE',  ( 4367.094055866172312, -220.9034662366422026, 36.63978754683885342 ) ) ;
#5869 = CARTESIAN_POINT ( 'NONE',  ( 4384.508767908552727, -220.2944165718290890, 31.69209316567571477 ) ) ;
#5870 = CARTESIAN_POINT ( 'NONE',  ( 4380.146274567978253, -254.6410001522684183, -43.45547593438745793 ) ) ;
#5871 = CARTESIAN_POINT ( 'NONE',  ( 4367.118873788814199, -220.7235452078860760, 33.12061241370815168 ) ) ;
#5872 = ORIENTED_EDGE ( 'NONE', *, *, #3076, .F. ) ;
#5873 = CARTESIAN_POINT ( 'NONE',  ( 4380.289237360243533, -223.3037673991883310, 37.23005899128195750 ) ) ;
#5874 = DIRECTION ( 'NONE',  ( 0.000000000000000000, 1.000000000000000000, 0.000000000000000000 ) ) ;
#5875 = CARTESIAN_POINT ( 'NONE',  ( 4391.241464563674526, -218.0044187846759485, -33.02726490924796821 ) ) ;
#5876 = VECTOR ( 'NONE', #434, 1000.000000000000000 ) ;
#5877 = CARTESIAN_POINT ( 'NONE',  ( 4384.790426542175737, -247.3922197701801906, -45.01914831118798332 ) ) ;
#5878 = CARTESIAN_POINT ( 'NONE',  ( 4367.310773800713832, -256.8840947622517774, 45.77825586648662437 ) ) ;
#5879 = CARTESIAN_POINT ( 'NONE',  ( 4388.912078519057104, -238.3701318793739858, 39.85370519814514978 ) ) ;
#5880 = CARTESIAN_POINT ( 'NONE',  ( 4366.952301395082941, -229.2434675407825182, 38.10304900132263839 ) ) ;
#5881 = ADVANCED_FACE ( 'NONE', ( #5443 ), #547, .F. ) ;
#5882 = CARTESIAN_POINT ( 'NONE',  ( 4393.275754920002328, -203.5364498556780859, 10.27545985728289146 ) ) ;
#5883 = CARTESIAN_POINT ( 'NONE',  ( 4384.641286478370603, -215.6893925475148706, 31.67492691249153935 ) ) ;
#5884 = CARTESIAN_POINT ( 'NONE',  ( 4384.508461732996693, -219.9717705948152968, -31.45246843847733587 ) ) ;
#5885 = CARTESIAN_POINT ( 'NONE',  ( 4377.141019707303712, -305.5155512315545252, 24.00391400045749535 ) ) ;
#5886 = CARTESIAN_POINT ( 'NONE',  ( 4386.730232631249237, -204.4723179858243896, -15.51032687050983228 ) ) ;
#5887 = CARTESIAN_POINT ( 'NONE',  ( 4367.283839494131826, -224.2356140537494014, -38.63880313164739988 ) ) ;
#5888 = CARTESIAN_POINT ( 'NONE',  ( 4391.283624843966209, -225.6056333384660491, -37.65952764500232064 ) ) ;
#5889 = CARTESIAN_POINT ( 'NONE',  ( 4367.116684998725759, -218.0424758052290031, -31.06588585914609979 ) ) ;
#5890 = CARTESIAN_POINT ( 'NONE',  ( 4375.739711260466720, -234.1950887565455162, 39.54729971324038473 ) ) ;
#5891 = CARTESIAN_POINT ( 'NONE',  ( 4380.363216938184451, -279.2098786330344069, -0.07627772761066012319 ) ) ;
#5892 = CARTESIAN_POINT ( 'NONE',  ( 4393.289428316794329, -253.1526359231172023, -43.41371041668246278 ) ) ;
#5893 = CARTESIAN_POINT ( 'NONE',  ( 4382.337899261250641, -251.8025778921969504, -42.98322920461979635 ) ) ;
#5894 = ORIENTED_EDGE ( 'NONE', *, *, #946, .F. ) ;
#5895 = CARTESIAN_POINT ( 'NONE',  ( 4389.201580186287174, -252.5449840928434924, 45.19223128037490511 ) ) ;
#5896 = CARTESIAN_POINT ( 'NONE',  ( 4391.079645163020359, -209.6984381180629100, -20.23857549608597139 ) ) ;
#5898 = CARTESIAN_POINT ( 'NONE',  ( 4367.436266875392903, -269.9317919148531928, 20.50391400045736745 ) ) ;
#5897 = B_SPLINE_CURVE_WITH_KNOTS ( 'NONE', 3,
 ( #2588, #7331, #8023, #6021, #8801, #1070, #3865, #2539, #8555, #4354, #2892, #2217, #7830, #3537, #187, #3579, #2258, #1524, #3494, #5775, #7695, #5036, #8378, #54, #1481, #4268, #830, #2300, #1610, #4993, #5602, #4223, #2808, #3663, #6329, #8420, #4311, #2174, #2935, #1566, #5075, #7092, #5688, #5733, #2132, #6455, #8466, #7053, #4397, #3621, #7787, #2850, #14, #789, #5645, #4947, #7868, #7741, #702, #6368, #144, #99, #4905, #6410, #6286, #1438 ),
 .UNSPECIFIED., .F., .F.,
 ( 4, 2, 2, 2, 2, 2, 2, 2, 2, 2, 2, 2, 2, 2, 2, 2, 2, 2, 2, 2, 2, 2, 2, 2, 2, 2, 2, 2, 2, 2, 2, 2, 4 ),
 ( 0.000000000000000000, 0.06466816728687496685, 0.09700225093031246415, 0.1293363345737499337, 0.1940045018606249283, 0.2586726691474998674, 0.3233408364343748898, 0.3556749200778123177, 0.3718419618995311149, 0.3880090037212498566, 0.3960925246321091442, 0.4041760455429685428, 0.4122595664538279414, 0.4203430873646873400, 0.4284266082755467386, 0.4365101291864060817, 0.4445936500972653693, 0.4526771710081247679, 0.4607606919189841665, 0.4688442128298435652, 0.4850112546515622514, 0.5173453382949997348, 0.5496794219384373292, 0.5820135055818748127, 0.6143475892253121851, 0.6466816728687497795, 0.7760180074424997132, 0.9053543420162495359, 0.9700225093031245027, 0.9861895511248431889, 0.9902313115802728882, 0.9942730720357024765, 1.000000000000000000 ),
 .UNSPECIFIED. ) ;
#5899 = CARTESIAN_POINT ( 'NONE',  ( 4391.261981397370619, -221.4991473426274808, -35.36621367739617483 ) ) ;
#5900 = CARTESIAN_POINT ( 'NONE',  ( 4367.251949476167283, -255.5086933943169356, -44.78779768150310048 ) ) ;
#5901 = CARTESIAN_POINT ( 'NONE',  ( 4376.741019707303167, -289.7815121590419380, -24.40391400045749748 ) ) ;
#5902 = CARTESIAN_POINT ( 'NONE',  ( 4393.432452213263787, -251.7290396573371254, 44.68405164692750731 ) ) ;
#5903 = CARTESIAN_POINT ( 'NONE',  ( 4393.292083287841706, -228.4267910593457600, 35.75995584069489297 ) ) ;
#5904 = CARTESIAN_POINT ( 'NONE',  ( 4386.706061449771369, -223.7875213164961963, -33.80058083926464718 ) ) ;
#5905 = CARTESIAN_POINT ( 'NONE',  ( 4380.118345034072263, -220.7867403704810840, 32.33119496213263488 ) ) ;
#5906 = CARTESIAN_POINT ( 'NONE',  ( 4375.911649161165769, -226.8138885327311414, 39.41728214873484859 ) ) ;
#5907 = CARTESIAN_POINT ( 'NONE',  ( 4367.110150024117502, -211.4517266714343009, 24.26796296171424316 ) ) ;
#5908 = CARTESIAN_POINT ( 'NONE',  ( 4367.238002283614151, -272.3541692028551893, -15.80072386093253556 ) ) ;
#5909 = CARTESIAN_POINT ( 'NONE',  ( 4391.077578941267348, -203.4972981745083302, 9.968504074978572049 ) ) ;
#5910 = CARTESIAN_POINT ( 'NONE',  ( 4393.597992741822964, -264.8863025790617485, -24.29820501105680108 ) ) ;
#5911 = CARTESIAN_POINT ( 'NONE',  ( 4393.313994627434113, -254.0506610869923065, -38.68820960216052640 ) ) ;
#5912 = CARTESIAN_POINT ( 'NONE',  ( 4388.919155907850836, -247.5520054385210074, -41.79696231053014799 ) ) ;
#5913 = AXIS2_PLACEMENT_3D ( 'NONE', #3531, #4303, #651 ) ;
#5914 = ORIENTED_EDGE ( 'NONE', *, *, #8653, .F. ) ;
#5915 = CARTESIAN_POINT ( 'NONE',  ( 4382.613496689316889, -253.0434491927827025, -45.89495451165030460 ) ) ;
#5916 = CARTESIAN_POINT ( 'NONE',  ( 4367.079168037718773, -217.9649465637108676, 34.57578529595377859 ) ) ;
#5917 = CARTESIAN_POINT ( 'NONE',  ( 4384.511100011352028, -222.9589970358913149, 33.46221317929661154 ) ) ;
#5918 = CARTESIAN_POINT ( 'NONE',  ( 4367.104025451179950, -207.9532826947637147, 18.07096608425418793 ) ) ;
#5919 = VERTEX_POINT ( 'NONE', #7440 ) ;
#5920 = CARTESIAN_POINT ( 'NONE',  ( 4380.306123555109480, -226.7832640249600331, 39.07912130613194535 ) ) ;
#5921 = CARTESIAN_POINT ( 'NONE',  ( 4376.876444576196263, -302.9155512315545593, -24.10391400045745058 ) ) ;
#5922 = CARTESIAN_POINT ( 'NONE',  ( 4375.858488284788109, -216.3274416660781867, -32.75476911630112653 ) ) ;
#5923 = CARTESIAN_POINT ( 'NONE',  ( 4386.968780045978747, -242.4361817007925310, -43.93840591735283141 ) ) ;
#5924 = ADVANCED_FACE ( 'NONE', ( #2018 ), #6750, .T. ) ;
#5925 = CARTESIAN_POINT ( 'NONE',  ( 4380.471814171601181, -255.8958219583927303, 44.40701802184524638 ) ) ;
#5926 = CARTESIAN_POINT ( 'NONE',  ( 4388.900300049098405, -223.7863653475059493, 33.64964532985086265 ) ) ;
#5927 = CARTESIAN_POINT ( 'NONE',  ( 4374.441019707302985, -301.9155512315545593, -24.10391400045744348 ) ) ;
#5928 = CARTESIAN_POINT ( 'NONE',  ( 4393.136998455601315, -238.2305945871442816, -39.42669192723610649 ) ) ;
#5929 = CARTESIAN_POINT ( 'NONE',  ( 4382.456222974735283, -217.6565615979630195, 33.37203519858915257 ) ) ;
#5930 = CARTESIAN_POINT ( 'NONE',  ( 4380.118485680354752, -220.9518144758348512, -32.43820080026965513 ) ) ;
#5931 = CARTESIAN_POINT ( 'NONE',  ( 4367.093704729264573, -206.2313293483461507, 9.533943380833617809 ) ) ;
#5932 = CARTESIAN_POINT ( 'NONE',  ( 4388.918709219447010, -204.2309177928892154, -14.51660710470437188 ) ) ;
#5933 = CARTESIAN_POINT ( 'NONE',  ( 4367.264789728560572, -220.1304609863323378, -36.10670418900114242 ) ) ;
#5934 = CARTESIAN_POINT ( 'NONE',  ( 4380.291284050525064, -223.7169673194962058, -37.45687846294368484 ) ) ;
#5935 = CARTESIAN_POINT ( 'NONE',  ( 4367.447246830062795, -255.8883133938281276, 47.63284963492188950 ) ) ;
#5936 = EDGE_CURVE ( 'NONE', #5728, #6882, #3356, .T. ) ;
#5937 = CARTESIAN_POINT ( 'NONE',  ( 4371.323889123112167, -208.9286004521605662, 20.04165740122027017 ) ) ;
#5938 = CARTESIAN_POINT ( 'NONE',  ( 4393.168119408990606, -252.4482404690267003, -42.16880990575244681 ) ) ;
#5939 = CARTESIAN_POINT ( 'NONE',  ( 4371.369939973097644, -252.2823974731476824, -44.10330198282345293 ) ) ;
#5940 = ORIENTED_EDGE ( 'NONE', *, *, #1629, .T. ) ;
#5941 = CARTESIAN_POINT ( 'NONE',  ( 4386.862315287015917, -220.0583561789863154, 34.76860163895649691 ) ) ;
#5942 = CARTESIAN_POINT ( 'NONE',  ( 4386.686965630966370, -207.8184606508563661, -16.58582656729778293 ) ) ;
#5943 = CARTESIAN_POINT ( 'NONE',  ( 4393.122224585461481, -219.9704413842378585, 30.86625870759939971 ) ) ;
#5944 = ORIENTED_EDGE ( 'NONE', *, *, #2812, .F. ) ;
#5945 = CARTESIAN_POINT ( 'NONE',  ( 4393.458409947895234, -221.6695278439476340, -35.30776979094142831 ) ) ;
#5946 = CARTESIAN_POINT ( 'NONE',  ( 4367.148244419801813, -262.0534516923661386, 29.79613352535365323 ) ) ;
#5947 = LINE ( 'NONE', #5116, #1970 ) ;
#5948 = CARTESIAN_POINT ( 'NONE',  ( 4393.309729170303399, -223.1620573457393562, 36.20147898024968214 ) ) ;
#5949 = CARTESIAN_POINT ( 'NONE',  ( 4393.315312996439388, -253.0341394680477549, 41.98587023080881409 ) ) ;
#5950 = CARTESIAN_POINT ( 'NONE',  ( 4386.706149125746379, -223.9096108335907047, -33.87239504810022339 ) ) ;
#5951 = CARTESIAN_POINT ( 'NONE',  ( 4380.093647439220149, -206.2421936726548211, 9.622155356384929803 ) ) ;
#5952 = CARTESIAN_POINT ( 'NONE',  ( 4375.954007806621121, -235.6011567017837649, 43.04541940015246837 ) ) ;
#5953 = CARTESIAN_POINT ( 'NONE',  ( 4367.140453388004971, -252.7359931921698148, 44.55755410981083031 ) ) ;
#5954 = FACE_OUTER_BOUND ( 'NONE', #8699, .T. ) ;
#5955 = CARTESIAN_POINT ( 'NONE',  ( 4391.266154861719770, -222.2460759435836906, 35.82499602374906544 ) ) ;
#5956 = CARTESIAN_POINT ( 'NONE',  ( 4389.217714809083191, -263.7642603578033800, -27.39015480658999380 ) ) ;
#5957 = CARTESIAN_POINT ( 'NONE',  ( 4382.330596947680533, -268.2973619273592476, -14.29533268500361132 ) ) ;
#5958 = CARTESIAN_POINT ( 'NONE',  ( 4375.756255847103603, -249.5433062186727113, -43.35692072193313606 ) ) ;
#5959 = ORIENTED_EDGE ( 'NONE', *, *, #8765, .F. ) ;
#5960 = CARTESIAN_POINT ( 'NONE',  ( 4393.136522536128723, -274.7512522213627335, 0.003914000457703506117 ) ) ;
#5961 = CARTESIAN_POINT ( 'NONE',  ( 4367.106205588032935, -223.4544477390932968, 38.21151730297960825 ) ) ;
#5962 = CARTESIAN_POINT ( 'NONE',  ( 4384.509913874109770, -221.6037443915866163, 32.59204903548024390 ) ) ;
#5963 = FACE_OUTER_BOUND ( 'NONE', #6836, .T. ) ;
#5964 = ORIENTED_EDGE ( 'NONE', *, *, #8713, .F. ) ;
#5965 = CARTESIAN_POINT ( 'NONE',  ( 4380.415744120965428, -251.6805944622120705, 45.99612415878094396 ) ) ;
#5966 = CARTESIAN_POINT ( 'NONE',  ( 4375.755340024388715, -263.1435085851695703, 25.63673785175658182 ) ) ;
#5967 = DIRECTION ( 'NONE',  ( 0.000000000000000000, -1.000000000000000000, 0.000000000000000000 ) ) ;
#5968 = CARTESIAN_POINT ( 'NONE',  ( 4386.852535988054115, -218.3335312441299152, -33.56915246904564043 ) ) ;
#5969 = CARTESIAN_POINT ( 'NONE',  ( 4391.385032990640866, -247.6028712277134503, -44.40747856946284600 ) ) ;
#5970 = EDGE_CURVE ( 'NONE', #8130, #3115, #2484, .T. ) ;
#5971 = CARTESIAN_POINT ( 'NONE',  ( 4376.084685247055859, -258.2855440304168724, 40.95585851646964670 ) ) ;
#5972 = CARTESIAN_POINT ( 'NONE',  ( 4388.900388712237145, -223.9078765962224793, 33.72086941204418764 ) ) ;
#5973 = CARTESIAN_POINT ( 'NONE',  ( 4393.145009349163047, -252.3500385634785346, 41.94293029925270133 ) ) ;
#5974 = CARTESIAN_POINT ( 'NONE',  ( 4393.144973363911959, -251.9024539768213060, -41.89542148337797300 ) ) ;
#5975 = VECTOR ( 'NONE', #6025, 1000.000000000000000 ) ;
#5976 = CARTESIAN_POINT ( 'NONE',  ( 4384.801044323206952, -250.4446734703676896, 45.43290528593593081 ) ) ;
#5977 = CARTESIAN_POINT ( 'NONE',  ( 4393.285629592425721, -221.1166815846205793, -31.64024448185050886 ) ) ;
#5978 = CARTESIAN_POINT ( 'NONE',  ( 0.000000000000000000, -305.5155512315545252, 0.000000000000000000 ) ) ;
#5979 = CARTESIAN_POINT ( 'NONE',  ( 4380.139606658001867, -204.2295688420783506, -15.05050479718920364 ) ) ;
#5980 = CARTESIAN_POINT ( 'NONE',  ( 4375.899445905349239, -224.2773555418087597, -38.08175599410030543 ) ) ;
#5981 = CARTESIAN_POINT ( 'NONE',  ( 4367.534541362908385, -255.8817465902388903, 47.62394930754366840 ) ) ;
#5982 = CIRCLE ( 'NONE', #8608, 1.500000000000001332 ) ;
#5983 = CARTESIAN_POINT ( 'NONE',  ( 4371.346800354348488, -232.0021938928722705, 39.02288290528834835 ) ) ;
#5984 = CARTESIAN_POINT ( 'NONE',  ( 4393.168868372726138, -252.4425244845375289, -42.17558980939132596 ) ) ;
#5985 = CARTESIAN_POINT ( 'NONE',  ( 4371.370307179076917, -252.5915880226466470, -44.13564364350632729 ) ) ;
#5986 = ORIENTED_EDGE ( 'NONE', *, *, #2071, .T. ) ;
#5987 = CARTESIAN_POINT ( 'NONE',  ( 4386.863319268381019, -220.2303586394547779, 34.88267409826524812 ) ) ;
#5988 = CARTESIAN_POINT ( 'NONE',  ( 4375.717276986974866, -210.5935903507787259, -22.49223105851026716 ) ) ;
#5989 = DIRECTION ( 'NONE',  ( -0.9629640197141802194, 0.000000000000000000, 0.2696299255199758882 ) ) ;
#5990 = VERTEX_POINT ( 'NONE', #8790 ) ;
#5991 = AXIS2_PLACEMENT_3D ( 'NONE', #556, #1744, #4535 ) ;
#5992 = CARTESIAN_POINT ( 'NONE',  ( 4375.884890242036818, -221.2840993088947812, -36.30871528071324406 ) ) ;
#5993 = CARTESIAN_POINT ( 'NONE',  ( 4367.398862225572884, -251.4813351320248103, -47.21953018984464023 ) ) ;
#5994 = CARTESIAN_POINT ( 'NONE',  ( 4367.150431785315959, -254.2873811947115712, 44.69991311633055631 ) ) ;
#5995 = CARTESIAN_POINT ( 'NONE',  ( 4393.339187926534578, -228.9097378417146729, 39.05120002788689959 ) ) ;
#5996 = CARTESIAN_POINT ( 'NONE',  ( 4391.086065832649183, -215.1434777173770669, 26.98486745799117870 ) ) ;
#5997 = CARTESIAN_POINT ( 'NONE',  ( 4382.316860290316072, -224.2961590899925000, -34.41343570302284149 ) ) ;
#5998 = CARTESIAN_POINT ( 'NONE',  ( 4380.121475860265491, -224.4308296821354531, 34.65352765353589604 ) ) ;
#5999 = CARTESIAN_POINT ( 'NONE',  ( 4376.031433470916454, -253.3954412187989647, 46.58876517415088614 ) ) ;
#6000 = CARTESIAN_POINT ( 'NONE',  ( 4367.140946502929182, -253.6685990641496744, 44.64701336693468647 ) ) ;
#6001 = FACE_OUTER_BOUND ( 'NONE', #7601, .T. ) ;
#6002 = CARTESIAN_POINT ( 'NONE',  ( 4367.275963571696593, -266.2307115771560575, -27.77299971968817260 ) ) ;
#6003 = EDGE_CURVE ( 'NONE', #6412, #6192, #5699, .T. ) ;
#6004 = CARTESIAN_POINT ( 'NONE',  ( 4391.268136707712983, -222.6230248378322756, 36.04558729373535897 ) ) ;
#6005 = CARTESIAN_POINT ( 'NONE',  ( 4388.874249304349178, -206.3232245321042626, -10.28173274942054505 ) ) ;
#6006 = CARTESIAN_POINT ( 'NONE',  ( 4391.119441678654766, -252.3313638272774995, -42.47121796163172291 ) ) ;
#6007 = CARTESIAN_POINT ( 'NONE',  ( 4375.757595516330184, -250.7545977621720681, -43.51335408951503325 ) ) ;
#6008 = CARTESIAN_POINT ( 'NONE',  ( 4376.741019707303167, -305.5155512315545252, -24.00391400045749535 ) ) ;
#6009 = ORIENTED_EDGE ( 'NONE', *, *, #7246, .F. ) ;
#6010 = CARTESIAN_POINT ( 'NONE',  ( 4377.141019707303712, -302.9155512315545593, -26.87652984091358377 ) ) ;
#6011 = LINE ( 'NONE', #2669, #5564 ) ;
#6012 = CARTESIAN_POINT ( 'NONE',  ( 4384.512600330233909, -224.8153691531242657, 34.56311881407945208 ) ) ;
#6013 = CARTESIAN_POINT ( 'NONE',  ( 4367.233386482239439, -256.1263514264978767, -44.81465901537941221 ) ) ;
#6014 = ORIENTED_EDGE ( 'NONE', *, *, #3807, .T. ) ;
#6015 = CARTESIAN_POINT ( 'NONE',  ( 4380.289933336542163, -223.4421850446807127, 37.30944590110087944 ) ) ;
#6016 = CARTESIAN_POINT ( 'NONE',  ( 4393.105573991731944, -207.9506590977630935, 16.56035287083474827 ) ) ;
#6017 = CARTESIAN_POINT ( 'NONE',  ( 4367.085288923315602, -219.1611248476107505, -35.44402006787966286 ) ) ;
#6018 = B_SPLINE_CURVE_WITH_KNOTS ( 'NONE', 3,
 ( #6338, #6249, #9037, #8305 ),
 .UNSPECIFIED., .F., .F.,
 ( 4, 4 ),
 ( 917.5316017761088005, 1178.714500305493402 ),
 .UNSPECIFIED. ) ;
#6019 = CARTESIAN_POINT ( 'NONE',  ( 4391.397193591806172, -250.8993990728205574, -44.80789673984924804 ) ) ;
#6020 = CARTESIAN_POINT ( 'NONE',  ( 4388.906682261187598, -231.7062314702580750, 37.53707793137866133 ) ) ;
#6021 = CARTESIAN_POINT ( 'NONE',  ( 4393.101834053791208, -206.9401498477360803, -13.53433932355058467 ) ) ;
#6022 = CARTESIAN_POINT ( 'NONE',  ( 4393.144969118906374, -253.0469906227008607, -41.99681071216221540 ) ) ;
#6023 = CARTESIAN_POINT ( 'NONE',  ( 4384.790426546304843, -247.3922197699270100, 45.02697631166702763 ) ) ;
#6024 = CARTESIAN_POINT ( 'NONE',  ( 4386.703847916617633, -221.2803939572687568, -32.21520210136797857 ) ) ;
#6025 = DIRECTION ( 'NONE',  ( 0.000000000000000000, 0.000000000000000000, -1.000000000000000000 ) ) ;
#6026 = CARTESIAN_POINT ( 'NONE',  ( 4371.385682481247386, -205.7254075319379183, -19.73177043469548764 ) ) ;
#6027 = CARTESIAN_POINT ( 'NONE',  ( 4367.305647974859312, -229.1304402161255496, -41.11531299115598870 ) ) ;
#6028 = CARTESIAN_POINT ( 'NONE',  ( 4375.925486361333242, -229.6925009424557231, -40.73965959601340359 ) ) ;
#6029 = CARTESIAN_POINT ( 'NONE',  ( 4367.161594148980839, -256.1295479866062692, 44.85784727576042741 ) ) ;
#6030 = CARTESIAN_POINT ( 'NONE',  ( 4371.338725833947137, -223.5435471602776545, 34.72380645357048934 ) ) ;
#6031 = CARTESIAN_POINT ( 'NONE',  ( 4393.167771750700922, -252.4658422715014297, -42.16699845414645154 ) ) ;
#6032 = ORIENTED_EDGE ( 'NONE', *, *, #2140, .T. ) ;
#6033 = CARTESIAN_POINT ( 'NONE',  ( 4386.782574960282545, -208.2610983819431567, 23.39557605281281027 ) ) ;
#6034 = CARTESIAN_POINT ( 'NONE',  ( 4393.278269405938772, -213.4980949725849371, -25.13338723701424726 ) ) ;
#6035 = CARTESIAN_POINT ( 'NONE',  ( 4384.816239131060684, -267.4753392875614395, -21.36623681220281767 ) ) ;
#6036 = EDGE_LOOP ( 'NONE', ( #6597, #634, #4091, #8340 ) ) ;
#6037 = CARTESIAN_POINT ( 'NONE',  ( 4386.872826948339934, -221.9671682551349932, -35.96847220225726005 ) ) ;
#6038 = CARTESIAN_POINT ( 'NONE',  ( 4367.389561523559678, -248.9138579814768093, -46.88089331405549132 ) ) ;
#6039 = CARTESIAN_POINT ( 'NONE',  ( 4393.148069895250046, -252.2858267874810281, 42.00308374087482832 ) ) ;
#6040 = CARTESIAN_POINT ( 'NONE',  ( 4393.304965934653410, -222.2491526573204226, 35.67483028985162008 ) ) ;
#6041 = EDGE_CURVE ( 'NONE', #614, #3974, #7107, .T. ) ;
#6042 = CARTESIAN_POINT ( 'NONE',  ( 4391.100679839387340, -231.1244931195214747, 37.12156161872716353 ) ) ;
#6043 = CARTESIAN_POINT ( 'NONE',  ( 4388.901095919999534, -224.8046131600416686, -34.22868398561938363 ) ) ;
#6044 = CARTESIAN_POINT ( 'NONE',  ( 4375.704071652372477, -206.2313299908384749, 9.477922516354121640 ) ) ;
#6045 = CARTESIAN_POINT ( 'NONE',  ( 4371.332648234254521, -203.5786303923063940, 12.01862840618038497 ) ) ;
#6046 = CARTESIAN_POINT ( 'NONE',  ( 4367.378326091938106, -280.4439514432027067, -0.008785646100021665683 ) ) ;
#6047 = DIRECTION ( 'NONE',  ( 0.000000000000000000, 0.000000000000000000, -1.000000000000000000 ) ) ;
#6048 = CARTESIAN_POINT ( 'NONE',  ( 4391.286445703464778, -226.1564170132973288, 37.93893367430275276 ) ) ;
#6049 = CARTESIAN_POINT ( 'NONE',  ( 4384.484864713699608, -206.3668485680854303, -10.94707216779732661 ) ) ;
#6050 = CARTESIAN_POINT ( 'NONE',  ( 4391.356922740273149, -274.1062172949912110, -7.504448147931084279 ) ) ;
#6051 = CARTESIAN_POINT ( 'NONE',  ( 4384.532490992334715, -257.5925708360963995, -34.13970295633507845 ) ) ;
#6052 = CARTESIAN_POINT ( 'NONE',  ( 4382.322014419794868, -230.7114572777852004, -37.63397261520211146 ) ) ;
#6053 = ORIENTED_EDGE ( 'NONE', *, *, #7488, .F. ) ;
#6054 = CARTESIAN_POINT ( 'NONE',  ( 4389.201337074644471, -254.2817027526668028, -45.33734911800841871 ) ) ;
#6055 = EDGE_CURVE ( 'NONE', #3718, #1989, #8836, .T. ) ;
#6056 = DIRECTION ( 'NONE',  ( -0.000000000000000000, -1.000000000000000000, -0.000000000000000000 ) ) ;
#6057 = CARTESIAN_POINT ( 'NONE',  ( 4380.124025653661192, -227.4758602140515222, -36.29213456207225619 ) ) ;
#6058 = CARTESIAN_POINT ( 'NONE',  ( 4384.530913396127289, -252.5324724154488081, 42.84092837962113265 ) ) ;
#6059 = DIRECTION ( 'NONE',  ( -0.000000000000000000, 1.000000000000000000, -0.000000000000000000 ) ) ;
#6060 = AXIS2_PLACEMENT_3D ( 'NONE', #361, #3701, #8639 ) ;
#6061 = ORIENTED_EDGE ( 'NONE', *, *, #6439, .F. ) ;
#6062 = CARTESIAN_POINT ( 'NONE',  ( 4380.308854648909801, -227.3509642690471253, 39.35362431358454671 ) ) ;
#6063 = CARTESIAN_POINT ( 'NONE',  ( 4367.084430163487013, -218.9878836985426460, -35.31989163582127134 ) ) ;
#6064 = CARTESIAN_POINT ( 'NONE',  ( 4389.197221424570671, -250.7515566197850490, -45.01563065587444612 ) ) ;
#6065 = CARTESIAN_POINT ( 'NONE',  ( 4371.385682482208722, -205.7254075319364404, 19.73959843555544325 ) ) ;
#6066 = CARTESIAN_POINT ( 'NONE',  ( 4386.679820843888592, -206.3675265447473066, 10.82013333282648837 ) ) ;
#6067 = LINE ( 'NONE', #8849, #5876 ) ;
#6068 = CARTESIAN_POINT ( 'NONE',  ( 4386.949960664248465, -278.5548773868437706, -0.03590360373867700072 ) ) ;
#6069 = CARTESIAN_POINT ( 'NONE',  ( 4367.201193154187422, -254.8981741055291650, 44.74778503899106141 ) ) ;
#6070 = CARTESIAN_POINT ( 'NONE',  ( 4382.452464273145779, -216.9957908805227760, 32.86318148062580491 ) ) ;
#6071 = CARTESIAN_POINT ( 'NONE',  ( 4382.314419889154124, -221.4412948758425159, -32.62602968938145409 ) ) ;
#6072 = CARTESIAN_POINT ( 'NONE',  ( 4393.431402440536658, -251.4291622577221119, 44.65689213506618671 ) ) ;
#6073 = CARTESIAN_POINT ( 'NONE',  ( 4393.347503512278308, -206.4297268858871632, -20.00594852256775624 ) ) ;
#6074 = CARTESIAN_POINT ( 'NONE',  ( 4382.503360748491104, -226.7679517710956247, -38.90221288419301970 ) ) ;
#6075 = CARTESIAN_POINT ( 'NONE',  ( 4393.427351010983330, -266.9410810582424460, -20.50362304903277533 ) ) ;
#6076 = CARTESIAN_POINT ( 'NONE',  ( 4371.341866329042205, -226.9958341243895745, 36.68418755191346747 ) ) ;
#6077 = CARTESIAN_POINT ( 'NONE',  ( 4393.145096717345950, -259.4159986002014762, 28.59932338645216632 ) ) ;
#6078 = CARTESIAN_POINT ( 'NONE',  ( 4366.982964852039004, -253.8426694243964334, -44.67025436390167670 ) ) ;
#6079 = ORIENTED_EDGE ( 'NONE', *, *, #935, .T. ) ;
#6080 = CARTESIAN_POINT ( 'NONE',  ( 4386.684193091648922, -203.4703280018966325, 9.789192660014952807 ) ) ;
#6081 = CARTESIAN_POINT ( 'NONE',  ( 4375.718418470918550, -211.4756264219594755, -23.80915403866547564 ) ) ;
#6082 = DIRECTION ( 'NONE',  ( 0.000000000000000000, -1.000000000000000000, 0.000000000000000000 ) ) ;
#6083 = VERTEX_POINT ( 'NONE', #1992 ) ;
#6084 = CARTESIAN_POINT ( 'NONE',  ( 4386.876326573880760, -222.6199442956466044, -36.35627658609578106 ) ) ;
#6085 = PLANE ( 'NONE',  #7425 ) ;
#6086 = CYLINDRICAL_SURFACE ( 'NONE', #6788, 1.500000000000001332 ) ;
#6087 = CARTESIAN_POINT ( 'NONE',  ( 4391.102664988888137, -233.3068096852759652, 37.97366655692854209 ) ) ;
#6088 = CARTESIAN_POINT ( 'NONE',  ( 4384.513007735919928, -225.3339517810443056, -34.84576221227597870 ) ) ;
#6089 = CARTESIAN_POINT ( 'NONE',  ( 4380.145264467140805, -252.2606786484743395, 43.25294296945634187 ) ) ;
#6090 = CARTESIAN_POINT ( 'NONE',  ( 4375.906191339016004, -225.6793276665327994, 38.84309011649457943 ) ) ;
#6091 = CARTESIAN_POINT ( 'NONE',  ( 4367.138891759058424, -249.9432577677851839, 44.21991716989803933 ) ) ;
#6092 = CARTESIAN_POINT ( 'NONE',  ( 4367.307521267916854, -258.9910115116131237, -41.76619158859795533 ) ) ;
#6093 = CARTESIAN_POINT ( 'NONE',  ( 4391.250657642762235, -219.5513097809099463, 34.12133622324089544 ) ) ;
#6094 = CARTESIAN_POINT ( 'NONE',  ( 4393.265034568574265, -206.4591954739852326, -11.18802954061499655 ) ) ;
#6095 = LINE ( 'NONE', #7505, #5406 ) ;
#6096 = ORIENTED_EDGE ( 'NONE', *, *, #6219, .T. ) ;
#6097 = CARTESIAN_POINT ( 'NONE',  ( 4380.127268393832310, -231.2958575518137252, -38.05365518364467903 ) ) ;
#6098 = ADVANCED_FACE ( 'NONE', ( #1256 ), #550, .F. ) ;
#6099 = DIRECTION ( 'NONE',  ( 0.000000000000000000, 0.000000000000000000, -1.000000000000000000 ) ) ;
#6100 = ORIENTED_EDGE ( 'NONE', *, *, #1520, .F. ) ;
#6101 = CARTESIAN_POINT ( 'NONE',  ( 4367.268693071092457, -269.9628071115606076, 20.48064159310256471 ) ) ;
#6102 = CARTESIAN_POINT ( 'NONE',  ( 4381.741019707303167, -302.9155512315545593, -26.00391400045749535 ) ) ;
#6103 = CARTESIAN_POINT ( 'NONE',  ( 4388.902778942198893, -226.8813512716911021, -35.34178243132949859 ) ) ;
#6104 = CARTESIAN_POINT ( 'NONE',  ( 4384.524216752167376, -240.8214270620028685, 40.86264913469207727 ) ) ;
#6105 = DIRECTION ( 'NONE',  ( 0.000000000000000000, 0.000000000000000000, -1.000000000000000000 ) ) ;
#6106 = VERTEX_POINT ( 'NONE', #8154 ) ;
#6107 = CARTESIAN_POINT ( 'NONE',  ( 4376.042609972223545, -267.4671249733712557, -23.34403613697466184 ) ) ;
#6108 = CARTESIAN_POINT ( 'NONE',  ( 4375.730464857419975, -203.6819456878511119, 12.67932198943175059 ) ) ;
#6109 = CARTESIAN_POINT ( 'NONE',  ( 4391.106846090954605, -267.4904079617061825, 13.99264070203339472 ) ) ;
#6110 = CARTESIAN_POINT ( 'NONE',  ( 4384.660798033203719, -219.0199292251341774, -34.20494408095670735 ) ) ;
#6111 = CARTESIAN_POINT ( 'NONE',  ( 4393.594234504744236, -251.0451023283017378, -44.59620248443138735 ) ) ;
#6112 = CARTESIAN_POINT ( 'NONE',  ( 4371.488056491121824, -220.7289737063348980, 36.24777477152525762 ) ) ;
#6113 = CARTESIAN_POINT ( 'NONE',  ( 4386.700927369564852, -218.0932353091587004, 29.88459279271539515 ) ) ;
#6114 = CARTESIAN_POINT ( 'NONE',  ( 4374.441019707302985, -305.5155512315545252, 22.40391400045749393 ) ) ;
#6115 = PLANE ( 'NONE',  #7294 ) ;
#6116 = CARTESIAN_POINT ( 'NONE',  ( 4393.499185510360803, -229.4695918146592248, 39.27396788762120394 ) ) ;
#6117 = CARTESIAN_POINT ( 'NONE',  ( 4382.522414362792915, -230.7631353685368651, 40.69408671293466284 ) ) ;
#6118 = CARTESIAN_POINT ( 'NONE',  ( 4375.727457956417311, -220.9507031790924714, -32.73003375334744192 ) ) ;
#6119 = CARTESIAN_POINT ( 'NONE',  ( 4393.424710929019966, -249.2628936776426940, 44.43563423419575287 ) ) ;
#6120 = CARTESIAN_POINT ( 'NONE',  ( 4382.392241231967091, -208.2654608660126030, -23.65823627634883408 ) ) ;
#6121 = CARTESIAN_POINT ( 'NONE',  ( 4375.922680440290605, -229.1100460607361242, -40.48665739716263090 ) ) ;
#6122 = DIRECTION ( 'NONE',  ( 1.000000000000000000, 0.000000000000000000, -2.536234875824260354E-15 ) ) ;
#6123 = CARTESIAN_POINT ( 'NONE',  ( 4371.339186236124078, -224.0483005650269490, 35.02970573649329111 ) ) ;
#6124 = CARTESIAN_POINT ( 'NONE',  ( 4393.188621322217841, -206.4299132386354643, -20.01617230997342745 ) ) ;
#6125 = CARTESIAN_POINT ( 'NONE',  ( 4386.710464240952206, -203.8376149943197504, 12.91459120687469664 ) ) ;
#6126 = CARTESIAN_POINT ( 'NONE',  ( 4371.326214912799514, -210.5931557433139005, -22.74146504325494078 ) ) ;
#6127 = CARTESIAN_POINT ( 'NONE',  ( 4382.287407182308925, -203.4313329674169495, -9.142524230725243228 ) ) ;
#6128 = CARTESIAN_POINT ( 'NONE',  ( 4371.496236097239489, -222.3499382404656899, -37.26264421264347249 ) ) ;
#6129 = FACE_OUTER_BOUND ( 'NONE', #1846, .T. ) ;
#6130 = CARTESIAN_POINT ( 'NONE',  ( 4393.151226334251987, -252.3028720876607167, -42.02249508603846806 ) ) ;
#6131 = CIRCLE ( 'NONE', #4516, 1.500000000000001332 ) ;
#6132 = CARTESIAN_POINT ( 'NONE',  ( 4391.095762668211137, -225.5690443726653598, 34.49384159908193936 ) ) ;
#6133 = CARTESIAN_POINT ( 'NONE',  ( 4386.707463321867181, -225.5863787159418621, -34.82232986101215033 ) ) ;
#6134 = CARTESIAN_POINT ( 'NONE',  ( 4380.145505841792328, -252.5593744877423603, 43.28064746861687695 ) ) ;
#6135 = CARTESIAN_POINT ( 'NONE',  ( 4380.461000120176323, -260.9900331942249068, 34.73160093517291358 ) ) ;
#6136 = CARTESIAN_POINT ( 'NONE',  ( 4367.142478458724327, -269.8249187207197224, -14.58781433563234131 ) ) ;
#6137 = CIRCLE ( 'NONE', #8175, 1.500000000000001332 ) ;
#6138 = CARTESIAN_POINT ( 'NONE',  ( 4391.289266557245355, -226.7072006881734296, 38.21051170314949275 ) ) ;
#6139 = CARTESIAN_POINT ( 'NONE',  ( 4366.925237199987350, -206.4472139848496965, -12.72100578053594511 ) ) ;
#6140 = DIRECTION ( 'NONE',  ( 0.000000000000000000, -1.000000000000000000, 0.000000000000000000 ) ) ;
#6141 = CARTESIAN_POINT ( 'NONE',  ( 4386.711010934005571, -230.1032554567456430, -37.03047076882395316 ) ) ;
#6142 = CARTESIAN_POINT ( 'NONE',  ( 4389.427350238954205, -305.5155512315545252, -22.40391400045749037 ) ) ;
#6143 = ORIENTED_EDGE ( 'NONE', *, *, #7262, .T. ) ;
#6144 = DIRECTION ( 'NONE',  ( 1.000000000000000000, 0.000000000000000000, -2.536234875824260354E-15 ) ) ;
#6145 = DIRECTION ( 'NONE',  ( 0.000000000000000000, 0.000000000000000000, -1.000000000000000000 ) ) ;
#6146 = VECTOR ( 'NONE', #7423, 1000.000000000000000 ) ;
#6147 = CARTESIAN_POINT ( 'NONE',  ( 4388.904496550549993, -229.0037521552322346, -36.36360930221082555 ) ) ;
#6148 = CARTESIAN_POINT ( 'NONE',  ( 4382.288774243831540, -206.2649220024698593, 9.893414772675038549 ) ) ;
#6149 = CARTESIAN_POINT ( 'NONE',  ( 4393.474901659067655, -253.9419982024102467, 44.87558764254978882 ) ) ;
#6150 = EDGE_LOOP ( 'NONE', ( #3121, #870, #8960, #8718 ) ) ;
#6151 = CARTESIAN_POINT ( 'NONE',  ( 4391.102664986281525, -233.3068096853524196, -37.96583855626288084 ) ) ;
#6152 = CARTESIAN_POINT ( 'NONE',  ( 4375.712341564652888, -203.4677901648344687, 10.42755709966754019 ) ) ;
#6153 = CARTESIAN_POINT ( 'NONE',  ( 4367.086973753332131, -219.5072094963827283, -35.68755098686841620 ) ) ;
#6154 = CARTESIAN_POINT ( 'NONE',  ( 4367.228448876117000, -249.0760818035682860, -46.91961435115157286 ) ) ;
#6155 = CARTESIAN_POINT ( 'NONE',  ( 4371.496786494582011, -222.4809911422479729, 37.34928166169017061 ) ) ;
#6156 = CARTESIAN_POINT ( 'NONE',  ( 4386.701802739313280, -219.0270620427063193, 30.60943310296659803 ) ) ;
#6157 = EDGE_CURVE ( 'NONE', #8738, #2015, #6672, .T. ) ;
#6158 = PLANE ( 'NONE',  #6718 ) ;
#6159 = CARTESIAN_POINT ( 'NONE',  ( 4393.418007349872823, -215.0582027693564555, 30.54955313813765372 ) ) ;
#6160 = CARTESIAN_POINT ( 'NONE',  ( 4382.606857559456330, -250.5948498728123184, 45.66680275055752247 ) ) ;
#6161 = CARTESIAN_POINT ( 'NONE',  ( 4393.286721778700667, -222.2659179220560475, -32.39091592629539917 ) ) ;
#6162 = CARTESIAN_POINT ( 'NONE',  ( 4393.379447694624105, -237.4714558837971197, 42.12022512213331282 ) ) ;
#6163 = CARTESIAN_POINT ( 'NONE',  ( 4384.587729878253413, -208.2637252166321105, -23.52458424563707240 ) ) ;
#6164 = CARTESIAN_POINT ( 'NONE',  ( 4371.514598716280489, -226.2728882613382950, -39.44476255021510269 ) ) ;
#6165 = CARTESIAN_POINT ( 'NONE',  ( 4367.118873786033873, -220.7235481410736213, -33.11278650389004952 ) ) ;
#6166 = EDGE_CURVE ( 'NONE', #3939, #3096, #335, .T. ) ;
#6167 = CARTESIAN_POINT ( 'NONE',  ( 4371.339291077896632, -224.1798297192125062, 35.10831573176577791 ) ) ;
#6168 = CARTESIAN_POINT ( 'NONE',  ( 4393.388882132520848, -253.7069150171277272, -44.43381809931560156 ) ) ;
#6169 = CARTESIAN_POINT ( 'NONE',  ( 4386.904997427549461, -228.4202071205295397, 39.34781466078825929 ) ) ;
#6170 = CARTESIAN_POINT ( 'NONE',  ( 4386.692417302706417, -210.5854411675776703, -21.82912043098420085 ) ) ;
#6171 = CARTESIAN_POINT ( 'NONE',  ( 4376.741019707303167, -305.5155512315545252, 26.87652984091358377 ) ) ;
#6172 = CARTESIAN_POINT ( 'NONE',  ( 4380.286557255085427, -222.7506878365890088, -36.90106386865686972 ) ) ;
#6173 = CARTESIAN_POINT ( 'NONE',  ( 4367.406572945486005, -253.7388528681585171, -47.44355449000728697 ) ) ;
#6174 = CARTESIAN_POINT ( 'NONE',  ( 4393.147081675158915, -252.3343162031933105, -41.96423372900886761 ) ) ;
#6175 = CARTESIAN_POINT ( 'NONE',  ( 4391.093639476297540, -223.1200344679113527, 33.08894221282257320 ) ) ;
#6176 = CARTESIAN_POINT ( 'NONE',  ( 4391.095100121321593, -224.7992514085474625, -34.06248120461576434 ) ) ;
#6177 = CARTESIAN_POINT ( 'NONE',  ( 4375.705538439085103, -206.2854455951569719, 10.67238393648213979 ) ) ;
#6178 = CARTESIAN_POINT ( 'NONE',  ( 4382.637678871540629, -264.3436384786209032, 27.82141732889281727 ) ) ;
#6179 = CARTESIAN_POINT ( 'NONE',  ( 4367.406215127809446, -255.2761807794425408, 47.58393467476518879 ) ) ;
#6180 = CARTESIAN_POINT ( 'NONE',  ( 4389.003426848327763, -211.4306027455943138, 27.30456031909301373 ) ) ;
#6181 = CARTESIAN_POINT ( 'NONE',  ( 4384.486012091208067, -206.4566312811995488, -11.73926829108662417 ) ) ;
#6182 = CARTESIAN_POINT ( 'NONE',  ( 4393.415360136875279, -269.9309972448249937, -14.97015550128832828 ) ) ;
#6183 = ORIENTED_EDGE ( 'NONE', *, *, #1669, .F. ) ;
#6184 = CARTESIAN_POINT ( 'NONE',  ( 4393.431608007063005, -253.9451750711944555, -44.87251509709778219 ) ) ;
#6185 = ORIENTED_EDGE ( 'NONE', *, *, #8270, .F. ) ;
#6186 = CARTESIAN_POINT ( 'NONE',  ( 4393.305735805848599, -222.3730759507711525, -35.73964173671972588 ) ) ;
#6187 = VECTOR ( 'NONE', #1432, 1000.000000000000000 ) ;
#6188 = CARTESIAN_POINT ( 'NONE',  ( 4367.250021228892365, -256.0742036112721394, 47.66771249338701466 ) ) ;
#6189 = CARTESIAN_POINT ( 'NONE',  ( 4380.124935576805001, -228.5557060595976111, -36.82477971223465829 ) ) ;
#6190 = CARTESIAN_POINT ( 'NONE',  ( 4384.530483050128169, -251.6460225040368357, 42.75669118945997837 ) ) ;
#6191 = CARTESIAN_POINT ( 'NONE',  ( 4367.260640970373970, -219.2729955889531936, 35.52181146560760538 ) ) ;
#6192 = VERTEX_POINT ( 'NONE', #8199 ) ;
#6193 = CARTESIAN_POINT ( 'NONE',  ( 4380.438764796641408, -265.5506945818290205, -26.01912864310529017 ) ) ;
#6194 = B_SPLINE_CURVE_WITH_KNOTS ( 'NONE', 3,
 ( #972, #3763, #6555, #1116 ),
 .UNSPECIFIED., .F., .F.,
 ( 4, 4 ),
 ( 0.06869814360672329978, 1.000000000000000000 ),
 .UNSPECIFIED. ) ;
#6195 = CARTESIAN_POINT ( 'NONE',  ( 4375.888952929919469, -222.0856129798810912, 36.81620415518418099 ) ) ;
#6196 = CARTESIAN_POINT ( 'NONE',  ( 4367.093144770332401, -220.7205301964439741, -36.51208545771100944 ) ) ;
#6197 = CARTESIAN_POINT ( 'NONE',  ( 4380.415744117896793, -251.6805944624576057, -45.98829615819315109 ) ) ;
#6198 = CARTESIAN_POINT ( 'NONE',  ( 4371.339629204983794, -203.6791221417035729, 12.91896893723233575 ) ) ;
#6199 = CARTESIAN_POINT ( 'NONE',  ( 4386.691105586600315, -209.7042144831622181, 20.52265174166464945 ) ) ;
#6200 = CIRCLE ( 'NONE', #2264, 0.4000000000000010214 ) ;
#6201 = DIRECTION ( 'NONE',  ( 0.000000000000000000, 0.000000000000000000, 1.000000000000000000 ) ) ;
#6202 = CARTESIAN_POINT ( 'NONE',  ( 4393.449089987602747, -220.0705346387458690, 34.30928950360612362 ) ) ;
#6203 = CARTESIAN_POINT ( 'NONE',  ( 4382.597950507992209, -248.1350333979477512, 45.35103178458557238 ) ) ;
#6204 = CARTESIAN_POINT ( 'NONE',  ( 4384.510968404908454, -222.7870136177059521, -33.34716898107372884 ) ) ;
#6205 = CARTESIAN_POINT ( 'NONE',  ( 4393.311210254677462, -223.4327096827338721, 36.35342438619553462 ) ) ;
#6206 = CARTESIAN_POINT ( 'NONE',  ( 4382.363452136630258, -205.7256773543897452, -19.09628283926562275 ) ) ;
#6207 = EDGE_CURVE ( 'NONE', #5728, #1106, #8057, .T. ) ;
#6208 = CARTESIAN_POINT ( 'NONE',  ( 4371.522837932826405, -228.0009282773654036, -40.29288196381251907 ) ) ;
#6209 = CARTESIAN_POINT ( 'NONE',  ( 4367.121127607741073, -223.6249557349298414, -35.03791664171389897 ) ) ;
#6210 = CARTESIAN_POINT ( 'NONE',  ( 4393.314054650374601, -223.9691807433827648, 36.64939111918707226 ) ) ;
#6211 = B_SPLINE_CURVE_WITH_KNOTS ( 'NONE', 3,
 ( #6075, #8174, #393, #8126 ),
 .UNSPECIFIED., .F., .F.,
 ( 4, 4 ),
 ( 0.000000000000000000, 0.004082926572664530990 ),
 .UNSPECIFIED. ) ;
#6212 = CARTESIAN_POINT ( 'NONE',  ( 4366.941817212110436, -218.0894568722795270, 31.12284895589606037 ) ) ;
#6213 = CARTESIAN_POINT ( 'NONE',  ( 4393.299837162504446, -221.3247905330794367, -35.10888000950568966 ) ) ;
#6214 = ORIENTED_EDGE ( 'NONE', *, *, #7478, .T. ) ;
#6215 = CARTESIAN_POINT ( 'NONE',  ( 4386.989606130766333, -247.8684249992060700, 44.88568609216962102 ) ) ;
#6216 = CARTESIAN_POINT ( 'NONE',  ( 4380.114759070173022, -216.8905579147471769, -29.28382929691631276 ) ) ;
#6217 = CARTESIAN_POINT ( 'NONE',  ( 4393.595341210917468, -265.3868198555484810, -23.36361180230652934 ) ) ;
#6218 = PLANE ( 'NONE',  #587 ) ;
#6219 = EDGE_CURVE ( 'NONE', #3471, #2081, #7365, .T. ) ;
#6220 = CARTESIAN_POINT ( 'NONE',  ( 4382.479741010550242, -221.9585742586764070, -36.27529380137006143 ) ) ;
#6221 = CARTESIAN_POINT ( 'NONE',  ( 4367.145509502513050, -204.4604747746561486, -16.61466545914363024 ) ) ;
#6222 = CARTESIAN_POINT ( 'NONE',  ( 4367.093705806565595, -203.4313293483461393, 12.12391400045757095 ) ) ;
#6223 = CARTESIAN_POINT ( 'NONE',  ( 4388.874249306738420, -206.3232245321047174, 10.28956075018573024 ) ) ;
#6224 = CARTESIAN_POINT ( 'NONE',  ( 4375.714939540708656, -208.9296089295942807, 19.79494206341078666 ) ) ;
#6225 = CARTESIAN_POINT ( 'NONE',  ( 4375.761029125488676, -254.3886839986138568, -43.86979612009598384 ) ) ;
#6226 = CARTESIAN_POINT ( 'NONE',  ( 4376.066866455074887, -263.4062257740188215, 31.17154103767877160 ) ) ;
#6227 = CARTESIAN_POINT ( 'NONE',  ( 4398.227350238953477, -305.5155512315545252, 18.60391400045748966 ) ) ;
#6228 = B_SPLINE_CURVE_WITH_KNOTS ( 'NONE', 3,
 ( #7411, #3896, #1896, #3263, #2575, #6688, #8980, #4044, #3214, #7558 ),
 .UNSPECIFIED., .F., .F.,
 ( 4, 2, 2, 2, 4 ),
 ( -0.03745849663379266503, 0.5044842375842426563, 0.6399699211387523956, 0.7754556046932619129, 1.046426971802282946 ),
 .UNSPECIFIED. ) ;
#6229 = CARTESIAN_POINT ( 'NONE',  ( 4389.053279460856174, -219.2010368399353126, 34.03701880618412901 ) ) ;
#6230 = CARTESIAN_POINT ( 'NONE',  ( 4366.928245195793352, -207.1477573136778290, -15.83342583454944830 ) ) ;
#6231 = CARTESIAN_POINT ( 'NONE',  ( 4393.471122324873249, -255.9242458838910181, -41.13130931035114912 ) ) ;
#6232 = ORIENTED_EDGE ( 'NONE', *, *, #8334, .T. ) ;
#6233 = CARTESIAN_POINT ( 'NONE',  ( 4387.927350238953295, -305.5155512315545252, -24.00391400045749535 ) ) ;
#6234 = ORIENTED_EDGE ( 'NONE', *, *, #745, .T. ) ;
#6235 = CARTESIAN_POINT ( 'NONE',  ( 4393.427350238953295, -265.0147143193910324, -24.10391400045715571 ) ) ;
#6236 = CARTESIAN_POINT ( 'NONE',  ( 4393.285485181913828, -220.9528679470971895, 31.53773712073607172 ) ) ;
#6237 = CARTESIAN_POINT ( 'NONE',  ( 4382.320273089706461, -228.5342499981227604, -36.65187656164192731 ) ) ;
#6238 = CARTESIAN_POINT ( 'NONE',  ( 4382.312256583542876, -219.0274574949423254, 30.90147260122121153 ) ) ;
#6239 = CARTESIAN_POINT ( 'NONE',  ( 4367.127332702825697, -203.8253406130855296, 14.01341987450332205 ) ) ;
#6240 = VERTEX_POINT ( 'NONE', #2888 ) ;
#6241 = CARTESIAN_POINT ( 'NONE',  ( 4382.645663391029302, -262.8278402798384832, -30.69880705293085299 ) ) ;
#6242 = CARTESIAN_POINT ( 'NONE',  ( 4375.805004405796353, -208.2683412265082836, 24.05746864098241744 ) ) ;
#6243 = LINE ( 'NONE', #8161, #6703 ) ;
#6244 = CARTESIAN_POINT ( 'NONE',  ( 4380.275410412301426, -220.5689103660202477, -35.54937784673484202 ) ) ;
#6245 = CARTESIAN_POINT ( 'NONE',  ( 4384.806941861800624, -252.2851356410280630, -45.60792517183124062 ) ) ;
#6246 = B_SPLINE_CURVE_WITH_KNOTS ( 'NONE', 3,
 ( #7923, #4546, #8935, #6149 ),
 .UNSPECIFIED., .F., .F.,
 ( 4, 4 ),
 ( 0.000000000000000000, 1.000000000000000000 ),
 .UNSPECIFIED. ) ;
#6247 = CARTESIAN_POINT ( 'NONE',  ( 4371.369898964662752, -204.7533701780745616, 17.26306691257176240 ) ) ;
#6248 = CARTESIAN_POINT ( 'NONE',  ( 4386.703423551689411, -220.7878177255595062, 31.88636812525903608 ) ) ;
#6249 = CARTESIAN_POINT ( 'NONE',  ( 4375.762508822974269, -203.4313293487091983, 9.091438034386351674 ) ) ;
#6250 = CARTESIAN_POINT ( 'NONE',  ( 4393.458409954128911, -221.6695278439509877, 35.31559779139750077 ) ) ;
#6251 = B_SPLINE_SURFACE_WITH_KNOTS ( 'NONE', 3, 3, ( 
 ( #8052, #6775, #2564, #6092, #4580, #512, #7359, #1099, #2614, #5405, #4489, #6002, #7264, #1003, #6680, #6588, #5908, #8690, #2436 ),
 ( #8783, #5219, #8005, #1745, #1050, #3845, #413, #3395, #2029, #2754, #691, #8367, #1427, #6431, #6347, #5664, #2997, #8530, #3683 ),
 ( #75, #1498, #1675, #5145, #6516, #525, #5374, #4509, #3039, #2580, #3770, #7286, #8206, #7516, #1213, #6107, #6563, #3364, #2674 ),
 ( #2767, #615, #8424, #7744, #3407, #4138, #8341, #2091, #7698, #6372, #5691, #6289, #6193, #5512, #4092, #103, #7609, #659, #5605 ),
 ( #749, #1998, #4777, #7563, #1304, #2723, #8297, #2043, #6241, #1395, #4182, #8382, #6970, #705, #17, #1441, #6543, #5078, #8469 ),
 ( #8601, #7873, #960, #2220, #5038, #7790, #3022, #7266, #4996, #1527, #1703, #5779, #2347, #5125, #1568, #3804, #6458, #4315, #5863 ),
 ( #147, #2262, #834, #7915, #3112, #1656, #4443, #6413, #1614, #4492, #7220, #3752, #7177, #273, #3709, #3065, #4357, #2939, #8646 ),
 ( #2391, #190, #7136, #5737, #5174, #8514, #879, #3666, #2979, #8194, #5956, #1052, #2438, #8148, #6731, #1102, #5221, #1151, #4538 ),
 ( #3989, #3303, #6683, #3256, #8007, #560, #6778, #6635, #8692, #8735, #515, #8830, #3937, #1890, #2567, #416, #1938, #6050, #8876 ),
 ( #5363, #1749, #5316, #4726, #1844, #4677, #7504, #4629, #7455, #1201, #1251, #4036, #6824, #5910, #6217, #4201, #5535, #1371, #4161 ) ),
 .UNSPECIFIED., .F., .F., .F.,
 ( 4, 3, 3, 4 ),
 ( 4, 3, 3, 3, 3, 3, 4 ),
 ( 2181.802812751043803, 2314.321613881393660, 2380.581014446568588, 2446.840415011743517 ),
 ( -16.36367261288238950, 31.38967601008765129, 79.14302463305769209, 126.8963732560277435, 150.7730475675127764, 174.6497218789977808, 365.6631163708779582 ),
 .UNSPECIFIED. ) ;
#6252 = CARTESIAN_POINT ( 'NONE',  ( 4382.488518299038333, -223.7140690020284524, 37.30785832036360006 ) ) ;
#6253 = CARTESIAN_POINT ( 'NONE',  ( 4386.705204646839775, -222.7879909410372932, -33.19193881467369778 ) ) ;
#6254 = CARTESIAN_POINT ( 'NONE',  ( 4393.296697053452590, -220.7736727227781728, 34.77355994212516777 ) ) ;
#6255 = CARTESIAN_POINT ( 'NONE',  ( 4380.236748254530539, -213.7973805989352627, -30.26572664380736910 ) ) ;
#6256 = CARTESIAN_POINT ( 'NONE',  ( 4384.719433011293404, -230.7298690389422688, -40.49942710657860800 ) ) ;
#6257 = CARTESIAN_POINT ( 'NONE',  ( 4367.130251798706013, -236.6133249477379081, -41.10810110259044592 ) ) ;
#6258 = CARTESIAN_POINT ( 'NONE',  ( 4393.379447694623195, -237.4714558838048504, 42.12022512213535919 ) ) ;
#6259 = CARTESIAN_POINT ( 'NONE',  ( 4366.926774811490759, -206.7558978314573039, 14.29450119695297161 ) ) ;
#6260 = EDGE_CURVE ( 'NONE', #2938, #3894, #4816, .T. ) ;
#6261 = CARTESIAN_POINT ( 'NONE',  ( 4393.300764325147611, -221.5040651697557053, -35.21880953754842380 ) ) ;
#6262 = ORIENTED_EDGE ( 'NONE', *, *, #2479, .F. ) ;
#6263 = CARTESIAN_POINT ( 'NONE',  ( 4386.924065762965256, -232.4222081085991363, 40.98714571146344099 ) ) ;
#6264 = CARTESIAN_POINT ( 'NONE',  ( 4386.698564854767028, -215.7122726954112011, -27.81200303945956520 ) ) ;
#6265 = CARTESIAN_POINT ( 'NONE',  ( 4386.703405989793282, -203.6870284910876592, -12.02289338512323447 ) ) ;
#6266 = CARTESIAN_POINT ( 'NONE',  ( 4367.098990119076916, -221.9319743997219518, -37.28923659810911317 ) ) ;
#6267 = CARTESIAN_POINT ( 'NONE',  ( 4367.107016423243294, -203.4761569819899023, -11.31939267918112968 ) ) ;
#6268 = CARTESIAN_POINT ( 'NONE',  ( 4381.741019707303167, -289.7815121590419380, 26.00391400045749535 ) ) ;
#6269 = CARTESIAN_POINT ( 'NONE',  ( 4388.884243964258530, -208.9221606223408969, 18.99923220418752123 ) ) ;
#6270 = CARTESIAN_POINT ( 'NONE',  ( 4375.720582237392591, -213.5158070435639104, 26.24270322120312926 ) ) ;
#6271 = EDGE_CURVE ( 'NONE', #2015, #2569, #1995, .T. ) ;
#6272 = CARTESIAN_POINT ( 'NONE',  ( 4389.239407057896642, -258.2456489717038721, 37.79620502036569718 ) ) ;
#6273 = CARTESIAN_POINT ( 'NONE',  ( 4367.321500325926536, -232.7028827411777172, 42.62413898577538163 ) ) ;
#6274 = CARTESIAN_POINT ( 'NONE',  ( 4389.044159629977912, -217.6658207253201454, 32.93782495853015035 ) ) ;
#6275 = CARTESIAN_POINT ( 'NONE',  ( 4386.683908339282425, -206.9404414686993618, -13.94132988817546526 ) ) ;
#6276 = CARTESIAN_POINT ( 'NONE',  ( 4393.145009349163047, -252.3500385634785346, 41.94293029925270133 ) ) ;
#6277 = ORIENTED_EDGE ( 'NONE', *, *, #7943, .T. ) ;
#6278 = CIRCLE ( 'NONE', #8169, 5.999999999999998224 ) ;
#6279 = ORIENTED_EDGE ( 'NONE', *, *, #3905, .T. ) ;
#6280 = CARTESIAN_POINT ( 'NONE',  ( 4393.314054686910822, -223.9691884907300903, -36.64156732887808943 ) ) ;
#6281 = CARTESIAN_POINT ( 'NONE',  ( 4393.287705430770984, -223.4175814251581187, 33.10663291805638409 ) ) ;
#6282 = CARTESIAN_POINT ( 'NONE',  ( 4388.899827481674947, -223.2768492847464756, -33.33665618372030082 ) ) ;
#6283 = CARTESIAN_POINT ( 'NONE',  ( 4382.322897408354038, -231.8172893872654186, 38.10765246769702941 ) ) ;
#6284 = EDGE_CURVE ( 'NONE', #6945, #1340, #5770, .T. ) ;
#6285 = VECTOR ( 'NONE', #7401, 1000.000000000000000 ) ;
#6286 = CARTESIAN_POINT ( 'NONE',  ( 4393.145015201223941, -252.2487441054096564, -41.92613364453754343 ) ) ;
#6287 = CARTESIAN_POINT ( 'NONE',  ( 4367.176842427624251, -206.4294375774053378, 21.54278414647374262 ) ) ;
#6288 = ORIENTED_EDGE ( 'NONE', *, *, #1231, .F. ) ;
#6289 = CARTESIAN_POINT ( 'NONE',  ( 4380.441551741460898, -265.0447720454239970, -26.98588606175158944 ) ) ;
#6290 = CARTESIAN_POINT ( 'NONE',  ( 4388.908463018133261, -233.9053157022747769, -38.36573841325055412 ) ) ;
#6291 = CARTESIAN_POINT ( 'NONE',  ( 4371.487122197392637, -220.5518064920456425, -36.12296860538375398 ) ) ;
#6292 = CIRCLE ( 'NONE', #4823, 1.500000000000001332 ) ;
#6293 = CARTESIAN_POINT ( 'NONE',  ( 4371.637884861588645, -252.9510530486431890, -46.96981044848880771 ) ) ;
#6294 = CARTESIAN_POINT ( 'NONE',  ( 4366.977688174771174, -204.7501086141778046, 17.49266101042422861 ) ) ;
#6295 = CARTESIAN_POINT ( 'NONE',  ( 4386.712280222053778, -231.7432738493614295, 37.72827424065436475 ) ) ;
#6296 = CARTESIAN_POINT ( 'NONE',  ( 4367.455335717358139, -264.1911130966838073, 31.72799898209826353 ) ) ;
#6297 = VECTOR ( 'NONE', #2223, 1000.000000000000000 ) ;
#6298 = CARTESIAN_POINT ( 'NONE',  ( 4393.473668365066260, -224.5092159644603669, 36.92639697550666256 ) ) ;
#6299 = CARTESIAN_POINT ( 'NONE',  ( 4382.527881617817911, -231.9231691365777976, 41.15416770844669259 ) ) ;
#6300 = CARTESIAN_POINT ( 'NONE',  ( 4388.899440888771096, -222.7889682643686342, -33.03670864827367382 ) ) ;
#6301 = CARTESIAN_POINT ( 'NONE',  ( 4393.145010384610032, -252.3321070285656731, 41.94134263497898729 ) ) ;
#6302 = ORIENTED_EDGE ( 'NONE', *, *, #5304, .F. ) ;
#6303 = CARTESIAN_POINT ( 'NONE',  ( 4371.443538035454367, -212.5849601439891785, -29.60430825837677560 ) ) ;
#6304 = CARTESIAN_POINT ( 'NONE',  ( 4382.525147986705633, -231.3431522526325921, -40.91629921008932769 ) ) ;
#6305 = CARTESIAN_POINT ( 'NONE',  ( 4393.295570682226753, -253.1868568540444642, 43.48449544487068863 ) ) ;
#6306 = CARTESIAN_POINT ( 'NONE',  ( 4371.365556970939906, -248.5993358440836118, 43.63392927630813745 ) ) ;
#6307 = CARTESIAN_POINT ( 'NONE',  ( 4393.328109318862516, -226.6930459216089560, -38.03473702763547948 ) ) ;
#6308 = CARTESIAN_POINT ( 'NONE',  ( 4387.002128338429429, -251.5158248892292931, 45.32237397371685717 ) ) ;
#6309 = CARTESIAN_POINT ( 'NONE',  ( 4371.331661777836416, -215.7155799082176486, -28.76318257203433504 ) ) ;
#6310 = CARTESIAN_POINT ( 'NONE',  ( 4384.508641197601719, -203.6862531829028740, -12.15800877713099482 ) ) ;
#6311 = CARTESIAN_POINT ( 'NONE',  ( 4380.287833814425539, -223.0253295814131889, -37.06167793721293435 ) ) ;
#6312 = CARTESIAN_POINT ( 'NONE',  ( 4367.257263342462466, -218.5823899608499801, -35.01784527673075331 ) ) ;
#6313 = DIRECTION ( 'NONE',  ( 0.000000000000000000, 1.000000000000000000, 0.000000000000000000 ) ) ;
#6314 = CARTESIAN_POINT ( 'NONE',  ( 4388.892225514122401, -215.1461663218135243, 27.12865084948150241 ) ) ;
#6315 = CARTESIAN_POINT ( 'NONE',  ( 4375.729213527923093, -222.9546939828362326, 34.06525654902691258 ) ) ;
#6316 = CARTESIAN_POINT ( 'NONE',  ( 4391.434745604777163, -258.0706347790278414, 37.59177299700191099 ) ) ;
#6317 = CARTESIAN_POINT ( 'NONE',  ( 4367.318834615647575, -232.1028707582324273, 42.38824145743806326 ) ) ;
#6318 = CARTESIAN_POINT ( 'NONE',  ( 4389.024019728386520, -214.4218511293135805, 30.29108746645314199 ) ) ;
#6319 = CARTESIAN_POINT ( 'NONE',  ( 4393.269494060201396, -207.5332893331915614, -15.42057695135791562 ) ) ;
#6320 = CARTESIAN_POINT ( 'NONE',  ( 4393.123630215428420, -221.4416900653156404, 31.87736211286005528 ) ) ;
#6321 = VERTEX_POINT ( 'NONE', #4307 ) ;
#6322 = CARTESIAN_POINT ( 'NONE',  ( 4393.372783629056357, -277.9155512315545593, 0.003914000457474380371 ) ) ;
#6323 = EDGE_CURVE ( 'NONE', #989, #7319, #6451, .T. ) ;
#6324 = ORIENTED_EDGE ( 'NONE', *, *, #5653, .T. ) ;
#6325 = CARTESIAN_POINT ( 'NONE',  ( 4393.297824508479607, -220.9594431503014675, -34.88227385013968984 ) ) ;
#6326 = CARTESIAN_POINT ( 'NONE',  ( 4393.287827145874871, -223.5432629008091681, 33.18134187134642588 ) ) ;
#6327 = CARTESIAN_POINT ( 'NONE',  ( 4384.511100009454822, -222.9589970359023141, -33.45438517852165461 ) ) ;
#6328 = CARTESIAN_POINT ( 'NONE',  ( 4382.316860291964986, -224.2961590899799944, 34.42126370381403433 ) ) ;
#6329 = CARTESIAN_POINT ( 'NONE',  ( 4393.126112270222620, -224.1512628999826120, -33.54103875531946244 ) ) ;
#6330 = CARTESIAN_POINT ( 'NONE',  ( 4367.367142856337523, -243.1815826766231794, 45.85681470634304446 ) ) ;
#6331 = EDGE_LOOP ( 'NONE', ( #7343, #2446, #3783, #8811 ) ) ;
#6332 = CARTESIAN_POINT ( 'NONE',  ( 4380.131071210162190, -272.3314357285505594, -7.047418484960880747 ) ) ;
#6333 = CARTESIAN_POINT ( 'NONE',  ( 4386.720703710108864, -243.0273822227223377, -41.21126175797346747 ) ) ;
#6334 = CARTESIAN_POINT ( 'NONE',  ( 4391.252618267535581, -219.8943069113103945, -34.34389570438726480 ) ) ;
#6335 = CARTESIAN_POINT ( 'NONE',  ( 4380.418491393287695, -252.4568153517979852, -46.06182608325460137 ) ) ;
#6336 = CARTESIAN_POINT ( 'NONE',  ( 4371.618000988055428, -248.1728037454053037, 46.38971550395600474 ) ) ;
#6337 = CARTESIAN_POINT ( 'NONE',  ( 4384.490994590281844, -207.4098561459823316, 15.60528669847519723 ) ) ;
#6338 = CARTESIAN_POINT ( 'NONE',  ( 4367.093704729264573, -203.4313293483530742, 9.533943380833617809 ) ) ;
#6339 = CARTESIAN_POINT ( 'NONE',  ( 4380.157445890485178, -205.0408420918049615, 17.60456318047226887 ) ) ;
#6340 = CARTESIAN_POINT ( 'NONE',  ( 4384.510826872824509, -222.6130406576081953, -33.23747447915739883 ) ) ;
#6341 = CARTESIAN_POINT ( 'NONE',  ( 4393.112448760379266, -211.4555569006579390, 22.74073693666644402 ) ) ;
#6342 = CARTESIAN_POINT ( 'NONE',  ( 4371.439886655852206, -211.9996174656977246, -28.99180560835496223 ) ) ;
#6343 = CARTESIAN_POINT ( 'NONE',  ( 4375.942520609050007, -233.2249702619721177, -42.15821447241918918 ) ) ;
#6344 = CARTESIAN_POINT ( 'NONE',  ( 4393.168126847235726, -252.4481738517618794, 42.17670440727697923 ) ) ;
#6345 = CARTESIAN_POINT ( 'NONE',  ( 4366.930899712816426, -208.2770826480578990, 18.82688524978181732 ) ) ;
#6346 = CARTESIAN_POINT ( 'NONE',  ( 4393.420755447856209, -248.0749686072441023, -44.27613635599347930 ) ) ;
#6347 = CARTESIAN_POINT ( 'NONE',  ( 4371.656695465555458, -267.3606878445412462, -24.55276246828260867 ) ) ;
#6348 = VECTOR ( 'NONE', #2525, 1000.000000000000000 ) ;
#6349 = CARTESIAN_POINT ( 'NONE',  ( 4386.918628442611407, -231.2709877675256678, 40.54337322475896599 ) ) ;
#6350 = CARTESIAN_POINT ( 'NONE',  ( 4382.310227827883864, -216.8903481677467369, -29.14568213993003098 ) ) ;
#6351 = CARTESIAN_POINT ( 'NONE',  ( 4375.716101332905055, -203.4926190820535510, -10.87168036970392038 ) ) ;
#6352 = CARTESIAN_POINT ( 'NONE',  ( 4367.106205588131161, -223.4544477391040118, -38.20368930206430491 ) ) ;
#6353 = CARTESIAN_POINT ( 'NONE',  ( 4367.093704283019179, -203.4313293481951064, -9.526126590334587974 ) ) ;
#6354 = DIRECTION ( 'NONE',  ( -0.000000000000000000, 1.000000000000000000, -0.000000000000000000 ) ) ;
#6355 = CARTESIAN_POINT ( 'NONE',  ( 4388.897645481861218, -220.7879734560359282, 31.73537219519858965 ) ) ;
#6356 = CARTESIAN_POINT ( 'NONE',  ( 4375.722195755631219, -215.1535345539302000, 27.95538876755126623 ) ) ;
#6357 = CARTESIAN_POINT ( 'NONE',  ( 4387.021569734994046, -264.4602552235819530, 26.58875620069416712 ) ) ;
#6358 = CARTESIAN_POINT ( 'NONE',  ( 4367.270804321503419, -221.3766217494444106, 36.93458039593112829 ) ) ;
#6359 = CARTESIAN_POINT ( 'NONE',  ( 4391.400942676429622, -254.1057871505783510, 45.10452114103080845 ) ) ;
#6360 = CARTESIAN_POINT ( 'NONE',  ( 4371.320478993181496, -207.4060543969936248, -16.36035074243045884 ) ) ;
#6361 = CARTESIAN_POINT ( 'NONE',  ( 4389.427350238954205, -305.5155512315545252, -26.00391400045749535 ) ) ;
#6362 = CARTESIAN_POINT ( 'NONE',  ( 4389.427350238954205, -305.5155512315545252, 18.60391400045748966 ) ) ;
#6363 = CARTESIAN_POINT ( 'NONE',  ( 4367.150432318134335, -254.2873826755211439, -44.69209131257801459 ) ) ;
#6364 = CARTESIAN_POINT ( 'NONE',  ( 4393.269392242347749, -216.3452342010792222, -31.62854205788575968 ) ) ;
#6365 = CARTESIAN_POINT ( 'NONE',  ( 4393.279388313951131, -214.5751585612455017, 26.29028254738219061 ) ) ;
#6366 = CARTESIAN_POINT ( 'NONE',  ( 4388.900069162523323, -223.5430961398019463, -33.49708107390060974 ) ) ;
#6367 = CARTESIAN_POINT ( 'NONE',  ( 4382.316135005875367, -223.4147984585583515, 33.89716559472471857 ) ) ;
#6368 = CARTESIAN_POINT ( 'NONE',  ( 4393.144871963027072, -251.6867930289848232, -41.87570272386201253 ) ) ;
#6369 = CARTESIAN_POINT ( 'NONE',  ( 4367.185703919133630, -207.2863069561588816, 23.06585742161565378 ) ) ;
#6370 = CARTESIAN_POINT ( 'NONE',  ( 4367.377492535014426, -245.7161560146039392, -46.37797435403278712 ) ) ;
#6371 = ORIENTED_EDGE ( 'NONE', *, *, #8421, .F. ) ;
#6372 = CARTESIAN_POINT ( 'NONE',  ( 4380.447166042653407, -264.0329355695158711, -28.91949973692612730 ) ) ;
#6373 = CARTESIAN_POINT ( 'NONE',  ( 4366.974331871850154, -265.8621092582990855, -22.37766954111912554 ) ) ;
#6374 = CARTESIAN_POINT ( 'NONE',  ( 4391.113737763475001, -245.1179812186492768, -41.21256898557241755 ) ) ;
#6375 = CARTESIAN_POINT ( 'NONE',  ( 4384.805977610985792, -251.9795896207339183, -45.58013307143958315 ) ) ;
#6376 = CARTESIAN_POINT ( 'NONE',  ( 4371.534010541867247, -230.3362977042593513, 41.35284063453404002 ) ) ;
#6377 = CARTESIAN_POINT ( 'NONE',  ( 4386.726815121999607, -253.5369082827251361, 42.70553673029746022 ) ) ;
#6378 = DIRECTION ( 'NONE',  ( 0.000000000000000000, 0.000000000000000000, 1.000000000000000000 ) ) ;
#6379 = EDGE_CURVE ( 'NONE', #8722, #6106, #7999, .T. ) ;
#6380 = CARTESIAN_POINT ( 'NONE',  ( 4380.139606661066864, -204.2295688420789475, 15.05833279792237178 ) ) ;
#6381 = CARTESIAN_POINT ( 'NONE',  ( 4375.764890537255269, -256.3851718161149051, 38.59213198096123421 ) ) ;
#6382 = CARTESIAN_POINT ( 'NONE',  ( 4393.125712368389031, -223.6687298405352067, 33.26801277223698605 ) ) ;
#6383 = CARTESIAN_POINT ( 'NONE',  ( 4391.202263848117582, -211.9997703027294733, -27.78689584112599675 ) ) ;
#6384 = CARTESIAN_POINT ( 'NONE',  ( 4386.915908616520028, -230.6965706437987933, -40.30958165177801789 ) ) ;
#6385 = CARTESIAN_POINT ( 'NONE',  ( 4393.172638957051277, -252.4999662678820016, 42.22525771116900728 ) ) ;
#6386 = CARTESIAN_POINT ( 'NONE',  ( 4371.371041057564980, -253.2073711590425660, 44.20219188852227887 ) ) ;
#6387 = CARTESIAN_POINT ( 'NONE',  ( 4393.121273177652256, -219.0245383731664788, -30.16234458195987855 ) ) ;
#6388 = CARTESIAN_POINT ( 'NONE',  ( 4384.705925418894367, -227.8791758845494257, 39.26872185992376529 ) ) ;
#6389 = CARTESIAN_POINT ( 'NONE',  ( 4391.090156297106660, -219.3389773472873401, -30.53934722702331683 ) ) ;
#6390 = SURFACE_SIDE_STYLE ('',( #2237 ) ) ;
#6391 = CARTESIAN_POINT ( 'NONE',  ( 4371.325583721431940, -203.4908863458189785, -11.10793022298464905 ) ) ;
#6392 = CARTESIAN_POINT ( 'NONE',  ( 4367.202228436881342, -209.2023528047432421, -25.93112877832757945 ) ) ;
#6393 = CARTESIAN_POINT ( 'NONE',  ( 4393.465059440613913, -222.8909037316324770, -36.02731799768081800 ) ) ;
#6394 = CARTESIAN_POINT ( 'NONE',  ( 4367.297895096330649, -227.3832668683169231, -40.29186967734611358 ) ) ;
#6395 = CARTESIAN_POINT ( 'NONE',  ( 4367.436266875392903, -301.9155512315545593, 25.10391400045742571 ) ) ;
#6396 = CARTESIAN_POINT ( 'NONE',  ( 4388.897788138217948, -220.9531187267675136, 31.84875975228441192 ) ) ;
#6397 = CARTESIAN_POINT ( 'NONE',  ( 4375.727597506212078, -221.1144438603114111, 32.85113719969138657 ) ) ;
#6398 = CARTESIAN_POINT ( 'NONE',  ( 4380.408015068115674, -271.1157365080096042, 15.39243187684640546 ) ) ;
#6399 = CARTESIAN_POINT ( 'NONE',  ( 4387.927350238953295, -302.9155512315545593, -24.00391400045749535 ) ) ;
#6400 = CARTESIAN_POINT ( 'NONE',  ( 4389.098618546182479, -227.8388391123508541, 38.91020423416989615 ) ) ;
#6401 = CARTESIAN_POINT ( 'NONE',  ( 4384.487082127478971, -206.5901789191092348, -12.52346951524869390 ) ) ;
#6402 = CARTESIAN_POINT ( 'NONE',  ( 4377.141019707303712, -305.5155512315545252, -24.00391400045749535 ) ) ;
#6403 = ORIENTED_EDGE ( 'NONE', *, *, #1120, .T. ) ;
#6404 = DIRECTION ( 'NONE',  ( 0.000000000000000000, 0.000000000000000000, 1.000000000000000000 ) ) ;
#6405 = ORIENTED_EDGE ( 'NONE', *, *, #168, .F. ) ;
#6406 = CARTESIAN_POINT ( 'NONE',  ( 0.000000000000000000, -302.9155512315545593, 0.000000000000000000 ) ) ;
#6407 = CARTESIAN_POINT ( 'NONE',  ( 4393.288346893554262, -224.1513160529228514, 33.53672941875966274 ) ) ;
#6408 = CARTESIAN_POINT ( 'NONE',  ( 4384.511225879698941, -223.1170212821381824, -33.55196504099944832 ) ) ;
#6409 = CARTESIAN_POINT ( 'NONE',  ( 4382.336912298941570, -250.3138769399627108, 42.82802188879462335 ) ) ;
#6410 = CARTESIAN_POINT ( 'NONE',  ( 4393.145021048052513, -252.1474496936592118, -41.91716499339813140 ) ) ;
#6411 = CARTESIAN_POINT ( 'NONE',  ( 4367.103245924840849, -207.6521253093764301, 17.32947731675032443 ) ) ;
#6412 = VERTEX_POINT ( 'NONE', #7130 ) ;
#6413 = CARTESIAN_POINT ( 'NONE',  ( 4387.036028049746164, -261.4402813016801588, -32.28584223337329462 ) ) ;
#6414 = DIRECTION ( 'NONE',  ( 0.000000000000000000, -1.000000000000000000, 0.000000000000000000 ) ) ;
#6415 = CARTESIAN_POINT ( 'NONE',  ( 4367.121404808306579, -224.0002228731753462, -35.26605820772907407 ) ) ;
#6416 = CARTESIAN_POINT ( 'NONE',  ( 4391.399562532666096, -251.5752128224907267, -44.87266535220429375 ) ) ;
#6417 = CARTESIAN_POINT ( 'NONE',  ( 4371.634045308109307, -251.9921622830977412, 46.88349726467210843 ) ) ;
#6418 = STYLED_ITEM ( 'NONE', ( #1588 ), #4590 ) ;
#6419 = CARTESIAN_POINT ( 'NONE',  ( 4384.489125091421556, -206.9402034113942648, 14.08479498496161675 ) ) ;
#6420 = CARTESIAN_POINT ( 'NONE',  ( 4367.141038519325775, -256.1310924598289489, 44.85994252028803686 ) ) ;
#6421 = STYLED_ITEM ( 'NONE', ( #8534 ), #4573 ) ;
#6422 = CARTESIAN_POINT ( 'NONE',  ( 4380.248140337844234, -215.6848532837802281, 31.95176424173848417 ) ) ;
#6423 = CARTESIAN_POINT ( 'NONE',  ( 4393.123023028866555, -220.7873223021484250, 31.43644161092207767 ) ) ;
#6424 = CARTESIAN_POINT ( 'NONE',  ( 4391.231287161926048, -216.3442590089917132, -31.76686910894566651 ) ) ;
#6425 = CARTESIAN_POINT ( 'NONE',  ( 4393.507646078427570, -231.1629288478155786, -39.95100905117916312 ) ) ;
#6426 = ADVANCED_FACE ( 'NONE', ( #6582 ), #3617, .F. ) ;
#6427 = CARTESIAN_POINT ( 'NONE',  ( 4393.318263872985881, -253.3133010082692067, 43.71715535681603626 ) ) ;
#6428 = VECTOR ( 'NONE', #2495, 1000.000000000000000 ) ;
#6429 = CARTESIAN_POINT ( 'NONE',  ( 4366.947820237454835, -224.7244592522987148, 35.71575221769784036 ) ) ;
#6430 = CARTESIAN_POINT ( 'NONE',  ( 4393.431626848552696, -251.5036349881836770, -44.65592379776276033 ) ) ;
#6431 = CARTESIAN_POINT ( 'NONE',  ( 4371.659790872943631, -266.8517086316581413, -25.54050089102933896 ) ) ;
#6432 = CARTESIAN_POINT ( 'NONE',  ( 4384.673460534892001, -221.3040863925787392, 35.72452302259051038 ) ) ;
#6433 = CARTESIAN_POINT ( 'NONE',  ( 4366.942923507203886, -219.3342933765696330, -32.09757692547685792 ) ) ;
#6434 = CARTESIAN_POINT ( 'NONE',  ( 4386.728260078944913, -252.6516846524493474, 42.96265026896585226 ) ) ;
#6435 = CARTESIAN_POINT ( 'NONE',  ( 4391.099753784538734, -203.8385400881142573, -12.63180342016349833 ) ) ;
#6436 = CARTESIAN_POINT ( 'NONE',  ( 4367.241908363281254, -215.6191038636622181, -32.68454914722047988 ) ) ;
#6437 = CARTESIAN_POINT ( 'NONE',  ( 4391.269443861881882, -222.8900717534428111, -36.19187532253236839 ) ) ;
#6438 = CARTESIAN_POINT ( 'NONE',  ( 4367.118221274534335, -219.9118675650082935, -32.52350834841750071 ) ) ;
#6439 = EDGE_CURVE ( 'NONE', #3894, #4130, #3170, .T. ) ;
#6440 = CARTESIAN_POINT ( 'NONE',  ( 4380.947391558322124, -302.9155512315545593, 26.22612988217233010 ) ) ;
#6441 = CARTESIAN_POINT ( 'NONE',  ( 4375.736357034758839, -230.8062759421507053, 38.18549317774090213 ) ) ;
#6442 = CARTESIAN_POINT ( 'NONE',  ( 4382.624274976031302, -266.8691438226716173, 23.01396619753499451 ) ) ;
#6443 = VECTOR ( 'NONE', #2088, 1000.000000000000000 ) ;
#6444 = CARTESIAN_POINT ( 'NONE',  ( 4367.231562255733479, -213.7293848629955164, 31.01838777891895305 ) ) ;
#6445 = CARTESIAN_POINT ( 'NONE',  ( 4389.195178746377678, -250.1456449589600766, 44.96004457407217814 ) ) ;
#6446 = CARTESIAN_POINT ( 'NONE',  ( 4375.714939539805528, -208.9296089295969239, -19.78711406255144922 ) ) ;
#6448 = CARTESIAN_POINT ( 'NONE',  ( 4393.131732402968737, -231.0925889534762234, 36.94084526333882934 ) ) ;
#6447 = B_SPLINE_CURVE_WITH_KNOTS ( 'NONE', 3,
 ( #675, #9045, #3638, #891, #203, #8354, #2994, #848, #8396, #7028, #2107, #7844, #2908, #7670, #2951, #3596, #71, #6427, #2189, #4879, #6305, #1411, #763, #7804, #5705, #4195, #7067, #6984, #4240, #8527, #8483, #3679, #8438, #162, #4964, #5660, #7758, #6385, #7713, #804, #718, #1582, #5050, #1543, #4372, #3552, #2149, #116, #4328, #2275, #2232, #3511, #30, #7109, #2823, #1495, #6344, #5620, #5750, #4922, #7152, #2868, #1455, #4282, #5008, #6471, #8751 ),
 .UNSPECIFIED., .F., .F.,
 ( 4, 3, 3, 3, 3, 3, 3, 3, 3, 3, 3, 3, 3, 3, 3, 3, 3, 3, 3, 3, 3, 3, 4 ),
 ( 0.0007089934498133436836, 0.001063080358152285708, 0.001328850444189757585, 0.001461735487114831141, 0.001594620530040831473, 0.001860390616121039131, 0.002126160702246316855, 0.002391930788465678609, 0.002657700874918685931, 0.002923470962159284599, 0.003189241053784860891, 0.003455011209328429610, 0.003720801395542621369, 0.003787427702449206769, 0.003804322552941595895, 0.003809193421001075795, 0.003811999308731501244, 0.003814815834570766707, 0.003818285009990301376, 0.003827294845650244456, 0.003836195108298493146, 0.003857830406003313894, 0.003882945665424905775 ),
 .UNSPECIFIED. ) ;
#6449 = CARTESIAN_POINT ( 'NONE',  ( 4367.146120762131432, -264.9094182588091826, 24.20974276903507416 ) ) ;
#6450 = EDGE_LOOP ( 'NONE', ( #46, #1571, #2483, #7129, #7822, #4638, #4474 ) ) ;
#6451 = LINE ( 'NONE', #2339, #5256 ) ;
#6452 = CARTESIAN_POINT ( 'NONE',  ( 4391.072333669923864, -206.7662373720649498, 12.89809703748414016 ) ) ;
#6453 = CARTESIAN_POINT ( 'NONE',  ( 4380.120876497851896, -223.6719627905867469, -34.19718650872902543 ) ) ;
#6454 = CARTESIAN_POINT ( 'NONE',  ( 4382.337703380052517, -251.5039949288581056, 42.95978301782810860 ) ) ;
#6455 = CARTESIAN_POINT ( 'NONE',  ( 4393.130481194130880, -229.4865025432281129, -36.24759078832654779 ) ) ;
#6456 = CARTESIAN_POINT ( 'NONE',  ( 4367.119630412518745, -221.7010464318159109, 33.80102462531438334 ) ) ;
#6457 = CARTESIAN_POINT ( 'NONE',  ( 4391.227146744760830, -215.6939725423516734, 31.24514200722645896 ) ) ;
#6458 = CARTESIAN_POINT ( 'NONE',  ( 4384.797558686933371, -270.7050344047891031, -15.24263419014790877 ) ) ;
#6459 = CARTESIAN_POINT ( 'NONE',  ( 4375.762508822977907, -203.4313293487090561, -9.083610033471659406 ) ) ;
#6460 = CARTESIAN_POINT ( 'NONE',  ( 4393.303453781223652, -240.4770551329081911, -39.96907841722535437 ) ) ;
#6461 = CARTESIAN_POINT ( 'NONE',  ( 4367.125428617167017, -229.7263617544069518, -38.31385081155843153 ) ) ;
#6462 = CARTESIAN_POINT ( 'NONE',  ( 4371.639838673165286, -253.7315555470031541, -47.03848192132339534 ) ) ;
#6463 = CARTESIAN_POINT ( 'NONE',  ( 4367.080908389317301, -218.2992984656016517, 34.82808869947695030 ) ) ;
#6464 = CARTESIAN_POINT ( 'NONE',  ( 4386.715680646354485, -236.1774771796269192, 39.37934807286351457 ) ) ;
#6465 = CARTESIAN_POINT ( 'NONE',  ( 4367.114589171849730, -215.6751005702256805, 28.97590328772335155 ) ) ;
#6466 = VERTEX_POINT ( 'NONE', #1605 ) ;
#6467 = CARTESIAN_POINT ( 'NONE',  ( 4380.263155179557543, -218.3228362026906098, 34.00961562699052365 ) ) ;
#6468 = CARTESIAN_POINT ( 'NONE',  ( 4393.123175824327518, -220.9525566917990034, 31.54911684376972403 ) ) ;
#6469 = CARTESIAN_POINT ( 'NONE',  ( 4384.645229202233168, -216.3382677194535404, -32.19966991501528497 ) ) ;
#6470 = CARTESIAN_POINT ( 'NONE',  ( 4380.403018573000736, -248.2690029346116205, -45.57230799764663232 ) ) ;
#6471 = CARTESIAN_POINT ( 'NONE',  ( 4393.172667435889707, -252.4202531385577686, 42.21840820421190443 ) ) ;
#6472 = CARTESIAN_POINT ( 'NONE',  ( 4366.954093367325186, -230.9329338853708862, 38.87747495276657617 ) ) ;
#6473 = CARTESIAN_POINT ( 'NONE',  ( 4393.432370523388272, -251.9435048340235141, -44.69521966989907469 ) ) ;
#6474 = CARTESIAN_POINT ( 'NONE',  ( 4366.980413723988931, -251.9678939843448688, -44.48384073594969124 ) ) ;
#6475 = EDGE_CURVE ( 'NONE', #7441, #5413, #7002, .T. ) ;
#6476 = CARTESIAN_POINT ( 'NONE',  ( 4384.654894353298914, -217.9949512537855583, 33.47643289630225638 ) ) ;
#6477 = CARTESIAN_POINT ( 'NONE',  ( 4371.335534409467982, -219.9681616425263826, -32.30738878556061167 ) ) ;
#6478 =( NAMED_UNIT ( * ) PLANE_ANGLE_UNIT ( ) SI_UNIT ( $, .RADIAN. ) );
#6479 = CARTESIAN_POINT ( 'NONE',  ( 4393.325818202412847, -205.0346023490261302, -16.77516854313158845 ) ) ;
#6480 = DIRECTION ( 'NONE',  ( 0.000000000000000000, 0.000000000000000000, -1.000000000000000000 ) ) ;
#6481 = CARTESIAN_POINT ( 'NONE',  ( 4382.485763369862070, -223.1645517687572067, -36.98825298466884703 ) ) ;
#6482 = CARTESIAN_POINT ( 'NONE',  ( 4367.098800915988249, -206.5791387128584802, -13.48998377225355227 ) ) ;
#6483 = CARTESIAN_POINT ( 'NONE',  ( 4375.760519695218136, -253.4859552915199004, 43.79927021047772939 ) ) ;
#6484 = CARTESIAN_POINT ( 'NONE',  ( 4389.184357859417105, -270.2970246179777973, 15.10613913826517063 ) ) ;
#6485 = CLOSED_SHELL ( 'NONE', ( #4702, #4348, #1728, #5661, #7369, #8112, #3249, #7834, #2740, #4752, #5881, #6662, #5813, #6524, #1347, #228, #6815, #5142, #7786, #4462, #6881, #4930, #3916, #109, #432, #3472, #2187, #3571 ) ) ;
#6486 = CARTESIAN_POINT ( 'NONE',  ( 4367.250429603935117, -217.2475444613600928, 34.01600359694623421 ) ) ;
#6487 = EDGE_CURVE ( 'NONE', #5866, #704, #139, .T. ) ;
#6488 = CARTESIAN_POINT ( 'NONE',  ( 4389.193077969394835, -249.5433032365727399, 44.89000097613517681 ) ) ;
#6489 = CARTESIAN_POINT ( 'NONE',  ( 4366.929938368940384, -207.8145139067629543, -17.71835276744956644 ) ) ;
#6490 = CARTESIAN_POINT ( 'NONE',  ( 4393.109589513620449, -209.6945293022891121, 20.11396626139769950 ) ) ;
#6491 = ORIENTED_EDGE ( 'NONE', *, *, #6988, .T. ) ;
#6492 = CARTESIAN_POINT ( 'NONE',  ( 4382.469534501208727, -220.0502385011464526, -35.05892315937371961 ) ) ;
#6493 = CARTESIAN_POINT ( 'NONE',  ( 4367.139773408439396, -273.4777699048389081, -7.443770099990584477 ) ) ;
#6494 = LINE ( 'NONE', #5901, #2399 ) ;
#6495 = CARTESIAN_POINT ( 'NONE',  ( 4393.432071685951087, -251.6525841943737589, -44.66943417263522775 ) ) ;
#6496 = CARTESIAN_POINT ( 'NONE',  ( 4391.080843497249589, -210.5792239331145765, 21.56000945169000360 ) ) ;
#6497 = CARTESIAN_POINT ( 'NONE',  ( 4393.288555761340831, -224.4079132931769607, -33.67585894471221053 ) ) ;
#6498 = CARTESIAN_POINT ( 'NONE',  ( 4380.092618825738100, -206.2313293483549046, 8.826915650006780467 ) ) ;
#6499 = CARTESIAN_POINT ( 'NONE',  ( 4367.118221277387420, -219.9118647764104537, 32.53133427417085244 ) ) ;
#6500 = CARTESIAN_POINT ( 'NONE',  ( 4393.595547164735763, -251.4174174543072979, 44.63883801829045694 ) ) ;
#6501 = CARTESIAN_POINT ( 'NONE',  ( 4380.145017250745695, -260.8412869612278087, -29.01969674069653138 ) ) ;
#6502 = EDGE_LOOP ( 'NONE', ( #8159, #7508, #3406, #3760 ) ) ;
#6503 = CARTESIAN_POINT ( 'NONE',  ( 4382.613329176381740, -254.2239224403393223, -45.99814539310575157 ) ) ;
#6504 = CARTESIAN_POINT ( 'NONE',  ( 4367.104844327276624, -223.1714856603654198, 38.04609032087111586 ) ) ;
#6505 = CARTESIAN_POINT ( 'NONE',  ( 4371.341358722558653, -226.4536496867762878, -36.38948212008545369 ) ) ;
#6506 = CARTESIAN_POINT ( 'NONE',  ( 4384.514225573342628, -226.9099960239342124, 35.69409981893932837 ) ) ;
#6507 = CARTESIAN_POINT ( 'NONE',  ( 4367.096248711713088, -206.3148177142481643, 11.52290018816887063 ) ) ;
#6508 = CARTESIAN_POINT ( 'NONE',  ( 4380.133067863635915, -204.0323525661602559, 14.18402792813543911 ) ) ;
#6509 = CARTESIAN_POINT ( 'NONE',  ( 4391.117358949379195, -256.1061720767978045, 35.35912996476839254 ) ) ;
#6510 = DIRECTION ( 'NONE',  ( -1.000000000000000000, 0.000000000000000000, 2.536234875824260354E-15 ) ) ;
#6511 = CARTESIAN_POINT ( 'NONE',  ( 4375.862091802770919, -216.9864667322389664, -33.27302838215553038 ) ) ;
#6512 = CARTESIAN_POINT ( 'NONE',  ( 4382.565778036785559, -240.2227299761914026, -43.77612302093743324 ) ) ;
#6513 = CARTESIAN_POINT ( 'NONE',  ( 4393.632191597735073, -256.9049114208273750, 39.25360148441997410 ) ) ;
#6514 = CARTESIAN_POINT ( 'NONE',  ( 4366.946304063709249, -223.1095978694437747, 34.73435777859134532 ) ) ;
#6515 = CARTESIAN_POINT ( 'NONE',  ( 4393.096324716385425, -206.2313355514263549, -9.617955431132614308 ) ) ;
#6516 = CARTESIAN_POINT ( 'NONE',  ( 4376.082660727021903, -259.3145842759874427, -38.99075443075020786 ) ) ;
#6517 = CARTESIAN_POINT ( 'NONE',  ( 4384.681524877763877, -222.8884928986434204, 36.67948756833986579 ) ) ;
#6518 = CARTESIAN_POINT ( 'NONE',  ( 4384.509057048632712, -220.6232468540091247, -31.91444575799254224 ) ) ;
#6519 = DIRECTION ( 'NONE',  ( 0.000000000000000000, -1.000000000000000000, 0.000000000000000000 ) ) ;
#6520 = CARTESIAN_POINT ( 'NONE',  ( 4371.364317856528942, -204.4681646479054393, -16.41008386624992710 ) ) ;
#6521 = DIRECTION ( 'NONE',  ( 0.000000000000000000, 0.000000000000000000, -1.000000000000000000 ) ) ;
#6522 = CARTESIAN_POINT ( 'NONE',  ( 4375.898138952724366, -223.9994933820071594, -37.92726102319016945 ) ) ;
#6523 = CARTESIAN_POINT ( 'NONE',  ( 4367.101555155883943, -207.1438902154027062, -15.81083518459987225 ) ) ;
#6524 = ADVANCED_FACE ( 'NONE', ( #912 ), #7909, .F. ) ;
#6525 = CARTESIAN_POINT ( 'NONE',  ( 4375.752256954414406, -245.9222354682061393, 42.81512764456370235 ) ) ;
#6526 = CARTESIAN_POINT ( 'NONE',  ( 4387.024156313824278, -263.9568175567058006, 27.53965828155978457 ) ) ;
#6527 = CARTESIAN_POINT ( 'NONE',  ( 4393.442427305536512, -263.8990952194560577, 26.18560277944109771 ) ) ;
#6528 = CARTESIAN_POINT ( 'NONE',  ( 4389.201620722311418, -252.2555309840502389, 45.16674029482103236 ) ) ;
#6529 = CARTESIAN_POINT ( 'NONE',  ( 4375.712923488476918, -207.9652896652676191, -17.61376583082919112 ) ) ;
#6530 = CARTESIAN_POINT ( 'NONE',  ( 4393.142172754502099, -267.2601542634503176, 14.00311155860902268 ) ) ;
#6531 = CARTESIAN_POINT ( 'NONE',  ( 4367.095752742979130, -221.2656928659851019, -36.86671390964568928 ) ) ;
#6532 = DIRECTION ( 'NONE',  ( -0.000000000000000000, 1.000000000000000000, -0.000000000000000000 ) ) ;
#6533 = CARTESIAN_POINT ( 'NONE',  ( 4367.546008626465664, -256.8137676783675261, 47.72023648271645868 ) ) ;
#6534 = CARTESIAN_POINT ( 'NONE',  ( 4393.431626848553606, -251.5036349881854960, -44.65592379776289533 ) ) ;
#6535 = CARTESIAN_POINT ( 'NONE',  ( 4393.314149622988225, -251.3153592660158324, 41.83118802230963951 ) ) ;
#6536 = CARTESIAN_POINT ( 'NONE',  ( 4366.946870855019370, -223.6758439980555977, -35.08037878729278702 ) ) ;
#6537 = CARTESIAN_POINT ( 'NONE',  ( 4380.102560803386041, -207.8195854896601134, 16.99166300137804697 ) ) ;
#6538 = B_SPLINE_SURFACE_WITH_KNOTS ( 'NONE', 1, 3, ( 
 ( #6046, #7358, #463, #511, #2613, #6774, #7451, #8922, #8825, #5404, #3931, #2563, #4033, #1886, #2519 ),
 ( #4671, #8191, #1098, #1049, #5312, #3887, #6679, #2660, #412, #7313, #3203, #1935, #4722, #6632, #6821 ),
 ( #8782, #3348, #6136, #3844, #6727, #367, #3154, #8095, #8732, #2477, #4936, #7640, #646, #9062, #7728 ) ),
 .UNSPECIFIED., .F., .F., .F.,
 ( 2, 1, 2 ),
 ( 4, 2, 2, 2, 2, 3, 4 ),
 ( -0.01000000000000000021, 0.000000000000000000, 1.000000000000000000 ),
 ( -0.03388661150666754523, 0.5047816137210330290, 0.6394486700279582436, 0.7741157263348833473, 0.9087827826418084509, 1.043449838948733666, 1.054223203453287683 ),
 .UNSPECIFIED. ) ;
#6539 = CARTESIAN_POINT ( 'NONE',  ( 4367.120422002945816, -222.7125579158602022, 34.46954254824888864 ) ) ;
#6540 = CARTESIAN_POINT ( 'NONE',  ( 4367.334894863644877, -235.7198731409230277, -43.75574799830493333 ) ) ;
#6541 = B_SPLINE_CURVE_WITH_KNOTS ( 'NONE', 3,
 ( #7635, #2070, #2201, #9011 ),
 .UNSPECIFIED., .F., .F.,
 ( 4, 4 ),
 ( 0.000000000000000000, 1.000000000000000000 ),
 .UNSPECIFIED. ) ;
#6542 = CARTESIAN_POINT ( 'NONE',  ( 4391.189587929873596, -210.2856498787393775, 25.90207813725113084 ) ) ;
#6543 = CARTESIAN_POINT ( 'NONE',  ( 4382.602854624312386, -270.9100861723617300, -15.31395741147755096 ) ) ;
#6544 = CARTESIAN_POINT ( 'NONE',  ( 4391.115964432795408, -257.9990748482501886, -31.78991178977323173 ) ) ;
#6545 = CARTESIAN_POINT ( 'NONE',  ( 4386.723814052284979, -247.6820337356844561, -42.03009214434942464 ) ) ;
#6546 = VERTEX_POINT ( 'NONE', #7213 ) ;
#6547 = CARTESIAN_POINT ( 'NONE',  ( 4391.400777762229154, -252.0925494268175271, -44.91894847698466009 ) ) ;
#6548 = EDGE_CURVE ( 'NONE', #704, #5728, #2053, .T. ) ;
#6549 = CARTESIAN_POINT ( 'NONE',  ( 4367.074038157537871, -216.9713859091409063, 33.80662301136781878 ) ) ;
#6550 = CARTESIAN_POINT ( 'NONE',  ( 4384.515446453478035, -228.5127909424273298, 36.48393460279172729 ) ) ;
#6551 = CARTESIAN_POINT ( 'NONE',  ( 4367.131909853604157, -238.9843438293578686, 41.86948536070333660 ) ) ;
#6552 = ORIENTED_EDGE ( 'NONE', *, *, #4304, .T. ) ;
#6553 = CARTESIAN_POINT ( 'NONE',  ( 4380.347544825758632, -235.4883016652099172, 42.64550694283592236 ) ) ;
#6554 = CARTESIAN_POINT ( 'NONE',  ( 4386.726813798642979, -257.4117684464606555, 33.95845929525376761 ) ) ;
#6555 = CARTESIAN_POINT ( 'NONE',  ( 4393.374399780945168, -253.4331746054762675, -43.98452164612279347 ) ) ;
#6556 = CARTESIAN_POINT ( 'NONE',  ( 4380.255673447288245, -216.9926828310980511, -32.99457844735099599 ) ) ;
#6557 = AXIS2_PLACEMENT_3D ( 'NONE', #8066, #6510, #3814 ) ;
#6558 = CARTESIAN_POINT ( 'NONE',  ( 4371.607016856861264, -245.6369920960996751, -45.99037803228905119 ) ) ;
#6559 = CARTESIAN_POINT ( 'NONE',  ( 4382.662957077125611, -256.7476535218975187, 42.25006032764307662 ) ) ;
#6560 = CARTESIAN_POINT ( 'NONE',  ( 4388.901931996145322, -225.8376616276209177, 34.80239239416338393 ) ) ;
#6561 = CARTESIAN_POINT ( 'NONE',  ( 4366.984060134787796, -255.0785832456736273, 44.78409194926199177 ) ) ;
#6562 = CARTESIAN_POINT ( 'NONE',  ( 4393.144871963027072, -251.6867930289848232, -41.87570272386201253 ) ) ;
#6563 = CARTESIAN_POINT ( 'NONE',  ( 4376.018335970719818, -271.5270371778739218, -15.52589680440254405 ) ) ;
#6564 = CARTESIAN_POINT ( 'NONE',  ( 4384.689684478068557, -224.5325273300887261, 37.59851678745340564 ) ) ;
#6565 = CARTESIAN_POINT ( 'NONE',  ( 4384.508165485838617, -219.6559452449004652, -31.21924885111191372 ) ) ;
#6566 = CARTESIAN_POINT ( 'NONE',  ( 4384.763837648642948, -267.9394613793800204, 20.50391400045831958 ) ) ;
#6567 = CARTESIAN_POINT ( 'NONE',  ( 4382.340735205348210, -204.4724361908784260, -15.77968958028040980 ) ) ;
#6568 = CARTESIAN_POINT ( 'NONE',  ( 4382.500648884914881, -226.2077030447152026, -38.62171851141332013 ) ) ;
#6569 = CARTESIAN_POINT ( 'NONE',  ( 4367.138532690501961, -249.3251750717158757, -44.12257080071658066 ) ) ;
#6570 = AXIS2_PLACEMENT_3D ( 'NONE', #5107, #7774, #1555 ) ;
#6571 = CARTESIAN_POINT ( 'NONE',  ( 4375.742027811497792, -236.4770831438888479, 40.39249413459198479 ) ) ;
#6572 = CARTESIAN_POINT ( 'NONE',  ( 4367.187281105180773, -280.5184882445359449, -0.1549333454723392234 ) ) ;
#6573 = CARTESIAN_POINT ( 'NONE',  ( 4367.224542202749944, -212.5271191208946959, 29.83195734594118065 ) ) ;
#6574 = VERTEX_POINT ( 'NONE', #8640 ) ;
#6575 = CARTESIAN_POINT ( 'NONE',  ( 4389.115126558762313, -231.2348855186097012, 40.35148982647059057 ) ) ;
#6576 = CARTESIAN_POINT ( 'NONE',  ( 4393.270199892743221, -207.8141943815148522, -16.16711326646560565 ) ) ;
#6577 = CARTESIAN_POINT ( 'NONE',  ( 4393.151209731105155, -252.3187005235202207, 42.00048380117081592 ) ) ;
#6578 = ORIENTED_EDGE ( 'NONE', *, *, #3688, .F. ) ;
#6579 = CARTESIAN_POINT ( 'NONE',  ( 4375.883117482886519, -220.9212620635522057, -36.07664716354715750 ) ) ;
#6580 = LINE ( 'NONE', #181, #3863 ) ;
#6581 = CYLINDRICAL_SURFACE ( 'NONE', #5022, 1.000000000000000888 ) ;
#6582 = FACE_OUTER_BOUND ( 'NONE', #2930, .T. ) ;
#6583 = CARTESIAN_POINT ( 'NONE',  ( 4393.314434115303811, -251.6028193632516832, 41.85813796912434981 ) ) ;
#6584 = CARTESIAN_POINT ( 'NONE',  ( 4384.511996230440673, -224.0340128564209863, -34.10415302036859231 ) ) ;
#6585 = CARTESIAN_POINT ( 'NONE',  ( 4380.095280570341856, -206.3204404746847160, 10.81687874422680551 ) ) ;
#6586 = CARTESIAN_POINT ( 'NONE',  ( 4375.896153866689019, -223.5843992405837355, 37.70005961327991173 ) ) ;
#6587 = CARTESIAN_POINT ( 'NONE',  ( 4367.121752698607452, -224.5329052273795583, 35.59209067614408184 ) ) ;
#6588 = CARTESIAN_POINT ( 'NONE',  ( 4367.263325388045814, -268.2720032107881138, -23.78215315677251240 ) ) ;
#6589 = CARTESIAN_POINT ( 'NONE',  ( 4391.073578467143307, -203.4711488938496302, 9.519089601152831648 ) ) ;
#6590 = CARTESIAN_POINT ( 'NONE',  ( 4391.114470250042359, -259.8932826454984593, -28.22855135187960229 ) ) ;
#6591 = CARTESIAN_POINT ( 'NONE',  ( 4366.978726867410842, -250.7246572418297319, -44.33001103239941898 ) ) ;
#6592 = EDGE_CURVE ( 'NONE', #3165, #5413, #8079, .T. ) ;
#6593 = CARTESIAN_POINT ( 'NONE',  ( 4389.201620717123660, -252.2555309844603073, -45.15891229447205291 ) ) ;
#6594 = CARTESIAN_POINT ( 'NONE',  ( 4367.101790368495131, -222.4784567251749934, 37.63192198644486552 ) ) ;
#6595 = CARTESIAN_POINT ( 'NONE',  ( 4384.513007737815315, -225.3339517810277357, 34.85359021304434179 ) ) ;
#6596 = CARTESIAN_POINT ( 'NONE',  ( 4367.121404811446155, -224.0002204973126823, 35.27388477565224179 ) ) ;
#6597 = ORIENTED_EDGE ( 'NONE', *, *, #1864, .T. ) ;
#6598 = APPLICATION_CONTEXT ( 'automotive_design' ) ;
#6599 = EDGE_CURVE ( 'NONE', #3165, #16, #6447, .T. ) ;
#6600 = CARTESIAN_POINT ( 'NONE',  ( 4380.319791589684428, -229.6366508041482462, 40.38791183404305940 ) ) ;
#6601 = LINE ( 'NONE', #333, #271 ) ;
#6602 = CARTESIAN_POINT ( 'NONE',  ( 4386.846619349003959, -217.3316232914301054, -32.82536766412568596 ) ) ;
#6603 = CARTESIAN_POINT ( 'NONE',  ( 4371.559977481117130, -235.7142023040532877, -43.42644891367165627 ) ) ;
#6604 = CARTESIAN_POINT ( 'NONE',  ( 4367.305367669562656, -260.0405971551767834, 39.77334626479479596 ) ) ;
#6605 = CARTESIAN_POINT ( 'NONE',  ( 4388.922589213680112, -252.4995095598550563, 42.39137720593351588 ) ) ;
#6606 = DIRECTION ( 'NONE',  ( -0.000000000000000000, 1.000000000000000000, -0.000000000000000000 ) ) ;
#6607 = CARTESIAN_POINT ( 'NONE',  ( 4393.325818208645615, -205.0346023490186838, 16.78299654363347315 ) ) ;
#6608 = CARTESIAN_POINT ( 'NONE',  ( 4382.374001630958446, -206.4431670840754975, 20.70617237646341735 ) ) ;
#6609 = CARTESIAN_POINT ( 'NONE',  ( 4393.285485179030729, -220.9528679471086150, -31.52990912003463819 ) ) ;
#6610 = CARTESIAN_POINT ( 'NONE',  ( 4393.151209731105155, -252.3187005235202207, 42.00048380117081592 ) ) ;
#6611 = CARTESIAN_POINT ( 'NONE',  ( 4366.966607482120708, -204.2218317667832537, -15.77839324695605860 ) ) ;
#6612 = CARTESIAN_POINT ( 'NONE',  ( 4380.293930416820331, -224.2672508476044015, -37.76355762633170343 ) ) ;
#6613 = CARTESIAN_POINT ( 'NONE',  ( 4367.110150019429057, -211.4517281470739931, -24.26013696412170617 ) ) ;
#6614 = VECTOR ( 'NONE', #4853, 1000.000000000000000 ) ;
#6615 = CARTESIAN_POINT ( 'NONE',  ( 4371.315131427646520, -206.3170002482282541, 11.31099149606918530 ) ) ;
#6616 = CARTESIAN_POINT ( 'NONE',  ( 4393.139327055711874, -267.4245362618181048, 13.63690433998466922 ) ) ;
#6617 = CARTESIAN_POINT ( 'NONE',  ( 4391.119909335761804, -251.7596180175404754, -42.09174024986969442 ) ) ;
#6618 = ORIENTED_EDGE ( 'NONE', *, *, #8990, .T. ) ;
#6619 = CARTESIAN_POINT ( 'NONE',  ( 4386.730232635901302, -204.4723179858228548, 15.51815487113227654 ) ) ;
#6620 = CARTESIAN_POINT ( 'NONE',  ( 4380.106497426639180, -209.7094685167753880, -20.91491604100136215 ) ) ;
#6621 = CARTESIAN_POINT ( 'NONE',  ( 4367.415661862016350, -272.3060894534738168, -15.85645488946797776 ) ) ;
#6622 = EDGE_LOOP ( 'NONE', ( #5561, #6692, #6032, #8635 ) ) ;
#6623 = CARTESIAN_POINT ( 'NONE',  ( 4382.477263253278579, -221.4778377327560861, -35.97857288318288482 ) ) ;
#6624 = CARTESIAN_POINT ( 'NONE',  ( 4367.302702299604789, -256.1189435193904274, -44.83562567181029124 ) ) ;
#6625 = DIRECTION ( 'NONE',  ( 0.000000000000000000, -1.000000000000000000, 0.000000000000000000 ) ) ;
#6626 = CARTESIAN_POINT ( 'NONE',  ( 4393.290223036582574, -219.7271194129237415, 34.09370443108469573 ) ) ;
#6627 = CARTESIAN_POINT ( 'NONE',  ( 4393.290234489300929, -226.3335911624789389, 34.73136113993960095 ) ) ;
#6628 = CARTESIAN_POINT ( 'NONE',  ( 4388.900300046711891, -223.7863653475157264, -33.64181732911543321 ) ) ;
#6629 = CARTESIAN_POINT ( 'NONE',  ( 4380.106497428043440, -209.7094685167716648, 20.92274404182815672 ) ) ;
#6630 = CARTESIAN_POINT ( 'NONE',  ( 4375.899445907360132, -224.2773555417928719, 38.08958399486868984 ) ) ;
#6631 = CARTESIAN_POINT ( 'NONE',  ( 0.000000000000000000, -302.9155512315545593, 0.000000000000000000 ) ) ;
#6632 = CARTESIAN_POINT ( 'NONE',  ( 4367.467765408260675, -255.7190011489051642, -47.94101918215068281 ) ) ;
#6633 = CARTESIAN_POINT ( 'NONE',  ( 4393.427350238953295, -203.3322581266223210, 24.10391400045749322 ) ) ;
#6634 = CARTESIAN_POINT ( 'NONE',  ( 4393.507646084665794, -231.1629288476981117, 39.95883705152660781 ) ) ;
#6635 = CARTESIAN_POINT ( 'NONE',  ( 4391.424303693678667, -261.0681844852674089, -31.94533516515914684 ) ) ;
#6636 = CARTESIAN_POINT ( 'NONE',  ( 4391.116711524170569, -257.0519709496261385, -33.57059200872004112 ) ) ;
#6637 = CARTESIAN_POINT ( 'NONE',  ( 4375.752256953516735, -245.9222354682773926, -42.80729964374412333 ) ) ;
#6638 = AXIS2_PLACEMENT_3D ( 'NONE', #6734, #3354, #607 ) ;
#6639 = ORIENTED_EDGE ( 'NONE', *, *, #4543, .F. ) ;
#6640 = CARTESIAN_POINT ( 'NONE',  ( 4391.400848417209090, -252.9553655917895583, -44.99512479058657277 ) ) ;
#6641 = CARTESIAN_POINT ( 'NONE',  ( 4367.093144770235085, -220.7205301964303601, 36.51991345862337113 ) ) ;
#6642 = CARTESIAN_POINT ( 'NONE',  ( 4384.511996232362435, -224.0340128564068891, 34.11198102114004627 ) ) ;
#6643 = ADVANCED_FACE ( 'NONE', ( #1671 ), #2406, .T. ) ;
#6644 = CARTESIAN_POINT ( 'NONE',  ( 4367.138532688481064, -249.3251711867417555, 44.13039822534944534 ) ) ;
#6645 = ORIENTED_EDGE ( 'NONE', *, *, #5485, .T. ) ;
#6646 = CARTESIAN_POINT ( 'NONE',  ( 4380.416842343312965, -251.9923245615896121, 46.02681428302497579 ) ) ;
#6647 = CARTESIAN_POINT ( 'NONE',  ( 4393.310956042263570, -257.8196202483139245, 31.61530762521331539 ) ) ;
#6648 = CARTESIAN_POINT ( 'NONE',  ( 4367.436266875392903, -301.9155512315545593, -20.50391400045749180 ) ) ;
#6649 = CARTESIAN_POINT ( 'NONE',  ( 4393.440979684936792, -218.6870875598702639, -33.36420433128408547 ) ) ;
#6650 = CARTESIAN_POINT ( 'NONE',  ( 4386.948346931350898, -237.6746878015399602, -42.74371209741220667 ) ) ;
#6651 = CARTESIAN_POINT ( 'NONE',  ( 4384.854561307866788, -256.5788733021012717, 42.02720469911862011 ) ) ;
#6652 = CARTESIAN_POINT ( 'NONE',  ( 4388.901514954729464, -225.3187976560272148, 34.52244151396624972 ) ) ;
#6653 = FACE_OUTER_BOUND ( 'NONE', #5204, .T. ) ;
#6654 = CARTESIAN_POINT ( 'NONE',  ( 4388.909667648249524, -271.4961424206585434, 6.908099398002388369 ) ) ;
#6655 = CARTESIAN_POINT ( 'NONE',  ( 4367.093704729264573, -203.4313293483530742, 9.533943380833617809 ) ) ;
#6656 = CARTESIAN_POINT ( 'NONE',  ( 4382.321249975637329, -203.8361821499070174, 13.18183400750945999 ) ) ;
#6657 = CARTESIAN_POINT ( 'NONE',  ( 4382.338788298409781, -255.0564807992225553, -43.27377861065769338 ) ) ;
#6658 = DIRECTION ( 'NONE',  ( 1.000000000000000000, 0.000000000000000000, 0.000000000000000000 ) ) ;
#6659 = CARTESIAN_POINT ( 'NONE',  ( 4384.547513096466901, -205.0404781522548774, -17.33394744871725379 ) ) ;
#6660 = CARTESIAN_POINT ( 'NONE',  ( 4367.107532954981252, -223.7356237122964444, -38.36567204153046617 ) ) ;
#6661 = DIRECTION ( 'NONE',  ( -0.000000000000000000, 1.000000000000000000, -0.000000000000000000 ) ) ;
#6662 = ADVANCED_FACE ( 'NONE', ( #7329 ), #5794, .F. ) ;
#6663 = CARTESIAN_POINT ( 'NONE',  ( 4371.340860864854221, -225.9159976827473315, 36.10186294334002355 ) ) ;
#6664 = CARTESIAN_POINT ( 'NONE',  ( 4393.281773294177583, -253.1099872246188625, -43.33524749297787082 ) ) ;
#6665 = ORIENTED_EDGE ( 'NONE', *, *, #3698, .F. ) ;
#6666 = CARTESIAN_POINT ( 'NONE',  ( 4386.875740450742342, -222.4926419996774882, 36.28925936812507302 ) ) ;
#6667 = CARTESIAN_POINT ( 'NONE',  ( 4382.302981300282227, -210.5900303622431124, -22.09989733405922507 ) ) ;
#6668 = CARTESIAN_POINT ( 'NONE',  ( 4393.150659265789727, -254.1740495371581687, 38.50334377561404864 ) ) ;
#6669 = ORIENTED_EDGE ( 'NONE', *, *, #6829, .F. ) ;
#6670 = CARTESIAN_POINT ( 'NONE',  ( 4389.068007700776434, -221.8237476340318892, -35.72419247562218914 ) ) ;
#6671 = CARTESIAN_POINT ( 'NONE',  ( 4367.406329507967712, -254.6609560323941253, -47.52299736641197825 ) ) ;
#6672 = B_SPLINE_CURVE_WITH_KNOTS ( 'NONE', 3,
 ( #3943, #2668, #8246, #4772 ),
 .UNSPECIFIED., .F., .F.,
 ( 4, 4 ),
 ( 0.000000000000000000, 1.000000000000000000 ),
 .UNSPECIFIED. ) ;
#6673 = CYLINDRICAL_SURFACE ( 'NONE', #60, 1.500000000000001332 ) ;
#6674 = CARTESIAN_POINT ( 'NONE',  ( 4393.369008386735004, -235.1537023467878385, 41.42650392034576612 ) ) ;
#6675 = CARTESIAN_POINT ( 'NONE',  ( 4391.097818444734003, -227.9179511659985735, 35.69291778406256554 ) ) ;
#6676 = CARTESIAN_POINT ( 'NONE',  ( 4380.121475858861231, -224.4308296821481576, -34.64569965272655594 ) ) ;
#6677 = CARTESIAN_POINT ( 'NONE',  ( 4380.101358311851982, -207.4093311898286061, 15.86656082285161773 ) ) ;
#6678 = CARTESIAN_POINT ( 'NONE',  ( 4375.936792001311005, -232.0398477142516924, 41.71836961182528825 ) ) ;
#6679 = CARTESIAN_POINT ( 'NONE',  ( 4367.459404870429353, -263.1671829203431798, -33.70927056765756191 ) ) ;
#6680 = CARTESIAN_POINT ( 'NONE',  ( 4367.266490776099999, -267.7617324617796726, -24.77983181875250907 ) ) ;
#6681 = CARTESIAN_POINT ( 'NONE',  ( 4391.297703054440717, -228.3749223397389301, 38.98197361402083772 ) ) ;
#6682 = CARTESIAN_POINT ( 'NONE',  ( 4388.874776969788400, -206.3682045214078755, -10.67753849629065499 ) ) ;
#6683 = CARTESIAN_POINT ( 'NONE',  ( 4391.439690789705310, -256.0768445655866117, -41.34247493742550006 ) ) ;
#6684 = CARTESIAN_POINT ( 'NONE',  ( 4388.919360739560034, -260.0803822238282805, -28.38899694608617352 ) ) ;
#6685 = CARTESIAN_POINT ( 'NONE',  ( 4393.311310182582019, -248.4401422769471992, -41.49006270994482293 ) ) ;
#6686 = EDGE_LOOP ( 'NONE', ( #7789, #5410, #926, #7653, #3069 ) ) ;
#6687 = DIRECTION ( 'NONE',  ( 0.000000000000000000, -1.000000000000000000, 0.000000000000000000 ) ) ;
#6688 = CARTESIAN_POINT ( 'NONE',  ( 4393.452285125543312, -261.8971398691677450, 29.92498053931911173 ) ) ;
#6689 = CARTESIAN_POINT ( 'NONE',  ( 4393.290234486419649, -226.3335911625057975, -34.72353313926139151 ) ) ;
#6690 = CARTESIAN_POINT ( 'NONE',  ( 4384.501883344998532, -213.5107557566630589, 25.70615741118352560 ) ) ;
#6691 = LINE ( 'NONE', #3217, #8033 ) ;
#6692 = ORIENTED_EDGE ( 'NONE', *, *, #672, .T. ) ;
#6693 = B_SPLINE_SURFACE_WITH_KNOTS ( 'NONE', 1, 3, ( 
 ( #5002, #3459, #7752, #7705, #3503, #1448, #7021, #4146, #2051, #6296, #23, #4827, #156, #5654, #4322, #110, #4233, #756 ),
 ( #8347, #7798, #2141, #7062, #2862, #7617, #1537, #2774, #3546, #4915, #2182, #8432, #6976, #1355, #1490, #5520, #5612, #711 ) ),
 .UNSPECIFIED., .F., .F., .F.,
 ( 2, 2 ),
 ( 4, 3, 2, 2, 2, 2, 3, 4 ),
 ( 0.000000000000000000, 1.000000000000000000 ),
 ( -0.05422320346375270050, -0.04344983895909088761, 0.09121721734918177005, 0.2258842736574544208, 0.3605513299657270854, 0.4952183862739997222, 1.033886611507090381, 1.044767709656798882 ),
 .UNSPECIFIED. ) ;
#6694 = CARTESIAN_POINT ( 'NONE',  ( 4380.419527770925924, -254.3991281845297578, 46.23942328148363146 ) ) ;
#6695 = CARTESIAN_POINT ( 'NONE',  ( 4386.725239584521660, -260.2693296128457519, 28.55570546826534439 ) ) ;
#6696 = DIRECTION ( 'NONE',  ( -1.000000000000000000, 0.000000000000000000, -4.630148714024827843E-16 ) ) ;
#6697 = CARTESIAN_POINT ( 'NONE',  ( 4382.467647968561323, -219.7080090534587669, -34.82882849682782478 ) ) ;
#6698 = CARTESIAN_POINT ( 'NONE',  ( 4387.000127661735860, -250.9053895530218199, -45.25247428598637356 ) ) ;
#6699 = CARTESIAN_POINT ( 'NONE',  ( 4388.900668723475064, -224.2861665983426747, 33.94090900356703600 ) ) ;
#6700 = FACE_OUTER_BOUND ( 'NONE', #1155, .T. ) ;
#6701 = CARTESIAN_POINT ( 'NONE',  ( 4380.126472147078857, -276.1620864475220287, -0.2687736796342132251 ) ) ;
#6702 = CARTESIAN_POINT ( 'NONE',  ( 4393.144936086348025, -253.6188981280326686, -42.04744756931076211 ) ) ;
#6703 = VECTOR ( 'NONE', #1216, 1000.000000000000000 ) ;
#6704 = CARTESIAN_POINT ( 'NONE',  ( 4382.409369084696664, -210.2940851210042581, 26.45054599431412612 ) ) ;
#6705 = CARTESIAN_POINT ( 'NONE',  ( 4380.118345032668913, -220.7867403704917990, -32.32336696131834231 ) ) ;
#6706 = DIRECTION ( 'NONE',  ( -0.000000000000000000, 1.000000000000000000, -0.000000000000000000 ) ) ;
#6707 = CARTESIAN_POINT ( 'NONE',  ( 4371.404461929935678, -207.3050819309438566, -22.86039936489505564 ) ) ;
#6708 = ADVANCED_FACE ( 'NONE', ( #2363 ), #1805, .T. ) ;
#6709 = CARTESIAN_POINT ( 'NONE',  ( 4389.098618541002907, -227.8388391124155419, -38.90237623368970077 ) ) ;
#6710 = CARTESIAN_POINT ( 'NONE',  ( 4367.269370449307644, -256.1214499007865015, 44.84685969559021146 ) ) ;
#6711 = VECTOR ( 'NONE', #7088, 1000.000000000000000 ) ;
#6712 = CARTESIAN_POINT ( 'NONE',  ( 4371.347391796444754, -232.5722863674518237, 39.25367821071799312 ) ) ;
#6713 = CARTESIAN_POINT ( 'NONE',  ( 4393.148227977965689, -251.4603745207993768, 43.55937633392872499 ) ) ;
#6714 = VERTEX_POINT ( 'NONE', #7247 ) ;
#6715 = CARTESIAN_POINT ( 'NONE',  ( 4386.763981424087433, -206.4392551639722626, 20.43545781998529520 ) ) ;
#6716 = CARTESIAN_POINT ( 'NONE',  ( 4388.888090902955810, -211.4637608056234797, -23.00610071221315067 ) ) ;
#6717 = CARTESIAN_POINT ( 'NONE',  ( 4386.672150975935438, -203.4313293483742484, -8.427991233031358220 ) ) ;
#6718 = AXIS2_PLACEMENT_3D ( 'NONE', #8946, #2682, #5473 ) ;
#6719 = CARTESIAN_POINT ( 'NONE',  ( 4391.263707645139220, -221.8288918157774106, -35.56736532644226401 ) ) ;
#6720 = CARTESIAN_POINT ( 'NONE',  ( 4393.151209731105155, -252.3187005235202207, 42.00048380117081592 ) ) ;
#6721 = LINE ( 'NONE', #598, #2126 ) ;
#6722 = CARTESIAN_POINT ( 'NONE',  ( 4393.275665232110441, -217.3387128335339469, 32.40058892742884922 ) ) ;
#6723 = CARTESIAN_POINT ( 'NONE',  ( 4391.088982559344004, -218.0912563265470965, 29.59062304823065759 ) ) ;
#6724 = CARTESIAN_POINT ( 'NONE',  ( 4380.122033014995395, -225.0875546957368840, -35.02113376711828607 ) ) ;
#6725 = CARTESIAN_POINT ( 'NONE',  ( 4380.146428320183077, -255.2350946243140868, 43.51510307360723573 ) ) ;
#6726 = CARTESIAN_POINT ( 'NONE',  ( 4375.933955389857147, -231.4514525690487403, 41.48219328174391052 ) ) ;
#6727 = CARTESIAN_POINT ( 'NONE',  ( 4367.146985838002365, -263.7426965770918628, -26.48445445129402032 ) ) ;
#6728 = PLANE ( 'NONE',  #8315 ) ;
#6729 = CARTESIAN_POINT ( 'NONE',  ( 4391.248689757855573, -219.2047840929289464, 33.88577347552126895 ) ) ;
#6730 = CARTESIAN_POINT ( 'NONE',  ( 4386.679270164647278, -206.3225908718163168, -10.41635342778661055 ) ) ;
#6731 = CARTESIAN_POINT ( 'NONE',  ( 4389.207442593822634, -265.7744148469541869, -23.60797639111509838 ) ) ;
#6732 = CARTESIAN_POINT ( 'NONE',  ( 4388.912862950282033, -267.6912171611319309, -14.06323407430298644 ) ) ;
#6733 = CARTESIAN_POINT ( 'NONE',  ( 4384.529117573157237, -248.9883692685460232, -42.43541217124917608 ) ) ;
#6734 = CARTESIAN_POINT ( 'NONE',  ( 4377.141019707303712, -302.9155512315545593, 24.40391400045749748 ) ) ;
#6735 = ORIENTED_EDGE ( 'NONE', *, *, #6829, .T. ) ;
#6736 = CARTESIAN_POINT ( 'NONE',  ( 4384.824833348000539, -265.7529535063407025, 24.63091097229708026 ) ) ;
#6737 = CARTESIAN_POINT ( 'NONE',  ( 4367.248463161878135, -253.7580496035729425, 47.46798100517798247 ) ) ;
#6738 = CARTESIAN_POINT ( 'NONE',  ( 4382.296294083412249, -207.4097787918280460, 15.73766833265945486 ) ) ;
#6739 = CARTESIAN_POINT ( 'NONE',  ( 4367.158943355722840, -256.1319448562721277, -44.82224827718641791 ) ) ;
#6740 = VERTEX_POINT ( 'NONE', #3371 ) ;
#6741 = CARTESIAN_POINT ( 'NONE',  ( 4380.282552683016547, -221.9545419150806538, 36.43249243575946394 ) ) ;
#6742 = CARTESIAN_POINT ( 'NONE',  ( 4371.367045010621041, -263.5367705942225030, 25.90332794487423484 ) ) ;
#6743 = CARTESIAN_POINT ( 'NONE',  ( 4384.663625291237622, -219.5395945613904303, -34.56410180364436968 ) ) ;
#6744 = CARTESIAN_POINT ( 'NONE',  ( 4391.389555460441443, -248.7997914632731806, -44.56732475274626637 ) ) ;
#6745 = CARTESIAN_POINT ( 'NONE',  ( 4371.480027082656306, -219.1694368061195917, 35.18582145235397718 ) ) ;
#6746 = CARTESIAN_POINT ( 'NONE',  ( 4386.692417304851006, -210.5854411675713038, 21.83694843176011346 ) ) ;
#6747 = CARTESIAN_POINT ( 'NONE',  ( 0.000000000000000000, -302.9155512315545593, 0.000000000000000000 ) ) ;
#6748 = CARTESIAN_POINT ( 'NONE',  ( 4393.550161843076239, -273.8959567633280017, 7.482264992267409376 ) ) ;
#6749 = CARTESIAN_POINT ( 'NONE',  ( 4393.331437515493235, -205.3584845299947688, 17.61040597264648255 ) ) ;
#6750 = B_SPLINE_SURFACE_WITH_KNOTS ( 'NONE', 3, 3, ( 
 ( #2553, #5349, #2698, #6717, #3339, #5395, #1185, #7584, #3973, #4797 ),
 ( #8181, #9008, #8227, #1327, #3289, #6127, #6902, #5536, #8320, #453 ),
 ( #3240, #1877, #2238, #769, #79, #5712, #1417, #7115, #1461, #123 ),
 ( #1372, #3645, #5581, #5667, #4247, #4289, #7033, #35, #5014, #2830 ),
 ( #8359, #2113, #4162, #681, #8444, #2873, #4886, #6351, #6391, #2915 ),
 ( #7074, #5756, #2196, #7811, #3558, #4972, #4334, #7765, #8402, #8535 ),
 ( #1502, #4202, #6948, #2156, #725, #3517, #2282, #6991, #7631, #5627 ),
 ( #810, #3475, #3602, #6265, #6310, #1549, #8491, #2958, #7719, #855 ),
 ( #4927, #6435, #167, #9053, #2789, #7676, #8712, #7241, #1075, #7290 ),
 ( #5149, #4379, #1679, #3871, #1724, #7982, #4466, #1029, #3774, #4513 ),
 ( #8580, #5196, #5932, #2414, #3043, #938, #5979, #7939, #3824, #6611 ),
 ( #3730, #7850, #346, #5886, #8760, #6567, #1589, #390, #6520, #4420 ),
 ( #251, #5243, #3687, #982, #4558, #3001, #3135, #296, #5842, #3088 ),
 ( #6479, #7158, #209, #2459, #6659, #8030, #8668, #898, #1773, #3180 ),
 ( #7337, #5057, #5801, #2324, #5101, #1634, #7895, #7198, #8626, #2371 ),
 ( #7429, #3420, #2595, #8218, #2643, #6206, #7575, #2010, #6026, #1964 ),
 ( #6073, #4651, #3963, #1818, #4013, #1127, #1176, #584, #8953, #6754 ),
 ( #8075, #2500, #3378, #5387, #4747, #6848, #7530, #5291, #6707, #8806 ),
 ( #493, #8172, #6804, #5340, #6163, #6120, #4605, #2544, #2688, #1919 ),
 ( #5478, #3280, #8855, #3913, #8265, #4788, #442, #1869, #4701, #7482 ),
 ( #4107, #7382, #539, #3230, #8124, #1227, #1317, #3330, #8903, #5436 ),
 ( #1275, #4060, #628, #6894, #3594, #2146, #761, #5703, #7710, #716 ),
 ( #8310, #6383, #4238, #3508, #7065, #2821, #8998, #6937, #6342, #28 ),
 ( #2735, #5573, #2057, #3550, #7802, #5526, #4832, #2230, #6303, #7026 ),
 ( #8352, #3635, #8481, #5618, #2105, #8394, #671, #2780, #7623, #1362 ),
 ( #4920, #2186, #4280, #8436, #4151, #3464, #6255, #1453, #4192, #69 ),
 ( #4877, #802, #2866, #9042, #7667, #114, #5658, #4962, #2905, #6982 ),
 ( #1409, #5006, #1541, #7756, #1493, #4326, #7106, #846, #8018, #7327 ),
 ( #2273, #889, #8525, #334, #2992, #5091, #973, #7886, #8659, #1715 ),
 ( #1066, #6424, #159, #7972, #6469, #1626, #2949, #5922, #3764, #5748 ),
 ( #1668, #7189, #4502, #243, #5048, #4368, #6556, #6511, #7278, #7842 ),
 ( #5138, #1580, #2316, #6602, #287, #1763, #3034, #1020, #5832, #3722 ),
 ( #4456, #5792, #7929, #3079, #3815, #8616, #2449, #2403, #3124, #4411 ),
 ( #7232, #5875, #8703, #5186, #7150, #3676, #5234, #201, #2361, #930 ),
 ( #4550, #8571, #3319, #5968, #8798, #3367, #5377, #1265, #7373, #3903 ),
 ( #6649, #5423, #4691, #7566, #8162, #381, #8255, #2535, #3222, #8748 ),
 ( #4050, #8115, #1217, #8208, #6110, #529, #2001, #1905, #7520, #6063 ),
 ( #574, #2584, #4642, #4779, #7470, #4003, #430, #3169, #7418, #6017 ),
 ( #3860, #5331, #2492, #1859, #8891, #6793, #5282, #2630, #8067, #1164 ),
 ( #1953, #1809, #3953, #4739, #6743, #483, #3269, #6838, #8844, #6153 ),
 ( #8940, #2678, #5469, #4596, #1117, #6697, #1351, #2811, #751, #1486 ),
 ( #6972, #6334, #19, #3542, #6927, #4822, #1444, #2178, #7701, #8343 ),
 ( #2336, #1398, #7016, #4228, #5114, #6492, #909, #7613, #61, #2726 ),
 ( #3455, #2769, #618, #5608, #8988, #9033, #8427, #7747, #5563, #2857 ),
 ( #1306, #4952, #4183, #5649, #4273, #7058, #4095, #5515, #4141, #707 ),
 ( #3498, #8384, #662, #3699, #4910, #3410, #6244, #221, #6291, #3012 ),
 ( #2096, #4867, #8300, #5811, #8591, #2046, #7656, #2136, #6885, #6196 ),
 ( #8816, #359, #3741, #2381, #950, #1831, #4479, #6579, #2468, #308 ),
 ( #5257, #3101, #1088, #3193, #455, #2555, #7906, #1646, #403, #7952 ),
 ( #4432, #7391, #8041, #7210, #2510, #3145, #8681, #5992, #1736, #6531 ),
 ( #262, #5899, #7348, #1784, #3055, #6623, #5853, #3789, #8087, #4569 ),
 ( #5945, #8724, #7254, #8636, #4617, #4526, #994, #7996, #5161, #1692 ),
 ( #3879, #6719, #6670, #7303, #2427, #1040, #3923, #8773, #5302, #3835 ),
 ( #1138, #3242, #5209, #6037, #5490, #6220, #2700, #3341, #1239, #6266 ),
 ( #2019, #8276, #9054, #1373, #4841, #8865, #4798, #6765, #8915, #7493 ),
 ( #4662, #6858, #3975, #4025, #3431, #2745, #548, #7585, #1879, #5351 ),
 ( #5445, #1329, #638, #4115, #8135, #502, #2606, #8229, #6128, #1976 ),
 ( #8184, #9009, #8964, #7443, #5396, #5537, #4758, #6903, #8321, #2653 ),
 ( #3291, #2068, #7632, #6084, #4715, #7541, #1285, #4163, #6949, #1189 ),
 ( #1928, #6813, #4070, #683, #596, #3387, #6172, #3476, #7075, #2157 ),
 ( #6393, #6437, #4974, #7852, #5016, #8537, #1462, #2831, #4291, #2240 ),
 ( #5715, #8445, #7813, #1504, #1550, #8403, #6311, #2917, #3646, #125 ),
 ( #7721, #3689, #2875, #8493, #4336, #6481, #1591, #2284, #36, #7117 ),
 ( #812, #5582, #7159, #4248, #4928, #4887, #7034, #2960, #1418, #2198 ),
 ( #726, #857, #7767, #770, #3604, #170, #4204, #8360, #3559, #6352 ),
 ( #2790, #5758, #4381, #5059, #899, #2114, #7677, #5628, #6992, #5669 ),
 ( #3518, #82, #5293, #7199, #7292, #3090, #5934, #8669, #1681, #6660 ),
 ( #1030, #941, #3732, #3003, #2326, #3825, #1726, #6522, #7984, #8031 ),
 ( #2460, #8714, #7383, #4514, #3872, #2415, #6612, #5980, #348, #983 ),
 ( #3136, #5245, #5844, #8582, #3776, #2372, #5151, #1128, #8627, #3914 ),
 ( #1774, #4559, #5103, #7338, #7897, #7941, #392, #1078, #4607, #298 ),
 ( #3183, #5888, #8762, #2501, #8077, #211, #4422, #253, #5198, #4468 ),
 ( #1821, #3044, #5803, #1637, #7243, #6568, #4789, #3331, #6164, #629 ),
 ( #4704, #5341, #2011, #7576, #8125, #6074, #7483, #1228, #6849, #8311 ),
 ( #8220, #2545, #1177, #8807, #3421, #3282, #5388, #1276, #8173, #8954 ),
 ( #2058, #7624, #6709, #1363, #8266, #6756, #1920, #444, #6208, #4061 ),
 ( #1318, #1965, #4014, #4108, #540, #3232, #4653, #585, #6805, #6895 ),
 ( #1870, #5437, #7431, #2597, #8999, #3379, #4833, #6121, #2736, #8904 ),
 ( #2644, #4749, #8856, #7531, #2690, #5527, #5480, #6028, #3965, #494 ),
 ( #4194, #5659, #3595, #4327, #8437, #2781, #9043, #115, #4152, #4239 ),
 ( #7669, #1542, #1410, #6384, #6256, #29, #3637, #2188, #7108, #6983 ),
 ( #6425, #717, #2906, #5574, #7712, #6304, #5619, #3465, #4963, #8353 ),
 ( #2231, #847, #8395, #1494, #673, #3509, #2822, #7843, #161, #7757 ),
 ( #7803, #4281, #4921, #5007, #7027, #6939, #2106, #7066, #762, #5704 ),
 ( #2147, #4878, #803, #2950, #1454, #3551, #5749, #6343, #8482, #8526 ),
 ( #70, #2274, #2867, #5049, #1670, #2317, #4412, #202, #6603, #382 ),
 ( #4457, #890, #7233, #6650, #7280, #4503, #974, #336, #288, #1021 ),
 ( #5093, #1716, #2450, #7973, #8618, #6512, #2493, #3765, #3816, #3125 ),
 ( #3171, #1067, #7887, #5923, #2993, #5139, #3723, #3035, #3678, #3080 ),
 ( #244, #8704, #8020, #5834, #5235, #7151, #5283, #1764, #6558, #4551 ),
 ( #7328, #1581, #5793, #1627, #5877, #2362, #8660, #2404, #7191, #3861 ),
 ( #931, #5969, #5187, #8750, #4371, #7930, #6470, #8572, #3368, #6154 ),
 ( #7419, #8846, #2585, #8209, #619, #8989, #530, #3904, #2536, #1118 ),
 ( #4643, #6744, #2632, #484, #1266, #8941, #3411, #2727, #8068, #1811 ),
 ( #1954, #4692, #4051, #6794, #7522, #1166, #5332, #4740, #2679, #5424 ),
 ( #3954, #4597, #8163, #6840, #575, #7374, #4097, #7567, #8116, #5470 ),
 ( #5378, #3270, #6064, #6698, #3321, #431, #1907, #8256, #2002, #7471 ),
 ( #3223, #6019, #4780, #1218, #1308, #6886, #6197, #8799, #1860, #4004 ),
 ( #6111, #8892, #7018, #8344, #795, #62, #4824, #9034, #3586, #2137 ),
 ( #8474, #708, #3499, #4143, #6375, #106, #6928, #4868, #6293, #20 ),
 ( #7099, #6416, #753, #1352, #2770, #7614, #2224, #2097, #4184, #2858 ),
 ( #7749, #2179, #3627, #3543, #2898, #7702, #6335, #4999, #4229, #2813 ),
 ( #5650, #8428, #7657, #663, #5609, #1399, #6973, #153, #8385, #5516 ),
 ( #4953, #1487, #3456, #4274, #6245, #4911, #5695, #7059, #838, #1445 ),
 ( #7795, #8301, #1533, #4319, #2047, #5565, #3669, #5783, #1573, #7964 ),
 ( #1707, #3026, #2266, #8606, #8011, #8650, #5826, #234, #2351, #7224 ),
 ( #4447, #6547, #6593, #5129, #1753, #5179, #8695, #1618, #2983, #964 ),
 ( #3116, #3756, #4361, #7836, #4495, #2942, #7919, #4403, #6462, #324 ),
 ( #2395, #5041, #7876, #2442, #278, #5915, #193, #8562, #7181, #5741 ),
 ( #3070, #6640, #5867, #8518, #7320, #921, #2307, #7140, #3713, #5225 ),
 ( #1660, #4542, #882, #7269, #1009, #6503, #3808, #1056, #5082, #3850 ),
 ( #473, #4634, #6054, #1895, #3213, #4731, #3994, #8739, #3895, #7509 ) ),
 .UNSPECIFIED., .F., .F., .F.,
 ( 4, 3, 3, 3, 3, 3, 3, 3, 3, 3, 3, 3, 3, 3, 3, 3, 3, 3, 3, 3, 3, 3, 3, 3, 3, 3, 3, 3, 3, 3, 3, 3, 3, 3, 3, 3, 3, 4 ),
 ( 4, 3, 3, 4 ),
 ( 2.328441762583550018E-13, 12.60479524735129608, 25.20959049470235769, 50.41918098940448090, 75.62877148410660766, 100.8383619788087344, 151.2575429682129879, 201.6767239576172415, 226.8863144523193682, 252.0959049470214950, 277.3054954417236218, 289.9102906890747136, 302.5150859364257485, 308.8174835601012660, 315.1198811837767835, 321.4222788074523578, 327.7246764311278753, 334.0270740548033928, 340.3294716784789671, 346.6318693021544846, 352.9342669258300020, 359.2366645495055195, 365.5390621731810370, 378.1438574205321288, 403.3534479152342556, 428.5630384099363823, 453.7726289046385091, 478.9822193993406358, 504.1918098940427626, 605.0301718728512697, 705.8685338516597767, 731.0781243463618466, 756.2877148410640302, 768.8925100884150652, 772.0437089002527955, 775.1949077120906395, 781.4973053357662138, 806.7068958304682837 ),
 ( 915.9069770289390817, 982.0399550427886197, 1048.172933056638158, 1180.438889084337461 ),
 .UNSPECIFIED. ) ;
#6751 = CARTESIAN_POINT ( 'NONE',  ( 4382.383398361053878, -207.3028490984615075, 22.23048076278549345 ) ) ;
#6752 = CARTESIAN_POINT ( 'NONE',  ( 4380.118765429094310, -221.2792581853127558, -32.66330379885673807 ) ) ;
#6753 = CARTESIAN_POINT ( 'NONE',  ( 4367.441019707303894, -305.5155512315545252, 18.60391400045749322 ) ) ;
#6754 = CARTESIAN_POINT ( 'NONE',  ( 4367.002759848709502, -206.4419351302454686, -21.56881387556640206 ) ) ;
#6755 = CARTESIAN_POINT ( 'NONE',  ( 4367.274670560865161, -222.1604616203199782, -37.41947250995153951 ) ) ;
#6756 = CARTESIAN_POINT ( 'NONE',  ( 4382.508791919709438, -227.8993666641481468, -39.43717421707113147 ) ) ;
#6757 = DIRECTION ( 'NONE',  ( 1.000000000000000000, -0.000000000000000000, 0.000000000000000000 ) ) ;
#6758 = CARTESIAN_POINT ( 'NONE',  ( 4371.351661934471849, -236.5971347161228664, 40.78337734134635184 ) ) ;
#6759 = EDGE_CURVE ( 'NONE', #2938, #1989, #2637, .T. ) ;
#6760 = CARTESIAN_POINT ( 'NONE',  ( 4393.297083339407436, -253.1952846215918953, -43.49217334034359084 ) ) ;
#6761 = EDGE_LOOP ( 'NONE', ( #3712, #5, #993 ) ) ;
#6762 = CARTESIAN_POINT ( 'NONE',  ( 4386.791608940870901, -209.2238558678670302, 24.83101092034208435 ) ) ;
#6763 = CARTESIAN_POINT ( 'NONE',  ( 4384.501883343103145, -213.5107557566708465, -25.69832941039343055 ) ) ;
#6764 = CARTESIAN_POINT ( 'NONE',  ( 4376.053449547505807, -267.4171450508601993, -23.45025619316663779 ) ) ;
#6765 = CARTESIAN_POINT ( 'NONE',  ( 4375.888952927903119, -222.0856129798868324, -36.80837615440679400 ) ) ;
#6766 = DIRECTION ( 'NONE',  ( 0.000000000000000000, 0.000000000000000000, -1.000000000000000000 ) ) ;
#6767 = CARTESIAN_POINT ( 'NONE',  ( 4393.146040829321464, -252.3023494404253029, 41.97243280958739575 ) ) ;
#6768 = CARTESIAN_POINT ( 'NONE',  ( 4393.166238298656936, -205.0347023080192344, 16.79332069640995684 ) ) ;
#6769 = CARTESIAN_POINT ( 'NONE',  ( 4391.095213089264689, -224.9271206688776203, 34.14164969212612277 ) ) ;
#6770 = CARTESIAN_POINT ( 'NONE',  ( 4382.317289189024450, -224.8207580124609422, -34.71573044687952603 ) ) ;
#6771 = CARTESIAN_POINT ( 'NONE',  ( 4380.127268395236570, -231.2958575517776012, 38.06148318443644030 ) ) ;
#6772 = ADVANCED_FACE ( 'NONE', ( #5430 ), #488, .F. ) ;
#6773 = CARTESIAN_POINT ( 'NONE',  ( 4376.031378858939206, -253.2449858350564398, 46.57570318582532565 ) ) ;
#6774 = CARTESIAN_POINT ( 'NONE',  ( 4367.458404173282361, -264.2158812544060993, -31.73286449792107788 ) ) ;
#6775 = CARTESIAN_POINT ( 'NONE',  ( 4367.310773810961109, -256.8840947614539800, -45.77042786457617751 ) ) ;
#6776 = CARTESIAN_POINT ( 'NONE',  ( 4391.331263199846944, -235.2060619120715614, 41.62276266046715989 ) ) ;
#6777 = CARTESIAN_POINT ( 'NONE',  ( 4393.262630422157599, -206.2666905324593642, -9.206642110696824588 ) ) ;
#6778 = CARTESIAN_POINT ( 'NONE',  ( 4391.428022874256385, -260.0685155728971267, -33.82483789998493506 ) ) ;
#6779 = CARTESIAN_POINT ( 'NONE',  ( 4393.151462380990779, -251.4849450515583271, -43.56458012703045313 ) ) ;
#6780 = CARTESIAN_POINT ( 'NONE',  ( 4384.517472326097959, -231.2273986604051004, -37.68422939877576994 ) ) ;
#6781 = LINE ( 'NONE', #6008, #7071 ) ;
#6782 = VERTEX_POINT ( 'NONE', #1958 ) ;
#6783 = CARTESIAN_POINT ( 'NONE',  ( 4376.053449547505807, -267.4171450508601993, 23.45025619316663779 ) ) ;
#6784 = CARTESIAN_POINT ( 'NONE',  ( 4367.247553380603676, -253.5176320736238154, 47.44702391563291854 ) ) ;
#6785 = CARTESIAN_POINT ( 'NONE',  ( 4380.124477707957340, -228.0131272391215589, -36.56225888978940475 ) ) ;
#6786 = CARTESIAN_POINT ( 'NONE',  ( 4384.517066106627681, -230.6798506625991081, 37.45770664779424663 ) ) ;
#6787 = LINE ( 'NONE', #1900, #8473 ) ;
#6788 = AXIS2_PLACEMENT_3D ( 'NONE', #8775, #7587, #4717 ) ;
#6789 = VERTEX_POINT ( 'NONE', #3780 ) ;
#6790 = CARTESIAN_POINT ( 'NONE',  ( 4366.954706963992976, -231.5015043775867980, -39.12046864088605247 ) ) ;
#6791 = CARTESIAN_POINT ( 'NONE',  ( 4375.886538932724761, -221.6291095029219207, 36.53368853203870259 ) ) ;
#6792 = CARTESIAN_POINT ( 'NONE',  ( 4386.719163899494561, -267.8929138010385600, 14.14870766683539571 ) ) ;
#6793 = CARTESIAN_POINT ( 'NONE',  ( 4382.465815274593297, -219.3632532906273980, -34.59267555065903110 ) ) ;
#6794 = CARTESIAN_POINT ( 'NONE',  ( 4386.996034494013657, -249.6886991777696778, -45.11809294530818448 ) ) ;
#6795 = B_SPLINE_CURVE_WITH_KNOTS ( 'NONE', 3,
 ( #8679, #357, #2425, #5207, #8771, #1734, #2467, #4524, #3833, #6621, #3878, #401 ),
 .UNSPECIFIED., .F., .F.,
 ( 4, 2, 2, 2, 2, 4 ),
 ( 0.000000000000000000, 0.1250000000000000555, 0.2500000000000000000, 0.3749999999999999445, 0.5000000000000000000, 1.000000000000000000 ),
 .UNSPECIFIED. ) ;
#6796 = CARTESIAN_POINT ( 'NONE',  ( 4371.457892354014803, -215.0410241367837898, 31.93280933184814430 ) ) ;
#6797 = CARTESIAN_POINT ( 'NONE',  ( 4386.694966533937077, -212.4495480142024064, 24.39496792295357963 ) ) ;
#6798 = DIRECTION ( 'NONE',  ( -1.000000000000000000, -0.000000000000000000, 0.000000000000000000 ) ) ;
#6799 = DIRECTION ( 'NONE',  ( 1.000000000000000000, 0.000000000000000000, 4.630148714024827843E-16 ) ) ;
#6800 = CARTESIAN_POINT ( 'NONE',  ( 4393.467244196140200, -223.2976160711734224, 36.26573980774070805 ) ) ;
#6801 = CARTESIAN_POINT ( 'NONE',  ( 4382.314303202390875, -203.6852873228507974, 12.29706159769243534 ) ) ;
#6802 = CARTESIAN_POINT ( 'NONE',  ( 4388.898364574958578, -221.6041950683585355, -32.27853800614091284 ) ) ;
#6803 = CARTESIAN_POINT ( 'NONE',  ( 4393.293351052705475, -220.2421716549481800, 34.43321764322190148 ) ) ;
#6804 = CARTESIAN_POINT ( 'NONE',  ( 4388.977420033008457, -208.2584715472735013, -23.25091185875039912 ) ) ;
#6805 = CARTESIAN_POINT ( 'NONE',  ( 4371.525597165567888, -228.5795004284029517, -40.56625638397171940 ) ) ;
#6806 = CARTESIAN_POINT ( 'NONE',  ( 4367.406100782401154, -255.8914085745832097, 47.63704418062514634 ) ) ;
#6807 = CARTESIAN_POINT ( 'NONE',  ( 4371.345082093866040, -230.3062161334220548, 38.28981716738817198 ) ) ;
#6808 = CARTESIAN_POINT ( 'NONE',  ( 4393.243486147378462, -252.8966929972945650, -42.94296162987355814 ) ) ;
#6809 = ORIENTED_EDGE ( 'NONE', *, *, #3630, .T. ) ;
#6810 = CARTESIAN_POINT ( 'NONE',  ( 4386.850541138618610, -217.9981693457882557, 33.33020812189951698 ) ) ;
#6811 = CARTESIAN_POINT ( 'NONE',  ( 4380.108995631720063, -211.4729655334012648, -23.54643444341778746 ) ) ;
#6812 = DIRECTION ( 'NONE',  ( 1.000000000000000000, 0.000000000000000000, 0.000000000000000000 ) ) ;
#6813 = CARTESIAN_POINT ( 'NONE',  ( 4391.268764846196063, -222.7551999358571209, -36.11437824291310505 ) ) ;
#6814 = CARTESIAN_POINT ( 'NONE',  ( 4148.772266190691880, -203.4313293483461393, 12.12391400045757095 ) ) ;
#6815 = ADVANCED_FACE ( 'NONE', ( #3275 ), #6115, .T. ) ;
#6816 = CARTESIAN_POINT ( 'NONE',  ( 4393.431211451840682, -253.9452041719196700, -44.87255865285014522 ) ) ;
#6817 = CARTESIAN_POINT ( 'NONE',  ( 4391.090458390493040, -219.6551597951018380, 30.77848050642482036 ) ) ;
#6818 = CARTESIAN_POINT ( 'NONE',  ( 4384.512494386370236, -224.6851151385983201, -34.48105619314871007 ) ) ;
#6819 = CARTESIAN_POINT ( 'NONE',  ( 4380.146120815017639, -254.0469056800756391, 43.41150479523239625 ) ) ;
#6820 = CARTESIAN_POINT ( 'NONE',  ( 4367.294072869128286, -263.1573604278113407, 33.77639913639114866 ) ) ;
#6821 = CARTESIAN_POINT ( 'NONE',  ( 4367.467738195869970, -255.6351188370445868, -48.10006674161432727 ) ) ;
#6822 = CARTESIAN_POINT ( 'NONE',  ( 4391.263707650845390, -221.8288918157807075, 35.57519332694169378 ) ) ;
#6823 = CARTESIAN_POINT ( 'NONE',  ( 4375.707425672613681, -206.4525406854200185, -12.25374507262111479 ) ) ;
#6824 = CARTESIAN_POINT ( 'NONE',  ( 4393.600640007814036, -264.3857562120185207, -25.23287066706455306 ) ) ;
#6825 = CARTESIAN_POINT ( 'NONE',  ( 4367.406100782401154, -255.8914085745832097, 47.63704418062514634 ) ) ;
#6826 = ORIENTED_EDGE ( 'NONE', *, *, #8713, .T. ) ;
#6827 = CARTESIAN_POINT ( 'NONE',  ( 4375.735818151326384, -230.2482333052336116, -37.93510823383291353 ) ) ;
#6828 = CARTESIAN_POINT ( 'NONE',  ( 4367.436266875392903, -301.9155512315545593, 20.50391400045749180 ) ) ;
#6829 = EDGE_CURVE ( 'NONE', #3115, #4612, #4100, .T. ) ;
#6830 = ORIENTED_EDGE ( 'NONE', *, *, #2150, .T. ) ;
#6831 = CARTESIAN_POINT ( 'NONE',  ( 4393.589081608572997, -265.8391844952761858, 22.52759392134982264 ) ) ;
#6832 = CARTESIAN_POINT ( 'NONE',  ( 4393.262124745840083, -206.2434701861730844, 8.817239750580833757 ) ) ;
#6833 = CARTESIAN_POINT ( 'NONE',  ( 4393.292083284957698, -228.4267910593861473, -35.75212784002812327 ) ) ;
#6834 = CARTESIAN_POINT ( 'NONE',  ( 4382.298365735779953, -208.1187741260052348, 17.59889239404627403 ) ) ;
#6835 = CARTESIAN_POINT ( 'NONE',  ( 4367.200054214390548, -256.1288559198490020, -44.81805723321416934 ) ) ;
#6836 = EDGE_LOOP ( 'NONE', ( #7581, #8457, #7347, #2971, #1280, #3400, #886 ) ) ;
#6837 = CARTESIAN_POINT ( 'NONE',  ( 4375.821302520773315, -210.2955296647317880, 26.84428705025059969 ) ) ;
#6838 = CARTESIAN_POINT ( 'NONE',  ( 4375.875668568647598, -219.5236226964176183, -35.14275330189517632 ) ) ;
#6839 = EDGE_CURVE ( 'NONE', #5919, #4302, #8914, .T. ) ;
#6840 = CARTESIAN_POINT ( 'NONE',  ( 4386.998111530142523, -250.2951592150138254, -45.18864692959319029 ) ) ;
#6841 = CARTESIAN_POINT ( 'NONE',  ( 4371.491541887905441, -221.4534426744727114, 36.71432113918221063 ) ) ;
#6842 = CARTESIAN_POINT ( 'NONE',  ( 4386.687779389432762, -208.1169161642573613, 17.32982339780793879 ) ) ;
#6843 = CYLINDRICAL_SURFACE ( 'NONE', #5104, 5.999999999999998224 ) ;
#6844 = CARTESIAN_POINT ( 'NONE',  ( 4393.462502623988257, -222.3735347338809447, 35.73603929431072146 ) ) ;
#6845 = CARTESIAN_POINT ( 'NONE',  ( 4382.477263256876540, -221.4778377327516807, 35.98640088384557600 ) ) ;
#6846 = CARTESIAN_POINT ( 'NONE',  ( 4382.314870042482653, -221.9284119456180235, -32.95000589868082130 ) ) ;
#6847 = CARTESIAN_POINT ( 'NONE',  ( 4393.347436594707688, -230.5990018815988947, 39.75287811893147705 ) ) ;
#6848 = CARTESIAN_POINT ( 'NONE',  ( 4382.383398357459555, -207.3028490984675614, -22.22265276209247631 ) ) ;
#6849 = CARTESIAN_POINT ( 'NONE',  ( 4371.517323494499578, -226.8448284533128856, -39.73622357802840099 ) ) ;
#6850 = CARTESIAN_POINT ( 'NONE',  ( 4367.426673816597940, -255.8898609943253177, 47.63494700675020255 ) ) ;
#6851 = CARTESIAN_POINT ( 'NONE',  ( 4371.336686144064515, -221.2765075152378813, 33.24676413690550447 ) ) ;
#6852 = CARTESIAN_POINT ( 'NONE',  ( 4393.308975388520594, -223.0249795233631858, -36.11586355005859872 ) ) ;
#6853 = CARTESIAN_POINT ( 'NONE',  ( 4386.726696994288432, -252.3709343409616395, -42.59579010956584000 ) ) ;
#6854 = VERTEX_POINT ( 'NONE', #4471 ) ;
#6855 = CARTESIAN_POINT ( 'NONE',  ( 4386.948346936006601, -237.6746878013763080, 42.75154009787141263 ) ) ;
#6856 = CARTESIAN_POINT ( 'NONE',  ( 4384.502502681390979, -214.0399396753396104, -26.28492643534641005 ) ) ;
#6857 = CARTESIAN_POINT ( 'NONE',  ( 4367.441019707303894, -305.5155512315545252, -18.60391400045749322 ) ) ;
#6858 = CARTESIAN_POINT ( 'NONE',  ( 4391.266154856009962, -222.2460759435859359, -35.81716802325543370 ) ) ;
#6859 = CARTESIAN_POINT ( 'NONE',  ( 4367.406472526588004, -253.8919284843432251, -47.45661094351570597 ) ) ;
#6860 = CARTESIAN_POINT ( 'NONE',  ( 4393.475298213968017, -253.9419691050700578, 44.87554408161109620 ) ) ;
#6861 = VECTOR ( 'NONE', #2701, 1000.000000000000000 ) ;
#6862 = CARTESIAN_POINT ( 'NONE',  ( 4391.094259542622240, -223.7852461594032434, 33.48803997657032028 ) ) ;
#6863 = CARTESIAN_POINT ( 'NONE',  ( 4375.731096812834949, -225.1005535461317777, -35.33863836942210668 ) ) ;
#6864 = CARTESIAN_POINT ( 'NONE',  ( 4380.120499419043881, -223.2733507840494553, 33.96196760768437883 ) ) ;
#6865 = CARTESIAN_POINT ( 'NONE',  ( 4382.640340376658969, -263.8383724124862511, 28.78315657063070176 ) ) ;
#6866 = CARTESIAN_POINT ( 'NONE',  ( 4367.403311257210589, -252.7760086049419215, 47.36330100589902514 ) ) ;
#6867 = CARTESIAN_POINT ( 'NONE',  ( 4376.741019707303167, -302.9155512315545593, 24.40391400045749748 ) ) ;
#6868 = VECTOR ( 'NONE', #4586, 1000.000000000000227 ) ;
#6869 = CARTESIAN_POINT ( 'NONE',  ( 4391.252618273242661, -219.8943069113081208, 34.35172370489504345 ) ) ;
#6870 = CARTESIAN_POINT ( 'NONE',  ( 4393.264090833727096, -206.3692050579703050, -10.39694194769976399 ) ) ;
#6871 = CYLINDRICAL_SURFACE ( 'NONE', #2202, 1.500000000000001332 ) ;
#6872 = EDGE_LOOP ( 'NONE', ( #7881, #5346, #7995, #146, #4260, #8272, #6962, #8744 ) ) ;
#6873 = DIRECTION ( 'NONE',  ( 0.000000000000000000, 0.000000000000000000, 1.000000000000000000 ) ) ;
#6874 = ORIENTED_EDGE ( 'NONE', *, *, #3162, .T. ) ;
#6875 = CARTESIAN_POINT ( 'NONE',  ( 4393.198543970995161, -207.2878031517482214, -21.54195829601990653 ) ) ;
#6876 = B_SPLINE_CURVE_WITH_KNOTS ( 'NONE', 3,
 ( #8107, #1851, #8247, #4635 ),
 .UNSPECIFIED., .F., .F.,
 ( 4, 4 ),
 ( 0.002602844640990266065, 0.002848964271885953692 ),
 .UNSPECIFIED. ) ;
#6877 = DIRECTION ( 'NONE',  ( 0.9629640197141803304, 0.000000000000000000, 0.2696299255199759437 ) ) ;
#6878 = CIRCLE ( 'NONE', #5266, 5.999999999999998224 ) ;
#6879 = CARTESIAN_POINT ( 'NONE',  ( 4382.294513720533359, -206.9396350454904905, 14.21682739591405920 ) ) ;
#6880 = CARTESIAN_POINT ( 'NONE',  ( 4367.290180069426242, -225.6544476931258600, 39.42133062359590667 ) ) ;
#6881 = ADVANCED_FACE ( 'NONE', ( #4054 ), #6843, .F. ) ;
#6882 = VERTEX_POINT ( 'NONE', #5201 ) ;
#6883 = CARTESIAN_POINT ( 'NONE',  ( 4380.127746765948359, -231.8542624577877689, -38.28515261596955810 ) ) ;
#6884 = CARTESIAN_POINT ( 'NONE',  ( 4375.887353199312201, -221.7953817524555689, 36.63779201103032079 ) ) ;
#6885 = CARTESIAN_POINT ( 'NONE',  ( 4371.488056490165036, -220.7289737063444193, -36.23994677067680925 ) ) ;
#6886 = CARTESIAN_POINT ( 'NONE',  ( 4382.610035371699269, -251.5232320201257323, -45.75596083329524077 ) ) ;
#6887 = CARTESIAN_POINT ( 'NONE',  ( 4371.475549950938330, -218.3075081857238047, 34.56538010923500082 ) ) ;
#6888 = CARTESIAN_POINT ( 'NONE',  ( 4386.704289247387351, -221.7660658302579009, 32.54676484047422491 ) ) ;
#6889 = CARTESIAN_POINT ( 'NONE',  ( 4367.441019707303894, -302.9155512315545593, -26.00391400045748469 ) ) ;
#6890 = CARTESIAN_POINT ( 'NONE',  ( 4393.504836368823817, -230.5969220901531571, 39.73896929756205765 ) ) ;
#6891 = CARTESIAN_POINT ( 'NONE',  ( 4382.492528223839145, -224.5385686617925955, 37.76152941168454191 ) ) ;
#6892 = CARTESIAN_POINT ( 'NONE',  ( 4366.945723924367485, -222.4324979334166983, -34.29098790878149572 ) ) ;
#6893 = CARTESIAN_POINT ( 'NONE',  ( 4393.303337896611993, -221.9803380181855914, 35.51509250891016478 ) ) ;
#6894 = CARTESIAN_POINT ( 'NONE',  ( 4386.808384588749504, -211.4320168283747137, -27.43458951251824018 ) ) ;
#6895 = CARTESIAN_POINT ( 'NONE',  ( 4367.130671587106008, -228.6256079417170497, -40.89594344301067252 ) ) ;
#6896 = CARTESIAN_POINT ( 'NONE',  ( 4367.135136682564735, -243.7987946495423444, -43.12606587550909865 ) ) ;
#6897 = CARTESIAN_POINT ( 'NONE',  ( 4366.935455247265054, -211.4733711325030470, 24.30702274952124142 ) ) ;
#6898 = CARTESIAN_POINT ( 'NONE',  ( 4374.441019707302985, -301.9155512315545593, -25.10391400045744348 ) ) ;
#6899 = VERTEX_POINT ( 'NONE', #4518 ) ;
#6900 = CARTESIAN_POINT ( 'NONE',  ( 4384.508641201713544, -203.6862531829045224, 12.16583677779731332 ) ) ;
#6901 = CARTESIAN_POINT ( 'NONE',  ( 4386.701510947254064, -218.7157864648669658, -30.35999166545173722 ) ) ;
#6902 = CARTESIAN_POINT ( 'NONE',  ( 4380.093242026595362, -203.4313319967750999, -9.267953034047819116 ) ) ;
#6903 = CARTESIAN_POINT ( 'NONE',  ( 4375.891001427610718, -222.4837883964227956, -37.04872918426009676 ) ) ;
#6904 = CARTESIAN_POINT ( 'NONE',  ( 4367.276994691145774, -222.6912524869095478, -37.74126440162818596 ) ) ;
#6905 = CARTESIAN_POINT ( 'NONE',  ( 4367.441019707303894, -302.9155512315545593, -21.70391400045747332 ) ) ;
#6906 = CARTESIAN_POINT ( 'NONE',  ( 4388.897500049190967, -220.6234883242036062, 31.62099461230014086 ) ) ;
#6907 = CARTESIAN_POINT ( 'NONE',  ( 4384.513206466277552, -225.5950481171215074, -34.98902112686131716 ) ) ;
#6908 = CARTESIAN_POINT ( 'NONE',  ( 4375.729481196507550, -223.2716885074997890, 34.26381470981353061 ) ) ;
#6909 = CARTESIAN_POINT ( 'NONE',  ( 4371.372276567266454, -254.7339675294771837, -44.32763374254709277 ) ) ;
#6910 = CARTESIAN_POINT ( 'NONE',  ( 4376.057792811925538, -264.9299799404265627, 28.23773459088597093 ) ) ;
#6911 = CARTESIAN_POINT ( 'NONE',  ( 4367.255490358264069, -218.2424817219093427, 34.77518315310288699 ) ) ;
#6912 = CARTESIAN_POINT ( 'NONE',  ( 4391.400848422921626, -252.9553655913275350, 45.00295279087379896 ) ) ;
#6913 = CARTESIAN_POINT ( 'NONE',  ( 4393.267594021175682, -206.9401444744598848, -13.52366591318126510 ) ) ;
#6914 = CYLINDRICAL_SURFACE ( 'NONE', #1465, 0.4000000000000010214 ) ;
#6915 = ORIENTED_EDGE ( 'NONE', *, *, #5485, .F. ) ;
#6916 = CARTESIAN_POINT ( 'NONE',  ( 4367.438643291347944, -302.9155512315545593, -24.10391400045742571 ) ) ;
#6917 = ORIENTED_EDGE ( 'NONE', *, *, #2689, .F. ) ;
#6918 = CARTESIAN_POINT ( 'NONE',  ( 4393.294456791654738, -220.4161109093994355, -34.53791485810189954 ) ) ;
#6919 = CARTESIAN_POINT ( 'NONE',  ( 4393.263618969188428, -206.3242098499634380, 10.00922615196977183 ) ) ;
#6920 = CARTESIAN_POINT ( 'NONE',  ( 4384.514225571428142, -226.9099960239575751, -35.68627181817707594 ) ) ;
#6921 = CARTESIAN_POINT ( 'NONE',  ( 4382.311968621929736, -218.7164017951369601, 30.65868967384908217 ) ) ;
#6922 = CARTESIAN_POINT ( 'NONE',  ( 4367.303057250628626, -228.5466637024983925, 40.85495839479045799 ) ) ;
#6923 = EDGE_LOOP ( 'NONE', ( #3582, #5252, #6403, #4407, #1055, #1113, #4306, #6809, #7608 ) ) ;
#6924 = CARTESIAN_POINT ( 'NONE',  ( 4366.957277175349191, -233.8063790741080936, -40.06080657156935132 ) ) ;
#6925 = CARTESIAN_POINT ( 'NONE',  ( 4375.858488286800821, -216.3274416660689496, 32.76259711708437550 ) ) ;
#6926 = DIRECTION ( 'NONE',  ( 0.000000000000000000, -1.000000000000000000, 0.000000000000000000 ) ) ;
#6927 = CARTESIAN_POINT ( 'NONE',  ( 4384.665487986982953, -219.8823689922514006, -34.79675417025632100 ) ) ;
#6928 = CARTESIAN_POINT ( 'NONE',  ( 4380.417942368508193, -252.3020181023402699, -46.04762648645581180 ) ) ;
#6929 = EDGE_CURVE ( 'NONE', #2261, #4616, #1170, .T. ) ;
#6930 = CARTESIAN_POINT ( 'NONE',  ( 4371.489857397531523, -221.0934670034410203, 36.48380098169685937 ) ) ;
#6931 = CARTESIAN_POINT ( 'NONE',  ( 4386.684823129036886, -207.1557759890788191, 14.71456033397539720 ) ) ;
#6932 = LINE ( 'NONE', #1403, #2783 ) ;
#6933 = CARTESIAN_POINT ( 'NONE',  ( 4393.457540804241944, -221.5048166780752865, 35.21553618188917767 ) ) ;
#6934 = CARTESIAN_POINT ( 'NONE',  ( 4382.465815278193077, -219.3632532906224242, 34.60050355132851507 ) ) ;
#6935 = CARTESIAN_POINT ( 'NONE',  ( 4380.119510126958630, -222.0955010810300507, -33.20732238699132211 ) ) ;
#6936 = CARTESIAN_POINT ( 'NONE',  ( 4393.319699151038549, -225.0511314843488151, 37.22572540334211055 ) ) ;
#6937 = CARTESIAN_POINT ( 'NONE',  ( 4375.832711463388478, -212.0029791006404878, -28.73777984779735206 ) ) ;
#6938 = AXIS2_PLACEMENT_3D ( 'NONE', #2125, #5727, #8504 ) ;
#6939 = CARTESIAN_POINT ( 'NONE',  ( 4382.530620076686318, -232.5056875492250015, -41.36814305229763988 ) ) ;
#6940 = CARTESIAN_POINT ( 'NONE',  ( 4367.104417344215108, -208.1068077891966652, -18.42880154133981208 ) ) ;
#6941 = CARTESIAN_POINT ( 'NONE',  ( 4393.288223738407396, -219.3818998969799168, 33.86123902329529756 ) ) ;
#6942 = CARTESIAN_POINT ( 'NONE',  ( 4366.937548565031648, -213.5130672927759008, 26.74282082706416475 ) ) ;
#6943 = CARTESIAN_POINT ( 'NONE',  ( 4393.297824508478698, -220.9594431502992791, -34.88227385013824744 ) ) ;
#6944 = CARTESIAN_POINT ( 'NONE',  ( 4380.145505840388068, -252.5593744878699169, -43.27281946785273448 ) ) ;
#6945 = VERTEX_POINT ( 'NONE', #8167 ) ;
#6946 = CARTESIAN_POINT ( 'NONE',  ( 4384.497297855277793, -203.5339617458857333, 10.82268780668431951 ) ) ;
#6947 = CARTESIAN_POINT ( 'NONE',  ( 4386.700927367417535, -218.0932353091681648, -29.87676479194951895 ) ) ;
#6948 = CARTESIAN_POINT ( 'NONE',  ( 4388.890613987709912, -203.5861816767017842, -10.99395622810448536 ) ) ;
#6949 = CARTESIAN_POINT ( 'NONE',  ( 4371.497336890013685, -222.6120440440450352, -37.42026310903909092 ) ) ;
#6950 = CARTESIAN_POINT ( 'NONE',  ( 4367.287641873437678, -225.0845356870892431, -39.10930662926892865 ) ) ;
#6951 = ADVANCED_FACE ( 'NONE', ( #4696 ), #6158, .T. ) ;
#6952 = CARTESIAN_POINT ( 'NONE',  ( 4384.779855117722036, -254.5800734556205498, 45.83061084795086515 ) ) ;
#6953 = CARTESIAN_POINT ( 'NONE',  ( 4388.873709292105559, -206.2890598861412741, 9.891736591196883310 ) ) ;
#6954 = CARTESIAN_POINT ( 'NONE',  ( 4375.727318011890929, -220.7856354760513113, 32.62231415057716077 ) ) ;
#6955 = CARTESIAN_POINT ( 'NONE',  ( 4384.833118914577426, -263.6450322779294311, 28.63763567707734836 ) ) ;
#6956 = CARTESIAN_POINT ( 'NONE',  ( 4367.334894854020604, -235.7198705442534674, 43.76357512856652932 ) ) ;
#6957 = CARTESIAN_POINT ( 'NONE',  ( 4391.400340949873680, -251.7999356573164107, 44.90092392472291749 ) ) ;
#6958 = CARTESIAN_POINT ( 'NONE',  ( 4393.266755190519689, -206.7661112892044741, -12.74759355098559332 ) ) ;
#6959 = CARTESIAN_POINT ( 'NONE',  ( 4393.139017269785654, -271.4523522485021090, -6.161003209977295114 ) ) ;
#6960 = ORIENTED_EDGE ( 'NONE', *, *, #1854, .F. ) ;
#6961 = DIRECTION ( 'NONE',  ( -0.000000000000000000, -0.000000000000000000, -1.000000000000000000 ) ) ;
#6962 = ORIENTED_EDGE ( 'NONE', *, *, #8380, .T. ) ;
#6963 = CARTESIAN_POINT ( 'NONE',  ( 4393.306970860181536, -222.6244654337075417, -35.88587584343369485 ) ) ;
#6964 = CARTESIAN_POINT ( 'NONE',  ( 4393.286074351585739, -221.6041958596173060, 31.97233827195299227 ) ) ;
#6965 = CARTESIAN_POINT ( 'NONE',  ( 4375.729481195597145, -223.2716885075097082, -34.25598670896521725 ) ) ;
#6966 = CARTESIAN_POINT ( 'NONE',  ( 4382.318555573397134, -226.3935869430379171, 35.58741141957148812 ) ) ;
#6967 = DIRECTION ( 'NONE',  ( 0.000000000000000000, -0.000000000000000000, -1.000000000000000000 ) ) ;
#6968 = CARTESIAN_POINT ( 'NONE',  ( 4367.255490358264069, -218.2424817219093427, 34.77518315310288699 ) ) ;
#6969 = ORIENTED_EDGE ( 'NONE', *, *, #1054, .T. ) ;
#6970 = CARTESIAN_POINT ( 'NONE',  ( 4382.632296817617316, -265.3537567343344108, -25.89073136595404279 ) ) ;
#6971 = CARTESIAN_POINT ( 'NONE',  ( 4391.102163231851591, -232.7592750338040730, -37.76064345413848145 ) ) ;
#6972 = CARTESIAN_POINT ( 'NONE',  ( 4393.448030570069022, -219.8982505277480470, -34.18845410806688534 ) ) ;
#6973 = CARTESIAN_POINT ( 'NONE',  ( 4380.418763524510723, -252.5342033519972347, -46.06875166395518306 ) ) ;
#6974 = CARTESIAN_POINT ( 'NONE',  ( 4371.531191877153105, -229.7485910189451488, 41.09563247074767389 ) ) ;
#6975 = CARTESIAN_POINT ( 'NONE',  ( 4386.709336720128704, -227.9560710563225712, 36.04911702382034377 ) ) ;
#6976 = CARTESIAN_POINT ( 'NONE',  ( 4367.142478455549281, -269.8249187210290643, 14.59564233660156951 ) ) ;
#6977 = CARTESIAN_POINT ( 'NONE',  ( 4393.375448877596682, -209.2134246596071137, 24.41123756051451466 ) ) ;
#6978 = CARTESIAN_POINT ( 'NONE',  ( 4382.500648888513751, -226.2077030446847630, 38.62954651204778145 ) ) ;
#6979 = CARTESIAN_POINT ( 'NONE',  ( 4380.119963479541184, -222.6113034806128042, -33.53900981224906275 ) ) ;
#6980 = CARTESIAN_POINT ( 'NONE',  ( 4393.431626839545970, -251.5036335660025770, 44.66375166887588932 ) ) ;
#6981 = ORIENTED_EDGE ( 'NONE', *, *, #7262, .F. ) ;
#6982 = CARTESIAN_POINT ( 'NONE',  ( 4367.060192568073944, -214.4018903953653137, -31.61788466668571829 ) ) ;
#6983 = CARTESIAN_POINT ( 'NONE',  ( 4367.142046140605089, -230.9970273668373295, -41.94128437288232192 ) ) ;
#6984 = CARTESIAN_POINT ( 'NONE',  ( 4393.242596000973208, -252.8917339160230995, 42.94167171192580668 ) ) ;
#6985 = CARTESIAN_POINT ( 'NONE',  ( 4366.942923507129308, -219.3342933765598843, 32.10540492638904908 ) ) ;
#6986 = CARTESIAN_POINT ( 'NONE',  ( 4393.304965975989944, -222.2491599253729078, -35.66700657073081970 ) ) ;
#6987 = ORIENTED_EDGE ( 'NONE', *, *, #7318, .F. ) ;
#6988 = EDGE_CURVE ( 'NONE', #9021, #3451, #2005, .T. ) ;
#6989 = CARTESIAN_POINT ( 'NONE',  ( 4386.991781132158394, -248.4745830917574949, 44.97045292907743175 ) ) ;
#6990 = CARTESIAN_POINT ( 'NONE',  ( 4382.309647134229635, -216.2955455518280985, -28.62754374869054175 ) ) ;
#6991 = CARTESIAN_POINT ( 'NONE',  ( 4375.723324737911753, -203.5809698858849401, -11.77279327407662990 ) ) ;
#6992 = CARTESIAN_POINT ( 'NONE',  ( 4371.501889061832117, -223.5896076490431028, -37.99370063361880767 ) ) ;
#6993 = CARTESIAN_POINT ( 'NONE',  ( 4367.305647974859312, -229.1304402161255496, -41.11531299115598870 ) ) ;
#6994 = CARTESIAN_POINT ( 'NONE',  ( 4393.151209740883132, -252.3187004976331025, -41.99265584664675544 ) ) ;
#6995 = CARTESIAN_POINT ( 'NONE',  ( 4388.880402470167610, -207.4091145102432279, 15.33347858626971139 ) ) ;
#6996 = CARTESIAN_POINT ( 'NONE',  ( 4375.726310402691524, -219.6544960265309214, 31.80261296229595303 ) ) ;
#6997 = CARTESIAN_POINT ( 'NONE',  ( 4389.233177205143875, -260.2504620603251055, 34.01486387703821634 ) ) ;
#6998 = CARTESIAN_POINT ( 'NONE',  ( 4367.093704606420033, -204.3646626816927494, -9.526114420815327222 ) ) ;
#6999 = EDGE_CURVE ( 'NONE', #3258, #4612, #7945, .T. ) ;
#7000 = CARTESIAN_POINT ( 'NONE',  ( 4388.931033496243799, -204.7552333611879192, 16.22475519575137426 ) ) ;
#7001 = CARTESIAN_POINT ( 'NONE',  ( 4393.269120442229905, -207.4070058273639745, -15.04330681781493340 ) ) ;
#7003 = CARTESIAN_POINT ( 'NONE',  ( 4393.126434031619283, -224.5377093921525500, 33.76959666796060588 ) ) ;
#7002 = B_SPLINE_CURVE_WITH_KNOTS ( 'NONE', 3,
 ( #1562, #4393, #183, #7170 ),
 .UNSPECIFIED., .F., .F.,
 ( 4, 4 ),
 ( 0.000000000000000000, 1.000000000000000000 ),
 .UNSPECIFIED. ) ;
#7004 = AXIS2_PLACEMENT_3D ( 'NONE', #7928, #5330, #7326 ) ;
#7005 = CARTESIAN_POINT ( 'NONE',  ( 4393.093705806565595, -206.2313293483461507, -12.11608599954243104 ) ) ;
#7006 = ORIENTED_EDGE ( 'NONE', *, *, #6041, .T. ) ;
#7007 = CARTESIAN_POINT ( 'NONE',  ( 4393.166238322321078, -205.0347039889797998, -16.78549725263648895 ) ) ;
#7008 = CARTESIAN_POINT ( 'NONE',  ( 4393.270893683399663, -208.1114607000846490, 16.91088260915279307 ) ) ;
#7009 = CARTESIAN_POINT ( 'NONE',  ( 4366.946304063785647, -223.1095978694555413, -34.72652977767879179 ) ) ;
#7010 = CARTESIAN_POINT ( 'NONE',  ( 4382.315025329845412, -222.0960585011847002, 33.06672822119223554 ) ) ;
#7011 = VECTOR ( 'NONE', #1283, 1000.000000000000000 ) ;
#7012 = CARTESIAN_POINT ( 'NONE',  ( 4382.565171111442396, -305.5155512315545252, 26.00391400045749535 ) ) ;
#7013 = DIRECTION ( 'NONE',  ( 0.000000000000000000, 0.000000000000000000, 1.000000000000000000 ) ) ;
#7014 = ORIENTED_EDGE ( 'NONE', *, *, #3807, .F. ) ;
#7015 = CARTESIAN_POINT ( 'NONE',  ( 4371.378918431077182, -255.7615221068972460, -40.85817037390156514 ) ) ;
#7016 = CARTESIAN_POINT ( 'NONE',  ( 4389.058156480374237, -220.0624172882867242, -34.61036839264087916 ) ) ;
#7017 = AXIS2_PLACEMENT_3D ( 'NONE', #7652, #1393, #7013 ) ;
#7018 = CARTESIAN_POINT ( 'NONE',  ( 4389.199251071052458, -251.3577183480111898, -45.07732133904310956 ) ) ;
#7019 = CARTESIAN_POINT ( 'NONE',  ( 4367.027624440293948, -209.2257934211155543, 25.98043847216260360 ) ) ;
#7020 = CARTESIAN_POINT ( 'NONE',  ( 4384.484291026844403, -206.3219572115290816, 10.55880210695305443 ) ) ;
#7021 = CARTESIAN_POINT ( 'NONE',  ( 4367.466697782119809, -260.0708619517452007, 39.67578468553016080 ) ) ;
#7022 = CARTESIAN_POINT ( 'NONE',  ( 4391.065340438004569, -203.4313296614025148, 8.617938791888677841 ) ) ;
#7023 = CARTESIAN_POINT ( 'NONE',  ( 4382.495239319208849, -225.0913089844130184, 38.06001534886776483 ) ) ;
#7024 = CARTESIAN_POINT ( 'NONE',  ( 4382.315180613908524, -222.2637050567743415, -33.16779454211429368 ) ) ;
#7025 = CARTESIAN_POINT ( 'NONE',  ( 4393.144903032827642, -254.1908070992781461, 42.10591249615052334 ) ) ;
#7026 = CARTESIAN_POINT ( 'NONE',  ( 4367.049643958043816, -212.5795164486649469, -29.84894228492657575 ) ) ;
#7027 = CARTESIAN_POINT ( 'NONE',  ( 4384.727524067386184, -232.4639749546293217, -41.17523409709549043 ) ) ;
#7028 = CARTESIAN_POINT ( 'NONE',  ( 4393.367409843809583, -253.5872099142063121, 44.22128306956330590 ) ) ;
#7029 = CARTESIAN_POINT ( 'NONE',  ( 4371.369939973512373, -252.2823974730917769, 44.11112998369352312 ) ) ;
#7030 = CARTESIAN_POINT ( 'NONE',  ( 4393.126016123530462, -224.0247828686284777, -33.46794195444017106 ) ) ;
#7031 = CARTESIAN_POINT ( 'NONE',  ( 4384.489426578384155, -203.4698872527999640, 9.922299443735299818 ) ) ;
#7032 = CARTESIAN_POINT ( 'NONE',  ( 4371.333296647075258, -217.4835935813798358, -30.34860630821591698 ) ) ;
#7033 = CARTESIAN_POINT ( 'NONE',  ( 4380.101014409680829, -203.4688582669128323, -10.16900828087446129 ) ) ;
#7034 = CARTESIAN_POINT ( 'NONE',  ( 4380.289237357172169, -223.3037673991996712, -37.22223099058914642 ) ) ;
#7035 = CARTESIAN_POINT ( 'NONE',  ( 4367.161909478499183, -205.3546452021945470, -19.13179270209733218 ) ) ;
#7036 = CARTESIAN_POINT ( 'NONE',  ( 4367.441019707303894, -305.5155512315545252, -18.60391400045749322 ) ) ;
#7037 = EDGE_CURVE ( 'NONE', #8205, #5413, #6018, .T. ) ;
#7038 = CARTESIAN_POINT ( 'NONE',  ( 4388.882760840171613, -208.2769868529230166, 17.55471453318078545 ) ) ;
#7039 = CARTESIAN_POINT ( 'NONE',  ( 4375.725752628404734, -219.0265076206608512, 31.32737729360535184 ) ) ;
#7040 = CARTESIAN_POINT ( 'NONE',  ( 4393.315312993556290, -253.0341394682905047, -41.97804223021375236 ) ) ;
#7041 = CARTESIAN_POINT ( 'NONE',  ( 4371.659790864448041, -266.8517086324452521, 25.54832889238584315 ) ) ;
#7042 = CARTESIAN_POINT ( 'NONE',  ( 4367.367142856337523, -243.1815826766231794, 45.85681470634304446 ) ) ;
#7043 = CARTESIAN_POINT ( 'NONE',  ( 4388.886835595748380, -203.5353706154179463, 10.55487334619190953 ) ) ;
#7044 = CARTESIAN_POINT ( 'NONE',  ( 4371.318977082284619, -206.9343838483106879, -14.83711383913638038 ) ) ;
#7045 = LINE ( 'NONE', #5766, #2631 ) ;
#7046 = ORIENTED_EDGE ( 'NONE', *, *, #7557, .T. ) ;
#7047 = FACE_OUTER_BOUND ( 'NONE', #6923, .T. ) ;
#7048 = ORIENTED_EDGE ( 'NONE', *, *, #7501, .T. ) ;
#7049 = CARTESIAN_POINT ( 'NONE',  ( 4393.299837162503536, -221.3247905330800620, -35.10888000950604493 ) ) ;
#7050 = CARTESIAN_POINT ( 'NONE',  ( 4393.288671189585330, -224.5376630447759965, 33.75733686842496439 ) ) ;
#7051 = CARTESIAN_POINT ( 'NONE',  ( 4371.338450917735827, -223.2701553544970352, -34.54680326404443491 ) ) ;
#7052 = CARTESIAN_POINT ( 'NONE',  ( 4382.313714903942127, -220.6228993115710182, 32.07019249961010843 ) ) ;
#7053 = CARTESIAN_POINT ( 'NONE',  ( 4393.131732408675816, -231.0925966611005720, -36.93302042388280881 ) ) ;
#7054 = CARTESIAN_POINT ( 'NONE',  ( 4367.156667555076638, -205.0285841817734820, 18.31078848127931380 ) ) ;
#7055 = ORIENTED_EDGE ( 'NONE', *, *, #8990, .F. ) ;
#7056 = CARTESIAN_POINT ( 'NONE',  ( 4375.739441470234851, -272.7502095166466347, -7.120074543376523124 ) ) ;
#7057 = CARTESIAN_POINT ( 'NONE',  ( 4366.969692489162298, -243.9324189014058391, -43.17066854687397637 ) ) ;
#7058 = CARTESIAN_POINT ( 'NONE',  ( 4382.471507039656899, -220.3954152059693001, -35.28786071394105761 ) ) ;
#7059 = CARTESIAN_POINT ( 'NONE',  ( 4376.030818162213109, -252.9387372630546054, -46.54126385292541812 ) ) ;
#7060 = CARTESIAN_POINT ( 'NONE',  ( 4371.620747020627277, -248.8067566577654190, 46.48759287167076337 ) ) ;
#7061 = CARTESIAN_POINT ( 'NONE',  ( 4386.708919489544314, -227.4258723520608214, 35.78548607465733511 ) ) ;
#7062 = CARTESIAN_POINT ( 'NONE',  ( 4367.150391291977030, -253.4260954725852741, 46.33293050636848420 ) ) ;
#7063 = CARTESIAN_POINT ( 'NONE',  ( 4380.093242029661269, -203.4313319967750999, 9.275781034787359047 ) ) ;
#7064 = CARTESIAN_POINT ( 'NONE',  ( 4393.144905958112759, -251.7586697376211760, 41.89017014994021793 ) ) ;
#7065 = CARTESIAN_POINT ( 'NONE',  ( 4384.617434727247200, -212.0037244367224218, -28.20440450148533884 ) ) ;
#7066 = CARTESIAN_POINT ( 'NONE',  ( 4375.939648810136532, -232.6309236519720400, -41.93837024065800279 ) ) ;
#7067 = CARTESIAN_POINT ( 'NONE',  ( 4393.250165866897987, -252.9339066467674115, 43.01921106479116474 ) ) ;
#7068 = VECTOR ( 'NONE', #2608, 1000.000000000000000 ) ;
#7069 = CARTESIAN_POINT ( 'NONE',  ( 4371.371679025761296, -253.8193712525199146, 44.25635963187483668 ) ) ;
#7070 = CARTESIAN_POINT ( 'NONE',  ( 4393.104695186427307, -207.6596491239477018, -15.80846002142953566 ) ) ;
#7071 = VECTOR ( 'NONE', #8879, 1000.000000000000000 ) ;
#7072 = CARTESIAN_POINT ( 'NONE',  ( 4384.677609319253861, -222.0995367142225803, 36.21349760182440747 ) ) ;
#7073 = CARTESIAN_POINT ( 'NONE',  ( 4366.941817212184105, -218.0894568722883662, -31.11502095498366671 ) ) ;
#7074 = CARTESIAN_POINT ( 'NONE',  ( 4393.275754913769561, -203.5364498556768353, -10.26763185677137891 ) ) ;
#7075 = CARTESIAN_POINT ( 'NONE',  ( 4371.497908927712160, -222.7486024428829126, -37.50184999129995589 ) ) ;
#7076 = CARTESIAN_POINT ( 'NONE',  ( 4367.245352222400470, -216.2633276299153522, -33.22465432015452080 ) ) ;
#7077 = LINE ( 'NONE', #685, #7661 ) ;
#7078 = CARTESIAN_POINT ( 'NONE',  ( 4391.111575887117397, -242.8276000916481223, 40.76588383249426784 ) ) ;
#7079 = CARTESIAN_POINT ( 'NONE',  ( 4375.725475741051014, -218.7156667691796770, 31.08284273956587640 ) ) ;
#7080 = CARTESIAN_POINT ( 'NONE',  ( 4384.820421871581857, -266.1664896313568534, 23.85649625315892308 ) ) ;
#7081 = CARTESIAN_POINT ( 'NONE',  ( 4393.142033262359291, -267.4491094087132979, 13.65005217490891631 ) ) ;
#7082 = CARTESIAN_POINT ( 'NONE',  ( 4388.925005489132673, -204.4720302093531643, 15.38157894170031526 ) ) ;
#7083 = CARTESIAN_POINT ( 'NONE',  ( 4384.491890082516875, -207.6739436686627300, -16.35090480684015546 ) ) ;
#7084 = CARTESIAN_POINT ( 'NONE',  ( 4393.129218880308144, -227.9000901681201583, 35.52377914225679945 ) ) ;
#7085 = VERTEX_POINT ( 'NONE', #2100 ) ;
#7086 = DIRECTION ( 'NONE',  ( 0.000000000000000000, 0.000000000000000000, 1.000000000000000000 ) ) ;
#7087 = ORIENTED_EDGE ( 'NONE', *, *, #7209, .T. ) ;
#7088 = DIRECTION ( 'NONE',  ( -0.000000000000000000, 1.000000000000000000, -0.000000000000000000 ) ) ;
#7089 = CARTESIAN_POINT ( 'NONE',  ( 4393.285919029957768, -221.4420052510557753, 31.86589183236947065 ) ) ;
#7090 = CARTESIAN_POINT ( 'NONE',  ( 4375.729745918560184, -223.5432764030770159, -34.42301459692304633 ) ) ;
#7091 = CARTESIAN_POINT ( 'NONE',  ( 4382.316760172175236, -224.1653556539179704, 34.34498715069710073 ) ) ;
#7092 = CARTESIAN_POINT ( 'NONE',  ( 4393.127944602912066, -226.3342103338375466, -34.73640208664021856 ) ) ;
#7093 = CARTESIAN_POINT ( 'NONE',  ( 4367.406215127809446, -255.2761807794425408, 47.58393467476518879 ) ) ;
#7094 = CARTESIAN_POINT ( 'NONE',  ( 4367.389561523559678, -248.9138579814768093, -46.88089331405549132 ) ) ;
#7095 = EDGE_LOOP ( 'NONE', ( #2335, #7781, #5736, #7409 ) ) ;
#7096 = CARTESIAN_POINT ( 'NONE',  ( 4366.978313372536832, -263.9301999017825437, -26.15674240996476030 ) ) ;
#7097 = ADVANCED_FACE ( 'NONE', ( #65 ), #6693, .T. ) ;
#7098 = CARTESIAN_POINT ( 'NONE',  ( 4367.115117895983531, -216.2525491812078258, -29.50851269731342086 ) ) ;
#7099 = CARTESIAN_POINT ( 'NONE',  ( 4393.595547158498448, -251.4174174547801215, -44.63101001806393242 ) ) ;
#7100 = CARTESIAN_POINT ( 'NONE',  ( 4371.522837933785922, -228.0009282773434336, 40.30070996465063615 ) ) ;
#7101 = CARTESIAN_POINT ( 'NONE',  ( 4384.486012093108911, -206.4566312812005151, 11.74709629188617654 ) ) ;
#7102 = CARTESIAN_POINT ( 'NONE',  ( 4367.140615733068444, -253.0495314065440766, 44.58907854509673996 ) ) ;
#7103 = EDGE_CURVE ( 'NONE', #4081, #6466, #6932, .T. ) ;
#7104 = CARTESIAN_POINT ( 'NONE',  ( 4380.178529370782599, -206.4440230816686608, 20.83636057376584461 ) ) ;
#7105 = CARTESIAN_POINT ( 'NONE',  ( 4393.124459578164533, -222.2655466857773376, 32.41034069928538486 ) ) ;
#7106 = CARTESIAN_POINT ( 'NONE',  ( 4380.244353496615076, -215.0511187831970403, -31.39088336501535892 ) ) ;
#7107 = B_SPLINE_CURVE_WITH_KNOTS ( 'NONE', 3,
 ( #420, #5322, #3160, #1944, #1205, #4085, #7460, #5960 ),
 .UNSPECIFIED., .F., .F.,
 ( 4, 2, 2, 4 ),
 ( 0.0007105136296722042080, 0.2505328852222539204, 0.5003552568148353918, 1.000000000000000000 ),
 .UNSPECIFIED. ) ;
#7108 = CARTESIAN_POINT ( 'NONE',  ( 4371.536855203750747, -230.9298733373976518, -41.59473328634313560 ) ) ;
#7109 = CARTESIAN_POINT ( 'NONE',  ( 4393.167630656435904, -252.4538942106960917, 42.17238541379292371 ) ) ;
#7110 = CARTESIAN_POINT ( 'NONE',  ( 4366.980413723906167, -251.9678939843227852, 44.49166873686949941 ) ) ;
#7111 = CARTESIAN_POINT ( 'NONE',  ( 4393.408265538024352, -244.5129835321893381, -43.73894367019786955 ) ) ;
#7112 = CARTESIAN_POINT ( 'NONE',  ( 4384.714018936770117, -229.5808529835383069, 40.02547772430487072 ) ) ;
#7113 = CARTESIAN_POINT ( 'NONE',  ( 4380.117614670009061, -219.9710556314177552, -31.74285706743813051 ) ) ;
#7114 = CARTESIAN_POINT ( 'NONE',  ( 4366.992083164899668, -256.1098345213696348, 41.28000119382975441 ) ) ;
#7115 = CARTESIAN_POINT ( 'NONE',  ( 4375.708581792365294, -203.4429612476143916, -9.967777828018583364 ) ) ;
#7116 = CARTESIAN_POINT ( 'NONE',  ( 4375.818320779613714, -253.6349107117671906, -43.80752431167223193 ) ) ;
#7117 = CARTESIAN_POINT ( 'NONE',  ( 4367.104844327373939, -223.1714856603753105, -38.03826231995538620 ) ) ;
#7118 = CARTESIAN_POINT ( 'NONE',  ( 4367.139597457811760, -251.1819153283618107, -44.37577977473237922 ) ) ;
#7119 = CARTESIAN_POINT ( 'NONE',  ( 4376.125585286713431, -255.2354781901999843, 46.74802843426959242 ) ) ;
#7120 = CARTESIAN_POINT ( 'NONE',  ( 4375.735818152224965, -230.2482333052061563, 37.94293623466969478 ) ) ;
#7121 = CARTESIAN_POINT ( 'NONE',  ( 4393.597992742063070, -264.8863025790556094, 24.30603301193035293 ) ) ;
#7122 = CARTESIAN_POINT ( 'NONE',  ( 4384.519943056732700, -275.7312786211808202, -0.2618658214871601442 ) ) ;
#7123 = CARTESIAN_POINT ( 'NONE',  ( 4393.372783629236437, -277.9155512315371652, 0.003914000457670620964 ) ) ;
#7124 = CARTESIAN_POINT ( 'NONE',  ( 4389.073651453718412, -222.8894373514078779, 36.36150155043046084 ) ) ;
#7125 = CARTESIAN_POINT ( 'NONE',  ( 4371.321548120177795, -207.8173912076987619, -17.48703299772588693 ) ) ;
#7126 = CARTESIAN_POINT ( 'NONE',  ( 4393.125712368389031, -223.6687298405351498, 33.26801277223709263 ) ) ;
#7127 = ORIENTED_EDGE ( 'NONE', *, *, #438, .T. ) ;
#7128 = CARTESIAN_POINT ( 'NONE',  ( 4367.139773406841414, -273.4777699049962507, 7.451598100900274524 ) ) ;
#7129 = ORIENTED_EDGE ( 'NONE', *, *, #3748, .F. ) ;
#7130 = CARTESIAN_POINT ( 'NONE',  ( 4376.741019707303167, -302.9155512315545593, -26.87652984091358377 ) ) ;
#7131 = CARTESIAN_POINT ( 'NONE',  ( 4393.311877846534117, -249.0141463269899873, 41.57132296475194977 ) ) ;
#7132 = CARTESIAN_POINT ( 'NONE',  ( 4382.316377227492012, -223.6713792733462185, -34.04460147604587661 ) ) ;
#7133 = CARTESIAN_POINT ( 'NONE',  ( 4382.336103414249010, -249.1267201775009710, 42.67530932567152036 ) ) ;
#7134 = DIRECTION ( 'NONE',  ( 0.000000000000000000, -1.000000000000000000, 0.000000000000000000 ) ) ;
#7135 = CARTESIAN_POINT ( 'NONE',  ( 4367.130251804088402, -236.6133299579700804, 41.11593076131627811 ) ) ;
#7136 = CARTESIAN_POINT ( 'NONE',  ( 4389.243710292865217, -256.2434064779879463, -41.56941023756139941 ) ) ;
#7137 = CARTESIAN_POINT ( 'NONE',  ( 4371.363533178305261, -265.4633950154316722, -22.15468826505179933 ) ) ;
#7138 = CARTESIAN_POINT ( 'NONE',  ( 4375.744503233699106, -238.8063066634997540, -41.10808592164713815 ) ) ;
#7139 = CARTESIAN_POINT ( 'NONE',  ( 4367.094100887607055, -206.2313253100850261, -9.922563844754092699 ) ) ;
#7140 = CARTESIAN_POINT ( 'NONE',  ( 4376.031706523610410, -254.1477181379098056, -46.64624711269639334 ) ) ;
#7141 = CARTESIAN_POINT ( 'NONE',  ( 4371.638524335847251, -253.1099436386964783, 46.99213183964847218 ) ) ;
#7142 = AXIS2_PLACEMENT_3D ( 'NONE', #953, #3744, #311 ) ;
#7143 = CARTESIAN_POINT ( 'NONE',  ( 4384.490080536531423, -207.1558247208948274, 14.85033282818080380 ) ) ;
#7144 = EDGE_CURVE ( 'NONE', #4564, #518, #4957, .T. ) ;
#7145 = CARTESIAN_POINT ( 'NONE',  ( 4367.094100894894837, -206.2313253100917336, 9.930391767287565230 ) ) ;
#7146 = ORIENTED_EDGE ( 'NONE', *, *, #4863, .T. ) ;
#7147 = AXIS2_PLACEMENT_3D ( 'NONE', #1598, #1642, #5807 ) ;
#7148 = CARTESIAN_POINT ( 'NONE',  ( 4380.187790346637485, -207.3039049833269587, 22.36068159151422563 ) ) ;
#7149 = CARTESIAN_POINT ( 'NONE',  ( 4393.129641512793569, -228.4280998960902593, 35.77349511366443835 ) ) ;
#7150 = CARTESIAN_POINT ( 'NONE',  ( 4384.654894349173446, -217.9949512537886278, -33.46860489566519448 ) ) ;
#7151 = CARTESIAN_POINT ( 'NONE',  ( 4382.586342979594519, -245.0683273203609929, -44.87569296899260962 ) ) ;
#7152 = CARTESIAN_POINT ( 'NONE',  ( 4393.169144810693979, -252.4406962558562952, 42.18594541074154591 ) ) ;
#7153 = EDGE_CURVE ( 'NONE', #1989, #3025, #2816, .T. ) ;
#7154 = CARTESIAN_POINT ( 'NONE',  ( 4366.947323702615904, -224.1857803723215739, 35.39681825630830758 ) ) ;
#7155 = CARTESIAN_POINT ( 'NONE',  ( 4393.431825878188647, -253.3732675860689199, -44.82185920400259249 ) ) ;
#7156 = CARTESIAN_POINT ( 'NONE',  ( 4384.613342338477196, -211.4334309111350194, 27.58027470717389207 ) ) ;
#7157 = CARTESIAN_POINT ( 'NONE',  ( 4393.284284545904484, -219.6543519333569634, -30.61654118491736654 ) ) ;
#7158 = CARTESIAN_POINT ( 'NONE',  ( 4391.131486684744232, -205.0368280156520200, -16.91949229225686580 ) ) ;
#7159 = CARTESIAN_POINT ( 'NONE',  ( 4389.075773793573717, -223.2991961763441680, -36.58776091163811373 ) ) ;
#7160 = CARTESIAN_POINT ( 'NONE',  ( 4367.123093052896365, -226.4142426348534514, -36.65051007928369842 ) ) ;
#7161 = LINE ( 'NONE', #5061, #4283 ) ;
#7162 = CARTESIAN_POINT ( 'NONE',  ( 4371.327351651948447, -211.4753611363212826, 24.06774527739371194 ) ) ;
#7163 = CARTESIAN_POINT ( 'NONE',  ( 4389.207442592320149, -265.7744148471015819, 23.61580439208761817 ) ) ;
#7164 = FACE_OUTER_BOUND ( 'NONE', #7735, .T. ) ;
#7165 = CARTESIAN_POINT ( 'NONE',  ( 4389.165590225269625, -242.3384169714524319, 43.72126092299325961 ) ) ;
#7166 = CARTESIAN_POINT ( 'NONE',  ( 4393.274889418999010, -210.5748605324000096, -21.40905060640056234 ) ) ;
#7167 = CARTESIAN_POINT ( 'NONE',  ( 4393.145096723988900, -259.4159985996231512, -28.59149538508122390 ) ) ;
#7168 = DIRECTION ( 'NONE',  ( 1.000000000000000000, 0.000000000000000000, 0.000000000000000000 ) ) ;
#7169 = CARTESIAN_POINT ( 'NONE',  ( 4367.546313157013174, -256.8174293427201178, 47.72052346348051799 ) ) ;
#7170 = CARTESIAN_POINT ( 'NONE',  ( 4393.093705806565595, -203.4313293483461393, 8.032536258807095209 ) ) ;
#7171 = CARTESIAN_POINT ( 'NONE',  ( 4391.077012480062876, -208.2749959010250791, 17.41505978041672265 ) ) ;
#7172 = CARTESIAN_POINT ( 'NONE',  ( 4391.094649656386537, -224.2828673727015314, -33.76914571185733394 ) ) ;
#7173 = CARTESIAN_POINT ( 'NONE',  ( 4380.120239908699659, -222.9568414006872388, 33.76510583155710066 ) ) ;
#7174 = CARTESIAN_POINT ( 'NONE',  ( 4367.100673556800757, -206.9282706320608156, 15.05264202702690390 ) ) ;
#7175 = CARTESIAN_POINT ( 'NONE',  ( 4391.069577993018356, -203.4449996131909302, 9.069675127327093023 ) ) ;
#7176 = CARTESIAN_POINT ( 'NONE',  ( 4375.703683840457415, -206.2313293483422001, -9.072522999592621318 ) ) ;
#7177 = CARTESIAN_POINT ( 'NONE',  ( 4387.019026004479201, -264.9636559618260776, -25.63005700335685333 ) ) ;
#7178 = CARTESIAN_POINT ( 'NONE',  ( 4380.147708537075232, -257.9590517173704143, -34.51200940413642115 ) ) ;
#7179 = CARTESIAN_POINT ( 'NONE',  ( 4382.331871253712961, -243.2276219415402068, -41.65912430359214369 ) ) ;
#7180 = CARTESIAN_POINT ( 'NONE',  ( 4367.112976143516789, -214.0101023630402040, -27.28294544524411691 ) ) ;
#7181 = CARTESIAN_POINT ( 'NONE',  ( 4371.639911318672603, -253.8839884654010461, -47.05166822231756640 ) ) ;
#7182 = CARTESIAN_POINT ( 'NONE',  ( 4367.127892243053793, -228.0420760321155740, 40.62610791822278600 ) ) ;
#7183 = CARTESIAN_POINT ( 'NONE',  ( 4384.509201621518514, -220.7876619950830559, 32.03736405531948606 ) ) ;
#7184 = CARTESIAN_POINT ( 'NONE',  ( 4367.120777245669160, -223.2086610827079198, 34.78627324015781141 ) ) ;
#7185 = ORIENTED_EDGE ( 'NONE', *, *, #5585, .T. ) ;
#7186 = CARTESIAN_POINT ( 'NONE',  ( 4380.274413564820861, -220.3912333976976470, 35.44145128764587582 ) ) ;
#7187 = CARTESIAN_POINT ( 'NONE',  ( 4366.990645578424846, -257.0996224321871750, 39.38960333627066035 ) ) ;
#7188 = CARTESIAN_POINT ( 'NONE',  ( 4393.126768515763615, -224.9214257151331253, 33.98440964255263452 ) ) ;
#7189 = CARTESIAN_POINT ( 'NONE',  ( 4391.235362944206827, -217.0060487111163070, -32.27737579202044316 ) ) ;
#7190 = EDGE_CURVE ( 'NONE', #2261, #2526, #4871, .T. ) ;
#7191 = CARTESIAN_POINT ( 'NONE',  ( 4371.618000987099549, -248.1728037454919047, -46.38188750314078135 ) ) ;
#7192 = CARTESIAN_POINT ( 'NONE',  ( 4380.472764550264401, -254.8748548488050005, 46.34225996590004115 ) ) ;
#7193 = CARTESIAN_POINT ( 'NONE',  ( 4366.945411125864666, -222.0913041432034731, 34.07362780465062002 ) ) ;
#7194 = CARTESIAN_POINT ( 'NONE',  ( 4393.122555149458094, -220.2935622703408285, -31.08757534758687058 ) ) ;
#7195 = CARTESIAN_POINT ( 'NONE',  ( 4384.682172016538971, -223.0248428444814977, 36.75868895415467819 ) ) ;
#7196 = CARTESIAN_POINT ( 'NONE',  ( 4386.703278547714945, -220.6233675891117230, -31.76380618477545070 ) ) ;
#7197 = CARTESIAN_POINT ( 'NONE',  ( 4367.441019707303894, -302.9155512315545593, -26.00391400045748469 ) ) ;
#7198 = CARTESIAN_POINT ( 'NONE',  ( 4375.772425246434068, -205.3675791367134593, -18.68470112304466113 ) ) ;
#7199 = CARTESIAN_POINT ( 'NONE',  ( 4386.881776713885301, -223.7086455017562230, -36.97797208399859414 ) ) ;
#7200 = CARTESIAN_POINT ( 'NONE',  ( 4367.095722581205337, -206.2709752683482805, -11.11840332340934268 ) ) ;
#7201 = CARTESIAN_POINT ( 'NONE',  ( 4371.320847310978024, -207.5336301704764423, 16.74634605028600731 ) ) ;
#7202 = CARTESIAN_POINT ( 'NONE',  ( 4393.571449590885095, -269.8917858569832333, 14.95953079158663890 ) ) ;
#7203 = AXIS2_PLACEMENT_3D ( 'NONE', #3520, #5717, #1506 ) ;
#7204 = CARTESIAN_POINT ( 'NONE',  ( 4367.107016427805320, -203.4761569629578730, 11.32722032627520292 ) ) ;
#7205 = CARTESIAN_POINT ( 'NONE',  ( 4389.201242004361120, -251.9610239577351081, 45.14078541801422517 ) ) ;
#7206 = CARTESIAN_POINT ( 'NONE',  ( 4382.297963508482098, -207.9652287118332197, -17.22573616139372987 ) ) ;
#7207 = CARTESIAN_POINT ( 'NONE',  ( 4393.123023028866555, -220.7873223021483398, 31.43644161092217715 ) ) ;
#7208 = ORIENTED_EDGE ( 'NONE', *, *, #6592, .T. ) ;
#7209 = EDGE_CURVE ( 'NONE', #4084, #6574, #4706, .T. ) ;
#7210 = CARTESIAN_POINT ( 'NONE',  ( 4386.869433710839076, -221.3093393013569425, -35.56401068058881521 ) ) ;
#7211 = CARTESIAN_POINT ( 'NONE',  ( 4382.565171111442396, -302.9155512315545593, -32.00391400045749890 ) ) ;
#7212 = DIRECTION ( 'NONE',  ( 1.000000000000000000, 0.000000000000000000, -0.000000000000000000 ) ) ;
#7213 = CARTESIAN_POINT ( 'NONE',  ( 4376.741019707303167, -305.5155512315545252, -26.87652984091358377 ) ) ;
#7214 = CARTESIAN_POINT ( 'NONE',  ( 4393.301247651146696, -238.2254384709295607, 39.41819368989148842 ) ) ;
#7215 = CARTESIAN_POINT ( 'NONE',  ( 4384.512183236704914, -224.2928140754077901, -34.25520734705843751 ) ) ;
#7216 = CARTESIAN_POINT ( 'NONE',  ( 4382.338788300056876, -255.0564807990627401, 43.28160661139379783 ) ) ;
#7217 = CARTESIAN_POINT ( 'NONE',  ( 4367.117704267867339, -219.2831515354048406, 32.05546138590577954 ) ) ;
#7218 = CARTESIAN_POINT ( 'NONE',  ( 4367.313536365123582, -230.9082272729296506, -41.89158653245950603 ) ) ;
#7219 = CARTESIAN_POINT ( 'NONE',  ( 4393.585524921917568, -248.6606956483490762, 44.33541814267913850 ) ) ;
#7220 = CARTESIAN_POINT ( 'NONE',  ( 4387.024156316205335, -263.9568175564801322, -27.53183028052232828 ) ) ;
#7221 = CARTESIAN_POINT ( 'NONE',  ( 4391.118499267666266, -254.2170415127265528, -38.91197600517656241 ) ) ;
#7222 = CARTESIAN_POINT ( 'NONE',  ( 4393.312445504717289, -249.5881503774454870, -41.63692721836440569 ) ) ;
#7223 = ORIENTED_EDGE ( 'NONE', *, *, #8834, .F. ) ;
#7224 = CARTESIAN_POINT ( 'NONE',  ( 4367.248463161975451, -253.7580496035916724, -47.46015300425511185 ) ) ;
#7225 = CARTESIAN_POINT ( 'NONE',  ( 4367.096560053002577, -221.4444477532051678, 36.98910617470498607 ) ) ;
#7226 = CARTESIAN_POINT ( 'NONE',  ( 4384.511225881594328, -223.1170212821276095, 33.55979304177449052 ) ) ;
#7227 = CARTESIAN_POINT ( 'NONE',  ( 4367.093704729264573, -206.2313293483461507, 9.533943380833617809 ) ) ;
#7228 = EDGE_LOOP ( 'NONE', ( #5327, #7048, #329, #4585 ) ) ;
#7229 = CARTESIAN_POINT ( 'NONE',  ( 4380.257540760102529, -217.3225188292627763, 33.26042608928624134 ) ) ;
#7230 = CARTESIAN_POINT ( 'NONE',  ( 4382.340783394761274, -256.8161642623824719, 36.15546808536546308 ) ) ;
#7231 = FACE_OUTER_BOUND ( 'NONE', #8590, .T. ) ;
#7232 = CARTESIAN_POINT ( 'NONE',  ( 4393.436716404707113, -218.0072436163207499, -32.87570709436315752 ) ) ;
#7233 = CARTESIAN_POINT ( 'NONE',  ( 4389.145041847181346, -237.6051930246925394, -42.53081681505736356 ) ) ;
#7234 = CARTESIAN_POINT ( 'NONE',  ( 4371.700321259849261, -255.5106859691255750, 47.30891192070384932 ) ) ;
#7235 = CARTESIAN_POINT ( 'NONE',  ( 4388.900069164909837, -223.5430961397920555, 33.50490907463653656 ) ) ;
#7236 = CARTESIAN_POINT ( 'NONE',  ( 4366.946162021671626, -222.9504918606411934, 34.63341030849980484 ) ) ;
#7237 = CARTESIAN_POINT ( 'NONE',  ( 4393.130481194130880, -229.4865025432281129, -36.24759078832654779 ) ) ;
#7238 = CARTESIAN_POINT ( 'NONE',  ( 4384.665487991121154, -219.8823689922568860, 34.80458217089174866 ) ) ;
#7239 = CARTESIAN_POINT ( 'NONE',  ( 4388.896307893882295, -219.3395897930164722, -30.69007210491350790 ) ) ;
#7240 = CARTESIAN_POINT ( 'NONE',  ( 4367.093704729264573, -203.4313293483530742, 9.533943380833617809 ) ) ;
#7241 = CARTESIAN_POINT ( 'NONE',  ( 4375.737087245322073, -203.8330445709099479, -13.55767315922464711 ) ) ;
#7242 = DIRECTION ( 'NONE',  ( -0.000000000000000000, 1.000000000000000000, -0.000000000000000000 ) ) ;
#7243 = CARTESIAN_POINT ( 'NONE',  ( 4384.697810363076314, -226.1948172773069530, -38.45200437377258851 ) ) ;
#7244 = CARTESIAN_POINT ( 'NONE',  ( 4367.406100782402063, -255.8914085745833802, 47.63704418062562951 ) ) ;
#7245 = CARTESIAN_POINT ( 'NONE',  ( 4371.313254767056605, -206.2313242438017937, 9.716380712703312383 ) ) ;
#7246 = EDGE_CURVE ( 'NONE', #8722, #8040, #885, .T. ) ;
#7247 = CARTESIAN_POINT ( 'NONE',  ( 4398.227350238953477, -305.5155512315545252, -26.00391400045749535 ) ) ;
#7248 = CARTESIAN_POINT ( 'NONE',  ( 4393.146544361459746, -261.4441047067427917, 24.87200218155776454 ) ) ;
#7249 = ORIENTED_EDGE ( 'NONE', *, *, #7153, .F. ) ;
#7250 = CARTESIAN_POINT ( 'NONE',  ( 4389.072985958137906, -222.7540700564866825, 36.28343044612879709 ) ) ;
#7251 = CARTESIAN_POINT ( 'NONE',  ( 4384.492746889961381, -207.9647374437404039, -17.09298351457829668 ) ) ;
#7252 = CARTESIAN_POINT ( 'NONE',  ( 4381.741019707303167, -305.5155512315545252, 26.00391400045749535 ) ) ;
#7253 = ORIENTED_EDGE ( 'NONE', *, *, #6207, .F. ) ;
#7254 = CARTESIAN_POINT ( 'NONE',  ( 4389.067156299760427, -221.6586973784863801, -35.62310388217513690 ) ) ;
#7255 = DIRECTION ( 'NONE',  ( 1.000000000000000000, 0.000000000000000000, 0.000000000000000000 ) ) ;
#7256 = CARTESIAN_POINT ( 'NONE',  ( 4367.302702289801346, -256.1189435200876119, 44.84345367356970513 ) ) ;
#7257 = CARTESIAN_POINT ( 'NONE',  ( 4367.436266875392903, -268.7047717983279540, -22.90390553983089816 ) ) ;
#7258 = CARTESIAN_POINT ( 'NONE',  ( 4393.315046306809563, -252.4625466099951154, 41.93528075576675462 ) ) ;
#7259 = B_SPLINE_CURVE_WITH_KNOTS ( 'NONE', 3,
 ( #1501, #809, #5755, #3601 ),
 .UNSPECIFIED., .F., .F.,
 ( 4, 4 ),
 ( 917.5316017754292943, 1178.714505393632635 ),
 .UNSPECIFIED. ) ;
#7260 = CARTESIAN_POINT ( 'NONE',  ( 4375.730506756372961, -224.4385639943345438, -34.95767444589933604 ) ) ;
#7261 = CARTESIAN_POINT ( 'NONE',  ( 4380.107746530583427, -210.5912170250839495, 22.23850324303562331 ) ) ;
#7262 = EDGE_CURVE ( 'NONE', #3165, #8086, #6246, .T. ) ;
#7263 = CARTESIAN_POINT ( 'NONE',  ( 4367.122047388057581, -224.9348241128717802, 35.82698894750879504 ) ) ;
#7264 = CARTESIAN_POINT ( 'NONE',  ( 4367.272809522165517, -266.7410233023977639, -26.77536363782281015 ) ) ;
#7265 = CARTESIAN_POINT ( 'NONE',  ( 4393.516055249462624, -232.8677168238938862, 40.59471821602826225 ) ) ;
#7266 = CARTESIAN_POINT ( 'NONE',  ( 4384.842380649385632, -261.6272349095056597, -32.45527990392672990 ) ) ;
#7267 = CARTESIAN_POINT ( 'NONE',  ( 4386.713202238920530, -275.5161673825187449, 0.2661992361457340972 ) ) ;
#7268 = VERTEX_POINT ( 'NONE', #8698 ) ;
#7269 = CARTESIAN_POINT ( 'NONE',  ( 4387.004107496482902, -253.8761702838052656, -45.52446860740612067 ) ) ;
#7270 = CARTESIAN_POINT ( 'NONE',  ( 4367.150768053896172, -232.7985672986839347, 42.67392053482416969 ) ) ;
#7271 = CARTESIAN_POINT ( 'NONE',  ( 4384.510685342635952, -222.4390676974987855, 33.13560797801647340 ) ) ;
#7272 = CARTESIAN_POINT ( 'NONE',  ( 4367.117710859076396, -219.2812600382887069, 32.06021568257124699 ) ) ;
#7273 = ORIENTED_EDGE ( 'NONE', *, *, #5197, .T. ) ;
#7274 = B_SPLINE_CURVE_WITH_KNOTS ( 'NONE', 3,
 ( #6610, #8074, #8805, #3773 ),
 .UNSPECIFIED., .F., .F.,
 ( 4, 4 ),
 ( 0.000000000000000000, 0.0002461194649247912042 ),
 .UNSPECIFIED. ) ;
#7275 = CARTESIAN_POINT ( 'NONE',  ( 4380.297989932892960, -225.0996491197032014, 38.22246619582679728 ) ) ;
#7276 = CARTESIAN_POINT ( 'NONE',  ( 4386.726289060602539, -258.3642888352557065, 32.15754135292429083 ) ) ;
#7277 = CARTESIAN_POINT ( 'NONE',  ( 4393.427351010983330, -266.9410810582424460, 20.50362304903277533 ) ) ;
#7278 = CARTESIAN_POINT ( 'NONE',  ( 4371.468517834253362, -216.9792295917716274, -33.54089179534319953 ) ) ;
#7279 = VECTOR ( 'NONE', #4716, 1000.000000000000000 ) ;
#7280 = CARTESIAN_POINT ( 'NONE',  ( 4384.751652015520449, -237.7441825783873810, -42.95660737976704979 ) ) ;
#7281 = CARTESIAN_POINT ( 'NONE',  ( 4382.661199619336003, -257.7622783674139555, 40.32600900751526041 ) ) ;
#7282 = CARTESIAN_POINT ( 'NONE',  ( 4388.921666918112351, -251.0421522190603980, 42.25224084131470192 ) ) ;
#7283 = CARTESIAN_POINT ( 'NONE',  ( 4366.985084280914634, -256.3138669180569877, 44.89059709893072636 ) ) ;
#7284 = VECTOR ( 'NONE', #2527, 1000.000000000000000 ) ;
#7285 = CARTESIAN_POINT ( 'NONE',  ( 4393.145009349163047, -252.3500385634785346, 41.94293029925270133 ) ) ;
#7286 = CARTESIAN_POINT ( 'NONE',  ( 4376.054724473306123, -265.4370589419611974, -27.25316823205247374 ) ) ;
#7287 = CARTESIAN_POINT ( 'NONE',  ( 4384.761810947823506, -240.1390645039608955, 43.56782114643161918 ) ) ;
#7288 = CARTESIAN_POINT ( 'NONE',  ( 4391.091074433741596, -220.2943149995408021, -31.23172991365241558 ) ) ;
#7289 = CARTESIAN_POINT ( 'NONE',  ( 4367.441019707303894, -305.5155512315545252, 18.60391400045749322 ) ) ;
#7290 = CARTESIAN_POINT ( 'NONE',  ( 4366.954599867653087, -203.8269648416872997, -14.02420648259044711 ) ) ;
#7291 = CARTESIAN_POINT ( 'NONE',  ( 4367.297895096330649, -227.3832668683169231, -40.29186967734611358 ) ) ;
#7292 = CARTESIAN_POINT ( 'NONE',  ( 4384.685659239402412, -223.7112902907524585, -37.14041158278275390 ) ) ;
#7293 = CARTESIAN_POINT ( 'NONE',  ( 4367.119763684108875, -221.8630918572893904, -33.90271815856372228 ) ) ;
#7294 = AXIS2_PLACEMENT_3D ( 'NONE', #1913, #4743, #6799 ) ;
#7295 = CARTESIAN_POINT ( 'NONE',  ( 4371.330049329215399, -214.0439239527006237, 27.08851755836932895 ) ) ;
#7296 = CARTESIAN_POINT ( 'NONE',  ( 4389.163778604086474, -274.3169216982778380, 7.541937892642435415 ) ) ;
#7297 = CARTESIAN_POINT ( 'NONE',  ( 4393.358294093063705, -253.5363966271191885, -44.11992176250631559 ) ) ;
#7298 = ORIENTED_EDGE ( 'NONE', *, *, #3320, .F. ) ;
#7299 = CARTESIAN_POINT ( 'NONE',  ( 4386.857517516332337, -219.1972140220840402, 34.18558002854218358 ) ) ;
#7300 = CARTESIAN_POINT ( 'NONE',  ( 4393.271224864583019, -208.2723639643677984, -17.26417818122239112 ) ) ;
#7301 = CARTESIAN_POINT ( 'NONE',  ( 4393.105573991731944, -207.9506590977629799, 16.56035287083479446 ) ) ;
#7302 = VERTEX_POINT ( 'NONE', #2530 ) ;
#7303 = CARTESIAN_POINT ( 'NONE',  ( 4386.872005208479095, -221.8188010710872220, -35.87828859569874140 ) ) ;
#7304 = CARTESIAN_POINT ( 'NONE',  ( 4367.393129071083422, -254.9748820235088260, -47.56829396195466586 ) ) ;
#7305 = EDGE_CURVE ( 'NONE', #4130, #5420, #8203, .T. ) ;
#7306 = DIRECTION ( 'NONE',  ( 0.000000000000000000, -1.000000000000000000, 0.000000000000000000 ) ) ;
#7307 = CARTESIAN_POINT ( 'NONE',  ( 4393.330898546448225, -227.2460351971333807, 38.30390146615616231 ) ) ;
#7308 = CARTESIAN_POINT ( 'NONE',  ( 4393.293034333218202, -229.4848158185495208, 36.24154617531169009 ) ) ;
#7309 = CARTESIAN_POINT ( 'NONE',  ( 4366.947442556877832, -224.3200565914432332, -35.46904364740155557 ) ) ;
#7310 = CARTESIAN_POINT ( 'NONE',  ( 4380.097810448231030, -206.5882947428218301, 12.79084025967504701 ) ) ;
#7311 = CARTESIAN_POINT ( 'NONE',  ( 4376.027161612307282, -251.9953193469492305, 46.46079480869230593 ) ) ;
#7312 =( NAMED_UNIT ( * ) SI_UNIT ( $, .STERADIAN. ) SOLID_ANGLE_UNIT ( ) );
#7313 = CARTESIAN_POINT ( 'NONE',  ( 4367.468364927745824, -257.9857233985781590, -43.64369598692540819 ) ) ;
#7314 = LINE ( 'NONE', #3155, #3196 ) ;
#7315 = CARTESIAN_POINT ( 'NONE',  ( 4393.513260291137158, -232.2971629831645544, 40.39055655570770398 ) ) ;
#7316 = CARTESIAN_POINT ( 'NONE',  ( 4386.723619109148785, -262.1754167230436110, -24.94616336778975096 ) ) ;
#7317 = CARTESIAN_POINT ( 'NONE',  ( 4391.118038329036608, -249.7314025714140371, -41.87710089094973398 ) ) ;
#7318 = EDGE_CURVE ( 'NONE', #7319, #4900, #6292, .T. ) ;
#7319 = VERTEX_POINT ( 'NONE', #4637 ) ;
#7320 = CARTESIAN_POINT ( 'NONE',  ( 4384.806988777433617, -253.4631235086638981, -45.71117882099613183 ) ) ;
#7321 = CARTESIAN_POINT ( 'NONE',  ( 4367.070611209614981, -216.3130345006980519, 33.28385214376335455 ) ) ;
#7322 = CARTESIAN_POINT ( 'NONE',  ( 4384.498005028195621, -210.5881434809846269, 21.97387343125027215 ) ) ;
#7323 = CARTESIAN_POINT ( 'NONE',  ( 4367.125428618566730, -229.7263591315551992, 38.32167759119919026 ) ) ;
#7324 = CARTESIAN_POINT ( 'NONE',  ( 4380.369593366314803, -240.3065141734566055, 43.99749087885360410 ) ) ;
#7325 = CARTESIAN_POINT ( 'NONE',  ( 4366.978313362616973, -263.9301999178108531, 26.16457038184546491 ) ) ;
#7326 = DIRECTION ( 'NONE',  ( 0.000000000000000000, 0.000000000000000000, -1.000000000000000000 ) ) ;
#7327 = CARTESIAN_POINT ( 'NONE',  ( 4367.063661734029665, -215.0340849044555398, -32.17653391694265963 ) ) ;
#7328 = CARTESIAN_POINT ( 'NONE',  ( 4393.578668630527318, -246.8783797475856261, -44.07955195469740772 ) ) ;
#7329 = FACE_OUTER_BOUND ( 'NONE', #2422, .T. ) ;
#7330 = CARTESIAN_POINT ( 'NONE',  ( 4388.900188239764248, -223.6698207357702870, 33.58080163298556187 ) ) ;
#7331 = CARTESIAN_POINT ( 'NONE',  ( 4393.096324716385425, -206.2313355514263549, -9.617955431132614308 ) ) ;
#7332 = CYLINDRICAL_SURFACE ( 'NONE', #1602, 0.4000000000000010214 ) ;
#7333 = CARTESIAN_POINT ( 'NONE',  ( 4393.132971297720360, -232.7197464544615855, -37.57444665017212770 ) ) ;
#7334 = CARTESIAN_POINT ( 'NONE',  ( 4384.807276562697552, -252.5834927182449405, 45.64191999971085068 ) ) ;
#7335 = CARTESIAN_POINT ( 'NONE',  ( 4380.118625554724531, -221.1155363305738035, -32.55075229956319305 ) ) ;
#7336 = DIRECTION ( 'NONE',  ( -0.000000000000000000, 1.000000000000000000, -0.000000000000000000 ) ) ;
#7337 = CARTESIAN_POINT ( 'NONE',  ( 4393.331437509262287, -205.3584845300038921, -17.60257797214489983 ) ) ;
#7338 = CARTESIAN_POINT ( 'NONE',  ( 4386.888603594205961, -225.0749168432615761, -37.71877030784732199 ) ) ;
#7339 = PLANE ( 'NONE',  #2910 ) ;
#7340 = CARTESIAN_POINT ( 'NONE',  ( 4371.339641858297909, -224.5810997051758022, 35.34540944975457677 ) ) ;
#7341 = CARTESIAN_POINT ( 'NONE',  ( 4393.167488151761063, -252.4599093655248794, -42.16370762172642372 ) ) ;
#7342 = CARTESIAN_POINT ( 'NONE',  ( 4393.314434112418894, -251.6028193634820980, -41.85030996852870544 ) ) ;
#7343 = ORIENTED_EDGE ( 'NONE', *, *, #8563, .F. ) ;
#7344 = CARTESIAN_POINT ( 'NONE',  ( 4386.854597287707293, -218.6766196113059664, 33.82253729711281665 ) ) ;
#7345 = CARTESIAN_POINT ( 'NONE',  ( 4382.306704584364525, -213.5125307464880109, -25.83459222957369406 ) ) ;
#7346 = CARTESIAN_POINT ( 'NONE',  ( 4367.436266875392903, -302.9155512315545593, -19.83724733379082750 ) ) ;
#7347 = ORIENTED_EDGE ( 'NONE', *, *, #7711, .F. ) ;
#7348 = CARTESIAN_POINT ( 'NONE',  ( 4389.066304898745329, -221.4936471229408426, -35.52201528872807756 ) ) ;
#7349 = CARTESIAN_POINT ( 'NONE',  ( 4367.441019707303894, -302.9155512315545593, 25.10391400045742571 ) ) ;
#7350 = EDGE_CURVE ( 'NONE', #8130, #3258, #6787, .T. ) ;
#7351 = DIRECTION ( 'NONE',  ( -0.000000000000000000, 0.000000000000000000, 1.000000000000000000 ) ) ;
#7352 = CARTESIAN_POINT ( 'NONE',  ( 4393.297824452959503, -220.9594327613143889, 34.89009535922492944 ) ) ;
#7353 = CARTESIAN_POINT ( 'NONE',  ( 4391.095100123960037, -224.7992514085310347, 34.07030920532465501 ) ) ;
#7354 = AXIS2_PLACEMENT_3D ( 'NONE', #1552, #2159, #4931 ) ;
#7355 = CARTESIAN_POINT ( 'NONE',  ( 4371.339517625104236, -224.4463979377834448, -35.25845168500870130 ) ) ;
#7356 = CARTESIAN_POINT ( 'NONE',  ( 4380.119510128362890, -222.0955010810186252, 33.21515038780385964 ) ) ;
#7357 = CARTESIAN_POINT ( 'NONE',  ( 4375.919913085018379, -228.5337545768991276, 40.23437567489376221 ) ) ;
#7358 = CARTESIAN_POINT ( 'NONE',  ( 4367.398382333723930, -276.3876452982939327, -7.938713413301154098 ) ) ;
#7359 = CARTESIAN_POINT ( 'NONE',  ( 4367.298213040226074, -262.1206931580816786, -35.76764152663454865 ) ) ;
#7360 = CARTESIAN_POINT ( 'NONE',  ( 4391.277972807722108, -224.5148446112154659, 37.09799195375099146 ) ) ;
#7361 = CARTESIAN_POINT ( 'NONE',  ( 4386.728074568199190, -253.6034416214903331, -41.15408614481777505 ) ) ;
#7362 = CARTESIAN_POINT ( 'NONE',  ( 4382.335693837357212, -248.5341222687651452, -42.58413650364390435 ) ) ;
#7363 = VECTOR ( 'NONE', #7997, 1000.000000000000000 ) ;
#7364 = ORIENTED_EDGE ( 'NONE', *, *, #5713, .F. ) ;
#7365 = LINE ( 'NONE', #1107, #8749 ) ;
#7366 = CARTESIAN_POINT ( 'NONE',  ( 4367.102909726660073, -222.7481310925670925, 37.79452662171014055 ) ) ;
#7367 = CARTESIAN_POINT ( 'NONE',  ( 4384.512085864525943, -224.1625087595901675, 34.18730828607046135 ) ) ;
#7368 = CARTESIAN_POINT ( 'NONE',  ( 4384.428096059521522, -206.2313293483219638, 8.591097505062583295 ) ) ;
#7369 = ADVANCED_FACE ( 'NONE', ( #5963 ), #4775, .F. ) ;
#7370 = ORIENTED_EDGE ( 'NONE', *, *, #3235, .T. ) ;
#7371 = CARTESIAN_POINT ( 'NONE',  ( 4380.419035658800567, -252.6115913519405467, 46.08350524524310998 ) ) ;
#7372 = CARTESIAN_POINT ( 'NONE',  ( 4393.098685690461934, -206.4179980090020479, 11.21399983103334286 ) ) ;
#7373 = CARTESIAN_POINT ( 'NONE',  ( 4371.475549949980632, -218.3075081857335533, -34.55755210838547953 ) ) ;
#7374 = CARTESIAN_POINT ( 'NONE',  ( 4382.606857555862007, -250.5948498730872132, -45.65897475002721251 ) ) ;
#7375 = CARTESIAN_POINT ( 'NONE',  ( 4388.898991943219698, -222.2652093878920425, 32.71562407082861768 ) ) ;
#7376 = DIRECTION ( 'NONE',  ( 0.000000000000000000, -1.000000000000000000, 0.000000000000000000 ) ) ;
#7377 = EDGE_CURVE ( 'NONE', #8548, #1106, #6691, .T. ) ;
#7378 = CARTESIAN_POINT ( 'NONE',  ( 4367.441019707303894, -305.5155512315545252, -26.00391400045748469 ) ) ;
#7379 = CARTESIAN_POINT ( 'NONE',  ( 4384.751652019648645, -237.7441825782494220, 42.96443538028432130 ) ) ;
#7380 = CARTESIAN_POINT ( 'NONE',  ( 4393.286229670331522, -221.7663864681901771, -32.07095671083734345 ) ) ;
#7381 = CARTESIAN_POINT ( 'NONE',  ( 4377.248871677511488, -305.5155512315545252, -27.26171544879925790 ) ) ;
#7382 = CARTESIAN_POINT ( 'NONE',  ( 4391.189587924176521, -210.2856498787503483, -25.89425013670642528 ) ) ;
#7383 = CARTESIAN_POINT ( 'NONE',  ( 4389.080627095616364, -224.2476091165239609, -37.11309473493332689 ) ) ;
#7384 = CARTESIAN_POINT ( 'NONE',  ( 4367.459404863310738, -263.1671829209877274, 33.71709856905378189 ) ) ;
#7385 = CARTESIAN_POINT ( 'NONE',  ( 4371.333296647504540, -217.4835935813718493, 30.35643430909965801 ) ) ;
#7386 = CARTESIAN_POINT ( 'NONE',  ( 4393.320043038342192, -253.3232150946938646, -43.72757112602933915 ) ) ;
#7387 = ORIENTED_EDGE ( 'NONE', *, *, #5653, .F. ) ;
#7388 = CARTESIAN_POINT ( 'NONE',  ( 4386.723935127913137, -204.2308543476239038, 14.66076143061965098 ) ) ;
#7389 = CARTESIAN_POINT ( 'NONE',  ( 4380.111908179766033, -214.0425970509860747, -26.55580260309312024 ) ) ;
#7390 = CARTESIAN_POINT ( 'NONE',  ( 4393.117750350207643, -215.6904858497948112, 27.41413766189176826 ) ) ;
#7391 = CARTESIAN_POINT ( 'NONE',  ( 4391.261067276092945, -221.3199955785181601, -35.25592241160713058 ) ) ;
#7392 = CARTESIAN_POINT ( 'NONE',  ( 4367.405494398365590, -253.4181142771252837, -47.41538877923343165 ) ) ;
#7393 = CARTESIAN_POINT ( 'NONE',  ( 4393.149153993849723, -252.3185940706898407, 42.00119261235151669 ) ) ;
#7394 = CARTESIAN_POINT ( 'NONE',  ( 4393.305735768684826, -222.3730688537235096, 35.74746558832354282 ) ) ;
#7395 = UNCERTAINTY_MEASURE_WITH_UNIT (LENGTH_MEASURE( 1.000000000000000082E-05 ), #2323, 'distance_accuracy_value', 'NONE');
#7396 = CARTESIAN_POINT ( 'NONE',  ( 4391.099708167362223, -230.0451282841649174, 36.66515691247806785 ) ) ;
#7397 = CARTESIAN_POINT ( 'NONE',  ( 4382.317180163071498, -224.6899785949919988, -34.64093856527920678 ) ) ;
#7398 = CARTESIAN_POINT ( 'NONE',  ( 4380.123573600773852, -226.9385931889602830, 36.02983823515756967 ) ) ;
#7399 = CARTESIAN_POINT ( 'NONE',  ( 4376.020904965027512, -250.4197204301379429, 46.28868048276385139 ) ) ;
#7400 = CARTESIAN_POINT ( 'NONE',  ( 4367.141109917972244, -253.9778164839314059, 44.67425098874029032 ) ) ;
#7401 = DIRECTION ( 'NONE',  ( -0.000000000000000000, -1.000000000000000000, -0.000000000000000000 ) ) ;
#7402 = CARTESIAN_POINT ( 'NONE',  ( 4367.404947012785669, -253.2579627057223206, -47.40082292664931884 ) ) ;
#7403 = CARTESIAN_POINT ( 'NONE',  ( 4391.261981403078607, -221.4991473426291009, 35.37404167789646436 ) ) ;
#7404 = CARTESIAN_POINT ( 'NONE',  ( 4371.313704018705721, -206.2411119519241822, -10.10623172784440627 ) ) ;
#7405 = CARTESIAN_POINT ( 'NONE',  ( 4386.726813801060416, -257.4117684259452972, -33.95063133254951282 ) ) ;
#7406 = ORIENTED_EDGE ( 'NONE', *, *, #1111, .F. ) ;
#7407 = CARTESIAN_POINT ( 'NONE',  ( 4366.977886989932813, -250.1026718624576688, -44.24913421894675025 ) ) ;
#7408 = SURFACE_STYLE_FILL_AREA ( #4632 ) ;
#7409 = ORIENTED_EDGE ( 'NONE', *, *, #2150, .F. ) ;
#7410 = CARTESIAN_POINT ( 'NONE',  ( 4393.584548324729440, -266.6934593673302629, 20.93244082656525151 ) ) ;
#7411 = CARTESIAN_POINT ( 'NONE',  ( 4393.372783629056357, -277.9155512315545593, 0.003914000457474380371 ) ) ;
#7412 = CARTESIAN_POINT ( 'NONE',  ( 4386.708502256813517, -226.8956736478243386, -35.51402712475329082 ) ) ;
#7413 = CARTESIAN_POINT ( 'NONE',  ( 4384.529428600682877, -249.5779599599399035, 42.51899404505588365 ) ) ;
#7414 = CARTESIAN_POINT ( 'NONE',  ( 4367.141038519385802, -256.1310924598255383, -44.85211451936690707 ) ) ;
#7415 = ORIENTED_EDGE ( 'NONE', *, *, #4028, .F. ) ;
#7416 = CARTESIAN_POINT ( 'NONE',  ( 4380.295283590890904, -224.5447169382916570, 37.92174581662105481 ) ) ;
#7417 = CARTESIAN_POINT ( 'NONE',  ( 4375.758702507184353, -261.2256435934851879, 29.33902415292314814 ) ) ;
#7418 = CARTESIAN_POINT ( 'NONE',  ( 4371.480027081696790, -219.1694368061294540, -35.17799345150498880 ) ) ;
#7419 = CARTESIAN_POINT ( 'NONE',  ( 4393.583284036325495, -248.0658439074182127, -44.25165769792290149 ) ) ;
#7420 = EDGE_CURVE ( 'NONE', #9023, #3673, #779, .T. ) ;
#7421 = CARTESIAN_POINT ( 'NONE',  ( 4371.492348475418112, -221.6201709963695805, 36.81939973534441890 ) ) ;
#7422 = CARTESIAN_POINT ( 'NONE',  ( 4388.904496552936507, -229.0037521551930411, 36.37143730292102362 ) ) ;
#7423 = DIRECTION ( 'NONE',  ( 0.000000000000000000, 0.000000000000000000, -1.000000000000000000 ) ) ;
#7424 = CARTESIAN_POINT ( 'NONE',  ( 4393.307512398179824, -204.2298593430064386, 14.24036266562303688 ) ) ;
#7425 = AXIS2_PLACEMENT_3D ( 'NONE', #8185, #8230, #6766 ) ;
#7426 = CARTESIAN_POINT ( 'NONE',  ( 4382.283816378437223, -203.4313293484456722, 8.700412567785674511 ) ) ;
#7427 = CARTESIAN_POINT ( 'NONE',  ( 4386.703565727829300, -220.9529360459021916, -31.99229224426396101 ) ) ;
#7428 = CARTESIAN_POINT ( 'NONE',  ( 4367.141038519385802, -256.1310924598255383, -44.85211451936690707 ) ) ;
#7429 = CARTESIAN_POINT ( 'NONE',  ( 4393.336792843600961, -205.7155653152983064, -18.40370148895251745 ) ) ;
#7430 = CARTESIAN_POINT ( 'NONE',  ( 4367.276994691145774, -222.6912524869095478, -37.74126440162818596 ) ) ;
#7431 = CARTESIAN_POINT ( 'NONE',  ( 4389.104113777187195, -228.9584476324930051, -39.40594477482621727 ) ) ;
#7432 = LINE ( 'NONE', #2546, #1746 ) ;
#7433 = ADVANCED_FACE ( 'NONE', ( #3361 ), #5153, .F. ) ;
#7434 = PRESENTATION_LAYER_ASSIGNMENT (  '', '', ( #6421 ) ) ;
#7435 = CARTESIAN_POINT ( 'NONE',  ( 4371.342387350015997, -227.5424957372001984, 36.96291023033148093 ) ) ;
#7436 = CARTESIAN_POINT ( 'NONE',  ( 4393.258803072043520, -252.9820221685248214, -43.09986953152155564 ) ) ;
#7437 = ORIENTED_EDGE ( 'NONE', *, *, #6323, .F. ) ;
#7438 = CARTESIAN_POINT ( 'NONE',  ( 4386.812520777780264, -212.0026579906405004, 28.07400178503416655 ) ) ;
#7439 = CARTESIAN_POINT ( 'NONE',  ( 4380.112480382244939, -214.5885956916440023, -27.12409280183600302 ) ) ;
#7440 = CARTESIAN_POINT ( 'NONE',  ( 4375.941019707302985, -305.5155512315545252, -20.90391400045749393 ) ) ;
#7441 = VERTEX_POINT ( 'NONE', #8840 ) ;
#7442 = VECTOR ( 'NONE', #8882, 1000.000000000000000 ) ;
#7443 = CARTESIAN_POINT ( 'NONE',  ( 4386.875740446090276, -222.4926419996832010, -36.28143136754901832 ) ) ;
#7444 = DIRECTION ( 'NONE',  ( 1.000000000000000000, -0.000000000000000000, 0.000000000000000000 ) ) ;
#7445 = CARTESIAN_POINT ( 'NONE',  ( 4393.475099946662340, -253.9419836529961287, -44.86773786005092290 ) ) ;
#7446 = CARTESIAN_POINT ( 'NONE',  ( 4393.277713385043171, -217.6706556214618900, 32.64915258002528731 ) ) ;
#7447 = CARTESIAN_POINT ( 'NONE',  ( 4391.093072431644941, -222.4410028196942335, 32.66911044428259459 ) ) ;
#7448 = CARTESIAN_POINT ( 'NONE',  ( 4391.095323444466885, -225.0551565381975365, -34.20458645462034042 ) ) ;
#7449 = CARTESIAN_POINT ( 'NONE',  ( 4380.121174868864728, -224.0387194327104510, 34.42345400731069560 ) ) ;
#7450 = CARTESIAN_POINT ( 'NONE',  ( 4375.939648812182895, -232.6309236519571755, 41.94619824141215503 ) ) ;
#7451 = CARTESIAN_POINT ( 'NONE',  ( 4367.462507839434693, -263.1919121169984237, -33.72203150491894519 ) ) ;
#7452 = CARTESIAN_POINT ( 'NONE',  ( 4367.406100782461181, -255.8914085745797138, -47.62921617970385313 ) ) ;
#7453 = CARTESIAN_POINT ( 'NONE',  ( 4391.253661270235170, -220.0664793958144969, 34.46508860389309348 ) ) ;
#7454 = CARTESIAN_POINT ( 'NONE',  ( 4380.095801408123407, -206.3651764248364202, -11.20547736545055528 ) ) ;
#7455 = CARTESIAN_POINT ( 'NONE',  ( 4393.613856936264710, -261.8834604308617031, -29.90528712479577678 ) ) ;
#7456 = DIRECTION ( 'NONE',  ( -1.000000000000000000, 0.000000000000000000, 0.000000000000000000 ) ) ;
#7457 = CARTESIAN_POINT ( 'NONE',  ( 4388.906240478900145, -231.1588143218132814, -37.30591614190197447 ) ) ;
#7458 = DIRECTION ( 'NONE',  ( 0.000000000000000000, -1.000000000000000000, 0.000000000000000000 ) ) ;
#7459 = ORIENTED_EDGE ( 'NONE', *, *, #6548, .F. ) ;
#7460 = CARTESIAN_POINT ( 'NONE',  ( 4393.139352604340274, -271.0057080925868718, -6.995661006260341708 ) ) ;
#7461 = CARTESIAN_POINT ( 'NONE',  ( 4374.441019707302985, -302.9155512315545593, 26.00391400045749535 ) ) ;
#7462 = CARTESIAN_POINT ( 'NONE',  ( 4391.096894882056404, -226.8670170207925594, -35.16655914801023641 ) ) ;
#7463 = CARTESIAN_POINT ( 'NONE',  ( 4382.289911708943691, -206.3212326292263299, 10.68967993536447381 ) ) ;
#7464 = CARTESIAN_POINT ( 'NONE',  ( 4367.202705359130050, -256.1264589876982996, -44.84582819192713288 ) ) ;
#7465 = ORIENTED_EDGE ( 'NONE', *, *, #2140, .F. ) ;
#7466 = CARTESIAN_POINT ( 'NONE',  ( 4393.295497094126404, -232.1745591742449051, -37.34877368488668026 ) ) ;
#7467 = CARTESIAN_POINT ( 'NONE',  ( 4375.851178506594806, -215.0469191926775352, 31.67110961524060286 ) ) ;
#7468 = CARTESIAN_POINT ( 'NONE',  ( 4366.974331861941209, -265.8621092721541004, 22.38549751718997172 ) ) ;
#7469 = DIRECTION ( 'NONE',  ( 0.000000000000000000, 0.000000000000000000, 1.000000000000000000 ) ) ;
#7470 = CARTESIAN_POINT ( 'NONE',  ( 4384.661755567683031, -219.1933912042362351, -34.32631325026801505 ) ) ;
#7471 = CARTESIAN_POINT ( 'NONE',  ( 4367.242472397944766, -252.3043474331933567, -47.32205189090926467 ) ) ;
#7472 = EDGE_CURVE ( 'NONE', #6106, #4225, #523, .T. ) ;
#7473 = CARTESIAN_POINT ( 'NONE',  ( 4371.500533453552634, -223.3095272751776008, 37.83961816524715260 ) ) ;
#7474 = CARTESIAN_POINT ( 'NONE',  ( 4386.705204648983454, -222.7879909410257255, 33.19976681542937769 ) ) ;
#7475 = CARTESIAN_POINT ( 'NONE',  ( 4389.427350238954205, -305.5155512315545252, -22.50391400045749535 ) ) ;
#7476 = CARTESIAN_POINT ( 'NONE',  ( 4371.579204777838640, -280.0826064271745395, -0.1293664768002761034 ) ) ;
#7477 = CARTESIAN_POINT ( 'NONE',  ( 4393.432591224039243, -217.3391934126176466, 32.39008527633821188 ) ) ;
#7478 = EDGE_CURVE ( 'NONE', #6574, #7441, #2859, .T. ) ;
#7479 = CARTESIAN_POINT ( 'NONE',  ( 4382.346677740014457, -204.7566726670501680, 16.63125667280365860 ) ) ;
#7480 = CARTESIAN_POINT ( 'NONE',  ( 4388.897645479471066, -220.7879734560468989, -31.72754419445724494 ) ) ;
#7481 = CARTESIAN_POINT ( 'NONE',  ( 4393.307605430597505, -222.7561587921106820, 35.96977439451264758 ) ) ;
#7482 = CARTESIAN_POINT ( 'NONE',  ( 4367.027624440405816, -209.2257934211194197, -25.97261047124702671 ) ) ;
#7483 = CARTESIAN_POINT ( 'NONE',  ( 4380.306123552042664, -226.7832640249893927, -39.07129330545703283 ) ) ;
#7484 = CARTESIAN_POINT ( 'NONE',  ( 4367.501180592883429, -255.8842561818157719, 47.62735068636007441 ) ) ;
#7485 = CARTESIAN_POINT ( 'NONE',  ( 4371.336262370763507, -220.7837942930036377, 32.90254287057592109 ) ) ;
#7486 = CARTESIAN_POINT ( 'NONE',  ( 4393.170421437906043, -252.4327842691785975, -42.18983732404347364 ) ) ;
#7487 = ORIENTED_EDGE ( 'NONE', *, *, #4082, .F. ) ;
#7488 = EDGE_CURVE ( 'NONE', #3025, #3290, #4384, .T. ) ;
#7489 = CARTESIAN_POINT ( 'NONE',  ( 4386.865413439654731, -220.5820679001799931, 35.11100497666280518 ) ) ;
#7490 = CARTESIAN_POINT ( 'NONE',  ( 4391.086065830015286, -215.1434777173874977, -26.97703945725653440 ) ) ;
#7491 = CARTESIAN_POINT ( 'NONE',  ( 4382.565171111442396, -302.9155512315545593, -26.00391400045749535 ) ) ;
#7492 = DIRECTION ( 'NONE',  ( -0.000000000000000000, 1.000000000000000000, -0.000000000000000000 ) ) ;
#7493 = CARTESIAN_POINT ( 'NONE',  ( 4367.099762697518599, -222.0733815759867298, -37.37663703575683627 ) ) ;
#7494 = LINE ( 'NONE', #2556, #3925 ) ;
#7495 = CARTESIAN_POINT ( 'NONE',  ( 4393.148043120537295, -252.2860448135535023, 42.00267928390361050 ) ) ;
#7496 = CARTESIAN_POINT ( 'NONE',  ( 4391.093896226420839, -223.4169535107263016, 33.26922085412977736 ) ) ;
#7497 = CARTESIAN_POINT ( 'NONE',  ( 4393.289558518934427, -225.5604340638001588, -34.31351623105789628 ) ) ;
#7498 = CARTESIAN_POINT ( 'NONE',  ( 4380.145024306175401, -251.9598070740181015, 43.22324092220681990 ) ) ;
#7499 = CARTESIAN_POINT ( 'NONE',  ( 4375.895475613674535, -223.4458389807046785, 37.62087650304000164 ) ) ;
#7500 = CARTESIAN_POINT ( 'NONE',  ( 4374.441019707302985, -302.9155512315545593, -22.40391400045749393 ) ) ;
#7501 = EDGE_CURVE ( 'NONE', #1779, #3096, #1206, .T. ) ;
#7502 = CARTESIAN_POINT ( 'NONE',  ( 4391.267527053943923, -222.4968142347096602, 35.97191361762187256 ) ) ;
#7503 = CARTESIAN_POINT ( 'NONE',  ( 4371.315131427229971, -206.3170002482281689, -11.30316349517614682 ) ) ;
#7504 = CARTESIAN_POINT ( 'NONE',  ( 4393.622336548389285, -259.8887671408119218, -33.64106265005970187 ) ) ;
#7505 = CARTESIAN_POINT ( 'NONE',  ( 4387.927350238953295, -287.7537537522357525, -20.90391400045748682 ) ) ;
#7506 = CARTESIAN_POINT ( 'NONE',  ( 4393.294006023493239, -230.5532552482322899, -36.69250297931237981 ) ) ;
#7507 = CARTESIAN_POINT ( 'NONE',  ( 4376.741019707303167, -305.5155512315545252, 24.40391400045749748 ) ) ;
#7508 = ORIENTED_EDGE ( 'NONE', *, *, #1577, .T. ) ;
#7509 = CARTESIAN_POINT ( 'NONE',  ( 4367.250021228990590, -256.0742036112911251, -47.65988449246427905 ) ) ;
#7510 = CARTESIAN_POINT ( 'NONE',  ( 4367.231296015771477, -249.7197107402812151, 47.01914780202462651 ) ) ;
#7511 = CARTESIAN_POINT ( 'NONE',  ( 4384.514632488748248, -227.4425575402267157, -35.95207918680229398 ) ) ;
#7512 = CARTESIAN_POINT ( 'NONE',  ( 4382.305510035574116, -212.4543920398086527, 24.66807140743119220 ) ) ;
#7513 = CARTESIAN_POINT ( 'NONE',  ( 4367.362106038689490, -255.3535766974339083, -46.64612576384794806 ) ) ;
#7514 = PRESENTATION_LAYER_ASSIGNMENT (  '', '', ( #3842 ) ) ;
#7515 = ORIENTED_EDGE ( 'NONE', *, *, #1691, .F. ) ;
#7516 = CARTESIAN_POINT ( 'NONE',  ( 4376.048677036073968, -266.4520816116752826, -25.29867816276310322 ) ) ;
#7517 = CARTESIAN_POINT ( 'NONE',  ( 4380.129198829033157, -233.5338494880675739, -38.94559039465796957 ) ) ;
#7518 = CARTESIAN_POINT ( 'NONE',  ( 4375.737087247342060, -203.8330445709106868, 13.56550116002659756 ) ) ;
#7519 = CARTESIAN_POINT ( 'NONE',  ( 4367.150432318134335, -254.2873826755211439, -44.69209131257801459 ) ) ;
#7520 = CARTESIAN_POINT ( 'NONE',  ( 4371.479150170574030, -218.9961899047192446, -35.05454410017994604 ) ) ;
#7521 = B_SPLINE_CURVE_WITH_KNOTS ( 'NONE', 3,
 ( #8459, #4987, #2886, #740 ),
 .UNSPECIFIED., .F., .F.,
 ( 4, 4 ),
 ( 0.000000000000000000, 1.000000000000000000 ),
 .UNSPECIFIED. ) ;
#7522 = CARTESIAN_POINT ( 'NONE',  ( 4384.798991023812960, -249.8340951186138170, -45.35401291483533015 ) ) ;
#7523 = CARTESIAN_POINT ( 'NONE',  ( 4371.501216363934873, -223.4499916896915579, 37.92123146645543841 ) ) ;
#7524 = CARTESIAN_POINT ( 'NONE',  ( 4386.702681584176389, -219.9717225069631752, 31.31104300267757168 ) ) ;
#7525 = DIRECTION ( 'NONE',  ( 0.000000000000000000, -1.000000000000000000, 0.000000000000000000 ) ) ;
#7526 = CARTESIAN_POINT ( 'NONE',  ( 4393.459279104016787, -221.8342390098267174, 35.41565940090582387 ) ) ;
#7527 = CARTESIAN_POINT ( 'NONE',  ( 4382.600223408589045, -248.7493802239862930, 45.43725671374313890 ) ) ;
#7528 = CARTESIAN_POINT ( 'NONE',  ( 4391.091812170816411, -221.1168721677578048, -31.79751290449643619 ) ) ;
#7529 = CARTESIAN_POINT ( 'NONE',  ( 4393.432316055796946, -252.0864798355576966, 44.71571152456753140 ) ) ;
#7530 = CARTESIAN_POINT ( 'NONE',  ( 4380.187790343575216, -207.3039049833288345, -22.35285359078301681 ) ) ;
#7531 = CARTESIAN_POINT ( 'NONE',  ( 4386.910445564697511, -229.5529710224568589, -39.83199876443523380 ) ) ;
#7532 = CARTESIAN_POINT ( 'NONE',  ( 4393.474901669210340, -253.9419982016641768, -44.86775964052365140 ) ) ;
#7533 = CARTESIAN_POINT ( 'NONE',  ( 4371.362658165497123, -246.1541721475594500, 43.25570805466771418 ) ) ;
#7534 = CARTESIAN_POINT ( 'NONE',  ( 4393.093706625118102, -203.4313293483712641, -8.024721105230662843 ) ) ;
#7535 = ORIENTED_EDGE ( 'NONE', *, *, #8834, .T. ) ;
#7536 = CARTESIAN_POINT ( 'NONE',  ( 4387.001135732190960, -251.2105047216715548, 45.29221596459330357 ) ) ;
#7537 = CARTESIAN_POINT ( 'NONE',  ( 4384.503112856292319, -214.5862649431383318, -26.85189717435828172 ) ) ;
#7538 = FILL_AREA_STYLE ('',( #593 ) ) ;
#7539 = CARTESIAN_POINT ( 'NONE',  ( 4393.589081608572997, -265.8391844952761858, -22.52759392134982264 ) ) ;
#7540 = ORIENTED_EDGE ( 'NONE', *, *, #8429, .T. ) ;
#7541 = CARTESIAN_POINT ( 'NONE',  ( 4382.483176981375436, -222.6172065744924566, -36.66925713777993678 ) ) ;
#7542 = DIRECTION ( 'NONE',  ( -0.000000000000000000, 1.000000000000000000, 0.000000000000000000 ) ) ;
#7543 = CARTESIAN_POINT ( 'NONE',  ( 4393.475496491418198, -253.9419545563998497, 44.87552230114171437 ) ) ;
#7544 = EDGE_CURVE ( 'NONE', #4541, #5030, #2578, .T. ) ;
#7545 = CARTESIAN_POINT ( 'NONE',  ( 4391.094353449900154, -223.9061752984384270, 33.55866616973866456 ) ) ;
#7546 = CARTESIAN_POINT ( 'NONE',  ( 4386.706848124166754, -224.8099911565903710, -34.39198739946442629 ) ) ;
#7547 = CARTESIAN_POINT ( 'NONE',  ( 4380.137786983948899, -243.3280507242607484, 41.88705779281925601 ) ) ;
#7548 = CARTESIAN_POINT ( 'NONE',  ( 4371.687590262007689, -261.7421071770902472, 35.43396885871125335 ) ) ;
#7549 = CARTESIAN_POINT ( 'NONE',  ( 4367.391931782884967, -249.5548329537581935, 46.98137270124429676 ) ) ;
#7550 = CARTESIAN_POINT ( 'NONE',  ( 4391.251637533607209, -219.7238518300711405, 34.23791960377671728 ) ) ;
#7551 = CARTESIAN_POINT ( 'NONE',  ( 4386.678706751878053, -206.2885282522703960, -10.01836481310322391 ) ) ;
#7553 = DIRECTION ( 'NONE',  ( 0.000000000000000000, 0.000000000000000000, -1.000000000000000000 ) ) ;
#7552 = B_SPLINE_CURVE_WITH_KNOTS ( 'NONE', 3,
 ( #6276, #2927, #1515, #2841, #5592, #3569, #8413, #7731, #4390, #1473, #2799, #4259, #5725, #8501, #2123, #4985, #7687, #91, #6448, #2249, #8370, #4301, #7084, #2884, #1430, #2969, #5679, #8456, #2210, #7003, #45, #4215, #5026, #5068, #7126, #7777, #738, #866, #2292, #179, #8547, #3529, #7860, #6320, #3786, #5160, #7207, #2379, #5943, #8039, #5301, #4615, #3696, #7390, #5255, #3739, #7950, #6490, #3191, #7301, #3011, #260, #5810, #4477, #5852, #8634 ),
 .UNSPECIFIED., .F., .F.,
 ( 4, 2, 2, 2, 2, 2, 2, 2, 2, 2, 2, 2, 2, 2, 2, 2, 2, 2, 2, 2, 2, 2, 2, 2, 2, 2, 2, 2, 2, 2, 2, 2, 4 ),
 ( 0.000000000000000000, 0.005726947351988671310, 0.009768707728606603607, 0.01381046810522453504, 0.02997750961169626249, 0.09464567563758317925, 0.2239820076893569711, 0.3533183397411308047, 0.3856524227540742422, 0.4179865057670176798, 0.4503205887799611173, 0.4826546717929046104, 0.5149887548058481590, 0.5311557963123199055, 0.5392393170655557233, 0.5473228378187915411, 0.5554063585720273588, 0.5634898793252632876, 0.5715734000784992164, 0.5796569208317350341, 0.5877404415849708519, 0.5958239623382067807, 0.6039074830914425984, 0.6119910038446784162, 0.6281580453511501627, 0.6443250868576219093, 0.6766591698705652913, 0.7413273358964522775, 0.8059955019223392636, 0.8706636679482261387, 0.9029977509611695208, 0.9353318339741130139, 1.000000000000000000 ),
 .UNSPECIFIED. ) ;
#7554 = CARTESIAN_POINT ( 'NONE',  ( 4380.947391558322124, -289.7815121590419380, -26.22612988217232299 ) ) ;
#7555 = ORIENTED_EDGE ( 'NONE', *, *, #5249, .F. ) ;
#7556 = CARTESIAN_POINT ( 'NONE',  ( 4367.406100782461181, -255.8914085745797138, -47.62921617970385313 ) ) ;
#7557 = EDGE_CURVE ( 'NONE', #3718, #8936, #1, .T. ) ;
#7558 = CARTESIAN_POINT ( 'NONE',  ( 4393.474901659067655, -253.9419982024102467, 44.87558764254978882 ) ) ;
#7559 = CARTESIAN_POINT ( 'NONE',  ( 4382.318981179028924, -226.9242919352314516, -35.85556629137650475 ) ) ;
#7560 = CARTESIAN_POINT ( 'NONE',  ( 4382.297147066798971, -207.6741437165360651, 16.49130137649270011 ) ) ;
#7561 = CARTESIAN_POINT ( 'NONE',  ( 4375.762510881452727, -206.2313293484011751, 9.091482469972572034 ) ) ;
#7562 = EDGE_LOOP ( 'NONE', ( #4216, #6735, #5367, #8927 ) ) ;
#7563 = CARTESIAN_POINT ( 'NONE',  ( 4382.661199623458742, -257.7622783670634021, -40.31818100624767709 ) ) ;
#7564 = CARTESIAN_POINT ( 'NONE',  ( 4366.955335804209426, -232.0763366064707043, -39.36429049365739274 ) ) ;
#7565 = CARTESIAN_POINT ( 'NONE',  ( 4375.873908922659211, -219.1776179139197609, 34.90988681833462692 ) ) ;
#7566 = CARTESIAN_POINT ( 'NONE',  ( 4386.854597283050680, -218.6766196113082401, -33.81470929651724333 ) ) ;
#7567 = CARTESIAN_POINT ( 'NONE',  ( 4376.023442100788088, -251.0470931915086510, -46.35403658166995911 ) ) ;
#7568 = CARTESIAN_POINT ( 'NONE',  ( 4371.497908928668039, -222.7486024428718281, 37.50967799214647158 ) ) ;
#7569 = CARTESIAN_POINT ( 'NONE',  ( 4386.704760328416342, -222.2647340113573762, 32.86987590604226028 ) ) ;
#7570 = CARTESIAN_POINT ( 'NONE',  ( 4375.969720236180365, -279.6465750335049734, -0.1030130433488840036 ) ) ;
#7571 = CARTESIAN_POINT ( 'NONE',  ( 4393.496356622052190, -228.9082401456156788, 39.03777202108857125 ) ) ;
#7572 = CARTESIAN_POINT ( 'NONE',  ( 4382.473534869079231, -220.7510635825088912, 35.52658418752969993 ) ) ;
#7573 = CARTESIAN_POINT ( 'NONE',  ( 4386.704602642110331, -222.0969100994812493, -32.75383432906352965 ) ) ;
#7574 = CARTESIAN_POINT ( 'NONE',  ( 4393.172038857943335, -205.3586122502660203, 17.62071225727845913 ) ) ;
#7575 = CARTESIAN_POINT ( 'NONE',  ( 4380.168127573446327, -205.7261063862914909, -19.22622313880668088 ) ) ;
#7576 = CARTESIAN_POINT ( 'NONE',  ( 4386.896808873678310, -226.7375221199767736, -38.55541153325137316 ) ) ;
#7577 = CARTESIAN_POINT ( 'NONE',  ( 4367.127016191328039, -231.9907277539709582, -39.31591809297252382 ) ) ;
#7578 = CARTESIAN_POINT ( 'NONE',  ( 4371.372674927198204, -255.3436983807663694, 44.38819648350387581 ) ) ;
#7579 = VECTOR ( 'NONE', #6658, 1000.000000000000000 ) ;
#7580 = CARTESIAN_POINT ( 'NONE',  ( 4393.147353619331625, -204.2298813942505262, -14.24291366664469827 ) ) ;
#7581 = ORIENTED_EDGE ( 'NONE', *, *, #1400, .T. ) ;
#7582 = CARTESIAN_POINT ( 'NONE',  ( 4384.477551484321339, -203.4313293483997427, 8.570005961453118104 ) ) ;
#7583 = CARTESIAN_POINT ( 'NONE',  ( 4366.940184720225261, -216.2926664545406084, -29.55556891896569027 ) ) ;
#7584 = CARTESIAN_POINT ( 'NONE',  ( 4375.701828473783280, -203.4313293483199345, -9.072628308221599269 ) ) ;
#7585 = CARTESIAN_POINT ( 'NONE',  ( 4375.889729837069353, -222.2247487318712729, -36.89334660637600649 ) ) ;
#7586 = CARTESIAN_POINT ( 'NONE',  ( 4367.224542210040454, -212.5271213313660894, -29.82413163148747870 ) ) ;
#7587 = DIRECTION ( 'NONE',  ( 0.000000000000000000, -1.000000000000000000, 0.000000000000000000 ) ) ;
#7588 = AXIS2_PLACEMENT_3D ( 'NONE', #7849, #6519, #1548 ) ;
#7589 = CARTESIAN_POINT ( 'NONE',  ( 4388.871439936354363, -206.2313293483465770, 8.301334659862433796 ) ) ;
#7590 = CARTESIAN_POINT ( 'NONE',  ( 4391.095213086627155, -224.9271206688947871, -34.13382169141798528 ) ) ;
#7591 = CARTESIAN_POINT ( 'NONE',  ( 4375.706487419930454, -206.3634176722078166, 11.46804193246260084 ) ) ;
#7592 = CARTESIAN_POINT ( 'NONE',  ( 4371.672181234411255, -264.8160979584307597, 29.49878480797539382 ) ) ;
#7593 = CARTESIAN_POINT ( 'NONE',  ( 4367.280740638420866, -223.5345562003497264, 38.24651845442355835 ) ) ;
#7594 = AXIS2_PLACEMENT_3D ( 'NONE', #8213, #1311, #4783 ) ;
#7595 = CARTESIAN_POINT ( 'NONE',  ( 4389.019936311570746, -213.8001255382299917, 29.72199574200073258 ) ) ;
#7596 = CARTESIAN_POINT ( 'NONE',  ( 4382.292569144738081, -206.5893216785821380, -12.65505167863506841 ) ) ;
#7597 = DIRECTION ( 'NONE',  ( -0.000000000000000000, 1.000000000000000000, -0.000000000000000000 ) ) ;
#7598 = ORIENTED_EDGE ( 'NONE', *, *, #2037, .T. ) ;
#7599 = ADVANCED_FACE ( 'NONE', ( #4180 ), #7925, .T. ) ;
#7600 = CARTESIAN_POINT ( 'NONE',  ( 4374.441019707302985, -305.5155512315545252, -26.00391400045749535 ) ) ;
#7601 = EDGE_LOOP ( 'NONE', ( #6079, #6053, #7249, #1348, #2605 ) ) ;
#7602 = CARTESIAN_POINT ( 'NONE',  ( 4393.330898585399154, -227.2460432662677192, -38.29607723084974680 ) ) ;
#7603 = CARTESIAN_POINT ( 'NONE',  ( 4367.214052607539088, -245.8649237573218329, 46.42891327801623902 ) ) ;
#7604 = VECTOR ( 'NONE', #2589, 1000.000000000000000 ) ;
#7605 = CARTESIAN_POINT ( 'NONE',  ( 4382.320706328089727, -229.0756909183999426, -36.90322170870697249 ) ) ;
#7606 = CARTESIAN_POINT ( 'NONE',  ( 4384.528798888576603, -248.3997100953713186, 42.36060037548764257 ) ) ;
#7607 = CARTESIAN_POINT ( 'NONE',  ( 4382.565171111442396, -305.5155512315545252, -26.00391400045749535 ) ) ;
#7608 = ORIENTED_EDGE ( 'NONE', *, *, #682, .F. ) ;
#7609 = CARTESIAN_POINT ( 'NONE',  ( 4380.408015073114257, -271.1157365075324606, -15.38460387578588318 ) ) ;
#7610 = CARTESIAN_POINT ( 'NONE',  ( 4393.296509804054040, -233.2615900099233386, -37.76289180722623939 ) ) ;
#7611 = EDGE_CURVE ( 'NONE', #3487, #7743, #1247, .T. ) ;
#7612 = CARTESIAN_POINT ( 'NONE',  ( 4375.719754681176710, -203.5304819849030764, 11.33127091760455052 ) ) ;
#7613 = CARTESIAN_POINT ( 'NONE',  ( 4375.878348277740770, -220.0380734960814664, -35.49418369494016190 ) ) ;
#7614 = CARTESIAN_POINT ( 'NONE',  ( 4382.612372996200065, -252.2173864709383224, -45.82209056909240275 ) ) ;
#7615 = CARTESIAN_POINT ( 'NONE',  ( 4371.375480071833408, -205.0385757082439682, 18.10822195803157442 ) ) ;
#7616 = CARTESIAN_POINT ( 'NONE',  ( 4386.687375523706578, -207.9636842847890819, 16.96462508027578053 ) ) ;
#7617 = CARTESIAN_POINT ( 'NONE',  ( 4367.150470765836872, -255.5237977831440901, 42.35619377655162054 ) ) ;
#7618 = CARTESIAN_POINT ( 'NONE',  ( 4393.401206415645902, -212.5862792028807462, 28.25824217977140762 ) ) ;
#7619 = ADVANCED_FACE ( 'NONE', ( #8050 ), #8144, .T. ) ;
#7620 = CARTESIAN_POINT ( 'NONE',  ( 4382.481308580013319, -222.2333025336960475, 36.44927623407923534 ) ) ;
#7621 = CARTESIAN_POINT ( 'NONE',  ( 4375.728634161715490, -222.2618437267660454, -33.61407266185550924 ) ) ;
#7622 = CARTESIAN_POINT ( 'NONE',  ( 4393.429355045019292, -250.7574115437593605, 44.59236849467366426 ) ) ;
#7623 = CARTESIAN_POINT ( 'NONE',  ( 4371.447147704056988, -213.1873417967323121, -30.19863066749783087 ) ) ;
#7624 = CARTESIAN_POINT ( 'NONE',  ( 4391.294894153806126, -227.8187166317487424, -38.72012169608094467 ) ) ;
#7625 = CARTESIAN_POINT ( 'NONE',  ( 4367.131909853715115, -238.9843461824937947, -41.86165805546875163 ) ) ;
#7626 = CARTESIAN_POINT ( 'NONE',  ( 4393.198543939377487, -207.2877995495618109, 21.54978019754133101 ) ) ;
#7627 = CARTESIAN_POINT ( 'NONE',  ( 4371.366281672299920, -249.2106267682146381, 43.72848458171824149 ) ) ;
#7628 = CARTESIAN_POINT ( 'NONE',  ( 4393.277713435730220, -217.6706645020193491, -32.64133117340475110 ) ) ;
#7629 = CARTESIAN_POINT ( 'NONE',  ( 4384.481315071002427, -203.4313320490213357, 9.021133643701491067 ) ) ;
#7630 = CARTESIAN_POINT ( 'NONE',  ( 4386.699157120880955, -216.2931225070523737, -28.34505206570935698 ) ) ;
#7631 = CARTESIAN_POINT ( 'NONE',  ( 4371.332648233295913, -203.5786303923058824, -12.01080040531380533 ) ) ;
#7632 = CARTESIAN_POINT ( 'NONE',  ( 4389.072371386603663, -222.6213992067941945, -36.19841153958839897 ) ) ;
#7633 = CARTESIAN_POINT ( 'NONE',  ( 4367.282622057178742, -223.9549460858942780, -38.48035446266850812 ) ) ;
#7634 = B_SPLINE_SURFACE_WITH_KNOTS ( 'NONE', 1, 3, ( 
 ( #7244, #6850, #5935, #586, #7484, #5981, #4608 ),
 ( #5438, #6029, #1178, #4560, #4750, #6710, #4015 ),
 ( #8715, #3873, #3283, #8808, #1229, #2461, #2502 ) ),
 .UNSPECIFIED., .F., .F., .F.,
 ( 2, 1, 2 ),
 ( 4, 3, 4 ),
 ( 0.000000000000000000, 1.000000000000000000, 1.010000000000000009 ),
 ( 0.04212291014411446988, 0.04218512172848206537, 0.04228600283895062734 ),
 .UNSPECIFIED. ) ;
#7635 = CARTESIAN_POINT ( 'NONE',  ( 4367.136949929371440, -277.2858478115782077, 0.003914000457557633220 ) ) ;
#7636 = CARTESIAN_POINT ( 'NONE',  ( 4391.105199235943473, -236.0576103776350578, 38.96312678492034109 ) ) ;
#7637 = CARTESIAN_POINT ( 'NONE',  ( 4375.731096813746262, -225.1005535461175668, 35.34646637026733629 ) ) ;
#7638 = CARTESIAN_POINT ( 'NONE',  ( 4384.530958793817263, -252.8263342468410997, -42.85835917444799037 ) ) ;
#7639 = CARTESIAN_POINT ( 'NONE',  ( 4376.071984434471233, -262.3863008009022337, 33.12934627081131111 ) ) ;
#7640 = CARTESIAN_POINT ( 'NONE',  ( 4367.150391302156095, -253.4260954718192238, -46.32510250441602295 ) ) ;
#7641 = CARTESIAN_POINT ( 'NONE',  ( 4389.032126982420777, -215.6927263326291211, 31.39018373773163617 ) ) ;
#7642 = CARTESIAN_POINT ( 'NONE',  ( 4393.269850969745676, -207.6695738187193285, -15.79628657747941389 ) ) ;
#7643 = CARTESIAN_POINT ( 'NONE',  ( 4393.474324642818829, -255.9488197052976943, -41.14434286335737312 ) ) ;
#7644 = ORIENTED_EDGE ( 'NONE', *, *, #5540, .F. ) ;
#7645 = CARTESIAN_POINT ( 'NONE',  ( 4387.927350238953295, -289.7815121590419380, -24.00391400045749535 ) ) ;
#7646 = VERTEX_POINT ( 'NONE', #7500 ) ;
#7647 = CARTESIAN_POINT ( 'NONE',  ( 4393.147353619331625, -204.2298813942507820, -14.24291366664566461 ) ) ;
#7648 = CARTESIAN_POINT ( 'NONE',  ( 4393.277152421374012, -212.4384918921937242, 23.97221205785907117 ) ) ;
#7649 = CARTESIAN_POINT ( 'NONE',  ( 4388.900188237376824, -223.6698207357802346, -33.57297363224992637 ) ) ;
#7650 = CARTESIAN_POINT ( 'NONE',  ( 4382.317710392252593, -225.3415289014292568, 35.01627520267477678 ) ) ;
#7651 = CARTESIAN_POINT ( 'NONE',  ( 4367.436266875392903, -302.9155512315545593, 24.10391400045742571 ) ) ;
#7652 = CARTESIAN_POINT ( 'NONE',  ( 4377.141019707303712, -302.9155512315545593, -24.40391400045749748 ) ) ;
#7653 = ORIENTED_EDGE ( 'NONE', *, *, #6166, .F. ) ;
#7654 = CARTESIAN_POINT ( 'NONE',  ( 4388.908014952769008, -233.3522600796219137, -38.16595353077570962 ) ) ;
#7655 = CARTESIAN_POINT ( 'NONE',  ( 4375.767097129281865, -205.0407079889697286, 17.86369801215658626 ) ) ;
#7656 = CARTESIAN_POINT ( 'NONE',  ( 4380.276407262854264, -220.7465873343367093, -35.66513240652729166 ) ) ;
#7657 = CARTESIAN_POINT ( 'NONE',  ( 4389.200995428943315, -251.8856297086656753, -45.12615362584273981 ) ) ;
#7658 = CARTESIAN_POINT ( 'NONE',  ( 4371.637884862547253, -252.9510530485519268, 46.97763844930451427 ) ) ;
#7659 = CARTESIAN_POINT ( 'NONE',  ( 4386.704602644254010, -222.0969100994698238, 32.76166232982068749 ) ) ;
#7660 = ADVANCED_FACE ( 'NONE', ( #1792 ), #6538, .T. ) ;
#7661 = VECTOR ( 'NONE', #728, 1000.000000000000000 ) ;
#7662 = CARTESIAN_POINT ( 'NONE',  ( 4387.927350238953295, -289.7815121590419380, 24.00391400045749535 ) ) ;
#7663 = CARTESIAN_POINT ( 'NONE',  ( 4393.453484603094694, -220.7743839429604975, 34.76257714591702097 ) ) ;
#7664 = CARTESIAN_POINT ( 'NONE',  ( 4382.464891817448006, -219.1894961405508298, 34.48006025882673953 ) ) ;
#7665 = CARTESIAN_POINT ( 'NONE',  ( 4384.510216907383438, -221.9288069157811947, -32.79918916143174101 ) ) ;
#7666 = CARTESIAN_POINT ( 'NONE',  ( 4393.432071677238127, -251.6525828552239545, 44.67726205386647820 ) ) ;
#7667 = CARTESIAN_POINT ( 'NONE',  ( 4384.633420330084846, -214.4203997806592099, -30.56454411560704898 ) ) ;
#7668 = B_SPLINE_CURVE_WITH_KNOTS ( 'NONE', 3,
 ( #7904, #4567, #7346, #1645 ),
 .UNSPECIFIED., .F., .F.,
 ( 4, 4 ),
 ( 0.000000000000000000, 1.000000000000000000 ),
 .UNSPECIFIED. ) ;
#7669 = CARTESIAN_POINT ( 'NONE',  ( 4393.504836362589231, -230.5969220902618133, -39.73114129720855914 ) ) ;
#7670 = CARTESIAN_POINT ( 'NONE',  ( 4393.348511416764268, -253.4818686764136544, 44.02738288625803875 ) ) ;
#7671 = CARTESIAN_POINT ( 'NONE',  ( 4366.923090340333147, -206.2614990254135137, 10.73708613938077328 ) ) ;
#7672 = CARTESIAN_POINT ( 'NONE',  ( 4393.281945138082847, -218.3427825493963894, -33.13127287386816988 ) ) ;
#7673 = VERTEX_POINT ( 'NONE', #4848 ) ;
#7674 = CARTESIAN_POINT ( 'NONE',  ( 4384.553147389668084, -205.3661617375007893, 18.16965541126096184 ) ) ;
#7675 = CARTESIAN_POINT ( 'NONE',  ( 4375.725475740139700, -218.7156667691890561, -31.07501473871477771 ) ) ;
#7676 = CARTESIAN_POINT ( 'NONE',  ( 4382.321249972044825, -203.8361821499059658, -13.17400600680939249 ) ) ;
#7677 = CARTESIAN_POINT ( 'NONE',  ( 4380.290617542501423, -223.5796793303941286, -37.37966705172379989 ) ) ;
#7678 = CARTESIAN_POINT ( 'NONE',  ( 4367.120906704682056, -203.6751681946862789, -13.11934733062032699 ) ) ;
#7679 = CARTESIAN_POINT ( 'NONE',  ( 4379.098141427417431, -276.1197265085764343, 0.003914000457577731726 ) ) ;
#7680 = CARTESIAN_POINT ( 'NONE',  ( 4388.890467171491764, -213.5056253580070518, 25.42798191241400829 ) ) ;
#7681 = CARTESIAN_POINT ( 'NONE',  ( 4375.712220177073505, -207.6734784159588969, 16.87865309917966528 ) ) ;
#7682 = CARTESIAN_POINT ( 'NONE',  ( 4371.371679025346566, -253.8193712525774686, -44.24853163100443254 ) ) ;
#7683 = CARTESIAN_POINT ( 'NONE',  ( 4389.220255215687757, -263.2618489094967344, 28.34332411964089715 ) ) ;
#7684 = CARTESIAN_POINT ( 'NONE',  ( 4367.305647965807111, -229.1304374623217370, 41.12313974241580894 ) ) ;
#7685 = CARTESIAN_POINT ( 'NONE',  ( 4388.882970313903570, -203.4967752480057754, 10.10582812433190725 ) ) ;
#7686 = CARTESIAN_POINT ( 'NONE',  ( 4382.293541431811718, -206.7644783620364137, -13.43202553686729850 ) ) ;
#7687 = CARTESIAN_POINT ( 'NONE',  ( 4393.132971291585818, -232.7197388729341583, 37.58227178219269859 ) ) ;
#7688 = ORIENTED_EDGE ( 'NONE', *, *, #5936, .F. ) ;
#7689 = CARTESIAN_POINT ( 'NONE',  ( 4367.467819822858473, -255.8867657733923124, 47.63075206517660121 ) ) ;
#7690 = VERTEX_POINT ( 'NONE', #5634 ) ;
#7691 = CARTESIAN_POINT ( 'NONE',  ( 4393.252378672596024, -213.7985958513603748, -29.43634069996451075 ) ) ;
#7692 = CARTESIAN_POINT ( 'NONE',  ( 4393.284284548786673, -219.6543519333458221, 30.62436918562266186 ) ) ;
#7693 = CARTESIAN_POINT ( 'NONE',  ( 4391.093770216126359, -223.2777886111815349, -33.17739795729701768 ) ) ;
#7694 = CARTESIAN_POINT ( 'NONE',  ( 4382.324232184302673, -233.4884791521792238, 38.76212703921584790 ) ) ;
#7695 = CARTESIAN_POINT ( 'NONE',  ( 4393.123175828224703, -220.9525657531611671, -31.54129499779821799 ) ) ;
#7696 = CARTESIAN_POINT ( 'NONE',  ( 4367.305647965807111, -229.1304374623217370, 41.12313974241580894 ) ) ;
#7697 = ORIENTED_EDGE ( 'NONE', *, *, #2071, .F. ) ;
#7698 = CARTESIAN_POINT ( 'NONE',  ( 4380.452731081290040, -263.0206354443617442, -30.85377571406067077 ) ) ;
#7699 = CARTESIAN_POINT ( 'NONE',  ( 4366.992083174810432, -256.1098344960179816, -41.27217323875415644 ) ) ;
#7700 = CARTESIAN_POINT ( 'NONE',  ( 4375.742027810582840, -236.4770831439270466, -40.38466613376177605 ) ) ;
#7701 = CARTESIAN_POINT ( 'NONE',  ( 4371.483460353147166, -219.8582555227944795, -35.65718391458019454 ) ) ;
#7702 = CARTESIAN_POINT ( 'NONE',  ( 4382.612631432130001, -252.2942557689511034, -45.82909654580227254 ) ) ;
#7703 = CARTESIAN_POINT ( 'NONE',  ( 4367.011417558386711, -207.3022955435379231, 23.10256144391783906 ) ) ;
#7704 = CARTESIAN_POINT ( 'NONE',  ( 4386.706327476871593, -224.1596857787407941, 34.02680225816222048 ) ) ;
#7705 = CARTESIAN_POINT ( 'NONE',  ( 4367.467819822858473, -255.8867657733923693, 47.63075206517702753 ) ) ;
#7706 = CARTESIAN_POINT ( 'NONE',  ( 4393.538247895968198, -237.4667250006799577, 42.10451127280480677 ) ) ;
#7707 = CARTESIAN_POINT ( 'NONE',  ( 4382.586342983206123, -245.0683273201684642, 44.88352096953533987 ) ) ;
#7708 = CARTESIAN_POINT ( 'NONE',  ( 4388.898673008514379, -221.9293654594057728, -32.49205234425129163 ) ) ;
#7709 = CARTESIAN_POINT ( 'NONE',  ( 4393.123630215428420, -221.4416900653156972, 31.87736211285995580 ) ) ;
#7710 = CARTESIAN_POINT ( 'NONE',  ( 4371.436168760608780, -211.4308939366263473, -28.35692323588691011 ) ) ;
#7711 = EDGE_CURVE ( 'NONE', #4564, #3115, #690, .T. ) ;
#7712 = CARTESIAN_POINT ( 'NONE',  ( 4384.722130322332305, -231.3070900165228636, -40.72742862249379669 ) ) ;
#7713 = CARTESIAN_POINT ( 'NONE',  ( 4393.170731445918136, -252.4893754884655550, 42.20574130848451944 ) ) ;
#7714 = CARTESIAN_POINT ( 'NONE',  ( 4366.944800227443920, -221.4363019182491996, 33.63094714828321941 ) ) ;
#7715 = CARTESIAN_POINT ( 'NONE',  ( 4393.339187965762903, -228.9097458996878913, -39.04337550786453193 ) ) ;
#7716 = CARTESIAN_POINT ( 'NONE',  ( 4386.888603598864393, -225.0749168432346607, 37.72659830840107276 ) ) ;
#7717 = CARTESIAN_POINT ( 'NONE',  ( 4375.723821554751339, -216.8909774087480571, -29.56012361088887275 ) ) ;
#7718 = FILL_AREA_STYLE ('',( #2281 ) ) ;
#7719 = CARTESIAN_POINT ( 'NONE',  ( 4371.339629204027915, -203.6791221417024360, -12.91114093636378612 ) ) ;
#7720 = EDGE_CURVE ( 'NONE', #2845, #56, #315, .T. ) ;
#7721 = CARTESIAN_POINT ( 'NONE',  ( 4393.466501353234889, -223.1623286721014097, -36.18198311772123787 ) ) ;
#7722 = CARTESIAN_POINT ( 'NONE',  ( 4367.202228436881342, -209.2023528047432421, -25.93112877832757945 ) ) ;
#7723 = FACE_OUTER_BOUND ( 'NONE', #1476, .T. ) ;
#7724 = CARTESIAN_POINT ( 'NONE',  ( 4388.871997128716430, -206.2313302449354069, 8.699384234558195317 ) ) ;
#7725 = CARTESIAN_POINT ( 'NONE',  ( 4375.729995215203417, -223.7935411808348647, 34.58271560142674161 ) ) ;
#7726 = CARTESIAN_POINT ( 'NONE',  ( 4384.530940136473873, -253.1195419454980140, -42.88404686922473985 ) ) ;
#7727 = CARTESIAN_POINT ( 'NONE',  ( 4380.457413826027732, -262.0061091646496152, 32.79696683083719222 ) ) ;
#7728 = CARTESIAN_POINT ( 'NONE',  ( 4367.150379325706126, -253.1743182690957497, -46.80247513135682169 ) ) ;
#7729 = CARTESIAN_POINT ( 'NONE',  ( 4391.398252183189470, -251.2005169840150245, 44.84553839686955712 ) ) ;
#7730 = CARTESIAN_POINT ( 'NONE',  ( 4393.268373206285105, -207.1544388157088292, -14.28876655072896718 ) ) ;
#7731 = CARTESIAN_POINT ( 'NONE',  ( 4393.144700805961293, -251.3272718376092882, 41.84981132724045239 ) ) ;
#7732 = ORIENTED_EDGE ( 'NONE', *, *, #8818, .T. ) ;
#7733 = CIRCLE ( 'NONE', #3046, 1.500000000000001332 ) ;
#7734 = LINE ( 'NONE', #8372, #1536 ) ;
#7735 = EDGE_LOOP ( 'NONE', ( #2312, #277, #920, #8909, #1878, #8224, #1387, #150, #5894 ) ) ;
#7736 = CARTESIAN_POINT ( 'NONE',  ( 4393.379447727963452, -237.4714629328629485, -42.11239908581934088 ) ) ;
#7737 = CARTESIAN_POINT ( 'NONE',  ( 4393.286391872890817, -221.9295681969268799, 32.18438094886835898 ) ) ;
#7738 = CARTESIAN_POINT ( 'NONE',  ( 4382.315880813048352, -223.1160485159795996, -33.70520926392750738 ) ) ;
#7739 = CARTESIAN_POINT ( 'NONE',  ( 4382.320706329740460, -229.0756909183690482, 36.91104970948332920 ) ) ;
#7740 = VECTOR ( 'NONE', #5989, 1000.000000000000114 ) ;
#7741 = CARTESIAN_POINT ( 'NONE',  ( 4393.144561740530662, -251.0384321446424565, -41.81325382518705425 ) ) ;
#7742 = CARTESIAN_POINT ( 'NONE',  ( 4367.297895087606776, -227.3832641116644595, 40.29969632948400715 ) ) ;
#7743 = VERTEX_POINT ( 'NONE', #6227 ) ;
#7744 = CARTESIAN_POINT ( 'NONE',  ( 4380.469028166906355, -257.9367002546594563, -40.52813084248564479 ) ) ;
#7745 = CARTESIAN_POINT ( 'NONE',  ( 4382.341233045581248, -255.8562245198992571, -37.96885487010752058 ) ) ;
#7746 = CARTESIAN_POINT ( 'NONE',  ( 4391.107306182425418, -238.2975478184066560, -39.62942466277674214 ) ) ;
#7747 = CARTESIAN_POINT ( 'NONE',  ( 4375.879272626699276, -220.2098092984788593, -35.60999914001556022 ) ) ;
#7748 = CIRCLE ( 'NONE', #436, 1.000000000000000888 ) ;
#7749 = CARTESIAN_POINT ( 'NONE',  ( 4393.595808308417872, -251.4918492626527780, -44.63786326770008372 ) ) ;
#7750 = CARTESIAN_POINT ( 'NONE',  ( 4366.927745967755982, -203.4415577618609916, 10.43031571391031775 ) ) ;
#7751 = CARTESIAN_POINT ( 'NONE',  ( 4384.492746891864044, -207.9647374437380734, 17.10081151537380961 ) ) ;
#7752 = CARTESIAN_POINT ( 'NONE',  ( 4367.467792610433207, -255.8028834615323603, 47.78979962464805453 ) ) ;
#7753 = CARTESIAN_POINT ( 'NONE',  ( 4380.276407265925627, -220.7465873343307976, 35.67296040722989403 ) ) ;
#7754 = CARTESIAN_POINT ( 'NONE',  ( 4393.313994627500506, -254.0506611102268835, 38.69603755931122890 ) ) ;
#7755 = CARTESIAN_POINT ( 'NONE',  ( 4393.141365845241125, -245.0132295834312401, 41.00346579587555595 ) ) ;
#7756 = CARTESIAN_POINT ( 'NONE',  ( 4386.832713376196807, -215.0560924475346667, -30.97431455762577102 ) ) ;
#7757 = CARTESIAN_POINT ( 'NONE',  ( 4367.147840096510663, -232.1961016645634857, -42.43013698864670857 ) ) ;
#7758 = CARTESIAN_POINT ( 'NONE',  ( 4393.174516847408086, -252.5108584736759383, 42.24451346751807534 ) ) ;
#7759 = CARTESIAN_POINT ( 'NONE',  ( 4371.367009160454472, -249.8232242132962995, 43.81553525984415387 ) ) ;
#7760 = CARTESIAN_POINT ( 'NONE',  ( 4393.127944602912066, -226.3342103338375466, -34.73640208664021856 ) ) ;
#7761 = CARTESIAN_POINT ( 'NONE',  ( 4384.530336327207806, -251.3495269958512779, -42.71778847662479706 ) ) ;
#7762 = CARTESIAN_POINT ( 'NONE',  ( 4384.625460078788819, -213.1953025322386566, 29.41159055940312683 ) ) ;
#7763 = CARTESIAN_POINT ( 'NONE',  ( 4375.722195754722634, -215.1535345539373907, -27.94756076669704115 ) ) ;
#7764 = SURFACE_STYLE_USAGE ( .BOTH. , #2697 ) ;
#7765 = CARTESIAN_POINT ( 'NONE',  ( 4375.719754679163998, -203.5304819849020532, -11.32344291679924631 ) ) ;
#7766 = CARTESIAN_POINT ( 'NONE',  ( 4367.098911900365238, -203.4313214445255653, -10.40392789882309188 ) ) ;
#7767 = CARTESIAN_POINT ( 'NONE',  ( 4389.076495869929204, -223.4355374480139460, -36.66486499967246004 ) ) ;
#7768 = CARTESIAN_POINT ( 'NONE',  ( 4367.334894863644877, -235.7198731409230277, -43.75574799830493333 ) ) ;
#7769 = FACE_OUTER_BOUND ( 'NONE', #5549, .T. ) ;
#7770 = CARTESIAN_POINT ( 'NONE',  ( 4391.120464680752775, -252.6247540082514718, 42.17699073880732641 ) ) ;
#7771 = CARTESIAN_POINT ( 'NONE',  ( 4375.730745227512671, -224.7046337758416996, 35.12001580496163911 ) ) ;
#7772 = EDGE_CURVE ( 'NONE', #2803, #8205, #875, .T. ) ;
#7773 = CARTESIAN_POINT ( 'NONE',  ( 4387.011379569687961, -266.4738497139293827, 22.78527813841197869 ) ) ;
#7774 = DIRECTION ( 'NONE',  ( 1.486905836551618499E-15, 0.000000000000000000, -1.000000000000000000 ) ) ;
#7775 = CARTESIAN_POINT ( 'NONE',  ( 4389.042200024013255, -217.3344126782550347, 32.68815887213774829 ) ) ;
#7776 = CARTESIAN_POINT ( 'NONE',  ( 4382.297147065148238, -207.6741437165374009, -16.48347337567956927 ) ) ;
#7777 = CARTESIAN_POINT ( 'NONE',  ( 4393.125465709803393, -223.4172621246584072, 33.11848816513222005 ) ) ;
#7778 = VERTEX_POINT ( 'NONE', #6399 ) ;
#7779 = VECTOR ( 'NONE', #7134, 1000.000000000000000 ) ;
#7780 = LINE ( 'NONE', #1517, #6187 ) ;
#7781 = ORIENTED_EDGE ( 'NONE', *, *, #4356, .T. ) ;
#7782 = CARTESIAN_POINT ( 'NONE',  ( 4393.188621322216932, -206.4299132386356064, -20.01617230997385022 ) ) ;
#7783 = CARTESIAN_POINT ( 'NONE',  ( 4393.282236777571597, -217.4790819312420354, 28.94346463727299579 ) ) ;
#7784 = CARTESIAN_POINT ( 'NONE',  ( 4388.899950087669822, -223.4163715438236579, -33.42118851555130021 ) ) ;
#7785 = CARTESIAN_POINT ( 'NONE',  ( 4382.317071138770189, -224.5591991775094414, 34.57397468446918509 ) ) ;
#7786 = ADVANCED_FACE ( 'NONE', ( #5065 ), #3693, .T. ) ;
#7787 = CARTESIAN_POINT ( 'NONE',  ( 4393.133381106445086, -233.2646873170972697, -37.77787924095967753 ) ) ;
#7788 = CARTESIAN_POINT ( 'NONE',  ( 4367.287641865025762, -225.0845329874636604, 39.11713317065689210 ) ) ;
#7789 = ORIENTED_EDGE ( 'NONE', *, *, #4982, .T. ) ;
#7790 = CARTESIAN_POINT ( 'NONE',  ( 4384.848861837109325, -259.6084940808070201, -36.28077555196345116 ) ) ;
#7791 = CARTESIAN_POINT ( 'NONE',  ( 4384.428094297180905, -203.4313293481865514, -8.583240303825544260 ) ) ;
#7792 = CARTESIAN_POINT ( 'NONE',  ( 4380.135743665053269, -240.9944437452076897, -41.28557797698336174 ) ) ;
#7793 = VECTOR ( 'NONE', #1893, 1000.000000000000000 ) ;
#7794 = CARTESIAN_POINT ( 'NONE',  ( 4367.097827196898834, -206.4463516841645969, -12.70517002036337573 ) ) ;
#7795 = CARTESIAN_POINT ( 'NONE',  ( 4393.596744186386786, -251.7171328387731819, -44.65814456714208092 ) ) ;
#7796 = CARTESIAN_POINT ( 'NONE',  ( 4371.636604995223934, -252.6331534427493466, 46.94839406253766612 ) ) ;
#7797 = CARTESIAN_POINT ( 'NONE',  ( 4386.707056144499802, -225.0680972786574330, 34.54420604075493628 ) ) ;
#7798 = CARTESIAN_POINT ( 'NONE',  ( 4367.150383307608536, -253.2582440041038581, 46.65117892434417257 ) ) ;
#7799 = CARTESIAN_POINT ( 'NONE',  ( 4380.089820410888024, -203.4313293484037786, 8.827093814866445953 ) ) ;
#7800 = CARTESIAN_POINT ( 'NONE',  ( 4366.985927576950417, -260.0505882480166520, 33.72201941074944642 ) ) ;
#7801 = CARTESIAN_POINT ( 'NONE',  ( 4393.144871957626492, -251.6867916162701135, 41.88353059414013302 ) ) ;
#7802 = CARTESIAN_POINT ( 'NONE',  ( 4384.621467724848117, -212.5909851527617889, -28.81354444447033814 ) ) ;
#7803 = CARTESIAN_POINT ( 'NONE',  ( 4393.513260284908029, -232.2971629833051281, -40.38272855537378092 ) ) ;
#7804 = CARTESIAN_POINT ( 'NONE',  ( 4393.272871225566632, -253.0603939529386253, 43.25184633336519369 ) ) ;
#7805 = CARTESIAN_POINT ( 'NONE',  ( 4366.948204116811212, -225.1268134806071828, 35.94879277124523043 ) ) ;
#7806 = CARTESIAN_POINT ( 'NONE',  ( 4393.125465713414087, -223.4172696640294760, -33.11066468235301130 ) ) ;
#7807 = VECTOR ( 'NONE', #2843, 1000.000000000000000 ) ;
#7808 = CARTESIAN_POINT ( 'NONE',  ( 4384.703228141481304, -227.3154826592403879, 39.00821082669212103 ) ) ;
#7809 = CARTESIAN_POINT ( 'NONE',  ( 4386.702681582031801, -219.9717225069734354, -31.30321500191566386 ) ) ;
#7810 =( NAMED_UNIT ( * ) SI_UNIT ( $, .STERADIAN. ) SOLID_ANGLE_UNIT ( ) );
#7811 = CARTESIAN_POINT ( 'NONE',  ( 4386.692066720860566, -203.5346661806504187, -10.68095257580778856 ) ) ;
#7812 = FACE_OUTER_BOUND ( 'NONE', #4019, .T. ) ;
#7813 = CARTESIAN_POINT ( 'NONE',  ( 4389.074316944115708, -223.0248046463443359, -36.43174465420619157 ) ) ;
#7814 = CARTESIAN_POINT ( 'NONE',  ( 4367.118489935505750, -220.2321783247959388, -32.75965662692652813 ) ) ;
#7815 = LINE ( 'NONE', #7036, #3120 ) ;
#7816 = CARTESIAN_POINT ( 'NONE',  ( 4375.712571833225411, -207.8193840406128174, 17.25012346543496022 ) ) ;
#7817 = CARTESIAN_POINT ( 'NONE',  ( 4389.210004579306769, -265.2719166211641664, 24.56129367780420125 ) ) ;
#7818 = CARTESIAN_POINT ( 'NONE',  ( 4367.156667555076638, -205.0285841817734820, 18.31078848127931380 ) ) ;
#7819 = CARTESIAN_POINT ( 'NONE',  ( 4389.134259929900509, -235.2625408143422590, 41.83141763313980732 ) ) ;
#7820 = CARTESIAN_POINT ( 'NONE',  ( 4388.881612775693611, -207.8175807455111794, -16.44970897388634157 ) ) ;
#7821 = CARTESIAN_POINT ( 'NONE',  ( 4393.148227988108374, -251.4603745200572575, -43.55154833189552477 ) ) ;
#7822 = ORIENTED_EDGE ( 'NONE', *, *, #3688, .T. ) ;
#7823 = DIRECTION ( 'NONE',  ( -0.000000000000000000, 0.000000000000000000, 1.000000000000000000 ) ) ;
#7824 = ADVANCED_FACE ( 'NONE', ( #2289 ), #131, .F. ) ;
#7825 = ORIENTED_EDGE ( 'NONE', *, *, #5585, .F. ) ;
#7826 = CARTESIAN_POINT ( 'NONE',  ( 4367.436266863795936, -268.0912865651311563, -24.10391400045698518 ) ) ;
#7827 = CARTESIAN_POINT ( 'NONE',  ( 4391.066404347419848, -206.2313293483432801, 8.163394592933221006 ) ) ;
#7828 = CARTESIAN_POINT ( 'NONE',  ( 4393.287948858097479, -223.6689443764697387, -33.24822282394180206 ) ) ;
#7829 = CARTESIAN_POINT ( 'NONE',  ( 4382.318129795992718, -225.8670044626216225, 35.30289687267648446 ) ) ;
#7830 = CARTESIAN_POINT ( 'NONE',  ( 4393.117750351764698, -215.6904928144225835, -27.40631615370899254 ) ) ;
#7831 = CARTESIAN_POINT ( 'NONE',  ( 4367.119763686521765, -221.8630888927251021, 33.91054416471001076 ) ) ;
#7832 = CARTESIAN_POINT ( 'NONE',  ( 4375.767735986704793, -253.4600146422640989, -44.14175965991761075 ) ) ;
#7833 = CARTESIAN_POINT ( 'NONE',  ( 4382.324680722828816, -234.0502448021711075, -38.95981042896671198 ) ) ;
#7834 = ADVANCED_FACE ( 'NONE', ( #7164 ), #8586, .T. ) ;
#7835 = CARTESIAN_POINT ( 'NONE',  ( 4367.140453387560228, -252.7359924496124108, -44.54972603298102740 ) ) ;
#7836 = CARTESIAN_POINT ( 'NONE',  ( 4387.004414521776198, -252.5651776944969811, -45.40929879578229844 ) ) ;
#7837 = CARTESIAN_POINT ( 'NONE',  ( 4371.571929951258426, -238.1614955376957141, 44.20036546585028248 ) ) ;
#7838 = CARTESIAN_POINT ( 'NONE',  ( 4386.707463324011769, -225.5863787159227059, 34.83015786175870687 ) ) ;
#7839 = CARTESIAN_POINT ( 'NONE',  ( 4367.130251798862446, -236.6133224495497416, 41.11592826502313613 ) ) ;
#7840 = CARTESIAN_POINT ( 'NONE',  ( 4382.613329179974244, -254.2239224400271098, 46.00597339363403648 ) ) ;
#7841 = CARTESIAN_POINT ( 'NONE',  ( 4393.132971291585818, -232.7197388729341867, 37.58227178219259201 ) ) ;
#7842 = CARTESIAN_POINT ( 'NONE',  ( 4367.074038157636096, -216.9713859091511381, -33.79879501045495971 ) ) ;
#7843 = CARTESIAN_POINT ( 'NONE',  ( 4375.936791999297384, -232.0398477142923639, -41.71054161107911540 ) ) ;
#7844 = CARTESIAN_POINT ( 'NONE',  ( 4393.359850967663988, -253.5450744394744902, 44.14372239369320283 ) ) ;
#7845 = CARTESIAN_POINT ( 'NONE',  ( 4366.957948634277273, -234.3885599262767983, 40.28778341108463934 ) ) ;
#7846 = CARTESIAN_POINT ( 'NONE',  ( 4393.112448759279687, -211.4555614556981595, -22.73291506497704262 ) ) ;
#7847 = CARTESIAN_POINT ( 'NONE',  ( 4384.668481457481903, -220.3996312612052293, 35.14726548377388582 ) ) ;
#7848 = CARTESIAN_POINT ( 'NONE',  ( 4366.942371884413660, -218.7110741086851817, -31.60878383193703556 ) ) ;
#7849 = CARTESIAN_POINT ( 'NONE',  ( 0.000000000000000000, -302.9155512315545593, 0.000000000000000000 ) ) ;
#7850 = CARTESIAN_POINT ( 'NONE',  ( 4391.119463311470099, -204.4712866297576284, -15.23340658087031940 ) ) ;
#7851 = LINE ( 'NONE', #2959, #12 ) ;
#7852 = CARTESIAN_POINT ( 'NONE',  ( 4386.877588161087260, -222.8889651250343320, -36.51266655881254053 ) ) ;
#7853 = CARTESIAN_POINT ( 'NONE',  ( 4367.135136685707948, -243.7987994990550362, -43.12606694026138143 ) ) ;
#7854 = CARTESIAN_POINT ( 'NONE',  ( 4387.927350238953295, -305.5155512315545252, 20.90391400045748682 ) ) ;
#7855 = CARTESIAN_POINT ( 'NONE',  ( 4375.735292681174542, -229.6964119222674299, 37.69371207040812521 ) ) ;
#7856 = CARTESIAN_POINT ( 'NONE',  ( 4380.435977846820606, -266.0566171187007285, 25.06019922562455449 ) ) ;
#7857 = CARTESIAN_POINT ( 'NONE',  ( 4367.252078494067064, -217.5766862180416581, 34.27141717577954694 ) ) ;
#7858 = CARTESIAN_POINT ( 'NONE',  ( 4389.090332167824272, -226.1691665934604316, 38.11453791235324928 ) ) ;
#7859 = CARTESIAN_POINT ( 'NONE',  ( 4366.930264685547627, -207.9606393966809321, -18.09053081088320170 ) ) ;
#7860 = CARTESIAN_POINT ( 'NONE',  ( 4393.123952636919057, -221.7660602117721567, 32.09031059426978061 ) ) ;
#7861 = CARTESIAN_POINT ( 'NONE',  ( 4389.427350238954205, -305.5155512315545252, 26.00391400045749535 ) ) ;
#7862 = CARTESIAN_POINT ( 'NONE',  ( 4367.251949466358383, -255.5086933950157970, 44.79562568326349492 ) ) ;
#7863 = CARTESIAN_POINT ( 'NONE',  ( 4398.227350238953477, -305.5155512315545252, 26.00391400045749535 ) ) ;
#7864 = UNCERTAINTY_MEASURE_WITH_UNIT (LENGTH_MEASURE( 1.000000000000000082E-05 ), #5366, 'distance_accuracy_value', 'NONE');
#7865 = CARTESIAN_POINT ( 'NONE',  ( 4391.073210061845202, -206.9405882344913437, 13.67430314962025228 ) ) ;
#7866 = CARTESIAN_POINT ( 'NONE',  ( 4393.288671186704960, -224.5376630447918274, -33.74950886773618919 ) ) ;
#7867 = CARTESIAN_POINT ( 'NONE',  ( 4380.118625556127881, -221.1155363305630885, 32.55858030037715167 ) ) ;
#7868 = CARTESIAN_POINT ( 'NONE',  ( 4393.143858036334677, -249.5958657490921837, -41.66158048090307631 ) ) ;
#7869 = CARTESIAN_POINT ( 'NONE',  ( 4367.122516927095603, -225.6041623274889787, 36.20915908332822397 ) ) ;
#7870 = ADVANCED_FACE ( 'NONE', ( #4342 ), #863, .F. ) ;
#7871 = AXIS2_PLACEMENT_3D ( 'NONE', #1723, #1817, #4512 ) ;
#7872 = CARTESIAN_POINT ( 'NONE',  ( 4391.198038545848249, -211.4283968280554404, 27.16384194019136444 ) ) ;
#7873 = CARTESIAN_POINT ( 'NONE',  ( 4384.855428656152071, -255.5685337328918365, -43.93249458789299666 ) ) ;
#7874 = CARTESIAN_POINT ( 'NONE',  ( 4380.149118878332047, -256.0325402774806776, -38.17400458777831318 ) ) ;
#7875 = CARTESIAN_POINT ( 'NONE',  ( 4367.104025445585648, -207.9532832757352594, -18.06313950219039910 ) ) ;
#7876 = CARTESIAN_POINT ( 'NONE',  ( 4389.201580181109421, -252.5449840932602115, -45.18440328002608197 ) ) ;
#7877 = CARTESIAN_POINT ( 'NONE',  ( 4367.122340350675586, -226.8761156388500808, 40.06077719125765668 ) ) ;
#7878 = VECTOR ( 'NONE', #3922, 1000.000000000000000 ) ;
#7879 = CARTESIAN_POINT ( 'NONE',  ( 4386.706425981043139, -224.2894903368685391, 34.10197217569852057 ) ) ;
#7880 = CARTESIAN_POINT ( 'NONE',  ( 4367.127016192260271, -231.9907251167771562, 39.32374498571060428 ) ) ;
#7881 = ORIENTED_EDGE ( 'NONE', *, *, #4543, .T. ) ;
#7882 = VECTOR ( 'NONE', #4277, 1000.000000000000000 ) ;
#7883 = CARTESIAN_POINT ( 'NONE',  ( 4380.270613823146959, -219.7039926614326646, 34.98102323923519208 ) ) ;
#7884 = CARTESIAN_POINT ( 'NONE',  ( 4371.376515803069196, -257.7234769001681229, 37.12388440284146895 ) ) ;
#7885 = CARTESIAN_POINT ( 'NONE',  ( 4393.144700805961293, -251.3272718376092882, 41.84981132724032449 ) ) ;
#7886 = CARTESIAN_POINT ( 'NONE',  ( 4375.854826618641710, -215.6799465093650099, -32.21812651914338232 ) ) ;
#7887 = CARTESIAN_POINT ( 'NONE',  ( 4389.165590220097329, -242.3384169716977965, -43.71343292261490632 ) ) ;
#7888 = CARTESIAN_POINT ( 'NONE',  ( 4382.663850667306178, -255.7318681049252689, 44.17460548161352563 ) ) ;
#7889 = CARTESIAN_POINT ( 'NONE',  ( 4366.979566744817930, -251.3466426211805640, 44.41871584677171114 ) ) ;
#7890 = ADVANCED_FACE ( 'NONE', ( #4298 ), #4577, .T. ) ;
#7891 = CARTESIAN_POINT ( 'NONE',  ( 4393.431608007031173, -253.9451750711983493, -44.87251509709728481 ) ) ;
#7892 = CARTESIAN_POINT ( 'NONE',  ( 4384.669514179522594, -220.5776223774518598, 35.26240536866421138 ) ) ;
#7893 = CARTESIAN_POINT ( 'NONE',  ( 4384.507583125877318, -219.0274488044530585, -30.74897681942307059 ) ) ;
#7894 = CARTESIAN_POINT ( 'NONE',  ( 4382.342018473003918, -253.9352157096603833, 41.61956287055598125 ) ) ;
#7895 = CARTESIAN_POINT ( 'NONE',  ( 4380.162926676317511, -205.3671480386009591, -18.42506842169084891 ) ) ;
#7896 = PLANE ( 'NONE',  #580 ) ;
#7897 = CARTESIAN_POINT ( 'NONE',  ( 4384.692403263576125, -225.0830671000311440, -37.88692443116671882 ) ) ;
#7898 = CARTESIAN_POINT ( 'NONE',  ( 4367.117454400988208, -218.9715776251391333, -31.80577271898125957 ) ) ;
#7899 = CARTESIAN_POINT ( 'NONE',  ( 4375.760281816848874, -253.1844065455922248, 43.77361430531105668 ) ) ;
#7900 = CARTESIAN_POINT ( 'NONE',  ( 4376.042609965471456, -267.4671249740008534, 23.35186413820763107 ) ) ;
#7901 = DIRECTION ( 'NONE',  ( 0.000000000000000000, -1.000000000000000000, 0.000000000000000000 ) ) ;
#7902 = CARTESIAN_POINT ( 'NONE',  ( 4389.184334940475310, -247.1341200403367679, 44.56070713985074150 ) ) ;
#7903 = CARTESIAN_POINT ( 'NONE',  ( 4371.321895166791364, -207.9634405048474832, -17.85881121710575314 ) ) ;
#7904 = CARTESIAN_POINT ( 'NONE',  ( 4367.438643291347944, -302.9155512315545593, -20.50391400045749180 ) ) ;
#7905 = ORIENTED_EDGE ( 'NONE', *, *, #4584, .T. ) ;
#7906 = CARTESIAN_POINT ( 'NONE',  ( 4380.278319382502559, -221.1123545130670038, -35.89868845307238843 ) ) ;
#7907 = CARTESIAN_POINT ( 'NONE',  ( 4367.136949929371440, -277.2858478115782077, 0.003914000457557633220 ) ) ;
#7908 = CARTESIAN_POINT ( 'NONE',  ( 4393.412653930228771, -269.9064240979299143, -14.95700766636403856 ) ) ;
#7909 = PLANE ( 'NONE',  #868 ) ;
#7910 = CARTESIAN_POINT ( 'NONE',  ( 4391.074807885705923, -207.4082969772260014, 15.19406786361670392 ) ) ;
#7911 = CARTESIAN_POINT ( 'NONE',  ( 4393.288451326006907, -224.2796146730565852, -33.60238018139037308 ) ) ;
#7912 = CARTESIAN_POINT ( 'NONE',  ( 4380.120369663871315, -223.1150960923683613, 33.86353671962073975 ) ) ;
#7913 = CARTESIAN_POINT ( 'NONE',  ( 4367.406472526649850, -253.8919281165656798, 47.46443891268292248 ) ) ;
#7914 = CARTESIAN_POINT ( 'NONE',  ( 4393.580999079571484, -247.4717315400259281, 44.17682562800689539 ) ) ;
#7915 = CARTESIAN_POINT ( 'NONE',  ( 4387.047221913773683, -257.4166858157891511, -39.89267836036036385 ) ) ;
#7916 = CARTESIAN_POINT ( 'NONE',  ( 4388.916050025264667, -263.8862487987688041, -21.22618898069564963 ) ) ;
#7917 = CARTESIAN_POINT ( 'NONE',  ( 4386.724926464296004, -249.4362508396352496, -42.27595681770450398 ) ) ;
#7918 = ORIENTED_EDGE ( 'NONE', *, *, #4872, .F. ) ;
#7919 = CARTESIAN_POINT ( 'NONE',  ( 4380.419489573012470, -253.0624070976300573, -46.11501615790712805 ) ) ;
#7920 = CARTESIAN_POINT ( 'NONE',  ( 4367.110145150893914, -224.2987836525889520, 38.69355525457886102 ) ) ;
#7921 = CARTESIAN_POINT ( 'NONE',  ( 4393.289783841429198, -225.8181530967020194, -34.45018853379239232 ) ) ;
#7922 = CARTESIAN_POINT ( 'NONE',  ( 4384.503716709920809, -215.1501533205594967, 27.41065132523130998 ) ) ;
#7923 = CARTESIAN_POINT ( 'NONE',  ( 4393.431608002327266, -253.9451750715421952, 44.88034309852960746 ) ) ;
#7924 = ORIENTED_EDGE ( 'NONE', *, *, #1231, .T. ) ;
#7925 = B_SPLINE_SURFACE_WITH_KNOTS ( 'NONE', 1, 3, ( 
 ( #8379, #613, #2218, #2765, #6239, #8983, #5560, #7054, #5510, #6287, #6369, #4818, #55, #15, #4862, #2809, #2133, #8295, #3405, #6968, #703, #6191, #1525, #747, #5689, #1482, #5603, #4906, #4948, #657, #100, #3495, #8422, #790, #3450, #8339, #1439, #2089, #2851, #2175, #8467, #7788, #6880, #2721, #7742, #6922, #7696, #2041, #2893, #4224, #1346, #4269, #3538, #6330, #4994, #5646, #4136, #9028, #1654, #4398, #5860, #4312, #878, #3622, #7913, #3109, #7093, #831 ),
 ( #2344, #3664, #3800, #5037, #7959, #7174, #3063, #6411, #5776, #2435, #270, #5907, #8644, #916, #145, #3707, #317, #957, #7217, #6499, #2389, #3019, #3749, #6456, #7831, #4440, #5170, #6539, #2301, #188, #5218, #229, #1699, #4488, #8004, #8689, #6587, #1567, #7263, #5734, #7869, #2977, #8556, #2936, #5820, #8512, #5076, #1002, #2259, #1611, #4355, #7135, #8598, #5123, #1840, #3984, #6091, #1197, #5452, #5953, #5267, #4625, #6000, #7400, #3251, #4579, #8872, #5359 ) ),
 .UNSPECIFIED., .F., .F., .F.,
 ( 2, 2 ),
 ( 4, 2, 2, 2, 2, 2, 2, 2, 2, 2, 2, 2, 2, 2, 2, 2, 2, 2, 2, 2, 2, 2, 2, 2, 2, 2, 2, 2, 2, 2, 2, 2, 2, 4 ),
 ( 0.000000000000000000, 1.000000000000000000 ),
 ( 4.133372205834296184E-07, 0.03244356691692009548, 0.06488672049661960151, 0.09732987407631910060, 0.1297730276560186136, 0.1946593348154176395, 0.2595456419748166654, 0.3244319491342156914, 0.3568751027139152043, 0.3730966795037649608, 0.3893182562936147173, 0.4055398330834644738, 0.4136506214783893798, 0.4217614098733142303, 0.4298721982682390808, 0.4379829866631639868, 0.4460937750580888927, 0.4542045634530137432, 0.4623153518479385937, 0.4704261402428634997, 0.4866477170327132562, 0.5190908706124127692, 0.5515340241921122821, 0.5839771777718116841, 0.6164203313515111970, 0.6488634849312107100, 0.7786360992500087619, 0.9084087135688068138, 0.9408518671485063267, 0.9732950207282058397, 0.9895165975180556517, 0.9976273859129805022, 1.005738174307905464, 1.038181327887604866 ),
 .UNSPECIFIED. ) ;
#7926 = CARTESIAN_POINT ( 'NONE',  ( 4380.269710607005436, -219.5316283468280574, 34.86258045049951448 ) ) ;
#7927 = CARTESIAN_POINT ( 'NONE',  ( 4386.727540782198957, -255.5073778932498954, 37.56025826050230876 ) ) ;
#7928 = CARTESIAN_POINT ( 'NONE',  ( 4382.565171111442396, -302.9155512315545593, 32.00391400045749890 ) ) ;
#7929 = CARTESIAN_POINT ( 'NONE',  ( 4389.044159624803797, -217.6658207253261139, -32.92999695797158921 ) ) ;
#7930 = CARTESIAN_POINT ( 'NONE',  ( 4382.597950504399705, -248.1350333981929168, -45.34320378405163154 ) ) ;
#7931 = EDGE_CURVE ( 'NONE', #220, #2569, #5676, .T. ) ;
#7932 = CARTESIAN_POINT ( 'NONE',  ( 4376.088748714890244, -255.1918295378390269, 46.82930705366933211 ) ) ;
#7933 = CARTESIAN_POINT ( 'NONE',  ( 4388.906240481272107, -231.1588143217588254, 37.31374414260196204 ) ) ;
#7934 = CARTESIAN_POINT ( 'NONE',  ( 4366.976225310009795, -248.8627888854286141, 44.07204442559153534 ) ) ;
#7935 = CARTESIAN_POINT ( 'NONE',  ( 4393.127089388412969, -225.3040065315159666, -34.18727974840621187 ) ) ;
#7936 = CARTESIAN_POINT ( 'NONE',  ( 4384.685659243530608, -223.7112902907325349, 37.14823958338845244 ) ) ;
#7937 = CARTESIAN_POINT ( 'NONE',  ( 4380.118201960843180, -220.6223571874756715, -32.20757445242588091 ) ) ;
#7938 = DIRECTION ( 'NONE',  ( -0.000000000000000000, 1.000000000000000000, 0.000000000000000000 ) ) ;
#7939 = CARTESIAN_POINT ( 'NONE',  ( 4375.749771677998069, -204.2280280722048644, -15.30799273456950615 ) ) ;
#7940 = CARTESIAN_POINT ( 'NONE',  ( 4387.927350238953295, -305.5155512315545252, 22.40391400045749037 ) ) ;
#7941 = CARTESIAN_POINT ( 'NONE',  ( 4382.495239315609979, -225.0913089844382000, -38.05218734822748416 ) ) ;
#7942 = CARTESIAN_POINT ( 'NONE',  ( 4387.927350238953295, -302.9155512315545593, -20.90391400045748682 ) ) ;
#7943 = EDGE_CURVE ( 'NONE', #6899, #4564, #8613, .T. ) ;
#7944 = CARTESIAN_POINT ( 'NONE',  ( 4375.749618441123857, -243.5289082898947015, 42.32726876978608743 ) ) ;
#7945 = LINE ( 'NONE', #799, #3373 ) ;
#7946 = CARTESIAN_POINT ( 'NONE',  ( 4393.372384233192861, -277.9956414964132136, -0.1456961016858498714 ) ) ;
#7947 = EDGE_LOOP ( 'NONE', ( #3218, #1687, #7370, #1182 ) ) ;
#7948 = CARTESIAN_POINT ( 'NONE',  ( 4389.200995434128345, -251.8856297082373032, 45.13398162619012766 ) ) ;
#7949 = CARTESIAN_POINT ( 'NONE',  ( 4391.075938615906125, -207.8161684137059524, -16.31014413168985655 ) ) ;
#7950 = CARTESIAN_POINT ( 'NONE',  ( 4393.112448760379266, -211.4555569006578537, 22.74073693666651508 ) ) ;
#7951 = ORIENTED_EDGE ( 'NONE', *, *, #328, .F. ) ;
#7952 = CARTESIAN_POINT ( 'NONE',  ( 4367.094904304624833, -221.0845795513201040, -36.74933672778582405 ) ) ;
#7953 = CARTESIAN_POINT ( 'NONE',  ( 4367.546008636641091, -256.8137676775938303, -47.71240848072476126 ) ) ;
#7954 = CARTESIAN_POINT ( 'NONE',  ( 4393.467126489144903, -257.9086778541487206, -37.39298523702889554 ) ) ;
#7955 = CARTESIAN_POINT ( 'NONE',  ( 4393.432071677239037, -251.6525828552239545, 44.67726205386648530 ) ) ;
#7956 = CARTESIAN_POINT ( 'NONE',  ( 4393.289783844313206, -225.8181530966786852, 34.45801653447377788 ) ) ;
#7957 = CARTESIAN_POINT ( 'NONE',  ( 4375.729995214292103, -223.7935411808444996, -34.57488760057825061 ) ) ;
#7958 = CARTESIAN_POINT ( 'NONE',  ( 4380.117034308821530, -219.3396566111267418, 31.28170454479376517 ) ) ;
#7959 = CARTESIAN_POINT ( 'NONE',  ( 4367.098800922394730, -206.5791385799730051, 13.49781103623973522 ) ) ;
#7960 = CARTESIAN_POINT ( 'NONE',  ( 4393.587765801274145, -249.2555473896884450, 44.41135058720293216 ) ) ;
#7961 = CARTESIAN_POINT ( 'NONE',  ( 4382.336161383475883, -262.5603372945594742, -25.22167013690769011 ) ) ;
#7962 = CARTESIAN_POINT ( 'NONE',  ( 4391.115889582996715, -247.4225805433949006, -41.56136136685279325 ) ) ;
#7963 = EDGE_LOOP ( 'NONE', ( #5769, #1855, #1901, #3969, #6645, #4521 ) ) ;
#7964 = CARTESIAN_POINT ( 'NONE',  ( 4367.248411224868505, -253.6808444700704968, -47.45349528719815169 ) ) ;
#7965 = CARTESIAN_POINT ( 'NONE',  ( 4367.087813962649307, -219.6796209869418703, 35.81598932664915935 ) ) ;
#7966 = CARTESIAN_POINT ( 'NONE',  ( 4384.493168719714959, -208.1181389179461974, 17.46606168018677963 ) ) ;
#7967 = CARTESIAN_POINT ( 'NONE',  ( 4367.120421991910916, -222.7125422981953022, 34.46953247309064494 ) ) ;
#7968 = ORIENTED_EDGE ( 'NONE', *, *, #5499, .T. ) ;
#7969 = CARTESIAN_POINT ( 'NONE',  ( 4380.412385740572972, -250.7455976456573410, 45.89849002782985821 ) ) ;
#7970 = CARTESIAN_POINT ( 'NONE',  ( 4388.920544651458840, -258.1807714377904972, 31.97853341940520266 ) ) ;
#7971 = DIRECTION ( 'NONE',  ( 0.000000000000000000, -1.000000000000000000, 0.000000000000000000 ) ) ;
#7972 = CARTESIAN_POINT ( 'NONE',  ( 4386.840712864819579, -216.3403841348791445, -32.05629147275519131 ) ) ;
#7973 = CARTESIAN_POINT ( 'NONE',  ( 4386.958563488664367, -240.0554347511662456, -43.34105900738251904 ) ) ;
#7974 = CARTESIAN_POINT ( 'NONE',  ( 4389.245171293141539, -255.2433204906134279, 43.46744499226539915 ) ) ;
#7975 = CARTESIAN_POINT ( 'NONE',  ( 4388.922727420307638, -253.3678592228100115, 42.46782320110781228 ) ) ;
#7976 = CARTESIAN_POINT ( 'NONE',  ( 4366.955335804132119, -232.0763366064572040, 39.37211849457239055 ) ) ;
#7977 = CARTESIAN_POINT ( 'NONE',  ( 4393.144561740530662, -251.0384321446424565, -41.81325382518705425 ) ) ;
#7978 = EDGE_CURVE ( 'NONE', #2579, #1752, #1973, .T. ) ;
#7979 = CARTESIAN_POINT ( 'NONE',  ( 4382.437084796021736, -214.4191304859042475, 30.71035537931309278 ) ) ;
#7980 = CARTESIAN_POINT ( 'NONE',  ( 4393.284896513700915, -220.2938412475396319, -31.07629888532735052 ) ) ;
#7981 = CYLINDRICAL_SURFACE ( 'NONE', #7871, 1.500000000000001332 ) ;
#7982 = CARTESIAN_POINT ( 'NONE',  ( 4382.327887060024295, -204.0332606884605298, -14.04788341765422288 ) ) ;
#7983 = CARTESIAN_POINT ( 'NONE',  ( 4367.257263342462466, -218.5823899608499801, -35.01784527673075331 ) ) ;
#7984 = CARTESIAN_POINT ( 'NONE',  ( 4371.503859988535623, -224.0079060764680605, -38.23207084748226947 ) ) ;
#7985 = CARTESIAN_POINT ( 'NONE',  ( 4367.120541783876433, -222.8852681018007615, -34.57271466401365956 ) ) ;
#7986 = CARTESIAN_POINT ( 'NONE',  ( 4371.320478993598044, -207.4060543969929427, 16.36817874332079015 ) ) ;
#7987 = CARTESIAN_POINT ( 'NONE',  ( 4376.741019707303167, -302.9155512315545593, 24.00391400045749535 ) ) ;
#7988 = CARTESIAN_POINT ( 'NONE',  ( 4393.136479906755085, -271.4277653912546384, 6.155675331900418712 ) ) ;
#7989 = CARTESIAN_POINT ( 'NONE',  ( 4366.982109241163016, -253.2217695321715212, -44.61306761891881223 ) ) ;
#7990 = ORIENTED_EDGE ( 'NONE', *, *, #8604, .T. ) ;
#7991 = ADVANCED_FACE ( 'NONE', ( #4244 ), #5310, .T. ) ;
#7992 = CARTESIAN_POINT ( 'NONE',  ( 4389.199251076247492, -251.3577183475993024, 45.08514933939156322 ) ) ;
#7993 = CARTESIAN_POINT ( 'NONE',  ( 4386.691105584461184, -209.7042144831677035, -20.51482374088782024 ) ) ;
#7994 = CARTESIAN_POINT ( 'NONE',  ( 4367.436266875391084, -269.3182824695806517, 21.70391008343376882 ) ) ;
#7995 = ORIENTED_EDGE ( 'NONE', *, *, #8897, .T. ) ;
#7996 = CARTESIAN_POINT ( 'NONE',  ( 4375.886538930705683, -221.6291095029330052, -36.52586053126402987 ) ) ;
#7997 = DIRECTION ( 'NONE',  ( -1.000000000000000000, -0.000000000000000000, -1.486905836551618499E-15 ) ) ;
#7998 = CARTESIAN_POINT ( 'NONE',  ( 4393.442469245718712, -263.8986557948755944, -26.17840659191834618 ) ) ;
#7999 = LINE ( 'NONE', #7863, #6711 ) ;
#8000 = CARTESIAN_POINT ( 'NONE',  ( 4391.068554437711100, -206.2895162289514701, 9.753573765781082372 ) ) ;
#8001 = CARTESIAN_POINT ( 'NONE',  ( 4366.947323702691392, -224.1857803723316920, -35.38899025539431165 ) ) ;
#8002 = CARTESIAN_POINT ( 'NONE',  ( 4380.116470994969859, -218.7161567864845324, 30.80007402908801240 ) ) ;
#8003 = CARTESIAN_POINT ( 'NONE',  ( 4375.999918159021945, -245.4087899317789265, 45.55798466752262499 ) ) ;
#8004 = CARTESIAN_POINT ( 'NONE',  ( 4367.121479788748729, -224.1308372759262397, 35.35254174302460939 ) ) ;
#8005 = CARTESIAN_POINT ( 'NONE',  ( 4371.698451181732707, -257.5992527608595992, -43.34027137583011324 ) ) ;
#8006 = CARTESIAN_POINT ( 'NONE',  ( 4393.596815563353630, -252.2172833094190594, 44.71025540661756992 ) ) ;
#8007 = CARTESIAN_POINT ( 'NONE',  ( 4391.434745605406533, -258.0706347789565029, -37.58394499606700379 ) ) ;
#8008 = CARTESIAN_POINT ( 'NONE',  ( 4384.528218054858371, -264.2762493601868528, -21.46261529758575293 ) ) ;
#8009 = CARTESIAN_POINT ( 'NONE',  ( 4384.528798886657569, -248.3997100955061796, -42.35277237477583157 ) ) ;
#8010 = VERTEX_POINT ( 'NONE', #8756 ) ;
#8011 = CARTESIAN_POINT ( 'NONE',  ( 4384.807324521215378, -252.4368875870432589, -45.62124419396292296 ) ) ;
#8012 = CARTESIAN_POINT ( 'NONE',  ( 4367.153720683689244, -233.4043504950924728, 42.90178515197481346 ) ) ;
#8013 = CARTESIAN_POINT ( 'NONE',  ( 4384.509057050529918, -220.6232468539983813, 31.92227375877155993 ) ) ;
#8014 = CARTESIAN_POINT ( 'NONE',  ( 4367.119248437969873, -221.2157340759262354, 33.46730347885575441 ) ) ;
#8015 = CARTESIAN_POINT ( 'NONE',  ( 4380.322548737404759, -230.2138438520668160, 40.63671668122140801 ) ) ;
#8016 = CARTESIAN_POINT ( 'NONE',  ( 4371.370749826158317, -261.6154111432028344, 29.64493768531728790 ) ) ;
#8017 = CARTESIAN_POINT ( 'NONE',  ( 4393.427350238953295, -266.2988522759499688, 21.70391249656672272 ) ) ;
#8018 = CARTESIAN_POINT ( 'NONE',  ( 4371.457892353058014, -215.0410241367915205, -31.92498133099594426 ) ) ;
#8019 = AXIS2_PLACEMENT_3D ( 'NONE', #1775, #6757, #1079 ) ;
#8020 = CARTESIAN_POINT ( 'NONE',  ( 4389.175350457305285, -244.7291841067670930, -44.18879093507851508 ) ) ;
#8021 = CARTESIAN_POINT ( 'NONE',  ( 4376.087741180192097, -256.2237296653276530, 44.87184310230869499 ) ) ;
#8022 = CARTESIAN_POINT ( 'NONE',  ( 4388.902355628730220, -226.3575662533771435, 35.08024399071179289 ) ) ;
#8023 = CARTESIAN_POINT ( 'NONE',  ( 4393.098685683708936, -206.4179982322818887, -11.20617369972719146 ) ) ;
#8024 = CARTESIAN_POINT ( 'NONE',  ( 4371.349483451715969, -273.1699959195473184, 7.199235392838018832 ) ) ;
#8025 = AXIS2_PLACEMENT_3D ( 'NONE', #4897, #1558, #4346 ) ;
#8026 = FACE_OUTER_BOUND ( 'NONE', #8423, .T. ) ;
#8027 = CARTESIAN_POINT ( 'NONE',  ( 4382.287407185902339, -203.4313329674168926, 9.150352231431064354 ) ) ;
#8028 = CARTESIAN_POINT ( 'NONE',  ( 4366.944950375961525, -221.5985870868124437, -33.73391020703310517 ) ) ;
#8029 = LINE ( 'NONE', #389, #4665 ) ;
#8030 = CARTESIAN_POINT ( 'NONE',  ( 4382.352620267492057, -205.0409091432238426, -17.46716776393337867 ) ) ;
#8031 = CARTESIAN_POINT ( 'NONE',  ( 4367.108845462764293, -224.0166309370121667, -38.52681516616100055 ) ) ;
#8032 = DIRECTION ( 'NONE',  ( -1.000000000000000000, 0.000000000000000000, 0.000000000000000000 ) ) ;
#8033 = VECTOR ( 'NONE', #6059, 1000.000000000000000 ) ;
#8034 = CARTESIAN_POINT ( 'NONE',  ( 4375.761029126399080, -254.3886839985160577, 43.87762412091383624 ) ) ;
#8035 = CARTESIAN_POINT ( 'NONE',  ( 4393.172656848603765, -252.4203099967137121, -42.21048218269222474 ) ) ;
#8036 = ORIENTED_EDGE ( 'NONE', *, *, #1111, .T. ) ;
#8037 = CARTESIAN_POINT ( 'NONE',  ( 4386.875154322951857, -222.3653397037157049, 36.21441414957975979 ) ) ;
#8038 = CARTESIAN_POINT ( 'NONE',  ( 4388.886829579121695, -210.5827388541650578, -21.69219543151135099 ) ) ;
#8039 = CARTESIAN_POINT ( 'NONE',  ( 4393.121583472380735, -219.3377654371024619, 30.40483447381833670 ) ) ;
#8040 = VERTEX_POINT ( 'NONE', #8168 ) ;
#8041 = CARTESIAN_POINT ( 'NONE',  ( 4389.065406890909799, -221.3145922101330996, -35.41132633921198902 ) ) ;
#8042 = CARTESIAN_POINT ( 'NONE',  ( 4367.303006830151389, -256.1226051837423938, -44.83591265257430791 ) ) ;
#8043 = DIRECTION ( 'NONE',  ( 0.000000000000000000, 0.000000000000000000, 1.000000000000000000 ) ) ;
#8044 = CARTESIAN_POINT ( 'NONE',  ( 4393.239472812429995, -211.9971058056836455, 27.66090367318952659 ) ) ;
#8045 = CARTESIAN_POINT ( 'NONE',  ( 4391.088389860822645, -217.4811405590532445, 29.09348540590888277 ) ) ;
#8046 = CARTESIAN_POINT ( 'NONE',  ( 4382.316760170525413, -224.1653556539300212, -34.33715914990550999 ) ) ;
#8047 = CARTESIAN_POINT ( 'NONE',  ( 4382.337899262899555, -251.8025778920538471, 42.99105720535688135 ) ) ;
#8048 = CARTESIAN_POINT ( 'NONE',  ( 4375.892767008924238, -222.8876602604827895, 37.29617285553037931 ) ) ;
#8049 = B_SPLINE_CURVE_WITH_KNOTS ( 'NONE', 1,
 ( #7428, #1868 ),
 .UNSPECIFIED., .F., .F.,
 ( 2, 2 ),
 ( 0.000000000000000000, 1.000000000000000000 ),
 .UNSPECIFIED. ) ;
#8050 = FACE_OUTER_BOUND ( 'NONE', #3100, .T. ) ;
#8051 = CARTESIAN_POINT ( 'NONE',  ( 4367.436266875392903, -203.3322581266223210, 20.50391400045749180 ) ) ;
#8052 = CARTESIAN_POINT ( 'NONE',  ( 4367.311771670480084, -255.8285151205231216, -47.77152746062142086 ) ) ;
#8053 = CARTESIAN_POINT ( 'NONE',  ( 4391.256885574228363, -220.5910177483159771, 34.80549358393292181 ) ) ;
#8054 = CARTESIAN_POINT ( 'NONE',  ( 4382.287086316274326, -206.2313293483612426, -8.692369973962726704 ) ) ;
#8055 = CARTESIAN_POINT ( 'NONE',  ( 4386.726289063020886, -258.3642888158121309, -32.14971338819378133 ) ) ;
#8056 = CARTESIAN_POINT ( 'NONE',  ( 4380.142820890769144, -249.2655821913100169, -42.89729445726662505 ) ) ;
#8057 = LINE ( 'NONE', #1799, #6868 ) ;
#8058 = EDGE_CURVE ( 'NONE', #8637, #9029, #4555, .T. ) ;
#8059 = CARTESIAN_POINT ( 'NONE',  ( 4367.102339285333983, -222.6105942600558194, 37.71185851744892403 ) ) ;
#8060 = CARTESIAN_POINT ( 'NONE',  ( 4391.096440411230105, -226.3455475732829427, -34.89941963887908116 ) ) ;
#8061 = CARTESIAN_POINT ( 'NONE',  ( 4384.508461734902994, -219.9717705948056903, 31.46029643925796293 ) ) ;
#8062 = CARTESIAN_POINT ( 'NONE',  ( 4367.302702822597894, -256.1189450009021584, -44.83563186982042481 ) ) ;
#8063 = ORIENTED_EDGE ( 'NONE', *, *, #2405, .F. ) ;
#8064 = CARTESIAN_POINT ( 'NONE',  ( 4380.311580568354657, -227.9196225731704999, 39.61842861643573599 ) ) ;
#8065 = CARTESIAN_POINT ( 'NONE',  ( 4371.363533170067967, -265.4633950291001838, 22.16251624130179110 ) ) ;
#8066 = CARTESIAN_POINT ( 'NONE',  ( 4367.436266875392903, -301.9155512315545593, -25.10391400045742571 ) ) ;
#8067 = CARTESIAN_POINT ( 'NONE',  ( 4371.480888794711973, -219.3430939546432512, -35.30021685314331847 ) ) ;
#8068 = CARTESIAN_POINT ( 'NONE',  ( 4371.626132466732997, -250.0785445364984128, -46.65215113418215509 ) ) ;
#8069 = CARTESIAN_POINT ( 'NONE',  ( 4388.902778944578131, -226.8813512716639593, 35.34961043204931741 ) ) ;
#8070 = CARTESIAN_POINT ( 'NONE',  ( 4367.441019707303894, -302.9155512315545593, -26.00391400045748469 ) ) ;
#8071 = CARTESIAN_POINT ( 'NONE',  ( 4393.144905963490601, -251.7586711103374455, -41.88234227465537884 ) ) ;
#8072 = CARTESIAN_POINT ( 'NONE',  ( 4384.805977615113989, -251.9795896203941368, 45.58796107190875802 ) ) ;
#8073 = CARTESIAN_POINT ( 'NONE',  ( 4382.314568197275548, -221.6033726065195140, -32.73431766579433599 ) ) ;
#8074 = CARTESIAN_POINT ( 'NONE',  ( 4393.158612639873354, -252.3512385783364778, 42.07543517598845995 ) ) ;
#8075 = CARTESIAN_POINT ( 'NONE',  ( 4393.357118188110690, -207.2876081859522515, -21.53180790695265046 ) ) ;
#8076 = CARTESIAN_POINT ( 'NONE',  ( 4367.275380529640643, -222.2931361947822495, -37.50053488602453911 ) ) ;
#8077 = CARTESIAN_POINT ( 'NONE',  ( 4384.695102446999044, -225.6369201494606500, -38.17372035191337432 ) ) ;
#8078 = CARTESIAN_POINT ( 'NONE',  ( 4367.465009211618963, -261.1073859555687022, 37.68972565498692262 ) ) ;
#8079 = B_SPLINE_CURVE_WITH_KNOTS ( 'NONE', 3,
 ( #266, #3058, #2384, #5164, #5902, #7955, #1695, #997, #8684, #2430, #5212, #3424, #2558, #5575, #3245, #4529, #6258, #6674, #1091, #3838, #406, #8313, #5995, #8139, #7307, #1739, #9001, #1834, #3978, #6210, #1192, #1043, #5948, #5260, #4620, #8776, #7394, #6040, #4572, #2738, #5354, #5529, #7352, #1365, #1141, #2060, #1881, #6626, #6941, #8727, #8820, #3926, #7446, #6722, #3197, #4835, #2513, #4666, #2471, #8044, #362, #3148, #7626, #3882, #5306, #6768, #8090, #505, #4154, #3467, #2782, #1787, #458 ),
 .UNSPECIFIED., .F., .F.,
 ( 4, 1, 2, 2, 2, 2, 2, 2, 2, 2, 2, 2, 2, 2, 2, 2, 2, 2, 2, 2, 2, 2, 2, 2, 2, 2, 2, 2, 2, 2, 2, 2, 2, 2, 2, 2, 4 ),
 ( -0.04113995918393024281, -0.008604335459424246324, -0.0004704295282985382354, 0.003596523437265859713, 0.007663476402830257661, 0.02393128826507922441, 0.05646691198957851793, 0.08900253571407781839, 0.2191450306120774350, 0.3492875255100770238, 0.3818231492345758316, 0.4143587729590745838, 0.4468943966835733916, 0.4794300204080720884, 0.5119656441325710627, 0.5282334559948198560, 0.5363673619259436975, 0.5445012678570674280, 0.5526351737881913806, 0.5607690797193152221, 0.5689029856504389526, 0.5770368915815629052, 0.5851707975126867467, 0.5933047034438104772, 0.6014386093749344298, 0.6095725153060582713, 0.6258403271683060654, 0.6421081390305537484, 0.6746437627550485594, 0.7071793864795433704, 0.7397150102040380704, 0.8047862576530288026, 0.8698575051020193127, 0.9023931288265144568, 0.9349287525510098229, 0.9674643762755049670, 1.000000000000000000 ),
 .UNSPECIFIED. ) ;
#8080 = CARTESIAN_POINT ( 'NONE',  ( 4371.336976919075823, -221.6003761788782924, 33.46804245541034106 ) ) ;
#8081 = CARTESIAN_POINT ( 'NONE',  ( 4393.251145009709035, -252.9393612715265078, -43.02141353541853164 ) ) ;
#8082 = ORIENTED_EDGE ( 'NONE', *, *, #3308, .T. ) ;
#8083 = CARTESIAN_POINT ( 'NONE',  ( 4386.866466710807799, -220.7602475166810052, 35.22583454761429778 ) ) ;
#8084 = CARTESIAN_POINT ( 'NONE',  ( 4380.111330468404958, -213.5136228455151581, -25.96801989316482917 ) ) ;
#8085 = CARTESIAN_POINT ( 'NONE',  ( 4398.227350238953477, -302.9155512315545593, -18.60391400045748966 ) ) ;
#8086 = VERTEX_POINT ( 'NONE', #342 ) ;
#8087 = CARTESIAN_POINT ( 'NONE',  ( 4371.491541886948653, -221.4534426744823747, -36.70649313833425964 ) ) ;
#8088 = FACE_OUTER_BOUND ( 'NONE', #2573, .T. ) ;
#8089 = CARTESIAN_POINT ( 'NONE',  ( 4393.145009349162137, -252.3500385634785914, 41.94293029925272265 ) ) ;
#8090 = CARTESIAN_POINT ( 'NONE',  ( 4393.153828267768404, -204.4701090437657172, 15.10746371013018496 ) ) ;
#8091 = CARTESIAN_POINT ( 'NONE',  ( 4391.094870970571719, -224.5419163109113754, 33.92523852642502646 ) ) ;
#8092 = CARTESIAN_POINT ( 'NONE',  ( 4366.948077483650195, -224.9927573983762557, -35.86405771390944608 ) ) ;
#8093 = CARTESIAN_POINT ( 'NONE',  ( 4380.122463940435409, -225.6123921475517307, 35.32160540899956658 ) ) ;
#8094 = CARTESIAN_POINT ( 'NONE',  ( 4371.329157748888974, -203.5283845176078046, 11.56845814065440869 ) ) ;
#8095 = CARTESIAN_POINT ( 'NONE',  ( 4367.149958790490018, -258.6395713155353064, -36.39711550480062385 ) ) ;
#8096 = CARTESIAN_POINT ( 'NONE',  ( 4393.292405067285472, -274.8707886448877957, -0.2478205070479978789 ) ) ;
#8097 = FACE_OUTER_BOUND ( 'NONE', #2885, .T. ) ;
#8098 = CARTESIAN_POINT ( 'NONE',  ( 4391.294894159513206, -227.8187166316837988, 38.72794969651446451 ) ) ;
#8099 = CARTESIAN_POINT ( 'NONE',  ( 4375.704550262982593, -206.2416860949159343, -9.867677846445088718 ) ) ;
#8101 = CARTESIAN_POINT ( 'NONE',  ( 4384.532033472997682, -258.5478062131520005, -32.32872132184953529 ) ) ;
#8100 = B_SPLINE_CURVE_WITH_KNOTS ( 'NONE', 3,
 ( #1038, #5111, #6530, #1782, #306, #3143, #6668, #6577 ),
 .UNSPECIFIED., .F., .F.,
 ( 4, 2, 2, 4 ),
 ( 0.000000000000000000, 0.4996447434743383487, 0.7494671152115083279, 0.9992894869486780296 ),
 .UNSPECIFIED. ) ;
#8102 = VERTEX_POINT ( 'NONE', #7285 ) ;
#8103 = CARTESIAN_POINT ( 'NONE',  ( 4384.527165436964424, -245.4614697822147207, -41.90502039174020155 ) ) ;
#8104 = EDGE_CURVE ( 'NONE', #2579, #4128, #1531, .T. ) ;
#8105 = DIRECTION ( 'NONE',  ( 0.000000000000000000, -1.000000000000000000, 0.000000000000000000 ) ) ;
#8106 = DIRECTION ( 'NONE',  ( 0.000000000000000000, -1.000000000000000000, 0.000000000000000000 ) ) ;
#8107 = CARTESIAN_POINT ( 'NONE',  ( 4393.173417143600091, -252.4158933977803088, -42.21773137162432477 ) ) ;
#8108 = CARTESIAN_POINT ( 'NONE',  ( 4380.123128188289229, -226.4055903031690491, -35.74384211560252567 ) ) ;
#8109 = CARTESIAN_POINT ( 'NONE',  ( 4384.528472198615418, -247.8120620327108838, 42.27104997888029203 ) ) ;
#8110 = CARTESIAN_POINT ( 'NONE',  ( 4374.441019707302985, -305.5155512315545252, -26.00391400045749535 ) ) ;
#8111 = ORIENTED_EDGE ( 'NONE', *, *, #5861, .T. ) ;
#8112 = ADVANCED_FACE ( 'NONE', ( #2455 ), #8802, .F. ) ;
#8113 = CARTESIAN_POINT ( 'NONE',  ( 4380.414624660834306, -251.3689288566938274, 45.96357944846391774 ) ) ;
#8114 = FACE_OUTER_BOUND ( 'NONE', #6622, .T. ) ;
#8115 = CARTESIAN_POINT ( 'NONE',  ( 4391.247681795610333, -219.0310989309260776, -33.75764487610057785 ) ) ;
#8116 = CARTESIAN_POINT ( 'NONE',  ( 4371.631455691008341, -251.3510382403152903, -46.80878181532533944 ) ) ;
#8117 = CARTESIAN_POINT ( 'NONE',  ( 4371.465009781853951, -216.3206170469500194, 33.02822535774551937 ) ) ;
#8118 = CARTESIAN_POINT ( 'NONE',  ( 4388.898364577348730, -221.6041950683477921, 32.28636600688056291 ) ) ;
#8119 = PLANE ( 'NONE',  #5595 ) ;
#8120 = CARTESIAN_POINT ( 'NONE',  ( 4393.287021615637059, -203.6887667769900077, 11.61380446472853833 ) ) ;
#8121 = CARTESIAN_POINT ( 'NONE',  ( 4384.727524071518928, -232.4639749545309826, 41.18306209763946413 ) ) ;
#8122 = CARTESIAN_POINT ( 'NONE',  ( 4386.703423549545732, -220.7878177255703633, -31.87854012449903962 ) ) ;
#8123 = CARTESIAN_POINT ( 'NONE',  ( 4367.141055764780504, -255.5158639040731714, -44.79901421563428698 ) ) ;
#8124 = CARTESIAN_POINT ( 'NONE',  ( 4384.605157548534407, -210.2928438599968501, -26.30853111660587373 ) ) ;
#8125 = CARTESIAN_POINT ( 'NONE',  ( 4384.700518279153584, -226.7527144051532275, -38.73028839563180270 ) ) ;
#8126 = CARTESIAN_POINT ( 'NONE',  ( 4393.427350238953295, -265.0147143193910324, -24.10391400045715571 ) ) ;
#8127 = CARTESIAN_POINT ( 'NONE',  ( 4371.335248016273908, -219.6525478537285778, 32.07818748506340967 ) ) ;
#8128 = CARTESIAN_POINT ( 'NONE',  ( 4393.168559489508880, -252.4735656058091990, -42.17535694060198637 ) ) ;
#8129 = CARTESIAN_POINT ( 'NONE',  ( 4382.337703378404512, -251.5039949289993899, -42.95195501709097385 ) ) ;
#8130 = VERTEX_POINT ( 'NONE', #1025 ) ;
#8131 = CARTESIAN_POINT ( 'NONE',  ( 4386.878244482918490, -223.0248237454052855, 36.59913080444339784 ) ) ;
#8132 = CARTESIAN_POINT ( 'NONE',  ( 4386.693729020951650, -211.4666678519876086, -23.14341712108057791 ) ) ;
#8133 = DIRECTION ( 'NONE',  ( 2.536234875824260354E-15, 0.000000000000000000, 1.000000000000000000 ) ) ;
#8134 = EDGE_LOOP ( 'NONE', ( #1234, #5940, #5350, #402, #3849 ) ) ;
#8135 = CARTESIAN_POINT ( 'NONE',  ( 4384.679128803821186, -222.3627985483701082, -36.36328896477396455 ) ) ;
#8136 = CARTESIAN_POINT ( 'NONE',  ( 4367.377492535014426, -245.7161560146039392, -46.37797435403278712 ) ) ;
#8137 = B_SPLINE_SURFACE_WITH_KNOTS ( 'NONE', 3, 3, ( 
 ( #501, #1927, #4713, #1284 ),
 ( #2067, #2652, #6035, #4660 ),
 ( #4114, #6764, #8863, #7539 ),
 ( #3386, #8275, #2744, #1136 ) ),
 .UNSPECIFIED., .F., .F., .F.,
 ( 4, 4 ),
 ( 4, 4 ),
 ( 0.000000000000000000, 40.74857508790336169 ),
 ( 2181.962397200727537, 2446.801484557895037 ),
 .UNSPECIFIED. ) ;
#8138 = CARTESIAN_POINT ( 'NONE',  ( 4393.151226324459458, -252.3028721264579701, 42.03032301622442901 ) ) ;
#8139 = CARTESIAN_POINT ( 'NONE',  ( 4393.336440098751154, -228.3538206516527396, 38.80793721633956750 ) ) ;
#8140 = CARTESIAN_POINT ( 'NONE',  ( 4391.087223137094952, -216.2894734090893678, 28.06491995764917391 ) ) ;
#8141 = CARTESIAN_POINT ( 'NONE',  ( 4388.900878690140416, -224.5462175437528458, -34.08247172009263437 ) ) ;
#8142 = CARTESIAN_POINT ( 'NONE',  ( 4380.121701852319347, -224.6948636552659195, 34.80584964569996487 ) ) ;
#8143 = CARTESIAN_POINT ( 'NONE',  ( 4375.898138954745264, -223.9994933819822052, 37.93508902395380034 ) ) ;
#8144 = CYLINDRICAL_SURFACE ( 'NONE', #5991, 0.4000000000000010214 ) ;
#8145 = DIRECTION ( 'NONE',  ( -1.000000000000000000, -0.000000000000000000, -2.536234875824260354E-15 ) ) ;
#8146 = CARTESIAN_POINT ( 'NONE',  ( 4391.382703381505053, -247.0056117770911044, 44.32508810937697774 ) ) ;
#8147 = CARTESIAN_POINT ( 'NONE',  ( 4391.068554435076294, -206.2895162289511575, -9.745745765034293129 ) ) ;
#8148 = CARTESIAN_POINT ( 'NONE',  ( 4389.210004580822897, -265.2719166210143271, -24.55346567683231029 ) ) ;
#8149 = ADVANCED_FACE ( 'NONE', ( #1814 ), #4601, .F. ) ;
#8150 = CARTESIAN_POINT ( 'NONE',  ( 4376.741019707303167, -289.7815121590419380, -24.00391400045749535 ) ) ;
#8151 = CARTESIAN_POINT ( 'NONE',  ( 4393.294496821828943, -231.0903334712187132, -36.91866459392612398 ) ) ;
#8152 = CARTESIAN_POINT ( 'NONE',  ( 4384.779855134418540, -254.5800734543874455, -45.82278284521181178 ) ) ;
#8153 = ORIENTED_EDGE ( 'NONE', *, *, #8270, .T. ) ;
#8154 = CARTESIAN_POINT ( 'NONE',  ( 4398.227350238953477, -302.9155512315545593, 26.00391400045749535 ) ) ;
#8155 = CARTESIAN_POINT ( 'NONE',  ( 4367.248774782673536, -254.2212804047826467, 47.50792730657991569 ) ) ;
#8156 = CARTESIAN_POINT ( 'NONE',  ( 4391.097818442120115, -227.9179511660241815, -35.68508978336635096 ) ) ;
#8157 = CARTESIAN_POINT ( 'NONE',  ( 4384.525731880026797, -243.1274103917824050, 41.44437051905686786 ) ) ;
#8158 = CARTESIAN_POINT ( 'NONE',  ( 4367.150432318134335, -254.2873826755211439, -44.69209131257801459 ) ) ;
#8159 = ORIENTED_EDGE ( 'NONE', *, *, #276, .T. ) ;
#8160 = CARTESIAN_POINT ( 'NONE',  ( 4380.419493822558252, -253.2109316625172255, 46.13579739545316016 ) ) ;
#8161 = CARTESIAN_POINT ( 'NONE',  ( 4389.427350238954205, -302.9155512315545593, -18.60391400045748966 ) ) ;
#8162 = CARTESIAN_POINT ( 'NONE',  ( 4384.658882964241457, -218.6730052669300619, -33.96220574233409906 ) ) ;
#8163 = CARTESIAN_POINT ( 'NONE',  ( 4389.195178741164455, -250.1456449592998013, -44.95221657371794777 ) ) ;
#8164 = CARTESIAN_POINT ( 'NONE',  ( 4371.493155062931692, -221.7868993182664497, 36.92447833150663428 ) ) ;
#8165 = CARTESIAN_POINT ( 'NONE',  ( 4386.703278549860443, -220.6233675891010080, 31.77163418553585217 ) ) ;
#8166 = DIRECTION ( 'NONE',  ( 0.000000000000000000, 1.000000000000000000, 0.000000000000000000 ) ) ;
#8167 = CARTESIAN_POINT ( 'NONE',  ( 4393.427350238953295, -301.9155512315545593, 20.50391400045749180 ) ) ;
#8168 = CARTESIAN_POINT ( 'NONE',  ( 4382.565171111442396, -305.5155512315545252, 26.00391400045749535 ) ) ;
#8169 = AXIS2_PLACEMENT_3D ( 'NONE', #7211, #6532, #263 ) ;
#8170 = CARTESIAN_POINT ( 'NONE',  ( 4384.806702118334215, -252.2087551439392996, 45.60888955058690186 ) ) ;
#8171 = CARTESIAN_POINT ( 'NONE',  ( 4393.311936846343997, -223.5670036028132870, 36.42803586589354836 ) ) ;
#8172 = CARTESIAN_POINT ( 'NONE',  ( 4391.171841782197589, -208.2549565380842580, -23.11087548263148506 ) ) ;
#8173 = CARTESIAN_POINT ( 'NONE',  ( 4371.520078700085833, -227.4223561263278555, -40.01950754365331875 ) ) ;
#8174 = CARTESIAN_POINT ( 'NONE',  ( 4393.427350238953295, -266.2988522759499688, -21.70391249656672272 ) ) ;
#8175 = AXIS2_PLACEMENT_3D ( 'NONE', #1238, #7492, #4023 ) ;
#8176 = CARTESIAN_POINT ( 'NONE',  ( 4371.340611935792367, -225.6471716807398877, 35.95413935452736354 ) ) ;
#8177 = CARTESIAN_POINT ( 'NONE',  ( 4393.167486462816669, -252.4589717585851076, -42.16360740432616439 ) ) ;
#8178 = ORIENTED_EDGE ( 'NONE', *, *, #3970, .F. ) ;
#8179 = CARTESIAN_POINT ( 'NONE',  ( 4386.816603068991753, -212.5903484488617039, 28.68267985571911183 ) ) ;
#8180 = CARTESIAN_POINT ( 'NONE',  ( 4393.279952545769447, -215.1400601755404693, -26.83045210437253658 ) ) ;
#8181 = CARTESIAN_POINT ( 'NONE',  ( 4393.259619169497455, -203.4313312399771405, -8.469353285710278456 ) ) ;
#8182 = ORIENTED_EDGE ( 'NONE', *, *, #1621, .T. ) ;
#8183 = VECTOR ( 'NONE', #2419, 1000.000000000000000 ) ;
#8184 = CARTESIAN_POINT ( 'NONE',  ( 4393.463120127011280, -222.4991932320055525, -35.80128679778990630 ) ) ;
#8185 = CARTESIAN_POINT ( 'NONE',  ( 4367.441019707303894, -305.5155512315545252, 26.00391400045748469 ) ) ;
#8186 = CARTESIAN_POINT ( 'NONE',  ( 4367.362025123394233, -255.3537089762325536, 46.65381075979868086 ) ) ;
#8187 = CARTESIAN_POINT ( 'NONE',  ( 4391.091812173448488, -221.1168721677471183, 31.80534090521777557 ) ) ;
#8188 = CARTESIAN_POINT ( 'NONE',  ( 4384.512805467916223, -225.0745735871769000, -34.70081811636398328 ) ) ;
#8189 = CARTESIAN_POINT ( 'NONE',  ( 4380.133700348962520, -238.6608367660043939, 40.69975416269378599 ) ) ;
#8190 = CARTESIAN_POINT ( 'NONE',  ( 4375.894786509291407, -223.3063923521489187, 37.54036538839140036 ) ) ;
#8191 = CARTESIAN_POINT ( 'NONE',  ( 4367.395818896830860, -276.3628185865256910, -7.926021215669952547 ) ) ;
#8192 = CARTESIAN_POINT ( 'NONE',  ( 4391.262844526961999, -221.6640195792049042, 35.47461750241907907 ) ) ;
#8193 = CARTESIAN_POINT ( 'NONE',  ( 4388.875832300666843, -206.4581645000151582, -11.46914999003087487 ) ) ;
#8194 = CARTESIAN_POINT ( 'NONE',  ( 4389.220255217200247, -263.2618489093507037, -28.33549611865259266 ) ) ;
#8195 = FACE_OUTER_BOUND ( 'NONE', #2464, .T. ) ;
#8196 = ORIENTED_EDGE ( 'NONE', *, *, #7478, .F. ) ;
#8197 = CARTESIAN_POINT ( 'NONE',  ( 4391.099708164736512, -230.0451282842148260, -36.65732891179606412 ) ) ;
#8198 = ORIENTED_EDGE ( 'NONE', *, *, #1010, .T. ) ;
#8199 = CARTESIAN_POINT ( 'NONE',  ( 4377.248871677511488, -302.9155512315545593, -27.26171544879925790 ) ) ;
#8200 = FACE_OUTER_BOUND ( 'NONE', #8611, .T. ) ;
#8201 = CARTESIAN_POINT ( 'NONE',  ( 4366.950038614822006, -227.0246103095413162, -36.98771883917676462 ) ) ;
#8202 = CARTESIAN_POINT ( 'NONE',  ( 4384.530940138373808, -253.1195419453291038, 42.89187486993388632 ) ) ;
#8203 = B_SPLINE_CURVE_WITH_KNOTS ( 'NONE', 3,
 ( #3998, #8250, #376, #3164 ),
 .UNSPECIFIED., .F., .F.,
 ( 4, 4 ),
 ( 0.000000000000000000, 0.02616260110350166271 ),
 .UNSPECIFIED. ) ;
#8204 = CARTESIAN_POINT ( 'NONE',  ( 4367.266718750087421, -256.1238469331466945, -44.81126079754465508 ) ) ;
#8205 = VERTEX_POINT ( 'NONE', #6655 ) ;
#8206 = CARTESIAN_POINT ( 'NONE',  ( 4376.051700754690501, -265.9445702768182400, -26.27592319740778848 ) ) ;
#8207 = CARTESIAN_POINT ( 'NONE',  ( 4375.878348279754391, -220.0380734960732525, 35.50201169571921866 ) ) ;
#8208 = CARTESIAN_POINT ( 'NONE',  ( 4386.856544102136468, -219.0236825518275907, -34.05673778413886765 ) ) ;
#8209 = CARTESIAN_POINT ( 'NONE',  ( 4386.991781127499962, -248.4745830920733454, -44.96262492866297578 ) ) ;
#8210 = CARTESIAN_POINT ( 'NONE',  ( 4371.481745420604966, -219.5154545903451719, 35.42794096182723251 ) ) ;
#8211 = CARTESIAN_POINT ( 'NONE',  ( 4386.679270166790957, -206.3225908718168853, 10.42418142856939234 ) ) ;
#8212 = LINE ( 'NONE', #1121, #6443 ) ;
#8213 = CARTESIAN_POINT ( 'NONE',  ( 4148.772266190691880, -206.2313293483461507, -12.11608599954243104 ) ) ;
#8214 = CARTESIAN_POINT ( 'NONE',  ( 4393.440979691173197, -218.6870875598698660, 33.37203233175826966 ) ) ;
#8215 = CARTESIAN_POINT ( 'NONE',  ( 4382.479741014148203, -221.9585742586720585, 36.28312180203119652 ) ) ;
#8216 = CARTESIAN_POINT ( 'NONE',  ( 4375.728024972190724, -221.6018788568607647, -33.17642630952188654 ) ) ;
#8217 = CARTESIAN_POINT ( 'NONE',  ( 4393.302507030036395, -221.8335390823926616, 35.42685381537933154 ) ) ;
#8218 = CARTESIAN_POINT ( 'NONE',  ( 4386.753274209714618, -205.7229104075654504, -18.82571161257441972 ) ) ;
#8219 = ADVANCED_FACE ( 'NONE', ( #8026 ), #5230, .T. ) ;
#8220 = CARTESIAN_POINT ( 'NONE',  ( 4393.487888035968354, -227.2450809577919131, -38.28313389491785301 ) ) ;
#8221 = CARTESIAN_POINT ( 'NONE',  ( 4367.375931461942855, -280.4191122659923394, 0.003914000457493408552 ) ) ;
#8222 = CARTESIAN_POINT ( 'NONE',  ( 4371.338592009122294, -223.4126525838955786, 34.64334323649680414 ) ) ;
#8223 = CARTESIAN_POINT ( 'NONE',  ( 4393.381235969902264, -253.6642871090054143, -44.35534301484998565 ) ) ;
#8224 = ORIENTED_EDGE ( 'NONE', *, *, #2812, .T. ) ;
#8225 = CARTESIAN_POINT ( 'NONE',  ( 4386.832713380847963, -215.0560924475283002, 30.98214255823334184 ) ) ;
#8226 = CARTESIAN_POINT ( 'NONE',  ( 4388.889288397050223, -212.4467081090864440, -24.24914448387129795 ) ) ;
#8227 = CARTESIAN_POINT ( 'NONE',  ( 4388.870745036015251, -203.4313303736929583, -8.747085488283550703 ) ) ;
#8228 = VECTOR ( 'NONE', #8105, 1000.000000000000000 ) ;
#8229 = CARTESIAN_POINT ( 'NONE',  ( 4375.890444590399966, -222.3538003089910262, -36.97103304967216530 ) ) ;
#8230 = DIRECTION ( 'NONE',  ( 1.000000000000000000, 0.000000000000000000, 0.000000000000000000 ) ) ;
#8231 = CARTESIAN_POINT ( 'NONE',  ( 4393.147081668745159, -252.3343162163550915, 41.97206170669291225 ) ) ;
#8232 = CARTESIAN_POINT ( 'NONE',  ( 4391.098286174245004, -228.4482361645781623, 35.94463987694864215 ) ) ;
#8233 = CARTESIAN_POINT ( 'NONE',  ( 4388.900987305069975, -224.6754153518972430, -34.15557785285600545 ) ) ;
#8234 = CARTESIAN_POINT ( 'NONE',  ( 4375.704550263895726, -206.2416860949160196, 9.875505847310513730 ) ) ;
#8235 = CARTESIAN_POINT ( 'NONE',  ( 4371.678365324471088, -263.7970589530594339, 31.47595220661326110 ) ) ;
#8236 = CARTESIAN_POINT ( 'NONE',  ( 4367.265669253218221, -220.3023023884677229, 36.23062858723478286 ) ) ;
#8237 = CARTESIAN_POINT ( 'NONE',  ( 4367.441019707303894, -302.9155512315545593, 20.17058066712415965 ) ) ;
#8238 = CARTESIAN_POINT ( 'NONE',  ( 4391.311735129177578, -231.1987842769677570, 40.15659085037344767 ) ) ;
#8239 = CARTESIAN_POINT ( 'NONE',  ( 4391.067502337712540, -206.2432980757150460, -8.951030194809371565 ) ) ;
#8240 = CARTESIAN_POINT ( 'NONE',  ( 4387.927350238953295, -289.7815121590419380, 22.50391400045749535 ) ) ;
#8241 = EDGE_LOOP ( 'NONE', ( #8082, #8649, #469, #5027, #8182, #2505, #5459, #3830, #2110, #3834, #6232, #5640, #658, #2988, #5128, #4661, #4048 ) ) ;
#8242 = CARTESIAN_POINT ( 'NONE',  ( 4380.126795291146664, -230.7430634992494731, -37.81520346910297548 ) ) ;
#8243 = SURFACE_STYLE_USAGE ( .BOTH. , #3941 ) ;
#8244 = VECTOR ( 'NONE', #2792, 1000.000000000000000 ) ;
#8245 = ORIENTED_EDGE ( 'NONE', *, *, #1985, .F. ) ;
#8246 = CARTESIAN_POINT ( 'NONE',  ( 4393.093705806565595, -204.3646626816652940, -8.024704624476301618 ) ) ;
#8247 = CARTESIAN_POINT ( 'NONE',  ( 4393.158612654404351, -252.3512385731829113, -42.06760726953956464 ) ) ;
#8248 = CARTESIAN_POINT ( 'NONE',  ( 4382.319840401425608, -227.9941236444365416, -36.39150438461081194 ) ) ;
#8249 = CARTESIAN_POINT ( 'NONE',  ( 4384.530958795715378, -252.8263342466734969, 42.86618717515727894 ) ) ;
#8250 = CARTESIAN_POINT ( 'NONE',  ( 4376.100906283545555, -268.9430482238179820, -20.50391400045736745 ) ) ;
#8251 = CIRCLE ( 'NONE', #6638, 0.4000000000000010214 ) ;
#8252 = ORIENTED_EDGE ( 'NONE', *, *, #6379, .T. ) ;
#8253 = CARTESIAN_POINT ( 'NONE',  ( 4388.907125592987541, -232.2540656138045847, -37.74403698456384859 ) ) ;
#8254 = CARTESIAN_POINT ( 'NONE',  ( 4375.877423930794976, -219.8663376936761154, 35.38619625064431062 ) ) ;
#8255 = CARTESIAN_POINT ( 'NONE',  ( 4380.265115249003429, -218.6654414681277103, -34.24930256781944848 ) ) ;
#8256 = CARTESIAN_POINT ( 'NONE',  ( 4376.025921773791197, -251.6792439619171660, -46.41999006588263654 ) ) ;
#8257 = CARTESIAN_POINT ( 'NONE',  ( 4371.358492593752999, -204.2252074117531322, 15.55829265400514849 ) ) ;
#8258 = CARTESIAN_POINT ( 'NONE',  ( 4388.922819562989389, -253.9467589984110134, 42.51878719450682098 ) ) ;
#8259 = CARTESIAN_POINT ( 'NONE',  ( 4391.121144080512749, -254.3503650508245357, -42.32145912605190574 ) ) ;
#8260 = CARTESIAN_POINT ( 'NONE',  ( 4375.941019707302985, -305.5155512315545252, -22.40391400045749393 ) ) ;
#8261 = CARTESIAN_POINT ( 'NONE',  ( 4393.485050718699313, -226.6922604224183999, 38.02978843555886357 ) ) ;
#8262 = CARTESIAN_POINT ( 'NONE',  ( 4382.511503189190989, -228.4655440274912337, 39.70766154148350324 ) ) ;
#8263 = CARTESIAN_POINT ( 'NONE',  ( 4388.898832474674236, -222.0972874236546488, -32.59992420717112083 ) ) ;
#8264 = CARTESIAN_POINT ( 'NONE',  ( 4393.275665232112260, -217.3387128335337479, 32.40058892742862895 ) ) ;
#8265 = CARTESIAN_POINT ( 'NONE',  ( 4384.596720678435304, -209.2264172033326872, -24.96002593967371652 ) ) ;
#8266 = CARTESIAN_POINT ( 'NONE',  ( 4384.705925414764351, -227.8791758845935647, -39.26089385934413656 ) ) ;
#8267 = CARTESIAN_POINT ( 'NONE',  ( 4367.121479778664252, -224.1308283428087975, -35.34470837661682197 ) ) ;
#8268 = B_SPLINE_CURVE_WITH_KNOTS ( 'NONE', 3,
 ( #5185, #3721, #2491, #1714, #5137, #1019, #5233 ),
 .UNSPECIFIED., .F., .F.,
 ( 4, 3, 4 ),
 ( 0.000000000000000000, 0.3814492392200221627, 1.000000000000000000 ),
 .UNSPECIFIED. ) ;
#8269 = CARTESIAN_POINT ( 'NONE',  ( 4366.922648900558670, -206.2405539983469396, 10.33784611405752685 ) ) ;
#8270 = EDGE_CURVE ( 'NONE', #5229, #8086, #6228, .T. ) ;
#8271 = CARTESIAN_POINT ( 'NONE',  ( 4393.396527163246901, -253.7495407079725567, -44.51229449854631071 ) ) ;
#8272 = ORIENTED_EDGE ( 'NONE', *, *, #564, .T. ) ;
#8273 = CARTESIAN_POINT ( 'NONE',  ( 4386.881776718538276, -223.7086455017387436, 36.98580008456292489 ) ) ;
#8274 = CARTESIAN_POINT ( 'NONE',  ( 4382.308477556104663, -215.1514501840073024, -27.54107559215065848 ) ) ;
#8275 = CARTESIAN_POINT ( 'NONE',  ( 4376.058607994046724, -266.5509723349544515, -25.11848588391833204 ) ) ;
#8276 = CARTESIAN_POINT ( 'NONE',  ( 4391.265345901119872, -222.1111198443077797, -35.73669048270426174 ) ) ;
#8277 = CARTESIAN_POINT ( 'NONE',  ( 4367.404947012785669, -253.2579627057223206, -47.40082292664931884 ) ) ;
#8278 = CARTESIAN_POINT ( 'NONE',  ( 4367.150432308321797, -254.2873826762599947, 44.69991931449456501 ) ) ;
#8279 = CARTESIAN_POINT ( 'NONE',  ( 4388.875832303057905, -206.4581645000156982, 11.47697799079517367 ) ) ;
#8280 = CARTESIAN_POINT ( 'NONE',  ( 4388.901202749025288, -224.9330326272337004, -34.30060018885298234 ) ) ;
#8281 = CARTESIAN_POINT ( 'NONE',  ( 4380.129690903141636, -234.0985261202613117, 39.16085885756655216 ) ) ;
#8282 = CARTESIAN_POINT ( 'NONE',  ( 4382.338666657677095, -253.8760165210092055, -43.17061713165506376 ) ) ;
#8283 = EDGE_CURVE ( 'NONE', #3856, #9021, #7748, .T. ) ;
#8284 = CARTESIAN_POINT ( 'NONE',  ( 4393.626224264882694, -258.8922814638680165, 35.51720187777660698 ) ) ;
#8285 = CARTESIAN_POINT ( 'NONE',  ( 4367.260640970373970, -219.2729955889531936, 35.52181146560760538 ) ) ;
#8286 = CARTESIAN_POINT ( 'NONE',  ( 4391.400801318968661, -252.3801548146101368, 44.95216858272527816 ) ) ;
#8287 = CARTESIAN_POINT ( 'NONE',  ( 4386.681949151674416, -206.5908199977597235, -12.38821406690627036 ) ) ;
#8288 = CARTESIAN_POINT ( 'NONE',  ( 4393.312592356256573, -255.9326118903381655, -35.14832838638885448 ) ) ;
#8289 = DIRECTION ( 'NONE',  ( 0.000000000000000000, 0.000000000000000000, -1.000000000000000000 ) ) ;
#8290 = ORIENTED_EDGE ( 'NONE', *, *, #7472, .T. ) ;
#8291 = CARTESIAN_POINT ( 'NONE',  ( 4393.126231679648299, -203.6887285341700817, -11.61636276064990980 ) ) ;
#8292 = CARTESIAN_POINT ( 'NONE',  ( 4367.246536894397650, -253.2761985202308779, 47.42523346013011576 ) ) ;
#8293 = CARTESIAN_POINT ( 'NONE',  ( 4386.710173988001770, -229.0277495984640552, -36.54447951741574485 ) ) ;
#8294 = CARTESIAN_POINT ( 'NONE',  ( 4382.301678390097550, -209.7084256353603564, 20.79254802313527506 ) ) ;
#8295 = CARTESIAN_POINT ( 'NONE',  ( 4367.250429603935117, -217.2475444613600928, 34.01600359694623421 ) ) ;
#8296 = EDGE_LOOP ( 'NONE', ( #3144, #426, #2928, #3212 ) ) ;
#8297 = CARTESIAN_POINT ( 'NONE',  ( 4382.653549215282510, -260.8033103267429169, -34.54667717083233924 ) ) ;
#8298 = CARTESIAN_POINT ( 'NONE',  ( 4371.347983238129018, -233.1423788420539722, -39.47664551527211785 ) ) ;
#8299 = CARTESIAN_POINT ( 'NONE',  ( 4375.836451764952471, -212.5888362452016054, 29.35687278949301060 ) ) ;
#8300 = CARTESIAN_POINT ( 'NONE',  ( 4389.062386514878199, -220.7648815396653958, -35.06629584112877041 ) ) ;
#8301 = CARTESIAN_POINT ( 'NONE',  ( 4391.400760101095329, -251.8768453859076430, -44.89990439479414164 ) ) ;
#8302 = CARTESIAN_POINT ( 'NONE',  ( 4371.498533172322823, -222.8878528345132963, 37.59216218666476550 ) ) ;
#8303 = CARTESIAN_POINT ( 'NONE',  ( 4386.706236803869615, -224.0317003506729350, 33.95203725768878655 ) ) ;
#8304 = CARTESIAN_POINT ( 'NONE',  ( 4388.922911708194079, -254.5256587745261072, -42.56192318387302009 ) ) ;
#8305 = CARTESIAN_POINT ( 'NONE',  ( 4393.093705806565595, -203.4313293483461393, 8.032536258807095209 ) ) ;
#8306 = CARTESIAN_POINT ( 'NONE',  ( 4393.436716410944427, -218.0072436163190446, 32.88353509484075232 ) ) ;
#8307 = CARTESIAN_POINT ( 'NONE',  ( 4382.487849385010122, -223.5773193752774830, 37.23121277198123380 ) ) ;
#8308 = CARTESIAN_POINT ( 'NONE',  ( 4386.704444957948908, -221.9290861875934979, -32.64562075284151632 ) ) ;
#8309 = CARTESIAN_POINT ( 'NONE',  ( 4393.432370519086362, -251.9435037092470679, 44.70304757167812681 ) ) ;
#8310 = CARTESIAN_POINT ( 'NONE',  ( 4393.396972195495437, -211.9971572929657952, -27.64300551254764571 ) ) ;
#8311 = CARTESIAN_POINT ( 'NONE',  ( 4367.122340350773811, -226.8761156388590905, -40.05294919034050594 ) ) ;
#8312 = CARTESIAN_POINT ( 'NONE',  ( 4367.107645887359467, -209.6942185447378506, -21.62406638206293508 ) ) ;
#8313 = CARTESIAN_POINT ( 'NONE',  ( 4393.344697413889662, -230.0328214593087068, 39.52391202659202918 ) ) ;
#8314 = CARTESIAN_POINT ( 'NONE',  ( 4366.927531266150254, -206.9312230706013338, 15.07363089993786787 ) ) ;
#8315 = AXIS2_PLACEMENT_3D ( 'NONE', #4673, #8733, #2478 ) ;
#8316 = CARTESIAN_POINT ( 'NONE',  ( 4393.275665281968031, -217.3387216517613751, -32.39276758870227724 ) ) ;
#8317 = CARTESIAN_POINT ( 'NONE',  ( 4382.338286288587369, -252.3981344375931712, -43.04032373271267176 ) ) ;
#8318 = CARTESIAN_POINT ( 'NONE',  ( 4386.913178629535651, -230.1222556978152909, 40.08233262970595945 ) ) ;
#8319 = CARTESIAN_POINT ( 'NONE',  ( 4380.113620195709700, -215.7156942563239852, -28.22904849882957379 ) ) ;
#8320 = CARTESIAN_POINT ( 'NONE',  ( 4371.314781950010001, -203.4313236590947724, -9.754557042967084257 ) ) ;
#8321 = CARTESIAN_POINT ( 'NONE',  ( 4371.496786493626132, -222.4809911422553625, -37.34145366084128170 ) ) ;
#8322 = CARTESIAN_POINT ( 'NONE',  ( 4367.141094703735689, -254.1316103244467968, -44.67953924345880523 ) ) ;
#8323 = CARTESIAN_POINT ( 'NONE',  ( 4393.427350238953295, -203.3322581266223210, -20.50391400045749180 ) ) ;
#8324 = VECTOR ( 'NONE', #8106, 1000.000000000000000 ) ;
#8325 = CARTESIAN_POINT ( 'NONE',  ( 4391.120917613384336, -253.7751613695162689, 42.27852166739267403 ) ) ;
#8326 = CARTESIAN_POINT ( 'NONE',  ( 4375.724366949924843, -217.4852846447487593, 30.08903319885378380 ) ) ;
#8327 = CARTESIAN_POINT ( 'NONE',  ( 4380.464586414324913, -259.9739572238002552, 36.66623503950862784 ) ) ;
#8328 = CARTESIAN_POINT ( 'NONE',  ( 4367.295306708877433, -226.8033233578487966, 40.01241370124728292 ) ) ;
#8329 = AXIS2_PLACEMENT_3D ( 'NONE', #3276, #4461, #3769 ) ;
#8330 = CARTESIAN_POINT ( 'NONE',  ( 4388.977420038185301, -208.2584715472619905, 23.25873985933217014 ) ) ;
#8331 = CARTESIAN_POINT ( 'NONE',  ( 4380.098736136655134, -206.7635471152355535, -13.56024089042529113 ) ) ;
#8332 = CARTESIAN_POINT ( 'NONE',  ( 4393.150285685494964, -255.4522453882129867, -36.08700049099802243 ) ) ;
#8333 = DIRECTION ( 'NONE',  ( -0.000000000000000000, -0.000000000000000000, -1.000000000000000000 ) ) ;
#8334 = EDGE_CURVE ( 'NONE', #1133, #3487, #2718, .T. ) ;
#8335 = ORIENTED_EDGE ( 'NONE', *, *, #2954, .T. ) ;
#8336 = CARTESIAN_POINT ( 'NONE',  ( 4393.293351109283321, -220.2421813086145903, -34.42539591756467843 ) ) ;
#8337 = CARTESIAN_POINT ( 'NONE',  ( 4393.287452436418789, -223.1210757583001225, 32.92733187544344275 ) ) ;
#8338 = CARTESIAN_POINT ( 'NONE',  ( 4382.316667973605036, -224.0363523025417578, 34.26910558595914580 ) ) ;
#8339 = CARTESIAN_POINT ( 'NONE',  ( 4367.278154464224826, -222.9693219790223964, 37.91515379217913306 ) ) ;
#8340 = ORIENTED_EDGE ( 'NONE', *, *, #3181, .T. ) ;
#8341 = CARTESIAN_POINT ( 'NONE',  ( 4380.461000125173996, -260.9900331937778333, -34.72377293389445185 ) ) ;
#8342 = CARTESIAN_POINT ( 'NONE',  ( 4375.761406927938879, -204.7557480286645273, 17.01919664102181073 ) ) ;
#8343 = CARTESIAN_POINT ( 'NONE',  ( 4367.088656161125073, -219.8501527903000579, -35.92606659972658179 ) ) ;
#8344 = CARTESIAN_POINT ( 'NONE',  ( 4387.002128333773726, -251.5158248895911299, -45.31454597330681366 ) ) ;
#8345 = CARTESIAN_POINT ( 'NONE',  ( 4371.511873939020916, -225.7009480693461398, 39.16112952324331076 ) ) ;
#8346 = CARTESIAN_POINT ( 'NONE',  ( 4386.704444960092587, -221.9290861875822714, 32.65344875359911470 ) ) ;
#8347 = CARTESIAN_POINT ( 'NONE',  ( 4367.150379315424289, -253.1743182698631358, 46.81030313333201320 ) ) ;
#8348 = CARTESIAN_POINT ( 'NONE',  ( 4393.413828884493341, -214.4216364178201104, 30.00168963580764370 ) ) ;
#8349 = CARTESIAN_POINT ( 'NONE',  ( 4382.484409802278606, -222.8881829332437405, 36.83571192767817593 ) ) ;
#8350 = CARTESIAN_POINT ( 'NONE',  ( 4375.728789481059721, -222.4360469227363239, -33.72679672640051507 ) ) ;
#8351 = CARTESIAN_POINT ( 'NONE',  ( 4393.306970833536980, -222.6244581569024206, 35.89369963183216328 ) ) ;
#8352 = CARTESIAN_POINT ( 'NONE',  ( 4393.405416061337746, -213.1925337685556201, -28.83829464474763782 ) ) ;
#8353 = CARTESIAN_POINT ( 'NONE',  ( 4367.144943118558331, -231.5965645157004076, -42.18571068076451525 ) ) ;
#8354 = CARTESIAN_POINT ( 'NONE',  ( 4393.386304414845654, -253.6925433502208023, 44.41518786694918219 ) ) ;
#8355 = CARTESIAN_POINT ( 'NONE',  ( 4371.372276567683912, -254.7339675294184076, 44.33546174341729795 ) ) ;
#8356 = CARTESIAN_POINT ( 'NONE',  ( 4393.311936884975694, -223.5670113544241815, -36.42021215847062621 ) ) ;
#8357 = CARTESIAN_POINT ( 'NONE',  ( 4386.987380743390531, -247.2631699051318890, 44.79384172575888101 ) ) ;
#8358 = CARTESIAN_POINT ( 'NONE',  ( 4388.893976996630045, -216.8871306638687031, -28.71768820180942328 ) ) ;
#8359 = CARTESIAN_POINT ( 'NONE',  ( 4393.271914313557318, -203.4977444175894163, -9.819437351917546408 ) ) ;
#8360 = CARTESIAN_POINT ( 'NONE',  ( 4375.895475611663642, -223.4458389807182641, -37.61304850226921559 ) ) ;
#8361 = CARTESIAN_POINT ( 'NONE',  ( 4367.265669264383178, -220.3023055300598685, -36.22280269931511043 ) ) ;
#8362 = DIRECTION ( 'NONE',  ( 0.000000000000000000, 0.000000000000000000, 1.000000000000000000 ) ) ;
#8363 = CARTESIAN_POINT ( 'NONE',  ( 4388.873148058299194, -206.2660859597520755, 9.494248591738639220 ) ) ;
#8364 = CARTESIAN_POINT ( 'NONE',  ( 4375.721657476310611, -214.5902911114508527, 27.40133881703792085 ) ) ;
#8365 = CARTESIAN_POINT ( 'NONE',  ( 4384.838161103612947, -262.6363473228685166, 30.55023952013272748 ) ) ;
#8366 = CARTESIAN_POINT ( 'NONE',  ( 4367.377492528886251, -245.7161543249372642, 46.38580204435702825 ) ) ;
#8367 = CARTESIAN_POINT ( 'NONE',  ( 4371.665961560992400, -265.8338796582733607, -27.51558889846690192 ) ) ;
#8368 = CARTESIAN_POINT ( 'NONE',  ( 4389.055210697583789, -219.5474355709264387, 34.27332879829173606 ) ) ;
#8369 = CARTESIAN_POINT ( 'NONE',  ( 4391.073210059214944, -206.9405882344919974, -13.66647514887555204 ) ) ;
#8370 = CARTESIAN_POINT ( 'NONE',  ( 4393.130481188949489, -229.4864948887108369, 36.25541539370529165 ) ) ;
#8371 = ORIENTED_EDGE ( 'NONE', *, *, #732, .F. ) ;
#8372 = CARTESIAN_POINT ( 'NONE',  ( 4376.741019707303167, -289.7815121590419380, -26.87652984091358377 ) ) ;
#8373 = ORIENTED_EDGE ( 'NONE', *, *, #8540, .F. ) ;
#8374 = CARTESIAN_POINT ( 'NONE',  ( 4393.296697112759830, -220.7736829258461739, -34.76573837907106679 ) ) ;
#8375 = CARTESIAN_POINT ( 'NONE',  ( 4393.280516783354869, -215.7049617898122733, 27.38627766279410025 ) ) ;
#8376 = CARTESIAN_POINT ( 'NONE',  ( 4380.120628935665991, -223.4143399660739249, -34.04078260253731258 ) ) ;
#8377 = CARTESIAN_POINT ( 'NONE',  ( 4382.315880814700904, -223.1160485159685152, 33.71303726472099527 ) ) ;
#8378 = CARTESIAN_POINT ( 'NONE',  ( 4393.123630219814913, -221.4416990166593280, -31.86954004431821730 ) ) ;
#8379 = CARTESIAN_POINT ( 'NONE',  ( 4367.093704290382448, -203.4313293481951064, 9.533954591207027818 ) ) ;
#8380 = EDGE_CURVE ( 'NONE', #4174, #4949, #6011, .T. ) ;
#8381 = VERTEX_POINT ( 'NONE', #5323 ) ;
#8382 = CARTESIAN_POINT ( 'NONE',  ( 4382.634965375537831, -264.8486285971554821, -26.85224497660115262 ) ) ;
#8383 = CARTESIAN_POINT ( 'NONE',  ( 4386.715680644194435, -236.1774771796997641, -39.37152007215462390 ) ) ;
#8384 = CARTESIAN_POINT ( 'NONE',  ( 4391.256885568520374, -220.5910177483179098, -34.79766558342911509 ) ) ;
#8385 = CARTESIAN_POINT ( 'NONE',  ( 4371.638842209467839, -253.1893824245986480, -46.99136532567874269 ) ) ;
#8386 = CARTESIAN_POINT ( 'NONE',  ( 4371.626132467689786, -250.0785445364123234, 46.65997913499776928 ) ) ;
#8387 = CARTESIAN_POINT ( 'NONE',  ( 4386.726787710465032, -252.9542506964179154, 42.65436703712941835 ) ) ;
#8388 = DIRECTION ( 'NONE',  ( 0.000000000000000000, 1.000000000000000000, 0.000000000000000000 ) ) ;
#8389 = EDGE_CURVE ( 'NONE', #7778, #7673, #5507, .T. ) ;
#8390 = CARTESIAN_POINT ( 'NONE',  ( 4391.099753790244904, -203.8385400881142857, 12.63963142071116508 ) ) ;
#8391 = CARTESIAN_POINT ( 'NONE',  ( 4382.544313335326478, -235.4318741469229792, 42.44555071417764935 ) ) ;
#8392 = CARTESIAN_POINT ( 'NONE',  ( 4391.092576762417593, -221.9295286895052755, -32.33569109578417056 ) ) ;
#8393 = CARTESIAN_POINT ( 'NONE',  ( 4393.125075790250776, -222.9629613275754707, 32.84318977074861579 ) ) ;
#8394 = CARTESIAN_POINT ( 'NONE',  ( 4382.429281511022964, -213.1948391412145440, -29.54034965275517166 ) ) ;
#8395 = CARTESIAN_POINT ( 'NONE',  ( 4389.117868885421558, -231.8064987887641450, -40.56758745505893415 ) ) ;
#8396 = CARTESIAN_POINT ( 'NONE',  ( 4393.371189144145319, -253.6082773732833289, 44.26006357209789854 ) ) ;
#8397 = CARTESIAN_POINT ( 'NONE',  ( 4366.944228400548127, -220.7815427010122278, 33.17271111951396989 ) ) ;
#8398 = CARTESIAN_POINT ( 'NONE',  ( 4393.265137306148972, -215.6944212978295070, -31.09991288609246141 ) ) ;
#8399 = CARTESIAN_POINT ( 'NONE',  ( 4386.993907815412967, -249.0816411345997778, 45.04818693739922253 ) ) ;
#8400 = CARTESIAN_POINT ( 'NONE',  ( 4380.114190142981897, -216.2959204254648853, -28.76470984038577683 ) ) ;
#8401 = CARTESIAN_POINT ( 'NONE',  ( 4381.741019707303167, -289.7815121590419380, -26.00391400045749535 ) ) ;
#8402 = CARTESIAN_POINT ( 'NONE',  ( 4371.329157747930367, -203.5283845176076056, -11.56063013978881493 ) ) ;
#8403 = CARTESIAN_POINT ( 'NONE',  ( 4382.485051963965816, -223.0250194270714985, -36.90764103869340573 ) ) ;
#8404 = CARTESIAN_POINT ( 'NONE',  ( 4367.272358317310136, -221.7157075460275166, -37.14238245918299697 ) ) ;
#8405 = FACE_OUTER_BOUND ( 'NONE', #1997, .T. ) ;
#8406 = CARTESIAN_POINT ( 'NONE',  ( 4388.896307896272447, -219.3395897930066383, 30.69790010565883165 ) ) ;
#8407 = CARTESIAN_POINT ( 'NONE',  ( 4375.723821555656286, -216.8909774087399569, 29.56795161174157727 ) ) ;
#8408 = CARTESIAN_POINT ( 'NONE',  ( 4382.338575417942593, -252.9906683126683049, -43.09324601876929961 ) ) ;
#8409 = CARTESIAN_POINT ( 'NONE',  ( 4387.036028047366017, -261.4402813019023029, 32.29367023443557372 ) ) ;
#8410 = CARTESIAN_POINT ( 'NONE',  ( 4367.345840547715852, -238.1833264400679866, 44.54561691278990310 ) ) ;
#8411 = CARTESIAN_POINT ( 'NONE',  ( 4389.040198860211603, -217.0037753022744198, 32.43235292511550227 ) ) ;
#8412 = CARTESIAN_POINT ( 'NONE',  ( 4380.100528184874747, -207.1548236348870375, -15.10339316309982571 ) ) ;
#8413 = CARTESIAN_POINT ( 'NONE',  ( 4393.144871957626492, -251.6867916162701135, 41.88353059414025381 ) ) ;
#8414 = CARTESIAN_POINT ( 'NONE',  ( 4393.427350238953295, -302.9155512315545593, -24.10391400045749322 ) ) ;
#8415 = CARTESIAN_POINT ( 'NONE',  ( 4393.173417119580336, -252.4158933617443097, 42.22555918182124657 ) ) ;
#8416 = CARTESIAN_POINT ( 'NONE',  ( 4393.369008422781917, -235.1537098687351204, -41.41867830128452255 ) ) ;
#8417 = CARTESIAN_POINT ( 'NONE',  ( 4393.288451328889096, -224.2796146730423175, 33.61020818208061200 ) ) ;
#8418 = CARTESIAN_POINT ( 'NONE',  ( 4393.287827142993592, -223.5432629008184620, -33.17351387065132684 ) ) ;
#8419 = CARTESIAN_POINT ( 'NONE',  ( 4382.321139568122817, -229.6171318386441556, 37.16239485654693908 ) ) ;
#8420 = CARTESIAN_POINT ( 'NONE',  ( 4393.126319824245002, -224.4079288538916046, -33.68807914289872230 ) ) ;
#8421 = EDGE_CURVE ( 'NONE', #6192, #303, #4814, .T. ) ;
#8422 = CARTESIAN_POINT ( 'NONE',  ( 4367.275380521989064, -222.2931337398860023, 37.50836139087029153 ) ) ;
#8423 = EDGE_LOOP ( 'NONE', ( #4771, #7208, #3286, #5638, #1940 ) ) ;
#8424 = CARTESIAN_POINT ( 'NONE',  ( 4380.470874647697201, -256.9172702756079048, -42.46325708396266663 ) ) ;
#8425 = CARTESIAN_POINT ( 'NONE',  ( 4371.380990038049276, -253.7870741407877802, -44.60556992441781432 ) ) ;
#8426 = CARTESIAN_POINT ( 'NONE',  ( 4371.359805291627708, -243.7307435303341379, -42.74985323572073526 ) ) ;
#8427 = CARTESIAN_POINT ( 'NONE',  ( 4380.273426808573277, -220.2180067653430058, -35.31913103983241342 ) ) ;
#8428 = CARTESIAN_POINT ( 'NONE',  ( 4391.400082100079999, -251.7250264763624159, -44.88632099838189760 ) ) ;
#8429 = EDGE_CURVE ( 'NONE', #220, #614, #6876, .T. ) ;
#8430 = CARTESIAN_POINT ( 'NONE',  ( 4371.639693380925564, -253.4266897102117468, 47.01993731898506468 ) ) ;
#8431 = CARTESIAN_POINT ( 'NONE',  ( 4384.492318488141791, -207.8193405561997338, 16.72977216150517066 ) ) ;
#8432 = CARTESIAN_POINT ( 'NONE',  ( 4367.146234492568510, -264.7560497253983840, 24.50971937391492261 ) ) ;
#8433 = CARTESIAN_POINT ( 'NONE',  ( 4380.265115252077521, -218.6654414681231628, 34.25713056852872995 ) ) ;
#8434 = CARTESIAN_POINT ( 'NONE',  ( 4375.728933296265495, -222.6095376576545561, -33.83780666888218036 ) ) ;
#8435 = CARTESIAN_POINT ( 'NONE',  ( 4393.110935881974001, -203.4313364179809298, 9.847428106996165553 ) ) ;
#8436 = CARTESIAN_POINT ( 'NONE',  ( 4386.824694365433061, -213.7998727249857609, -29.85407420723310423 ) ) ;
#8437 = CARTESIAN_POINT ( 'NONE',  ( 4384.716726633457256, -230.1527809056829312, -40.26225842296332758 ) ) ;
#8438 = CARTESIAN_POINT ( 'NONE',  ( 4393.204742329942746, -252.6807828456778680, 42.55402285960222741 ) ) ;
#8439 = CARTESIAN_POINT ( 'NONE',  ( 4366.929280164016745, -207.5306113787139566, 16.97686998507384359 ) ) ;
#8440 = CARTESIAN_POINT ( 'NONE',  ( 4393.125075794215263, -222.9629707976582722, -32.83536756393993272 ) ) ;
#8441 = CARTESIAN_POINT ( 'NONE',  ( 4386.998111534791860, -250.2951592146638973, 45.19647493000405092 ) ) ;
#8442 = CARTESIAN_POINT ( 'NONE',  ( 4384.506109625702265, -217.4846625215135134, -29.52198965304090805 ) ) ;
#8443 = CARTESIAN_POINT ( 'NONE',  ( 4371.380990029805616, -253.7870741680696085, 44.61339787561387027 ) ) ;
#8444 = CARTESIAN_POINT ( 'NONE',  ( 4384.493430400229954, -203.4955557965080857, -10.36493080785012744 ) ) ;
#8445 = CARTESIAN_POINT ( 'NONE',  ( 4391.270122877566791, -223.0249435710284729, -36.26937240215163172 ) ) ;
#8446 = CARTESIAN_POINT ( 'NONE',  ( 4367.209884333499758, -210.2619002191346453, -27.28286398943843238 ) ) ;
#8447 = EDGE_CURVE ( 'NONE', #2713, #6321, #1157, .T. ) ;
#8448 = CARTESIAN_POINT ( 'NONE',  ( 4393.427350238953295, -203.3322581266223210, 20.50391400045749180 ) ) ;
#8449 = CARTESIAN_POINT ( 'NONE',  ( 4391.118574259016896, -250.3086928121631161, 41.95219669619708469 ) ) ;
#8450 = CARTESIAN_POINT ( 'NONE',  ( 4375.726595332588658, -219.9700973146381102, 32.03837348563967424 ) ) ;
#8451 = CARTESIAN_POINT ( 'NONE',  ( 4393.315046303926465, -252.4625466102328062, -41.92745275517139447 ) ) ;
#8452 = CARTESIAN_POINT ( 'NONE',  ( 4389.217714807589800, -263.7642603579516845, 27.39798280756991034 ) ) ;
#8453 = CARTESIAN_POINT ( 'NONE',  ( 4367.098911906686226, -203.4313214445374456, 10.41175572387644976 ) ) ;
#8454 = CARTESIAN_POINT ( 'NONE',  ( 4389.059178350920774, -220.2344961317792524, 34.73191659796835751 ) ) ;
#8455 = CARTESIAN_POINT ( 'NONE',  ( 4371.320847310564204, -207.5336301704772382, -16.73851804939587140 ) ) ;
#8456 = CARTESIAN_POINT ( 'NONE',  ( 4393.126768515763615, -224.9214257151330685, 33.98440964255274110 ) ) ;
#8457 = ORIENTED_EDGE ( 'NONE', *, *, #5970, .T. ) ;
#8458 = AXIS2_PLACEMENT_3D ( 'NONE', #1286, #1089, #3388 ) ;
#8459 = CARTESIAN_POINT ( 'NONE',  ( 4393.431608007063005, -253.9451750711944555, -44.87251509709778219 ) ) ;
#8460 = ORIENTED_EDGE ( 'NONE', *, *, #3792, .T. ) ;
#8461 = CARTESIAN_POINT ( 'NONE',  ( 4393.172038883527421, -205.3586142191697093, -17.61288909848240536 ) ) ;
#8462 = CARTESIAN_POINT ( 'NONE',  ( 4393.265034571454635, -206.4591954739854600, 11.19585754134143407 ) ) ;
#8463 = CARTESIAN_POINT ( 'NONE',  ( 4382.315620469307760, -222.7860246699074480, -33.49963597278163974 ) ) ;
#8464 = CARTESIAN_POINT ( 'NONE',  ( 4382.333618437553014, -245.5764229810532413, 42.14020055297562095 ) ) ;
#8465 =( GEOMETRIC_REPRESENTATION_CONTEXT ( 3 ) GLOBAL_UNCERTAINTY_ASSIGNED_CONTEXT ( ( #1092 ) ) GLOBAL_UNIT_ASSIGNED_CONTEXT ( ( #5800, #2155, #7810 ) ) REPRESENTATION_CONTEXT ( 'NONE', 'WORKASPACE' ) );
#8466 = CARTESIAN_POINT ( 'NONE',  ( 4393.130897562555219, -230.0180519213164985, -36.48037570080887093 ) ) ;
#8467 = CARTESIAN_POINT ( 'NONE',  ( 4367.283839486450233, -224.2356113930763968, 38.64662963916395455 ) ) ;
#8468 = ORIENTED_EDGE ( 'NONE', *, *, #6929, .T. ) ;
#8469 = CARTESIAN_POINT ( 'NONE',  ( 4382.559965293320602, -278.9915304323870942, 0.07073807062964632131 ) ) ;
#8470 = CARTESIAN_POINT ( 'NONE',  ( 4375.745802074707171, -268.9074932004875222, -14.52362493808272248 ) ) ;
#8471 = CARTESIAN_POINT ( 'NONE',  ( 4388.913877029368450, -240.6487429665121169, -40.41592909753853036 ) ) ;
#8472 = CARTESIAN_POINT ( 'NONE',  ( 4367.102823199744307, -207.5250576977793457, -16.94392085769647238 ) ) ;
#8473 = VECTOR ( 'NONE', #3898, 1000.000000000000000 ) ;
#8474 = CARTESIAN_POINT ( 'NONE',  ( 4393.595284627747787, -251.3429544294844504, -44.62404851133742056 ) ) ;
#8475 = CARTESIAN_POINT ( 'NONE',  ( 4366.948363852537113, -203.6761462880772342, 13.14385218945918332 ) ) ;
#8476 = CARTESIAN_POINT ( 'NONE',  ( 4386.707671456349090, -225.8474455272536829, 34.97019770078433254 ) ) ;
#8477 = CARTESIAN_POINT ( 'NONE',  ( 4367.141073049251645, -254.9006379433558322, 44.75374207686208905 ) ) ;
#8478 = CARTESIAN_POINT ( 'NONE',  ( 4380.112336439852697, -203.5828987466933881, 11.52741582406564014 ) ) ;
#8479 = CARTESIAN_POINT ( 'NONE',  ( 4388.921136608202687, -257.2309660361759143, 33.76938767161161792 ) ) ;
#8480 = CARTESIAN_POINT ( 'NONE',  ( 4393.126434031619283, -224.5377093921526068, 33.76959666796050641 ) ) ;
#8481 = CARTESIAN_POINT ( 'NONE',  ( 4389.015837355113035, -213.1949186416116220, -29.12516350358620443 ) ) ;
#8482 = CARTESIAN_POINT ( 'NONE',  ( 4371.548361173858211, -233.3145146320815400, -42.53105905300903089 ) ) ;
#8483 = CARTESIAN_POINT ( 'NONE',  ( 4393.219884611639827, -252.7651855146028765, 42.70907025771740706 ) ) ;
#8484 = B_SPLINE_CURVE_WITH_KNOTS ( 'NONE', 3,
 ( #3572, #5682, #2759, #6322 ),
 .UNSPECIFIED., .F., .F.,
 ( 4, 4 ),
 ( 0.000000000000000000, 1.000000000000000000 ),
 .UNSPECIFIED. ) ;
#8485 = CARTESIAN_POINT ( 'NONE',  ( 4366.946446105746872, -223.2687038782463844, 34.83530524868288580 ) ) ;
#8486 = CARTESIAN_POINT ( 'NONE',  ( 4393.120322805901196, -218.0893921520308254, -29.44265590772822705 ) ) ;
#8487 = ADVANCED_FACE ( 'NONE', ( #8200 ), #3185, .F. ) ;
#8488 = CARTESIAN_POINT ( 'NONE',  ( 4384.676002720308134, -221.8138545081419011, 36.04021271639869894 ) ) ;
#8489 = CARTESIAN_POINT ( 'NONE',  ( 4375.726025471882167, -219.3388947384330550, -31.55902443810096258 ) ) ;
#8490 = CARTESIAN_POINT ( 'NONE',  ( 4393.314610632648510, -253.1116497682482418, 40.46521957857138574 ) ) ;
#8491 = CARTESIAN_POINT ( 'NONE',  ( 4380.119690417664970, -203.6841734445164036, -12.41665372753776353 ) ) ;
#8492 = CARTESIAN_POINT ( 'NONE',  ( 4384.482799375337891, -252.9799682524367483, -42.88788805930224157 ) ) ;
#8493 = CARTESIAN_POINT ( 'NONE',  ( 4386.878969984669311, -223.1633695900466137, -36.67078463499767338 ) ) ;
#8494 = CARTESIAN_POINT ( 'NONE',  ( 4367.121479785887459, -224.1308397352418069, -35.34471521967339669 ) ) ;
#8495 = DIRECTION ( 'NONE',  ( 0.000000000000000000, -1.000000000000000000, 0.000000000000000000 ) ) ;
#8496 = CARTESIAN_POINT ( 'NONE',  ( 4375.730981365808475, -224.9686771472483997, 35.27176194010412047 ) ) ;
#8497 = CARTESIAN_POINT ( 'NONE',  ( 4391.398912707628369, -266.0813494074478740, 22.55409509434699444 ) ) ;
#8498 = DIRECTION ( 'NONE',  ( 0.000000000000000000, 0.000000000000000000, -1.000000000000000000 ) ) ;
#8499 = CARTESIAN_POINT ( 'NONE',  ( 4389.068007705953278, -221.8237476340316334, 35.73202047616265986 ) ) ;
#8500 = CARTESIAN_POINT ( 'NONE',  ( 4391.075198918010756, -207.5348005047713684, -15.56353859505496828 ) ) ;
#8501 = CARTESIAN_POINT ( 'NONE',  ( 4393.136998448458144, -238.2305878061113162, 39.43451803581784532 ) ) ;
#8502 = ORIENTED_EDGE ( 'NONE', *, *, #3362, .T. ) ;
#8503 = B_SPLINE_CURVE_WITH_KNOTS ( 'NONE', 3,
 ( #1942, #1848, #8152, #6184 ),
 .UNSPECIFIED., .F., .F.,
 ( 4, 4 ),
 ( 0.04218622113051117423, 0.06836682167320090597 ),
 .UNSPECIFIED. ) ;
#8504 = DIRECTION ( 'NONE',  ( 0.000000000000000000, 0.000000000000000000, -1.000000000000000000 ) ) ;
#8505 = ORIENTED_EDGE ( 'NONE', *, *, #720, .T. ) ;
#8506 = CARTESIAN_POINT ( 'NONE',  ( 4393.431825878189557, -253.3732675860693746, -44.82185920400263512 ) ) ;
#8507 = PRODUCT_DEFINITION_CONTEXT ( 'detailed design', #6598, 'design' ) ;
#8508 = CARTESIAN_POINT ( 'NONE',  ( 4393.289011485740048, -224.9212585318780384, 33.97201734965322117 ) ) ;
#8509 = CARTESIAN_POINT ( 'NONE',  ( 4371.338725833526951, -223.5435471602871758, -34.71597845268789939 ) ) ;
#8510 = CARTESIAN_POINT ( 'NONE',  ( 4382.316256117508601, -223.5430888659475102, 33.97479753578217299 ) ) ;
#8511 = LINE ( 'NONE', #7012, #7779 ) ;
#8512 = CARTESIAN_POINT ( 'NONE',  ( 4367.125428625422501, -229.7263688856985198, 38.32168212981812161 ) ) ;
#8513 = ORIENTED_EDGE ( 'NONE', *, *, #506, .F. ) ;
#8514 = CARTESIAN_POINT ( 'NONE',  ( 4389.236678963190570, -259.2475964265041739, -35.89766718925441324 ) ) ;
#8515 = CARTESIAN_POINT ( 'NONE',  ( 4366.950432112288581, -277.4537554342683165, 0.2968470330631789444 ) ) ;
#8516 = CARTESIAN_POINT ( 'NONE',  ( 4382.326474883532683, -236.2973074019399746, -39.78185599102718584 ) ) ;
#8517 = CARTESIAN_POINT ( 'NONE',  ( 4367.125821115216240, -230.2857237591581736, -38.57096825407034402 ) ) ;
#8518 = CARTESIAN_POINT ( 'NONE',  ( 4387.004243945281814, -253.2935069098830070, -45.47328203466951635 ) ) ;
#8519 = CARTESIAN_POINT ( 'NONE',  ( 4371.628808615939306, -250.7150959359266267, 46.74227941403950837 ) ) ;
#8520 = CARTESIAN_POINT ( 'NONE',  ( 4386.726696996431201, -252.3709343407803374, 42.60361811024707634 ) ) ;
#8521 = CARTESIAN_POINT ( 'NONE',  ( 4367.100673524543708, -206.9282634474279803, 15.05261469517492401 ) ) ;
#8522 = CARTESIAN_POINT ( 'NONE',  ( 4380.268807390863913, -219.3592640322234217, 34.74413766176383689 ) ) ;
#8523 = CARTESIAN_POINT ( 'NONE',  ( 4382.341682688256697, -254.8962848233660736, 39.79789757150287244 ) ) ;
#8524 = CARTESIAN_POINT ( 'NONE',  ( 4393.122224585461481, -219.9704413842379438, 30.86625870759930379 ) ) ;
#8525 = CARTESIAN_POINT ( 'NONE',  ( 4389.032126977243024, -215.6927263326339528, -31.38235573716242754 ) ) ;
#8526 = CARTESIAN_POINT ( 'NONE',  ( 4367.153720683788379, -233.4043504951084458, -42.89395715105832352 ) ) ;
#8527 = CARTESIAN_POINT ( 'NONE',  ( 4393.227455454908522, -252.8073817487165798, 42.78659672849182982 ) ) ;
#8528 = CARTESIAN_POINT ( 'NONE',  ( 4366.945723924290178, -222.4324979334041927, 34.29881590969327476 ) ) ;
#8529 = CARTESIAN_POINT ( 'NONE',  ( 4393.098685683708936, -206.4179982322818887, -11.20617369972719146 ) ) ;
#8530 = CARTESIAN_POINT ( 'NONE',  ( 4371.604039564854247, -276.0117593636413176, -7.763692492867100725 ) ) ;
#8531 = VECTOR ( 'NONE', #9056, 1000.000000000000000 ) ;
#8532 = CARTESIAN_POINT ( 'NONE',  ( 4384.692403267727059, -225.0830671000137784, 37.89475243176888597 ) ) ;
#8533 = CARTESIAN_POINT ( 'NONE',  ( 4386.702988544055188, -220.2944673161944138, -31.53433830532826576 ) ) ;
#8534 = PRESENTATION_STYLE_ASSIGNMENT (( #7764 ) ) ;
#8535 = CARTESIAN_POINT ( 'NONE',  ( 4366.938244389301872, -203.5262548077760414, -11.78301714862605287 ) ) ;
#8536 = CARTESIAN_POINT ( 'NONE',  ( 4367.250429613065535, -217.2475473033964306, -34.00817782040755333 ) ) ;
#8537 = CARTESIAN_POINT ( 'NONE',  ( 4382.484409798678826, -222.8881829332542281, -36.82788392702337887 ) ) ;
#8538 = CARTESIAN_POINT ( 'NONE',  ( 4367.121127617438106, -223.6249669089749545, -35.03792350848304693 ) ) ;
#8539 = DIRECTION ( 'NONE',  ( 0.000000000000000000, -1.000000000000000000, 0.000000000000000000 ) ) ;
#8540 = EDGE_CURVE ( 'NONE', #2526, #8560, #5416, .T. ) ;
#8541 = CARTESIAN_POINT ( 'NONE',  ( 4371.321548120596162, -207.8173912076976819, 17.49486099861553967 ) ) ;
#8542 = CARTESIAN_POINT ( 'NONE',  ( 4391.412030572017102, -263.5733478553728446, 27.25483465394814786 ) ) ;
#8543 = CARTESIAN_POINT ( 'NONE',  ( 4380.131071205253647, -272.3314357331965425, 7.055246477966296226 ) ) ;
#8544 = DIRECTION ( 'NONE',  ( 0.000000000000000000, 0.000000000000000000, -1.000000000000000000 ) ) ;
#8545 = CARTESIAN_POINT ( 'NONE',  ( 4389.082019377198776, -224.5206616064903642, 37.26676321864638908 ) ) ;
#8546 = CARTESIAN_POINT ( 'NONE',  ( 4384.495196908122125, -208.9261910876517447, -19.26427305103543475 ) ) ;
#8547 = CARTESIAN_POINT ( 'NONE',  ( 4393.124459578164533, -222.2655466857772808, 32.41034069928548433 ) ) ;
#8548 = VERTEX_POINT ( 'NONE', #5285 ) ;
#8549 = CARTESIAN_POINT ( 'NONE',  ( 4367.142593940251572, -269.6695546580310747, -14.89171606121191083 ) ) ;
#8550 = ORIENTED_EDGE ( 'NONE', *, *, #2581, .T. ) ;
#8551 = DIRECTION ( 'NONE',  ( -1.000000000000000000, 0.000000000000000000, 0.000000000000000000 ) ) ;
#8552 = CARTESIAN_POINT ( 'NONE',  ( 4393.310743388853552, -247.8668879666107330, 41.41796791198903804 ) ) ;
#8553 = CARTESIAN_POINT ( 'NONE',  ( 4386.705337167657490, -222.9600885802951495, -33.29880242064303530 ) ) ;
#8554 = CARTESIAN_POINT ( 'NONE',  ( 4380.118905692836051, -221.4407861181634019, 32.78086623974492397 ) ) ;
#8555 = CARTESIAN_POINT ( 'NONE',  ( 4393.109589511330341, -209.6945325780362737, -20.10614381275573237 ) ) ;
#8556 = CARTESIAN_POINT ( 'NONE',  ( 4367.123477629581430, -226.9588811750760442, 36.94919235740779584 ) ) ;
#8557 = CARTESIAN_POINT ( 'NONE',  ( 4393.596978706130358, -253.3604843893982377, 44.81147328953237263 ) ) ;
#8558 = CARTESIAN_POINT ( 'NONE',  ( 4375.761344549098794, -259.2931139525707636, -33.03211550578913602 ) ) ;
#8559 = CARTESIAN_POINT ( 'NONE',  ( 4371.357055914636476, -241.3414532799019696, -42.13174529898419962 ) ) ;
#8560 = VERTEX_POINT ( 'NONE', #3130 ) ;
#8561 = CARTESIAN_POINT ( 'NONE',  ( 4367.122270587165076, -225.3307358606287778, -36.06155997433638305 ) ) ;
#8562 = CARTESIAN_POINT ( 'NONE',  ( 4376.031488079846895, -253.5458966027659358, -46.59399916129746799 ) ) ;
#8563 = EDGE_CURVE ( 'NONE', #2758, #4541, #2636, .T. ) ;
#8564 = CARTESIAN_POINT ( 'NONE',  ( 4367.105524957654779, -223.3129666997293725, 38.12880381192536561 ) ) ;
#8565 = CARTESIAN_POINT ( 'NONE',  ( 4386.726842535416836, -254.1195658692765278, 42.75670642068052985 ) ) ;
#8566 = CARTESIAN_POINT ( 'NONE',  ( 4367.138891757643250, -249.9432553055133326, 44.21991682576100402 ) ) ;
#8567 = ORIENTED_EDGE ( 'NONE', *, *, #4365, .F. ) ;
#8568 = CARTESIAN_POINT ( 'NONE',  ( 4380.104897419163535, -203.4941167502498729, 10.62803953005728630 ) ) ;
#8569 = CARTESIAN_POINT ( 'NONE',  ( 4366.989207991950025, -258.0894103430047721, 37.49920547871156629 ) ) ;
#8570 = CARTESIAN_POINT ( 'NONE',  ( 4393.119678180951269, -217.4789536230638021, 28.95434373125242544 ) ) ;
#8571 = CARTESIAN_POINT ( 'NONE',  ( 4391.243531248339423, -218.3402256539463906, -33.27280783936773645 ) ) ;
#8572 = CARTESIAN_POINT ( 'NONE',  ( 4376.013154710202798, -248.5369420074490563, -46.03051642483661965 ) ) ;
#8573 = CARTESIAN_POINT ( 'NONE',  ( 4367.436266875392903, -203.3322581266223210, -24.10391400045742571 ) ) ;
#8574 = CARTESIAN_POINT ( 'NONE',  ( 4366.946019706871084, -222.7789410773209795, 34.52342550140703992 ) ) ;
#8575 = CARTESIAN_POINT ( 'NONE',  ( 4393.432071685950177, -251.6525841943738158, -44.66943417263513538 ) ) ;
#8576 = CARTESIAN_POINT ( 'NONE',  ( 4393.313581310936570, -250.7383415927500891, -41.76435447055230554 ) ) ;
#8577 = CARTESIAN_POINT ( 'NONE',  ( 4384.678396292556499, -222.2363036150237576, 36.29593485195666602 ) ) ;
#8578 = CARTESIAN_POINT ( 'NONE',  ( 4382.313427619853428, -220.2941122993316867, -31.83147876221192973 ) ) ;
#8579 = CARTESIAN_POINT ( 'NONE',  ( 4380.150303091393653, -254.1024996774218891, 41.84508994578552432 ) ) ;
#8580 = CARTESIAN_POINT ( 'NONE',  ( 4393.307512391946148, -204.2298593430085702, -14.23253466511761012 ) ) ;
#8581 = CARTESIAN_POINT ( 'NONE',  ( 4367.436266875392903, -269.9317919148531928, -20.50391400045736745 ) ) ;
#8582 = CARTESIAN_POINT ( 'NONE',  ( 4386.885851922978873, -224.5265944683145847, -37.42481200249298467 ) ) ;
#8583 = CARTESIAN_POINT ( 'NONE',  ( 4367.120422000483813, -222.7125610858433049, -34.46171659272900456 ) ) ;
#8584 = CARTESIAN_POINT ( 'NONE',  ( 4375.733752321910288, -228.0511344284743700, 36.91159590098873622 ) ) ;
#8585 = CARTESIAN_POINT ( 'NONE',  ( 4391.404151382716918, -265.0782377931167844, 24.43427112616462438 ) ) ;
#8586 = PLANE ( 'NONE',  #7147 ) ;
#8587 = CARTESIAN_POINT ( 'NONE',  ( 4389.198242771451078, -251.0545124496309484, 45.05516569730228582 ) ) ;
#8588 = CARTESIAN_POINT ( 'NONE',  ( 4380.102950168480675, -207.9652490296446956, -17.35507938453888244 ) ) ;
#8589 = DIRECTION ( 'NONE',  ( 0.000000000000000000, 0.000000000000000000, -1.000000000000000000 ) ) ;
#8590 = EDGE_LOOP ( 'NONE', ( #1826, #3340, #6987, #8513 ) ) ;
#8591 = CARTESIAN_POINT ( 'NONE',  ( 4384.670546897434178, -220.7556134937015884, -35.36971725292837476 ) ) ;
#8592 = CARTESIAN_POINT ( 'NONE',  ( 4367.436266875392903, -302.9155512315545593, 22.90391400045744774 ) ) ;
#8593 = CARTESIAN_POINT ( 'NONE',  ( 4380.947391558322124, -302.9155512315545593, -26.22612988217233010 ) ) ;
#8594 = CARTESIAN_POINT ( 'NONE',  ( 4393.432098207083982, -252.6583850637494493, -44.75853939875581489 ) ) ;
#8595 = CARTESIAN_POINT ( 'NONE',  ( 4391.069551678017888, -206.3687661565867302, 10.54691451767347488 ) ) ;
#8596 = CARTESIAN_POINT ( 'NONE',  ( 4393.288250606427027, -224.0248669245881104, -33.45584385167865804 ) ) ;
#8597 = CARTESIAN_POINT ( 'NONE',  ( 4380.094197613050710, -206.2644699499920762, 10.02025814574880158 ) ) ;
#8598 = CARTESIAN_POINT ( 'NONE',  ( 4367.131909858157087, -238.9843504806837871, 41.86948731638964460 ) ) ;
#8599 = CARTESIAN_POINT ( 'NONE',  ( 4393.527235082762672, -235.1499321868112986, 41.41136485731047401 ) ) ;
#8600 = CARTESIAN_POINT ( 'NONE',  ( 4375.704071651459344, -206.2313299908384181, -9.470094515488531428 ) ) ;
#8601 = CARTESIAN_POINT ( 'NONE',  ( 4384.856340102388458, -254.5582944469615541, -45.84545943630832454 ) ) ;
#8602 = CARTESIAN_POINT ( 'NONE',  ( 4375.762665566759097, -258.3268491410295269, -34.88257516631156108 ) ) ;
#8603 = CARTESIAN_POINT ( 'NONE',  ( 4386.722306912946806, -245.3468340478818845, -41.67505112317920890 ) ) ;
#8604 = EDGE_CURVE ( 'NONE', #4128, #8102, #4042, .T. ) ;
#8605 = ORIENTED_EDGE ( 'NONE', *, *, #6041, .F. ) ;
#8606 = CARTESIAN_POINT ( 'NONE',  ( 4387.004482754698074, -252.2738460086439432, -45.38370549678217003 ) ) ;
#8607 = CARTESIAN_POINT ( 'NONE',  ( 4367.139167277146043, -230.3979982795508477, 41.69519376135665567 ) ) ;
#8608 = AXIS2_PLACEMENT_3D ( 'NONE', #835, #6414, #3540 ) ;
#8609 = CARTESIAN_POINT ( 'NONE',  ( 4384.512704335817944, -224.9448844902282190, 34.63617406917757791 ) ) ;
#8610 = CARTESIAN_POINT ( 'NONE',  ( 4367.119371740540373, -221.3776204075568899, 33.57956745573249435 ) ) ;
#8611 = EDGE_LOOP ( 'NONE', ( #1431, #2531, #6665, #7087, #6214, #6915 ) ) ;
#8612 = EDGE_CURVE ( 'NONE', #4612, #518, #2453, .T. ) ;
#8613 = CIRCLE ( 'NONE', #2343, 1.000000000000000888 ) ;
#8614 = CARTESIAN_POINT ( 'NONE',  ( 4382.613569961286885, -252.5269921473257000, 45.85763649421972588 ) ) ;
#8615 = DIRECTION ( 'NONE',  ( 0.000000000000000000, 0.000000000000000000, -1.000000000000000000 ) ) ;
#8616 = CARTESIAN_POINT ( 'NONE',  ( 4382.456222971139141, -217.6565615979683059, -33.36420719791451006 ) ) ;
#8617 = B_SPLINE_CURVE_WITH_KNOTS ( 'NONE', 3,
 ( #8278, #3924, #8186, #2021 ),
 .UNSPECIFIED., .F., .F.,
 ( 4, 4 ),
 ( 0.000000000000000000, 1.000000000000000000 ),
 .UNSPECIFIED. ) ;
#8618 = CARTESIAN_POINT ( 'NONE',  ( 4384.761810943689852, -240.1390645041373375, -43.55999314592890670 ) ) ;
#8619 = CARTESIAN_POINT ( 'NONE',  ( 4384.855428652900628, -255.5685337331581763, 43.94032258910978328 ) ) ;
#8620 = CARTESIAN_POINT ( 'NONE',  ( 4388.913877031754055, -240.6487429663976059, 40.42375709820770879 ) ) ;
#8621 = CARTESIAN_POINT ( 'NONE',  ( 4366.955977869662092, -232.6520021552441904, 39.60696884406019791 ) ) ;
#8622 = CARTESIAN_POINT ( 'NONE',  ( 4393.126319824245002, -224.4079288538916046, -33.68807914289872230 ) ) ;
#8623 = CARTESIAN_POINT ( 'NONE',  ( 4384.672522511365969, -221.1221441135443513, 35.60985816610794075 ) ) ;
#8624 = CARTESIAN_POINT ( 'NONE',  ( 4393.285192153749449, -220.6230332488787838, -31.30360794022832138 ) ) ;
#8625 = DIRECTION ( 'NONE',  ( 0.000000000000000000, 0.000000000000000000, 1.000000000000000000 ) ) ;
#8626 = CARTESIAN_POINT ( 'NONE',  ( 4371.380715449217860, -205.3657831881435243, -18.92989750182165309 ) ) ;
#8627 = CARTESIAN_POINT ( 'NONE',  ( 4371.506500415543087, -224.5697430599242637, -38.54357140338546373 ) ) ;
#8628 = CARTESIAN_POINT ( 'NONE',  ( 4367.128222681505576, -233.7140537074843110, -40.01231163666324164 ) ) ;
#8629 = CARTESIAN_POINT ( 'NONE',  ( 4375.756925682629117, -250.1489519903379914, 43.44296540654232075 ) ) ;
#8630 = CARTESIAN_POINT ( 'NONE',  ( 4367.263325377791261, -268.2720032117422306, 23.78998115816605008 ) ) ;
#8631 = CARTESIAN_POINT ( 'NONE',  ( 4393.135868928950913, -275.6157188299348491, -1.611583575075423047 ) ) ;
#8632 = CARTESIAN_POINT ( 'NONE',  ( 4389.095864933573466, -227.2801330935010924, 38.65401203991868329 ) ) ;
#8633 = CARTESIAN_POINT ( 'NONE',  ( 4384.492318486239128, -207.8193405562015812, -16.72194416070922784 ) ) ;
#8634 = CARTESIAN_POINT ( 'NONE',  ( 4393.093705806565595, -206.2313293483461507, 8.032536258807095209 ) ) ;
#8635 = ORIENTED_EDGE ( 'NONE', *, *, #2022, .T. ) ;
#8636 = CARTESIAN_POINT ( 'NONE',  ( 4386.871162105520852, -221.6535598426710294, -35.77669173195290142 ) ) ;
#8637 = VERTEX_POINT ( 'NONE', #7475 ) ;
#8638 = FACE_OUTER_BOUND ( 'NONE', #6761, .T. ) ;
#8639 = DIRECTION ( 'NONE',  ( -1.000000000000000000, 0.000000000000000000, 0.000000000000000000 ) ) ;
#8640 = CARTESIAN_POINT ( 'NONE',  ( 4367.093704729264573, -206.2313293483461507, 9.533943380833617809 ) ) ;
#8641 = CARTESIAN_POINT ( 'NONE',  ( 4393.294496824708403, -231.0903334711595676, 36.92649259457906652 ) ) ;
#8642 = CARTESIAN_POINT ( 'NONE',  ( 4375.730289095467015, -224.1739753842831249, -34.80185277363753471 ) ) ;
#8643 = CARTESIAN_POINT ( 'NONE',  ( 4380.111330469808308, -213.5136228455086211, 25.97584789398818117 ) ) ;
#8644 = CARTESIAN_POINT ( 'NONE',  ( 4367.111310209826115, -212.4302960611563265, 25.51796467596918916 ) ) ;
#8645 = CARTESIAN_POINT ( 'NONE',  ( 4393.593172280880935, -250.7460347226781323, 44.57437500284503784 ) ) ;
#8646 = CARTESIAN_POINT ( 'NONE',  ( 4386.949960666625884, -278.5548773866059378, 0.04373160463690454330 ) ) ;
#8647 = CARTESIAN_POINT ( 'NONE',  ( 4393.315216433879868, -252.1733404154472566, -42.22616285836834038 ) ) ;
#8648 = CARTESIAN_POINT ( 'NONE',  ( 4384.528472196719122, -247.8120620328479049, -42.26322197816870130 ) ) ;
#8649 = ORIENTED_EDGE ( 'NONE', *, *, #1985, .T. ) ;
#8650 = CARTESIAN_POINT ( 'NONE',  ( 4382.613559491505839, -252.6007717254742886, -45.85625792511262233 ) ) ;
#8651 = CARTESIAN_POINT ( 'NONE',  ( 4367.101241451656279, -222.3463191902941674, 37.55198545544079991 ) ) ;
#8652 = CARTESIAN_POINT ( 'NONE',  ( 4384.510826874720806, -222.6130406575965424, 33.24530247993251919 ) ) ;
#8653 = EDGE_CURVE ( 'NONE', #6882, #5866, #5706, .T. ) ;
#8654 = CARTESIAN_POINT ( 'NONE',  ( 4375.761368743763342, -254.9905031367152901, -43.92203205923345877 ) ) ;
#8655 = CARTESIAN_POINT ( 'NONE',  ( 4367.118999308487219, -220.8882954292496095, 33.23756321924705048 ) ) ;
#8656 = CARTESIAN_POINT ( 'NONE',  ( 4380.288541383945812, -223.1653497536959492, 37.15067208146303557 ) ) ;
#8657 = CARTESIAN_POINT ( 'NONE',  ( 4388.922421802173631, -254.3854496841229036, 39.14156204254418014 ) ) ;
#8658 = CYLINDRICAL_SURFACE ( 'NONE', #1159, 1.500000000000001332 ) ;
#8659 = CARTESIAN_POINT ( 'NONE',  ( 4371.461445299581101, -215.6735631915137219, -32.48168411973466618 ) ) ;
#8660 = CARTESIAN_POINT ( 'NONE',  ( 4380.400588466149202, -247.6515653191999036, -45.47794923843748904 ) ) ;
#8661 = CARTESIAN_POINT ( 'NONE',  ( 4380.469028161908682, -257.9367002550815755, 40.53595884383339154 ) ) ;
#8662 = CARTESIAN_POINT ( 'NONE',  ( 4388.922635282556257, -252.7889594475067270, 42.41685920432495038 ) ) ;
#8663 = CARTESIAN_POINT ( 'NONE',  ( 4366.956619935192975, -233.2276677040312052, 39.84181919354800527 ) ) ;
#8664 = CARTESIAN_POINT ( 'NONE',  ( 4393.279510485213905, -203.5872221627820409, 10.72157472643143983 ) ) ;
#8665 = CARTESIAN_POINT ( 'NONE',  ( 4382.440940996231802, -215.0532185784492469, 31.26251224097948622 ) ) ;
#8666 = CARTESIAN_POINT ( 'NONE',  ( 4382.313124339175374, -219.9715347898026323, -31.59901285876238930 ) ) ;
#8667 = CARTESIAN_POINT ( 'NONE',  ( 4367.441019707303894, -302.9155512315545593, 18.60391400045749322 ) ) ;
#8668 = CARTESIAN_POINT ( 'NONE',  ( 4380.157445887422000, -205.0408420918054162, -17.59673517974005108 ) ) ;
#8669 = CARTESIAN_POINT ( 'NONE',  ( 4375.896815560695359, -223.7227639544014437, -37.77057474940335169 ) ) ;
#8670 = CARTESIAN_POINT ( 'NONE',  ( 4367.093705569478516, -206.2313293480813741, -9.526151793732106299 ) ) ;
#8671 = CARTESIAN_POINT ( 'NONE',  ( 4371.317349136903431, -206.5835045822823588, 13.28821828403744121 ) ) ;
#8672 = CARTESIAN_POINT ( 'NONE',  ( 4382.565171111442396, -305.5155512315545252, -32.00391400045749890 ) ) ;
#8673 = VECTOR ( 'NONE', #7458, 1000.000000000000000 ) ;
#8674 = CARTESIAN_POINT ( 'NONE',  ( 4393.312390170594881, -253.2805725315243706, -43.64910465764748437 ) ) ;
#8675 = CARTESIAN_POINT ( 'NONE',  ( 4382.338092662577765, -252.1013666573220746, -43.01275466715200935 ) ) ;
#8676 = ORIENTED_EDGE ( 'NONE', *, *, #3698, .T. ) ;
#8677 = CARTESIAN_POINT ( 'NONE',  ( 4389.201337079831319, -254.2817027522241062, 45.34517711835561471 ) ) ;
#8678 = CARTESIAN_POINT ( 'NONE',  ( 4380.103334118243765, -208.1189155139230706, -17.72050956446908287 ) ) ;
#8679 = CARTESIAN_POINT ( 'NONE',  ( 4367.467819833042086, -255.8867657726266032, -47.62292406322261940 ) ) ;
#8680 = ORIENTED_EDGE ( 'NONE', *, *, #6157, .T. ) ;
#8681 = CARTESIAN_POINT ( 'NONE',  ( 4380.279230860656753, -221.2940252618944044, -36.01403893540175716 ) ) ;
#8682 = DIRECTION ( 'NONE',  ( 0.000000000000000000, 0.000000000000000000, 1.000000000000000000 ) ) ;
#8683 = CARTESIAN_POINT ( 'NONE',  ( 4374.441019707302985, -302.9155512315545593, 20.90391400045749393 ) ) ;
#8684 = CARTESIAN_POINT ( 'NONE',  ( 4393.430272867808526, -251.0566484829203091, 44.62205248716053063 ) ) ;
#8685 = CARTESIAN_POINT ( 'NONE',  ( 4391.069058844498613, -206.3237639007130895, 10.15124553201944302 ) ) ;
#8686 = CARTESIAN_POINT ( 'NONE',  ( 4384.512085862622371, -224.1625087596027583, -34.17948028529821158 ) ) ;
#8687 = CARTESIAN_POINT ( 'NONE',  ( 4382.338575419593326, -252.9906683125192046, 43.10107401950627093 ) ) ;
#8688 = CARTESIAN_POINT ( 'NONE',  ( 4375.889729839084794, -222.2247487318643095, 36.90117460715237030 ) ) ;
#8689 = CARTESIAN_POINT ( 'NONE',  ( 4367.121655524420021, -224.3974834757305246, 35.51184209082511956 ) ) ;
#8690 = CARTESIAN_POINT ( 'NONE',  ( 4367.212665313897560, -276.4364818458220725, -7.818967709826417867 ) ) ;
#8691 = CARTESIAN_POINT ( 'NONE',  ( 4391.106470840415568, -204.0345671638111469, 13.51196995455375038 ) ) ;
#8692 = CARTESIAN_POINT ( 'NONE',  ( 4391.419815208621003, -262.0691619490186213, -30.06647198204950655 ) ) ;
#8693 = CARTESIAN_POINT ( 'NONE',  ( 4384.533423452427996, -253.7687937941626046, -41.38412813943431701 ) ) ;
#8694 = CARTESIAN_POINT ( 'NONE',  ( 4393.310177242369718, -247.2944730010257786, -41.32368348763995414 ) ) ;
#8695 = CARTESIAN_POINT ( 'NONE',  ( 4380.419485325059213, -252.9138825325350979, -46.10206292034567355 ) ) ;
#8696 = CARTESIAN_POINT ( 'NONE',  ( 4367.075751631498861, -217.3005616133623334, 34.06800844517005089 ) ) ;
#8697 = CARTESIAN_POINT ( 'NONE',  ( 4384.514632490643635, -227.4425575402015056, 35.95990718756310400 ) ) ;
#8698 = CARTESIAN_POINT ( 'NONE',  ( 4389.427350238954205, -302.9155512315545593, 22.50391400045749535 ) ) ;
#8699 = EDGE_LOOP ( 'NONE', ( #6491, #449, #6826, #4181, #4218, #6371, #1526, #4988, #498, #2042, #1137, #969 ) ) ;
#8700 = CARTESIAN_POINT ( 'NONE',  ( 4380.284838727986426, -222.3582280204891504, 36.67634706840579639 ) ) ;
#8701 = CARTESIAN_POINT ( 'NONE',  ( 4375.761344542519510, -259.2931139726523497, 33.03994346984210750 ) ) ;
#8702 = DIRECTION ( 'NONE',  ( 0.000000000000000000, -1.000000000000000000, 0.000000000000000000 ) ) ;
#8703 = CARTESIAN_POINT ( 'NONE',  ( 4389.046187918760552, -218.0013874377955858, -33.17615534693903356 ) ) ;
#8704 = CARTESIAN_POINT ( 'NONE',  ( 4391.373384916412761, -244.6165739764006162, -43.95638626754710288 ) ) ;
#8705 = CARTESIAN_POINT ( 'NONE',  ( 4371.699417639901185, -256.5543126979993076, 45.32943516550639629 ) ) ;
#8706 = CARTESIAN_POINT ( 'NONE',  ( 4388.900477375375885, -224.0293878449389808, 33.79209349423751974 ) ) ;
#8707 = CARTESIAN_POINT ( 'NONE',  ( 4393.093705806565595, -206.2313293483461507, -8.024708257892008589 ) ) ;
#8708 = CARTESIAN_POINT ( 'NONE',  ( 4393.141365852151466, -245.0132342358365065, -40.99563860991393227 ) ) ;
#8709 = CARTESIAN_POINT ( 'NONE',  ( 4384.803033903022879, -251.0592224859306612, 45.49714591656819351 ) ) ;
#8710 = CARTESIAN_POINT ( 'NONE',  ( 4388.898071433515724, -221.2806062557244218, -32.06310282411318013 ) ) ;
#8711 = CARTESIAN_POINT ( 'NONE',  ( 4376.741019707303167, -305.5155512315545252, 27.40391400045749393 ) ) ;
#8712 = CARTESIAN_POINT ( 'NONE',  ( 4380.126529063137241, -203.8351362902405981, -13.30189505761447677 ) ) ;
#8713 = EDGE_CURVE ( 'NONE', #5597, #2758, #4554, .T. ) ;
#8714 = CARTESIAN_POINT ( 'NONE',  ( 4391.276553794969004, -224.2429079516615218, -36.94547461163482893 ) ) ;
#8715 = CARTESIAN_POINT ( 'NONE',  ( 4367.138387896695349, -256.1334892986822638, 44.83217150368530923 ) ) ;
#8716 = CARTESIAN_POINT ( 'NONE',  ( 4371.330585457043526, -214.5894383203230120, 27.65960520176025739 ) ) ;
#8717 = CARTESIAN_POINT ( 'NONE',  ( 4393.147117269075352, -255.4276810642376461, 36.08176864519770533 ) ) ;
#8718 = ORIENTED_EDGE ( 'NONE', *, *, #8956, .T. ) ;
#8719 = CARTESIAN_POINT ( 'NONE',  ( 4386.872826952994728, -221.9671682551326626, 35.97630020283734353 ) ) ;
#8720 = CARTESIAN_POINT ( 'NONE',  ( 4386.687779387287264, -208.1169161642602035, -17.32199539702973112 ) ) ;
#8721 = LINE ( 'NONE', #1690, #4374 ) ;
#8722 = VERTEX_POINT ( 'NONE', #487 ) ;
#8723 = EDGE_CURVE ( 'NONE', #4794, #5597, #5429, .T. ) ;
#8724 = CARTESIAN_POINT ( 'NONE',  ( 4391.262844521254920, -221.6640195792024599, -35.46678950191922297 ) ) ;
#8725 = LINE ( 'NONE', #3791, #5247 ) ;
#8726 = CARTESIAN_POINT ( 'NONE',  ( 4374.441019707302985, -302.9155512315545593, 26.00391400045749535 ) ) ;
#8727 = CARTESIAN_POINT ( 'NONE',  ( 4393.287215212794763, -219.2078359655411930, 33.74260476508790418 ) ) ;
#8728 = CARTESIAN_POINT ( 'NONE',  ( 4391.076665472080094, -208.1138851467329118, 17.05394509541651615 ) ) ;
#8729 = CARTESIAN_POINT ( 'NONE',  ( 4388.900569086830728, -224.1568627979040400, -33.85846822952107260 ) ) ;
#8730 = CARTESIAN_POINT ( 'NONE',  ( 4380.115902454584102, -218.0941886190899766, 30.31334042323219791 ) ) ;
#8731 = CARTESIAN_POINT ( 'NONE',  ( 4376.023442102804438, -251.0470931913474999, 46.36186458237452968 ) ) ;
#8732 = CARTESIAN_POINT ( 'NONE',  ( 4367.150215678736458, -257.6052830647502674, -38.37924623589947259 ) ) ;
#8733 = DIRECTION ( 'NONE',  ( 0.000000000000000000, -1.000000000000000000, 0.000000000000000000 ) ) ;
#8734 = CARTESIAN_POINT ( 'NONE',  ( 4391.266917400173952, -222.3706036315870449, 35.89823994150838615 ) ) ;
#8735 = CARTESIAN_POINT ( 'NONE',  ( 4391.414625451302527, -263.0719525532065290, -28.18682842936677702 ) ) ;
#8736 = CARTESIAN_POINT ( 'NONE',  ( 4382.340783398840358, -256.8161642405010525, -36.14764012499235690 ) ) ;
#8737 = CARTESIAN_POINT ( 'NONE',  ( 4386.724190837119750, -248.2658336576351132, -42.11885239964198746 ) ) ;
#8738 = VERTEX_POINT ( 'NONE', #8707 ) ;
#8739 = CARTESIAN_POINT ( 'NONE',  ( 4376.032143361458111, -255.3513612102100581, -46.75074299264392153 ) ) ;
#8740 = CARTESIAN_POINT ( 'NONE',  ( 4367.114169817023139, -225.1508233819311044, 39.16456832041420455 ) ) ;
#8741 = CARTESIAN_POINT ( 'NONE',  ( 4384.508165487737642, -219.6559452448902903, 31.22707685189266158 ) ) ;
#8742 = AXIS2_PLACEMENT_3D ( 'NONE', #5802, #5757, #2325 ) ;
#8743 = CARTESIAN_POINT ( 'NONE',  ( 4393.427350238953295, -301.9155512315545593, -19.50391400045749180 ) ) ;
#8744 = ORIENTED_EDGE ( 'NONE', *, *, #3320, .T. ) ;
#8745 = CARTESIAN_POINT ( 'NONE',  ( 4380.417942371575009, -252.3020181020905852, 46.05545448704353362 ) ) ;
#8746 = CARTESIAN_POINT ( 'NONE',  ( 4382.336161379389523, -262.5603373099074815, 25.22949810952803418 ) ) ;
#8747 = CARTESIAN_POINT ( 'NONE',  ( 4367.436266863795936, -268.0912865651311563, -24.10391400045698518 ) ) ;
#8748 = CARTESIAN_POINT ( 'NONE',  ( 4367.082712643828927, -218.6414014004064086, -35.07163477170448829 ) ) ;
#8749 = VECTOR ( 'NONE', #4813, 1000.000000000000000 ) ;
#8750 = CARTESIAN_POINT ( 'NONE',  ( 4386.989606126116996, -247.8684249995151561, -44.87785809175385765 ) ) ;
#8751 = CARTESIAN_POINT ( 'NONE',  ( 4393.173417119580336, -252.4158933617443097, 42.22555918182124657 ) ) ;
#8752 = CARTESIAN_POINT ( 'NONE',  ( 4388.904064558720165, -228.4697730380591452, 36.12641350111853455 ) ) ;
#8753 = CARTESIAN_POINT ( 'NONE',  ( 4398.227350238953477, -302.9155512315545593, -18.60391400045748966 ) ) ;
#8754 = CARTESIAN_POINT ( 'NONE',  ( 4375.739441463662843, -272.7502095214716746, 7.127902536318197591 ) ) ;
#8755 = AXIS2_PLACEMENT_3D ( 'NONE', #8110, #8793, #2487 ) ;
#8756 = CARTESIAN_POINT ( 'NONE',  ( 4367.136949929371440, -277.2858478115782077, 0.003914000457557633220 ) ) ;
#8757 = CARTESIAN_POINT ( 'NONE',  ( 4384.794784124384023, -248.6117252379637250, 45.20513329507006972 ) ) ;
#8758 = CARTESIAN_POINT ( 'NONE',  ( 4384.509483859775173, -221.1164675119193816, -32.25547705780358854 ) ) ;
#8759 = DIRECTION ( 'NONE',  ( -0.000000000000000000, 1.000000000000000000, -0.000000000000000000 ) ) ;
#8760 = CARTESIAN_POINT ( 'NONE',  ( 4384.535459778549921, -204.4726057622935116, -15.64690279990384880 ) ) ;
#8761 = CARTESIAN_POINT ( 'NONE',  ( 4367.272358317310136, -221.7157075460275166, -37.14238245918299697 ) ) ;
#8762 = CARTESIAN_POINT ( 'NONE',  ( 4389.087564857096368, -225.6160033522000390, -37.83288515283754094 ) ) ;
#8763 = CARTESIAN_POINT ( 'NONE',  ( 4367.415661858840394, -272.3060894537865124, 15.86428289043087503 ) ) ;
#8764 = CARTESIAN_POINT ( 'NONE',  ( 4371.344528247483140, -229.7492851005760883, 38.03644113298102525 ) ) ;
#8765 = EDGE_CURVE ( 'NONE', #5030, #3656, #6878, .T. ) ;
#8766 = CARTESIAN_POINT ( 'NONE',  ( 4393.167536863486021, -252.4617030755192388, -42.16434207837495762 ) ) ;
#8767 = CARTESIAN_POINT ( 'NONE',  ( 4366.981262796324700, -252.5948056770042172, -44.54943515688882627 ) ) ;
#8768 = ORIENTED_EDGE ( 'NONE', *, *, #6157, .F. ) ;
#8769 = CARTESIAN_POINT ( 'NONE',  ( 4386.692066725513541, -203.5346661806518398, 10.68878057643811452 ) ) ;
#8770 = CARTESIAN_POINT ( 'NONE',  ( 4393.276040379316328, -211.4553780532838516, -22.72244861408806216 ) ) ;
#8771 = CARTESIAN_POINT ( 'NONE',  ( 4367.465009219612512, -261.1073859548693008, -37.68189765345510267 ) ) ;
#8772 = EDGE_LOOP ( 'NONE', ( #7185, #8502, #1924, #6185, #6960 ) ) ;
#8773 = CARTESIAN_POINT ( 'NONE',  ( 4375.887353197289485, -221.7953817524679323, -36.62996401025672810 ) ) ;
#8774 = CARTESIAN_POINT ( 'NONE',  ( 4367.396590064387055, -250.8394334224184377, -47.14294451242140838 ) ) ;
#8775 = CARTESIAN_POINT ( 'NONE',  ( 4387.927350238953295, -305.5155512315545252, -22.40391400045749037 ) ) ;
#8776 = CARTESIAN_POINT ( 'NONE',  ( 4393.306970833535161, -222.6244581569022500, 35.89369963183214196 ) ) ;
#8777 = CARTESIAN_POINT ( 'NONE',  ( 4391.092741497824136, -222.0975673934700865, 32.45104660626923732 ) ) ;
#8778 = CARTESIAN_POINT ( 'NONE',  ( 4371.339765064682979, -224.7144949122501885, -35.41512211917575570 ) ) ;
#8779 = CARTESIAN_POINT ( 'NONE',  ( 4380.126795292550923, -230.7430634992155092, 37.82303146989627862 ) ) ;
#8780 = ADVANCED_FACE ( 'NONE', ( #6653 ), #4007, .F. ) ;
#8781 = CARTESIAN_POINT ( 'NONE',  ( 4376.031706525624941, -254.1477181377237855, 46.65407511339903834 ) ) ;
#8782 = CARTESIAN_POINT ( 'NONE',  ( 4367.136468462418634, -277.9351945449601544, 1.273878656265773346 ) ) ;
#8783 = CARTESIAN_POINT ( 'NONE',  ( 4371.700321268347579, -255.5106859684803169, -47.30108391891705111 ) ) ;
#8784 = CARTESIAN_POINT ( 'NONE',  ( 4391.308936822928445, -230.6299797934720743, 39.93469958992919544 ) ) ;
#8785 = CARTESIAN_POINT ( 'NONE',  ( 4388.873709289719955, -206.2890598861405920, -9.883908590431097707 ) ) ;
#8786 = CARTESIAN_POINT ( 'NONE',  ( 4391.118978681263798, -253.2739406434013176, -40.69175007075907757 ) ) ;
#8787 = CARTESIAN_POINT ( 'NONE',  ( 4371.368470795717258, -251.0508923833228323, -43.96678052889861732 ) ) ;
#8788 = CARTESIAN_POINT ( 'NONE',  ( 4367.436266875392903, -203.3322581266223210, -24.10391400045742571 ) ) ;
#8789 = EDGE_LOOP ( 'NONE', ( #6669, #1255, #3899, #2667 ) ) ;
#8790 = CARTESIAN_POINT ( 'NONE',  ( 4389.427350238954205, -305.5155512315545252, 22.40391400045749037 ) ) ;
#8791 = CARTESIAN_POINT ( 'NONE',  ( 4367.234115101548014, -250.3647757332873596, 47.10284575135722918 ) ) ;
#8792 = CARTESIAN_POINT ( 'NONE',  ( 4384.513819813314512, -226.3815920464541591, 35.42031076695940328 ) ) ;
#8793 = DIRECTION ( 'NONE',  ( -1.000000000000000000, -0.000000000000000000, -0.000000000000000000 ) ) ;
#8794 = ORIENTED_EDGE ( 'NONE', *, *, #4872, .T. ) ;
#8795 = CARTESIAN_POINT ( 'NONE',  ( 4380.300688462969447, -225.6580787677076216, 38.51373146500823452 ) ) ;
#8796 = CARTESIAN_POINT ( 'NONE',  ( 4393.304950601378550, -263.5004831764317714, 20.99415785655495270 ) ) ;
#8797 = CARTESIAN_POINT ( 'NONE',  ( 4375.941019707302985, -287.7537537522357525, 22.40391400045749393 ) ) ;
#8798 = CARTESIAN_POINT ( 'NONE',  ( 4384.656855763391832, -218.3301083379947443, -33.71599120218480294 ) ) ;
#8799 = CARTESIAN_POINT ( 'NONE',  ( 4376.027161610291841, -251.9953193471214377, -46.45296680798897171 ) ) ;
#8800 = CARTESIAN_POINT ( 'NONE',  ( 4388.899296732986841, -222.6146818086803023, 32.93550649489764481 ) ) ;
#8801 = CARTESIAN_POINT ( 'NONE',  ( 4393.102815006765923, -207.1544671327307015, -14.29941981040461840 ) ) ;
#8802 = PLANE ( 'NONE',  #283 ) ;
#8803 = CARTESIAN_POINT ( 'NONE',  ( 4382.295350836799116, -203.4693923179531225, 10.05147587258706920 ) ) ;
#8804 = CARTESIAN_POINT ( 'NONE',  ( 4375.727737054186036, -221.2781845415512691, -32.95658464433696366 ) ) ;
#8805 = CARTESIAN_POINT ( 'NONE',  ( 4393.166015696615432, -252.3837468974817284, 42.15039489379263671 ) ) ;
#8806 = CARTESIAN_POINT ( 'NONE',  ( 4367.011417558476751, -207.3022955435417884, -23.09473344300388220 ) ) ;
#8807 = CARTESIAN_POINT ( 'NONE',  ( 4386.899546532866225, -227.2978078764155043, -38.82328343276918758 ) ) ;
#8808 = CARTESIAN_POINT ( 'NONE',  ( 4367.200054204215121, -256.1288559206137165, 44.82588523516636059 ) ) ;
#8809 = CARTESIAN_POINT ( 'NONE',  ( 4371.338984154601349, -223.7961189514805369, 34.87799893694029407 ) ) ;
#8810 = CARTESIAN_POINT ( 'NONE',  ( 4393.167675143386987, -252.4645866933790046, -42.16594582975056937 ) ) ;
#8811 = ORIENTED_EDGE ( 'NONE', *, *, #7544, .F. ) ;
#8812 = CARTESIAN_POINT ( 'NONE',  ( 4386.861311305649906, -219.8863537185178245, 34.65452917964774571 ) ) ;
#8813 = CARTESIAN_POINT ( 'NONE',  ( 4366.938071848428081, -214.0416710790182719, -27.32681226642412398 ) ) ;
#8814 = CARTESIAN_POINT ( 'NONE',  ( 4377.141019707303712, -289.7815121590419380, 24.00391400045749535 ) ) ;
#8815 = ORIENTED_EDGE ( 'NONE', *, *, #6284, .F. ) ;
#8816 = CARTESIAN_POINT ( 'NONE',  ( 4393.454609018708652, -220.9601742955391614, -34.87126646426437304 ) ) ;
#8817 = DIRECTION ( 'NONE',  ( 1.000000000000000000, 0.000000000000000000, 0.000000000000000000 ) ) ;
#8818 = EDGE_CURVE ( 'NONE', #4794, #6714, #4861, .T. ) ;
#8819 = CARTESIAN_POINT ( 'NONE',  ( 4393.446039234395357, -253.9441160530946888, -44.87093003911776634 ) ) ;
#8820 = CARTESIAN_POINT ( 'NONE',  ( 4393.284126947700315, -218.6865058510657320, 33.38270805809468555 ) ) ;
#8821 = CARTESIAN_POINT ( 'NONE',  ( 4391.103171838299204, -233.8569698237477894, 38.17155860252690047 ) ) ;
#8822 = CARTESIAN_POINT ( 'NONE',  ( 4393.288785139426182, -224.6658009785089973, -33.82146883677183524 ) ) ;
#8823 = CARTESIAN_POINT ( 'NONE',  ( 4380.121814087860002, -224.8261671686440195, 34.88119455914274880 ) ) ;
#8824 = CARTESIAN_POINT ( 'NONE',  ( 4375.893397517360427, -223.0259498900832966, 37.37757973502358766 ) ) ;
#8825 = CARTESIAN_POINT ( 'NONE',  ( 4367.469862611663302, -260.0955177398890896, -39.68084378839913740 ) ) ;
#8826 = DIRECTION ( 'NONE',  ( 1.000000000000000000, -0.000000000000000000, -0.000000000000000000 ) ) ;
#8827 = B_SPLINE_CURVE_WITH_KNOTS ( 'NONE', 3,
 ( #127, #1422, #4207, #4843 ),
 .UNSPECIFIED., .F., .F.,
 ( 4, 4 ),
 ( 0.000000000000000000, 0.02617253734712225027 ),
 .UNSPECIFIED. ) ;
#8828 = CARTESIAN_POINT ( 'NONE',  ( 4391.276553800675174, -224.2429079516381307, 36.95330261210629175 ) ) ;
#8829 = CARTESIAN_POINT ( 'NONE',  ( 4375.706018292225963, -206.3188561656010904, -11.06344836108677754 ) ) ;
#8830 = CARTESIAN_POINT ( 'NONE',  ( 4391.409376931379484, -264.0751072203281069, -26.30667867999910570 ) ) ;
#8831 = CARTESIAN_POINT ( 'NONE',  ( 4367.141038519325775, -256.1310924598289489, 44.85994252028803686 ) ) ;
#8832 = CARTESIAN_POINT ( 'NONE',  ( 4380.126322188460108, -230.1902694466852211, -37.57675175456127192 ) ) ;
#8833 = CARTESIAN_POINT ( 'NONE',  ( 4367.441019707303894, -305.5155512315545252, 26.00391400045748469 ) ) ;
#8834 = EDGE_CURVE ( 'NONE', #1991, #6899, #4600, .T. ) ;
#8835 = ORIENTED_EDGE ( 'NONE', *, *, #3005, .F. ) ;
#8836 = LINE ( 'NONE', #3262, #1755 ) ;
#8837 = CARTESIAN_POINT ( 'NONE',  ( 4367.242472397847450, -252.3043474331762468, 47.32987989183183686 ) ) ;
#8838 = CARTESIAN_POINT ( 'NONE',  ( 4371.342387349600358, -227.5424957372152051, -36.95508222945226606 ) ) ;
#8839 = CARTESIAN_POINT ( 'NONE',  ( 4382.291551795087798, -206.4557021450016521, 11.87845137885127578 ) ) ;
#8840 = CARTESIAN_POINT ( 'NONE',  ( 4393.093705806565595, -206.2313293483461507, 8.032536258807095209 ) ) ;
#8841 = ORIENTED_EDGE ( 'NONE', *, *, #7305, .F. ) ;
#8842 = CARTESIAN_POINT ( 'NONE',  ( 4380.403018576070281, -248.2690029343998788, 45.58013599823793527 ) ) ;
#8843 = CARTESIAN_POINT ( 'NONE',  ( 4388.912862948650400, -267.6912171697322833, 14.07106205935441245 ) ) ;
#8844 = CARTESIAN_POINT ( 'NONE',  ( 4371.481745419645449, -219.5154545903558585, -35.42011296097888362 ) ) ;
#8845 = EDGE_CURVE ( 'NONE', #4900, #7690, #4695, .T. ) ;
#8846 = CARTESIAN_POINT ( 'NONE',  ( 4391.387316469579673, -248.2009360413526053, -44.49081547451272911 ) ) ;
#8847 = CARTESIAN_POINT ( 'NONE',  ( 4371.395616546285964, -206.4446562195244894, 21.34334430130141769 ) ) ;
#8848 = CARTESIAN_POINT ( 'NONE',  ( 4386.700334962501984, -217.4836598201704589, 29.38528675557106240 ) ) ;
#8849 = CARTESIAN_POINT ( 'NONE',  ( 4374.441019707302985, -305.5155512315545252, -22.40391400045749393 ) ) ;
#8850 = CARTESIAN_POINT ( 'NONE',  ( 4367.441019707303894, -302.9155512315545593, -26.00391400045748469 ) ) ;
#8851 = CARTESIAN_POINT ( 'NONE',  ( 4393.294074087911213, -203.8386026579099450, 12.49637335550742634 ) ) ;
#8852 = CARTESIAN_POINT ( 'NONE',  ( 4384.781607925389835, -244.9551149513271753, 44.65630958480618773 ) ) ;
#8853 = CARTESIAN_POINT ( 'NONE',  ( 4366.944513842523520, -221.1105982395121430, -33.39651416626637115 ) ) ;
#8854 = CARTESIAN_POINT ( 'NONE',  ( 4393.408265515969106, -244.5129787082190660, 43.74677082759904323 ) ) ;
#8855 = CARTESIAN_POINT ( 'NONE',  ( 4388.986497193992363, -209.2212945324214388, -24.68633989977289644 ) ) ;
#8856 = CARTESIAN_POINT ( 'NONE',  ( 4389.106872196749464, -229.5250890613055219, -39.64634780512884049 ) ) ;
#8857 = CARTESIAN_POINT ( 'NONE',  ( 4398.227350238953477, -305.5155512315545252, 18.60391400045748966 ) ) ;
#8858 = CARTESIAN_POINT ( 'NONE',  ( 4371.354306538002675, -238.9521630294291583, 41.52146536311756364 ) ) ;
#8859 = CARTESIAN_POINT ( 'NONE',  ( 4393.167876683292889, -252.4503851045348313, -42.16663875111217408 ) ) ;
#8860 = ORIENTED_EDGE ( 'NONE', *, *, #8897, .F. ) ;
#8861 = CARTESIAN_POINT ( 'NONE',  ( 4386.717199684432671, -204.0342346709718129, 13.78767631874717381 ) ) ;
#8862 = CARTESIAN_POINT ( 'NONE',  ( 4393.278827899660428, -214.0278965127748734, -25.71788882695176071 ) ) ;
#8863 = CARTESIAN_POINT ( 'NONE',  ( 4384.820542333779485, -266.6141510710822899, -22.99857422963557951 ) ) ;
#8864 = ORIENTED_EDGE ( 'NONE', *, *, #3855, .T. ) ;
#8865 = CARTESIAN_POINT ( 'NONE',  ( 4382.480524793481891, -222.0959383961888705, -36.35837101739473098 ) ) ;
#8866 = CARTESIAN_POINT ( 'NONE',  ( 4367.302702812808093, -256.1189450016360638, 44.84345987173365700 ) ) ;
#8867 = CARTESIAN_POINT ( 'NONE',  ( 4393.145009353886053, -252.3500385631349161, -41.93510229781841758 ) ) ;
#8868 = CARTESIAN_POINT ( 'NONE',  ( 4391.101667221188109, -232.2142161662489457, 37.55566472740868278 ) ) ;
#8869 = CARTESIAN_POINT ( 'NONE',  ( 4366.947820237530323, -224.7244592523091455, -35.70792421678383022 ) ) ;
#8870 = CARTESIAN_POINT ( 'NONE',  ( 4380.122685356855982, -225.8767915327511560, 35.46496031146860162 ) ) ;
#8871 = CARTESIAN_POINT ( 'NONE',  ( 4376.013154712226424, -248.5369420073041624, 46.03834442554268236 ) ) ;
#8872 = CARTESIAN_POINT ( 'NONE',  ( 4367.141055764732300, -255.5158640358576179, 44.80684222792791616 ) ) ;
#8873 = CARTESIAN_POINT ( 'NONE',  ( 4367.405494398365590, -253.4181142771252837, -47.41538877923343165 ) ) ;
#8874 = CARTESIAN_POINT ( 'NONE',  ( 4391.283624849683292, -225.6056333384212280, 37.66735564545601278 ) ) ;
#8875 = CARTESIAN_POINT ( 'NONE',  ( 4386.680922195937455, -206.4573978906073535, -11.60420914055874952 ) ) ;
#8876 = CARTESIAN_POINT ( 'NONE',  ( 4391.335824394829615, -278.1184112228805816, 0.01658558227185604264 ) ) ;
#8877 = CARTESIAN_POINT ( 'NONE',  ( 4387.927350238953295, -302.9155512315545593, 22.40391400045749037 ) ) ;
#8878 = CARTESIAN_POINT ( 'NONE',  ( 4380.125857271066707, -229.6435585332151845, -37.33167259370465985 ) ) ;
#8879 = DIRECTION ( 'NONE',  ( 1.000000000000000000, 0.000000000000000000, 0.000000000000000000 ) ) ;
#8880 = EDGE_LOOP ( 'NONE', ( #6183, #8567, #1008, #8815 ) ) ;
#8881 = CARTESIAN_POINT ( 'NONE',  ( 4376.043114485174556, -269.1493201186281681, 20.11398385276660861 ) ) ;
#8882 = DIRECTION ( 'NONE',  ( -0.000000000000000000, -0.000000000000000000, 1.000000000000000000 ) ) ;
#8883 = CARTESIAN_POINT ( 'NONE',  ( 4380.125396423935854, -229.0996322964063836, -37.07822615296965552 ) ) ;
#8884 = CARTESIAN_POINT ( 'NONE',  ( 4384.530336329100464, -251.3495269956927416, 42.72561647733434143 ) ) ;
#8885 = CARTESIAN_POINT ( 'NONE',  ( 4367.161594152399630, -256.1295479863492801, -44.85001927449630443 ) ) ;
#8886 = EDGE_CURVE ( 'NONE', #8637, #1060, #8212, .T. ) ;
#8887 = ORIENTED_EDGE ( 'NONE', *, *, #1969, .T. ) ;
#8888 = CARTESIAN_POINT ( 'NONE',  ( 4384.517878181021842, -231.7803162285113387, -37.91164254918420795 ) ) ;
#8889 = CARTESIAN_POINT ( 'NONE',  ( 4375.796574317803788, -207.3060167530578894, 22.62108324897168643 ) ) ;
#8890 = CARTESIAN_POINT ( 'NONE',  ( 4393.300776506444890, -267.2906298082743319, 13.91350519976263023 ) ) ;
#8891 = CARTESIAN_POINT ( 'NONE',  ( 4384.662694224040933, -219.3671904909323587, -34.44639468875423205 ) ) ;
#8892 = CARTESIAN_POINT ( 'NONE',  ( 4391.398252177476934, -251.2005169844531167, -44.83771039658137880 ) ) ;
#8893 = CARTESIAN_POINT ( 'NONE',  ( 4371.496236098196277, -222.3499382404574476, 37.27047221349189954 ) ) ;
#8894 = CARTESIAN_POINT ( 'NONE',  ( 4386.703847918762222, -221.2803939572580987, 32.22303010212712593 ) ) ;
#8895 = CARTESIAN_POINT ( 'NONE',  ( 4375.818320758125083, -253.6349107133871712, 43.81535231480670234 ) ) ;
#8896 = CARTESIAN_POINT ( 'NONE',  ( 4371.604039556314092, -276.0117593644690146, 7.771520493882875691 ) ) ;
#8897 = EDGE_CURVE ( 'NONE', #6083, #6854, #3907, .T. ) ;
#8898 = CARTESIAN_POINT ( 'NONE',  ( 4393.384158130503238, -210.2817704775183643, 25.75903699353305853 ) ) ;
#8899 = CIRCLE ( 'NONE', #2191, 5.999999999999998224 ) ;
#8900 = CARTESIAN_POINT ( 'NONE',  ( 4382.466731625176180, -219.5356311720383360, 34.71858002441250335 ) ) ;
#8901 = CARTESIAN_POINT ( 'NONE',  ( 4384.509624399718632, -221.2801816588130919, -32.36730137862277701 ) ) ;
#8902 = CARTESIAN_POINT ( 'NONE',  ( 4393.291222935804399, -219.8976253783887387, 34.20715234367087021 ) ) ;
#8903 = CARTESIAN_POINT ( 'NONE',  ( 4371.428732970123747, -210.2934468784835644, -27.08715849095080230 ) ) ;
#8904 = CARTESIAN_POINT ( 'NONE',  ( 4367.133472421034639, -229.2120818089203453, -41.16452004702660616 ) ) ;
#8905 = CARTESIAN_POINT ( 'NONE',  ( 4393.427350238953295, -302.9155512315545593, -19.50391400045749180 ) ) ;
#8906 = VECTOR ( 'NONE', #5489, 1000.000000000000114 ) ;
#8907 = CARTESIAN_POINT ( 'NONE',  ( 4371.338450918156013, -223.2701553544855528, 34.55463126492582404 ) ) ;
#8908 = CARTESIAN_POINT ( 'NONE',  ( 4393.293351109283321, -220.2421813086141924, -34.42539591756440842 ) ) ;
#8909 = ORIENTED_EDGE ( 'NONE', *, *, #5774, .F. ) ;
#8910 = CARTESIAN_POINT ( 'NONE',  ( 4386.848546284532858, -217.6628074474508026, 33.08343577415762837 ) ) ;
#8911 = CARTESIAN_POINT ( 'NONE',  ( 4375.719505069196202, -212.4582392240906756, -25.05687660667917172 ) ) ;
#8912 = LINE ( 'NONE', #1237, #7011 ) ;
#8913 = FACE_OUTER_BOUND ( 'NONE', #2033, .T. ) ;
#8914 = CIRCLE ( 'NONE', #4102, 1.500000000000001332 ) ;
#8915 = CARTESIAN_POINT ( 'NONE',  ( 4371.494753789912465, -222.0793498664840513, -37.09754188326378710 ) ) ;
#8916 = LINE ( 'NONE', #2654, #3636 ) ;
#8917 = CARTESIAN_POINT ( 'NONE',  ( 4393.148016345825454, -252.2862628396259765, 42.00227482693239267 ) ) ;
#8918 = CARTESIAN_POINT ( 'NONE',  ( 4391.086642094910530, -215.7080776706640108, 27.53357307483690875 ) ) ;
#8919 = CARTESIAN_POINT ( 'NONE',  ( 4375.731327708704157, -225.3643063438720162, -35.48804722974959702 ) ) ;
#8920 = CARTESIAN_POINT ( 'NONE',  ( 4375.703683841368729, -206.2313293483422569, 9.080351000458355415 ) ) ;
#8921 = CARTESIAN_POINT ( 'NONE',  ( 4384.848861833846058, -259.6084940810990815, 36.28860355311930874 ) ) ;
#8922 = CARTESIAN_POINT ( 'NONE',  ( 4367.468159723904137, -261.1320641012626425, -37.69474547494164085 ) ) ;
#8923 = CARTESIAN_POINT ( 'NONE',  ( 4391.099309232738051, -275.0859520544302654, -0.2513578701836348128 ) ) ;
#8924 = CARTESIAN_POINT ( 'NONE',  ( 4391.257983358520505, -220.7695958431801557, 34.91970015445499342 ) ) ;
#8925 = CARTESIAN_POINT ( 'NONE',  ( 4393.265916359862786, -206.5920781039490635, -11.97152118878992155 ) ) ;
#8926 = CARTESIAN_POINT ( 'NONE',  ( 4393.307037648776713, -261.6054098456639849, -24.52665621179113487 ) ) ;
#8927 = ORIENTED_EDGE ( 'NONE', *, *, #7144, .F. ) ;
#8928 = CARTESIAN_POINT ( 'NONE',  ( 4391.100194000739066, -230.5848107018951225, -36.88553126492271872 ) ) ;
#8929 = CARTESIAN_POINT ( 'NONE',  ( 4374.441019707302985, -305.5155512315545252, -24.10391400045744348 ) ) ;
#8930 = ORIENTED_EDGE ( 'NONE', *, *, #7772, .T. ) ;
#8931 = CARTESIAN_POINT ( 'NONE',  ( 4384.816239131060684, -267.4753392875614395, 21.36623681220281767 ) ) ;
#8932 = DIRECTION ( 'NONE',  ( -1.000000000000000000, -0.000000000000000000, -0.000000000000000000 ) ) ;
#8933 = CARTESIAN_POINT ( 'NONE',  ( 4384.515851425453548, -229.0517470416958759, -36.72534973262067126 ) ) ;
#8934 = CARTESIAN_POINT ( 'NONE',  ( 4382.289352460780719, -206.2873965434154968, 10.29134943442793571 ) ) ;
#8935 = CARTESIAN_POINT ( 'NONE',  ( 4393.460470446767431, -253.9430570971455836, 44.87717288876382327 ) ) ;
#8936 = VERTEX_POINT ( 'NONE', #386 ) ;
#8937 = CARTESIAN_POINT ( 'NONE',  ( 4386.713552890450956, -233.3976888077227159, -38.36306819207329255 ) ) ;
#8938 = CARTESIAN_POINT ( 'NONE',  ( 4375.743429463668690, -204.0305363215581451, 14.44066094769935482 ) ) ;
#8939 = CARTESIAN_POINT ( 'NONE',  ( 4377.141019707303712, -289.7815121590419380, -26.87652984091358377 ) ) ;
#8940 = CARTESIAN_POINT ( 'NONE',  ( 4393.447036022766042, -219.7277407917035816, -34.07503520662623941 ) ) ;
#8941 = CARTESIAN_POINT ( 'NONE',  ( 4382.602450157728526, -249.3647405787199034, -45.50841107230595384 ) ) ;
#8942 = ADVANCED_FACE ( 'NONE', ( #6700 ), #8119, .T. ) ;
#8943 = CARTESIAN_POINT ( 'NONE',  ( 4371.461445300544256, -215.6735631915065596, 32.48951212058712201 ) ) ;
#8944 = DIRECTION ( 'NONE',  ( 0.000000000000000000, -1.000000000000000000, 0.000000000000000000 ) ) ;
#8945 = CARTESIAN_POINT ( 'NONE',  ( 4386.704139225729705, -221.6039697299672184, 32.43920752118039985 ) ) ;
#8946 = CARTESIAN_POINT ( 'NONE',  ( 4393.093705806565595, -203.4313293483461393, -12.11608599954243104 ) ) ;
#8947 = CARTESIAN_POINT ( 'NONE',  ( 4393.465059446850319, -222.8909037316267359, 36.03514599812390884 ) ) ;
#8948 = B_SPLINE_SURFACE_WITH_KNOTS ( 'NONE', 3, 3, ( 
 ( #5432, #2854, #1271, #3803, #5778, #8054, #1795, #7176, #959, #1748 ),
 ( #1613, #3751, #231, #5173, #3021, #1702, #5822, #8600, #4491, #320 ),
 ( #4807, #8239, #5315, #3890, #4628, #4767, #1101, #8099, #7404, #1200 ),
 ( #6777, #2616, #3936, #5455, #4725, #415, #1150, #1987, #514, #559 ),
 ( #5362, #8147, #8785, #7551, #1294, #2522, #467, #1889, #4676, #1250 ),
 ( #2031, #5408, #6005, #6730, #3208, #4079, #3255, #8829, #7503, #2566 ),
 ( #6870, #2711, #6682, #1843, #6049, #2663, #7454, #3988, #3302, #605 ),
 ( #6094, #3397, #8193, #8875, #6181, #1937, #4035, #6823, #3351, #6139 ),
 ( #8925, #8974, #5501, #8287, #6401, #7596, #1338, #821, #4896, #5636 ),
 ( #6958, #2248, #4300, #1429, #693, #7686, #8331, #1382, #2166, #2840 ),
 ( #6913, #8369, #3485, #6275, #5724, #4171, #4125, #3, #7044, #4938 ),
 ( #7730, #133, #648, #3441, #3612, #4214, #8412, #1472, #2798, #6230 ),
 ( #7001, #5591, #737, #2079, #2122, #9019, #3568, #2926, #6360, #3528 ),
 ( #6319, #8500, #4258, #778, #44, #90, #2883, #5678, #8455, #4850 ),
 ( #7642, #2209, #2756, #4984, #7083, #7776, #1514, #5547, #5067, #906 ),
 ( #6576, #7949, #7820, #5942, #8633, #356, #3695, #4389, #7125, #6489 ),
 ( #3654, #4429, #4523, #2968, #7251, #7206, #8588, #6529, #7903, #7859 ),
 ( #5809, #2333, #1557, #8720, #5159, #3832, #8678, #948, #259, #3098 ),
 ( #7300, #1644, #305, #5851, #4345, #1037, #5765, #3052, #3738, #1689 ),
 ( #218, #2424, #3010, #2378, #8546, #2291, #865, #6446, #4476, #991 ),
 ( #3785, #5896, #5206, #7993, #1733, #3142, #6620, #5025, #178, #1600 ),
 ( #7166, #5109, #8038, #6170, #546, #6667, #5254, #5988, #6126, #2466 ),
 ( #8770, #2552, #6716, #8132, #3972, #5300, #6811, #6081, #1781, #2507 ),
 ( #1876, #1926, #8226, #452, #3239, #1086, #3337, #8911, #400, #1828 ),
 ( #6034, #2603, #4067, #3385, #6763, #7345, #8084, #4566, #1972, #4614 ),
 ( #8862, #1135, #4711, #2650, #6856, #3190, #7389, #3921, #4021, #8813 ),
 ( #5348, #4755, #5394, #4659, #7537, #500, #7439, #1282, #1184, #3288 ),
 ( #8180, #7490, #592, #1236, #5534, #8274, #3516, #7763, #8962, #2696 ),
 ( #9052, #1460, #2788, #6264, #5580, #4200, #8319, #1416, #6309, #3556 ),
 ( #4970, #2154, #5666, #7630, #9007, #6990, #8400, #77, #723, #7583 ),
 ( #4926, #5487, #8358, #1370, #3429, #6350, #6216, #7717, #2017, #4839 ),
 ( #5626, #34, #3600, #1500, #8442, #2743, #4160, #4246, #7032, #4796 ),
 ( #1326, #2828, #4113, #6947, #768, #2872, #680, #2194, #4287, #7073 ),
 ( #3474, #808, #2112, #6901, #636, #2066, #4885, #7675, #853, #7848 ),
 ( #1677, #1027, #1587, #5711, #7893, #5013, #5056, #4464, #3772, #4377 ),
 ( #2913, #6389, #7239, #1547, #121, #3644, #980, #8489, #4332, #6433 ),
 ( #7157, #2999, #1633, #166, #6565, #937, #2236, #2956, #294, #5799 ),
 ( #3086, #896, #3685, #7809, #5884, #8666, #7113, #5754, #6477, #207 ),
 ( #7980, #7288, #4418, #8533, #2280, #8578, #2412, #2322, #5099, #3728 ),
 ( #8624, #5194, #1722, #7196, #6518, #249, #7937, #3041, #5841, #2369 ),
 ( #5147, #4511, #7480, #8122, #4603, #1917, #6705, #3822, #1771, #1174 ),
 ( #6609, #3178, #3133, #7427, #2641, #344, #5930, #6118, #1125, #1867 ),
 ( #5977, #7528, #537, #440, #8758, #3911, #7335, #2498, #2457, #8853 ),
 ( #2593, #3228, #8710, #6024, #8901, #491, #6752, #8804, #5385, #2542 ),
 ( #5289, #1073, #3961, #5434, #3278, #6071, #5338, #4699, #4649, #1225 ),
 ( #3869, #4011, #6802, #3328, #1816, #8073, #5241, #8216, #1962, #8028 ),
 ( #7380, #759, #4786, #2733, #26, #5616, #4960, #5524, #582, #2778 ),
 ( #8996, #8392, #7708, #8308, #7665, #6846, #1273, #2144, #5476, #4058 ),
 ( #4918, #3376, #8263, #7573, #1360, #2055, #6935, #5571, #4105, #1451 ),
 ( #6161, #1315, #4236, #669, #714, #7024, #4830, #7621, #8951, #3548 ),
 ( #2686, #626, #4149, #3462, #1406, #2864, #2184, #8350, #2008, #6892 ),
 ( #2103, #3418, #9040, #2819, #6340, #3506, #6979, #8434, #4875, #67 ),
 ( #4190, #5656, #6300, #6253, #6204, #8463, #96, #1436, #4177, #5643 ),
 ( #3535, #2974, #4221, #8553, #6327, #4309, #2215, #700, #3577, #3492 ),
 ( #5034, #4991, #185, #4945, #6408, #7738, #2172, #1479, #2890, #7009 ),
 ( #5600, #7693, #6282, #828, #3661, #3619, #4265, #6965, #7051, #52 ),
 ( #787, #1522, #7784, #4857, #873, #4352, #8376, #2848, #141, #2933 ),
 ( #8418, #11, #6366, #2806, #5686, #5731, #2255, #7090, #8509, #1390 ),
 ( #7828, #2130, #7649, #4903, #1564, #7132, #6453, #5772, #2386, #6536 ),
 ( #3796, #5120, #6628, #5904, #1607, #5817, #364, #7957, #1741, #5262 ),
 ( #268, #914, #3150, #5950, #3704, #1651, #3060, #5858, #2432, #3884 ),
 ( #8596, #5073, #4395, #313, #6584, #2341, #1000, #1045, #3840, #4531 ),
 ( #408, #3106, #8729, #4485, #8686, #8046, #5214, #8642, #3199, #8001 ),
 ( #7911, #7172, #5167, #4437, #7215, #5997, #955, #2298, #3746, #7309 ),
 ( #6497, #2473, #226, #1697, #1789, #4575, #6676, #7260, #7355, #1094 ),
 ( #7866, #3017, #8141, #1244, #3345, #3391, #1932, #4802, #1981, #5494 ),
 ( #8822, #4030, #8233, #8968, #6818, #7397, #4622, #4762, #8778, #8869 ),
 ( #3247, #6176, #6043, #7546, #1837, #6770, #4668, #642, #2610, #5449 ),
 ( #3435, #7590, #8280, #2560, #1194, #1289, #4074, #2515, #3980, #8092 ),
 ( #1143, #7448, #2705, #3928, #8188, #2024, #6724, #6863, #4719, #3296 ),
 ( #5401, #5356, #5308, #508, #6088, #460, #1883, #8919, #1333, #4119 ),
 ( #7497, #553, #600, #6133, #6907, #2657, #5718, #2633, #5425, #5517 ),
 ( #7921, #5181, #1709, #1013, #3852, #5324, #923, #5275, #1662, #3810 ),
 ( #6689, #8060, #1801, #4588, #1109, #422, #8108, #3715, #6505, #236 ),
 ( #8981, #7462, #6103, #7412, #6920, #7559, #475, #2039, #2670, #8201 ),
 ( #1258, #3946, #5370, #1300, #7511, #2719, #6057, #3996, #8838, #4087 ),
 ( #2576, #8156, #655, #4733, #5463, #8248, #6785, #1897, #4133, #4045 ),
 ( #6833, #4684, #1208, #521, #3403, #6237, #6189, #569, #3312, #3358 ),
 ( #611, #5508, #6147, #8293, #8933, #7605, #8883, #5417, #3448, #9026 ),
 ( #2763, #5557, #1946, #5411, #1941, #3353, #8878, #5457, #4038, #2665 ),
 ( #1892, #8197, #1253, #6141, #4728, #2570, #8832, #6827, #3259, #2619 ),
 ( #7506, #8928, #563, #517, #3991, #6052, #8242, #1990, #4769, #5365 ),
 ( #8151, #4679, #7457, #1203, #6780, #3306, #6097, #3365, #1262, #6790 ),
 ( #2092, #526, #4093, #1396, #8888, #4139, #6883, #5467, #3408, #7564 ),
 ( #7466, #2675, #8253, #4688, #5606, #2044, #706, #4865, #616, #8986 ),
 ( #4737, #6971, #2724, #3452, #5513, #1214, #3497, #5421, #8298, #4820 ),
 ( #7610, #6151, #7654, #8937, #1349, #1951, #7517, #3316, #1999, #6924 ),
 ( #660, #9030, #6290, #18, #1902, #7833, #3024, #836, #2981, #1529 ),
 ( #5080, #149, #105, #8383, #5739, #8516, #4951, #7700, #2896, #1485 ),
 ( #2135, #7746, #4909, #793, #1570, #4359, #4227, #7138, #3541, #4272 ),
 ( #6460, #3711, #8471, #5781, #2222, #5693, #7792, #1443, #8559, #2304 ),
 ( #4317, #1616, #4401, #6333, #58, #7179, #919, #2856, #8426, #7057 ),
 ( #3585, #6374, #5824, #8603, #8103, #3114, #3848, #6637, #5176, #470 ),
 ( #8694, #7962, #5912, #6545, #8648, #4445, #1797, #4631, #4583, #2440 ),
 ( #5223, #1847, #2482, #8737, #8009, #7362, #4540, #5271, #2393, #275 ),
 ( #6685, #3158, #3806, #1705, #6733, #1751, #8056, #5958, #2349, #7407 ),
 ( #1105, #3893, #5127, #7917, #371, #1153, #4494, #1007, #1658, #6591 ),
 ( #7222, #7317, #5318, #3754, #418, #3210, #322, #6007, #8787, #2524 ),
 ( #3940, #962, #3067, #5865, #5054, #5797, #1585, #894, #3682, #6474 ),
 ( #8576, #2826, #5623, #74, #7761, #8129, #3782, #1083, #5939, #8767 ),
 ( #4520, #448, #1034, #397, #3095, #5893, #1686, #4473, #5985, #4563 ),
 ( #5297, #3829, #4611, #2549, #3050, #8675, #2421, #5203, #5345, #7989 ),
 ( #7342, #6617, #1778, #353, #5251, #8317, #6944, #1414, #4793, #678 ),
 ( #1323, #9049, #3470, #6853, #4198, #2786, #5578, #8959, #1233, #6078 ),
 ( #2074, #817, #2750, #8970, #7638, #8408, #3524, #2026, #7682, #4121 ),
 ( #8451, #2836, #1509, #4210, #7726, #2162, #3481, #4934, #4253, #5543 ),
 ( #7040, #2205, #4979, #2707, #5496, #8282, #4846, #6225, #6909, #644 ),
 ( #3437, #9014, #1378, #688, #5786, #3073, #5870, #8654, #2310, #3273 ),
 ( #1911, #8259, #8304, #939, #1635, #6657, #3983, #5119, #3576, #3510 ) ),
 .UNSPECIFIED., .F., .F., .F.,
 ( 4, 3, 3, 3, 3, 3, 3, 3, 3, 3, 3, 3, 3, 3, 3, 3, 3, 3, 3, 3, 3, 3, 3, 3, 3, 3, 3, 3, 3, 3, 3, 3, 3, 3, 3, 3, 4 ),
 ( 4, 3, 3, 4 ),
 ( -7.564412941915537926E-13, 12.60479524735032264, 25.20959049470140201, 50.41918098940355719, 75.62877148410571237, 88.23356673145678997, 100.8383619788078676, 151.2575429682121921, 201.6767239576165025, 226.8863144523186577, 252.0959049470208129, 277.3054954417229965, 289.9102906890740314, 302.5150859364251232, 308.8174835601006407, 315.1198811837762150, 321.4222788074517325, 327.7246764311272500, 334.0270740548028243, 340.3294716784783418, 346.6318693021538593, 352.9342669258294336, 359.2366645495050079, 365.5390621731805254, 378.1438574205316172, 403.3534479152337440, 428.5630384099358707, 453.7726289046380543, 478.9822193993402379, 504.1918098940424215, 605.0301718728510423, 705.8685338516596630, 731.0781243463618466, 756.2877148410639165, 768.8925100884150652, 781.4973053357661001, 806.7068958304682837 ),
 ( 915.8503856835314991, 981.9975959330913611, 1048.144806182651109, 1180.439226681770833 ),
 .UNSPECIFIED. ) ;
#8949 = AXIS2_PLACEMENT_3D ( 'NONE', #6631, #1097, #2388 ) ;
#8950 = CARTESIAN_POINT ( 'NONE',  ( 4382.460074830984013, -218.3265371347081043, 33.86803283285006216 ) ) ;
#8951 = CARTESIAN_POINT ( 'NONE',  ( 4371.337589227072385, -222.2603338343293160, -33.90060805733207161 ) ) ;
#8952 = CARTESIAN_POINT ( 'NONE',  ( 4393.339187926535487, -228.9097378417147581, 39.05120002788690670 ) ) ;
#8953 = CARTESIAN_POINT ( 'NONE',  ( 4371.395616545307348, -206.4446562195267063, -21.33551630044314962 ) ) ;
#8954 = CARTESIAN_POINT ( 'NONE',  ( 4367.125112899196210, -227.4585441225388536, -40.34061639160277224 ) ) ;
#8955 = CARTESIAN_POINT ( 'NONE',  ( 4367.120032459358299, -222.1948774150118595, -34.12391241041073187 ) ) ;
#8956 = EDGE_CURVE ( 'NONE', #4302, #7646, #6067, .T. ) ;
#8957 = CARTESIAN_POINT ( 'NONE',  ( 4371.349201904279653, -234.2917585866532306, 39.92251640385674705 ) ) ;
#8958 = CARTESIAN_POINT ( 'NONE',  ( 4393.284127000521039, -218.6865152829347778, -33.37488668046071183 ) ) ;
#8959 = CARTESIAN_POINT ( 'NONE',  ( 4375.760281815941198, -253.1844065456810711, -43.76578630449249374 ) ) ;
#8960 = ORIENTED_EDGE ( 'NONE', *, *, #6839, .T. ) ;
#8961 = CARTESIAN_POINT ( 'NONE',  ( 4387.004499817776377, -252.2010130868368947, 45.38513517215477577 ) ) ;
#8962 = CARTESIAN_POINT ( 'NONE',  ( 4371.331123617230332, -215.1525091142731583, -28.20747988645466720 ) ) ;
#8963 = DIRECTION ( 'NONE',  ( -1.000000000000000000, 0.000000000000000000, 2.536234875824260354E-15 ) ) ;
#8964 = CARTESIAN_POINT ( 'NONE',  ( 4389.071775609691031, -222.4946400329318124, -36.12414743640947989 ) ) ;
#8965 = FACE_OUTER_BOUND ( 'NONE', #3445, .T. ) ;
#8966 = CARTESIAN_POINT ( 'NONE',  ( 4393.144952408637437, -252.3504705973473392, -41.93430179617754305 ) ) ;
#8967 = CARTESIAN_POINT ( 'NONE',  ( 4391.093221543360414, -222.6154679605162130, 32.77780636338626863 ) ) ;
#8968 = CARTESIAN_POINT ( 'NONE',  ( 4386.706740845719651, -224.6802652452477957, -34.31831702300235776 ) ) ;
#8969 = CARTESIAN_POINT ( 'NONE',  ( 4380.123128189695308, -226.4055903031500350, 35.75167011640667170 ) ) ;
#8970 = CARTESIAN_POINT ( 'NONE',  ( 4386.726774002551792, -252.6629219034489040, -42.62095418986435647 ) ) ;
#8971 = CARTESIAN_POINT ( 'NONE',  ( 4382.653549211159770, -260.8033103271136497, 34.55450517204283045 ) ) ;
#8972 = CARTESIAN_POINT ( 'NONE',  ( 4367.264789717663916, -220.1304578793496489, 36.11453008128456332 ) ) ;
#8973 = CARTESIAN_POINT ( 'NONE',  ( 4389.062386520053224, -220.7648815396635200, 35.07412384167405861 ) ) ;
#8974 = CARTESIAN_POINT ( 'NONE',  ( 4391.071457275360444, -206.5918865096386980, -12.11406292460293699 ) ) ;
#8975 = DIRECTION ( 'NONE',  ( 0.000000000000000000, -1.000000000000000000, 0.000000000000000000 ) ) ;
#8976 = EDGE_LOOP ( 'NONE', ( #1943, #1894, #1016, #1559 ) ) ;
#8977 = CARTESIAN_POINT ( 'NONE',  ( 4398.227350238953477, -305.5155512315545252, -18.60391400045748966 ) ) ;
#8978 = ORIENTED_EDGE ( 'NONE', *, *, #2966, .T. ) ;
#8979 = CARTESIAN_POINT ( 'NONE',  ( 4393.315438524313322, -224.2384421518037811, -36.78705715360491268 ) ) ;
#8980 = CARTESIAN_POINT ( 'NONE',  ( 4393.456527272305721, -260.8987570664065743, 31.79331107402449419 ) ) ;
#8981 = CARTESIAN_POINT ( 'NONE',  ( 4393.290688698926715, -226.8527513513607516, -34.98843759555082045 ) ) ;
#8982 = CARTESIAN_POINT ( 'NONE',  ( 4382.306704586016167, -213.5125307464809623, 25.84242023038071068 ) ) ;
#8983 = CARTESIAN_POINT ( 'NONE',  ( 4367.139691348066663, -204.2185040890685741, 15.76377680572108808 ) ) ;
#8984 = VECTOR ( 'NONE', #2572, 1000.000000000000000 ) ;
#8985 = ORIENTED_EDGE ( 'NONE', *, *, #1629, .F. ) ;
#8986 = CARTESIAN_POINT ( 'NONE',  ( 4366.955977869737580, -232.6520021552582591, -39.59914084314518590 ) ) ;
#8987 = CARTESIAN_POINT ( 'NONE',  ( 4375.755716726595892, -204.4707880683593260, 16.17469526988703876 ) ) ;
#8988 = CARTESIAN_POINT ( 'NONE',  ( 4384.667460181723072, -220.2262211471322075, -35.02560359793263700 ) ) ;
#8989 = CARTESIAN_POINT ( 'NONE',  ( 4382.600223404993812, -248.7493802242338461, -45.42942871320962439 ) ) ;
#8990 = EDGE_CURVE ( 'NONE', #8738, #6740, #5897, .T. ) ;
#8991 = CARTESIAN_POINT ( 'NONE',  ( 4371.454339407486259, -214.4084850820609915, 31.37610654310917013 ) ) ;
#8992 = CARTESIAN_POINT ( 'NONE',  ( 4386.688167598974360, -208.2783681024047837, 17.69099204384812651 ) ) ;
#8993 = CARTESIAN_POINT ( 'NONE',  ( 4393.427350238953295, -203.3322581266223210, -24.10391400045749322 ) ) ;
#8994 = CARTESIAN_POINT ( 'NONE',  ( 4393.392700844653518, -211.4253616878071966, 27.02023467320891470 ) ) ;
#8995 = CARTESIAN_POINT ( 'NONE',  ( 4382.463950150574419, -219.0160888988221188, 34.35833999637540614 ) ) ;
#8996 = CARTESIAN_POINT ( 'NONE',  ( 4393.286391870008629, -221.9295681969383622, -32.17655294816977118 ) ) ;
#8997 = CARTESIAN_POINT ( 'NONE',  ( 4393.288223738409215, -219.3818998969798884, 33.86123902329526203 ) ) ;
#8998 = CARTESIAN_POINT ( 'NONE',  ( 4380.225179352928535, -212.0036831111093818, -28.47249461862406150 ) ) ;
#8999 = CARTESIAN_POINT ( 'NONE',  ( 4384.711311231833861, -229.0089250615334890, -39.77304102451991952 ) ) ;
#9000 = CARTESIAN_POINT ( 'NONE',  ( 4367.441019707303894, -305.5155512315545252, 18.60391400045749322 ) ) ;
#9001 = CARTESIAN_POINT ( 'NONE',  ( 4393.322504728075728, -225.5958894448135652, 37.50358275212195736 ) ) ;
#9002 = CARTESIAN_POINT ( 'NONE',  ( 4371.367739978294594, -250.4370582982824374, 43.89507189480637095 ) ) ;
#9003 = CARTESIAN_POINT ( 'NONE',  ( 4393.302507073748529, -221.8335478790777415, -35.41903112280472499 ) ) ;
#9004 = ORIENTED_EDGE ( 'NONE', *, *, #2294, .F. ) ;
#9005 = EDGE_CURVE ( 'NONE', #4225, #8040, #8511, .T. ) ;
#9006 = CARTESIAN_POINT ( 'NONE',  ( 4386.891333656697498, -225.6264617507980859, 38.01113075292437316 ) ) ;
#9007 = CARTESIAN_POINT ( 'NONE',  ( 4384.504920543502521, -216.2946408052133052, -28.48765558436728895 ) ) ;
#9008 = CARTESIAN_POINT ( 'NONE',  ( 4391.065340432298399, -203.4313296614024580, -8.610110791332662217 ) ) ;
#9009 = CARTESIAN_POINT ( 'NONE',  ( 4391.267527048237753, -222.4968142347110813, -35.96408561712905794 ) ) ;
#9010 = CARTESIAN_POINT ( 'NONE',  ( 4367.141073049258011, -254.9006386595673064, -44.74591413776060733 ) ) ;
#9011 = CARTESIAN_POINT ( 'NONE',  ( 4367.375931461942855, -280.4191122659923394, 0.003914000457493408552 ) ) ;
#9012 = CARTESIAN_POINT ( 'NONE',  ( 4388.881221400609320, -207.6725303651770389, 16.08663530411734754 ) ) ;
#9013 = CARTESIAN_POINT ( 'NONE',  ( 4375.730863882230551, -224.8369854810387949, 35.19646678209009849 ) ) ;
#9014 = CARTESIAN_POINT ( 'NONE',  ( 4391.120917610747711, -253.7751613697470816, -42.27069366676901296 ) ) ;
#9015 = CARTESIAN_POINT ( 'NONE',  ( 4387.031748567748764, -262.4466866677276471, 30.39212313195780268 ) ) ;
#9016 = CARTESIAN_POINT ( 'NONE',  ( 4367.406572944107211, -253.7388524546861959, 47.45138245553650336 ) ) ;
#9017 = EDGE_CURVE ( 'NONE', #8, #2800, #877, .T. ) ;
#9018 = CARTESIAN_POINT ( 'NONE',  ( 4388.942693829341806, -205.3633143212058769, 17.89550560833682979 ) ) ;
#9019 = CARTESIAN_POINT ( 'NONE',  ( 4382.296294081760607, -207.4097787918288986, -15.72984033184588881 ) ) ;
#9020 = CARTESIAN_POINT ( 'NONE',  ( 4393.392753432806785, -273.9110379875910439, -7.476591106747807913 ) ) ;
#9021 = VERTEX_POINT ( 'NONE', #1653 ) ;
#9022 = DIRECTION ( 'NONE',  ( -0.000000000000000000, 1.000000000000000000, -0.000000000000000000 ) ) ;
#9023 = VERTEX_POINT ( 'NONE', #3202 ) ;
#9024 = CARTESIAN_POINT ( 'NONE',  ( 4393.133500158441166, -203.8385814056306060, -12.49893202666997460 ) ) ;
#9025 = CARTESIAN_POINT ( 'NONE',  ( 4393.281662178879742, -216.8828902498630384, 28.43012928583046772 ) ) ;
#9026 = CARTESIAN_POINT ( 'NONE',  ( 4366.952301395158429, -229.2434675407948248, -38.09522100040804560 ) ) ;
#9027 = CARTESIAN_POINT ( 'NONE',  ( 4384.519493866162520, -234.0019772619041873, 38.77160672366783700 ) ) ;
#9028 = CARTESIAN_POINT ( 'NONE',  ( 4367.396590061213828, -250.8394325008027010, 47.15077240043586215 ) ) ;
#9029 = VERTEX_POINT ( 'NONE', #5169 ) ;
#9030 = CARTESIAN_POINT ( 'NONE',  ( 4391.103171835667126, -233.8569698238227659, -38.16373060186150923 ) ) ;
#9031 = B_SPLINE_CURVE_WITH_KNOTS ( 'NONE', 3,
 ( #7519, #7116, #8492, #2239 ),
 .UNSPECIFIED., .F., .F.,
 ( 4, 4 ),
 ( 0.04164582003902182750, 0.06785737644720668538 ),
 .UNSPECIFIED. ) ;
#9032 = CARTESIAN_POINT ( 'NONE',  ( 4375.873009989297316, -219.0043371338265388, 34.78712213310330981 ) ) ;
#9033 = CARTESIAN_POINT ( 'NONE',  ( 4382.470503899509822, -220.2221054987751074, -35.17369698974084002 ) ) ;
#9034 = CARTESIAN_POINT ( 'NONE',  ( 4376.028376632184518, -252.3113626810553569, -46.48402184284320526 ) ) ;
#9035 = CARTESIAN_POINT ( 'NONE',  ( 4371.528373212438964, -229.1608843336309747, 40.83842430696131487 ) ) ;
#9036 = CARTESIAN_POINT ( 'NONE',  ( 4386.703565729974798, -220.9529360458913061, 32.00012024502364483 ) ) ;
#9037 = CARTESIAN_POINT ( 'NONE',  ( 4384.428094297182724, -203.4313293481873188, 8.591068304740483441 ) ) ;
#9038 = CARTESIAN_POINT ( 'NONE',  ( 4393.465745691964912, -223.0252785998161187, 36.11206212815611849 ) ) ;
#9039 = CARTESIAN_POINT ( 'NONE',  ( 4382.491172676153838, -224.2621985004823841, 37.61228644309293401 ) ) ;
#9040 = CARTESIAN_POINT ( 'NONE',  ( 4388.899296730596689, -222.6146818086921257, -32.92767849416090797 ) ) ;
#9041 = CARTESIAN_POINT ( 'NONE',  ( 4393.198543939372030, -207.2877995495626351, 21.54978019754248209 ) ) ;
#9042 = CARTESIAN_POINT ( 'NONE',  ( 4386.828720026651354, -214.4211254549923069, -30.42390179074610401 ) ) ;
#9043 = CARTESIAN_POINT ( 'NONE',  ( 4380.322548734334305, -230.2138438521265016, -40.62888868056770519 ) ) ;
#9044 = CARTESIAN_POINT ( 'NONE',  ( 4367.139597456701267, -251.1819133522433845, -44.37577953232881356 ) ) ;
#9045 = CARTESIAN_POINT ( 'NONE',  ( 4393.421546005754863, -253.8890544829238252, 44.77699865759093711 ) ) ;
#9046 = CARTESIAN_POINT ( 'NONE',  ( 4366.932146017642481, -208.9262710546426547, 20.27566645003801327 ) ) ;
#9047 = AXIS2_PLACEMENT_3D ( 'NONE', #2360, #2402, #2534 ) ;
#9048 = CARTESIAN_POINT ( 'NONE',  ( 4393.306970860185174, -222.6244654337061490, -35.88587584343288484 ) ) ;
#9049 = CARTESIAN_POINT ( 'NONE',  ( 4391.120176347522829, -252.0488817487702704, -42.11880187241153806 ) ) ;
#9050 = ORIENTED_EDGE ( 'NONE', *, *, #2093, .F. ) ;
#9051 = CARTESIAN_POINT ( 'NONE',  ( 4387.004448642504940, -252.4195118511475755, 45.40433014726594507 ) ) ;
#9052 = CARTESIAN_POINT ( 'NONE',  ( 4393.280516780467224, -215.7049617898242104, -27.37844966207980590 ) ) ;
#9053 = CARTESIAN_POINT ( 'NONE',  ( 4386.710464236301050, -203.8376149943189546, -12.90676320624910467 ) ) ;
#9054 = CARTESIAN_POINT ( 'NONE',  ( 4389.069630748842428, -222.1071293815758736, -35.89484925688463335 ) ) ;
#9055 = CARTESIAN_POINT ( 'NONE',  ( 4367.140453388300557, -252.7359938210673249, -44.54972617321930528 ) ) ;
#9056 = DIRECTION ( 'NONE',  ( -0.000000000000000000, -1.000000000000000000, 0.000000000000000000 ) ) ;
#9057 = AXIS2_PLACEMENT_3D ( 'NONE', #8401, #4712, #2651 ) ;
#9058 = ADVANCED_FACE ( 'NONE', ( #2518 ), #3799, .F. ) ;
#9059 = CARTESIAN_POINT ( 'NONE',  ( 4391.116964780842864, -248.5757594469229446, 41.73695942093658573 ) ) ;
#9060 = CARTESIAN_POINT ( 'NONE',  ( 4375.717276987887999, -210.5935903507756848, 22.50005905936846773 ) ) ;
#9061 = CARTESIAN_POINT ( 'NONE',  ( 4387.042770397768436, -259.4280452538736768, 36.09704937169023253 ) ) ;
#9062 = CARTESIAN_POINT ( 'NONE',  ( 4367.150383317855812, -253.2582440033368982, -46.64335092237655545 ) ) ;
ENDSEC;
END-ISO-10303-21;
