ISO-10303-21;
HEADER;
FILE_DESCRIPTION (( 'STEP AP214' ),
    '1' );
FILE_NAME ('AssemRotor.STEP',
    '2025-03-13T09:57:05',
    ( '' ),
    ( '' ),
    'SwSTEP 2.0',
    'SolidWorks 2023',
    '' );
FILE_SCHEMA (( 'AUTOMOTIVE_DESIGN' ));
ENDSEC;

DATA;
#1 = EDGE_CURVE ( 'NONE', #3028, #4510, #497, .T. ) ;
#2 = CARTESIAN_POINT ( 'NONE',  ( -3.810759243115085404, -7.016858671473920062, -7.096418046028730942 ) ) ;
#3 = DIRECTION ( 'NONE',  ( 0.000000000000000000, 0.000000000000000000, 1.000000000000000000 ) ) ;
#4 = CARTESIAN_POINT ( 'NONE',  ( -7.953113364116060069, -12.13556403974784459, -6.818315094728256476 ) ) ;
#5 = CARTESIAN_POINT ( 'NONE',  ( 5.644803721323833123, -12.26566048540133202, 1.087478577217801945 ) ) ;
#6 = CARTESIAN_POINT ( 'NONE',  ( 2.426487404653718372, 1.335119160215840983, 0.03424656098830350381 ) ) ;
#7 = AXIS2_PLACEMENT_3D ( 'NONE', #31, #2033, #935 ) ;
#8 = CARTESIAN_POINT ( 'NONE',  ( -11.45023259783001102, -10.17155955415300816, -0.2647794729885779019 ) ) ;
#9 = VERTEX_POINT ( 'NONE', #1252 ) ;
#10 = CARTESIAN_POINT ( 'NONE',  ( 15.88141292075187927, -0.2181037848966634329, -17.99348903854399850 ) ) ;
#11 = FACE_OUTER_BOUND ( 'NONE', #104, .T. ) ;
#12 = CARTESIAN_POINT ( 'NONE',  ( -12.45722880996099313, 4.141832404562623360, 7.116829637940858433 ) ) ;
#13 = CIRCLE ( 'NONE', #1715, 16.99999999999999645 ) ;
#14 = CARTESIAN_POINT ( 'NONE',  ( -7.698611999496847602, -9.794439744850343743, -4.184989216261132405 ) ) ;
#15 = CARTESIAN_POINT ( 'NONE',  ( -12.23299714795680515, 4.105764657874368950, -23.91902374659397168 ) ) ;
#16 = CARTESIAN_POINT ( 'NONE',  ( 13.62019151721339583, -10.17302231563600401, -29.98735561765780488 ) ) ;
#17 = CARTESIAN_POINT ( 'NONE',  ( -2.709006989388229591, -7.288233117839966191, -7.014081650435024962 ) ) ;
#18 = EDGE_CURVE ( 'NONE', #712, #1801, #1014, .T. ) ;
#19 = CARTESIAN_POINT ( 'NONE',  ( -31.15370349203949729, -20.87335044333051570, -0.6999999999999987343 ) ) ;
#20 = CARTESIAN_POINT ( 'NONE',  ( 1.632165305016437973, -11.97591980787239763, -4.185541842352312081 ) ) ;
#21 = CARTESIAN_POINT ( 'NONE',  ( -10.64842552394975250, -13.65749831194399988, 6.435516984996944245 ) ) ;
#22 = FACE_OUTER_BOUND ( 'NONE', #3489, .T. ) ;
#23 = CARTESIAN_POINT ( 'NONE',  ( 22.99552937296187949, 0.8918963236269038530, -24.15034831022651929 ) ) ;
#24 = CARTESIAN_POINT ( 'NONE',  ( -4.649535823625563502, 37.21098926055790201, -1.067715978347851369 ) ) ;
#25 = VERTEX_POINT ( 'NONE', #2370 ) ;
#26 = CARTESIAN_POINT ( 'NONE',  ( -27.40822714185835096, -1.896752037925372170, -3.304431349962198006 ) ) ;
#27 =( LENGTH_UNIT ( ) NAMED_UNIT ( * ) SI_UNIT ( .MILLI., .METRE. ) );
#28 = EDGE_CURVE ( 'NONE', #1075, #5280, #4891, .T. ) ;
#29 = CARTESIAN_POINT ( 'NONE',  ( -6.139129684709593526, -9.314971122685028249, -6.426422050793218155 ) ) ;
#30 = MECHANICAL_DESIGN_GEOMETRIC_PRESENTATION_REPRESENTATION (  '', ( #1648 ), #2353 ) ;
#31 = CARTESIAN_POINT ( 'NONE',  ( -5.745716132992169101, -17.77928127310376283, -0.1365787982008606349 ) ) ;
#32 = CARTESIAN_POINT ( 'NONE',  ( 10.03384573793323575, -19.22688694462250325, -1.223745464404914385 ) ) ;
#33 = ORIENTED_EDGE ( 'NONE', *, *, #1056, .T. ) ;
#34 = CARTESIAN_POINT ( 'NONE',  ( 9.937295289013517774, -1.617279016696876903, -21.75392945947093892 ) ) ;
#35 = CARTESIAN_POINT ( 'NONE',  ( -5.649500977650451006, 39.09407954499339155, -5.373181415221496948 ) ) ;
#36 = CARTESIAN_POINT ( 'NONE',  ( -18.16085498324076397, 2.867903200958540566, 18.91895372254852958 ) ) ;
#37 = CARTESIAN_POINT ( 'NONE',  ( -4.245205647073181154, -3.293688818513063055, -1.623839361883700594 ) ) ;
#38 = DIRECTION ( 'NONE',  ( 0.000000000000000000, 1.000000000000000000, 0.000000000000000000 ) ) ;
#39 = CARTESIAN_POINT ( 'NONE',  ( -0.9428911952734045920, 1.523599569533094611, -6.284210354424652145 ) ) ;
#40 = CARTESIAN_POINT ( 'NONE',  ( -3.444364648600247936, -8.069542503128877442, -7.096418046028800219 ) ) ;
#41 = CARTESIAN_POINT ( 'NONE',  ( 0.000000000000000000, 0.000000000000000000, -40.32222875080931601 ) ) ;
#42 = CARTESIAN_POINT ( 'NONE',  ( -5.539163911201627322, -12.18798971736412007, -17.81382177890416330 ) ) ;
#43 = ORIENTED_EDGE ( 'NONE', *, *, #301, .F. ) ;
#44 = CARTESIAN_POINT ( 'NONE',  ( 2.069661139156677265, -9.478251011698274553, -1.628496954036779742 ) ) ;
#45 = CARTESIAN_POINT ( 'NONE',  ( -3.631102569626045273, -16.50000000000000000, -7.096418046028729165 ) ) ;
#46 = CARTESIAN_POINT ( 'NONE',  ( -6.266899318297491916, 1.015253214899000778, 7.943814253568143968 ) ) ;
#47 = CARTESIAN_POINT ( 'NONE',  ( 4.946014866685215061, 0.1769253356457955451, -3.130190384989830932 ) ) ;
#48 = DIRECTION ( 'NONE',  ( 1.000000000000000000, 0.000000000000000000, 0.000000000000000000 ) ) ;
#49 = CARTESIAN_POINT ( 'NONE',  ( 1.332680059657275429, -5.092091075743252482, -25.99122141479047698 ) ) ;
#50 = ORIENTED_EDGE ( 'NONE', *, *, #3093, .F. ) ;
#51 = CARTESIAN_POINT ( 'NONE',  ( 22.57286629347744977, 1.414386425799074587, -8.071572251976096624 ) ) ;
#52 = B_SPLINE_SURFACE_WITH_KNOTS ( 'NONE', 3, 3, ( 
 ( #3347, #1276, #965, #934, #4966, #1741, #4563, #2583, #1708, #3373 ),
 ( #4596, #4941, #3616, #3776, #2082, #2910, #4538, #4994, #4235, #2555 ),
 ( #537, #2164, #5241, #1582, #3210, #1243, #4119, #3705, #46, #2985 ),
 ( #1388, #4641, #219, #4226, #3015, #192, #3911, #4694, #985, #4614 ) ),
 .UNSPECIFIED., .F., .F., .F.,
 ( 4, 4 ),
 ( 4, 3, 3, 4 ),
 ( -0.02400000000000000744, 0.000000000000000000 ),
 ( -0.001016959739034572693, -0.001000000000000000238, 0.000000000000000000, 1.000000000000000251E-05 ),
 .UNSPECIFIED. ) ;
#53 = DIRECTION ( 'NONE',  ( 1.000000000000000000, 0.000000000000000000, -0.000000000000000000 ) ) ;
#54 = AXIS2_PLACEMENT_3D ( 'NONE', #4325, #2603, #5094 ) ;
#55 = CARTESIAN_POINT ( 'NONE',  ( -26.36768420727000262, 0.9268877725419090163, -13.99519872389352315 ) ) ;
#56 = FACE_OUTER_BOUND ( 'NONE', #4554, .T. ) ;
#57 = CARTESIAN_POINT ( 'NONE',  ( 8.173014873183243267, -13.10270458194504606, 2.497870840202058851 ) ) ;
#58 = AXIS2_PLACEMENT_3D ( 'NONE', #469, #4089, #70 ) ;
#59 = CARTESIAN_POINT ( 'NONE',  ( 13.10703426658391280, -0.6369587703592635153, -13.08168074257070401 ) ) ;
#60 = CARTESIAN_POINT ( 'NONE',  ( -13.78745717724600084, -12.34436210794521038, 6.418167159976704284 ) ) ;
#61 = ORIENTED_EDGE ( 'NONE', *, *, #1583, .F. ) ;
#62 = DIRECTION ( 'NONE',  ( 1.000000000000000000, 0.000000000000000000, 0.000000000000000000 ) ) ;
#63 = CARTESIAN_POINT ( 'NONE',  ( -5.252955678383845139, 39.14939428050752923, -5.656805905333811779 ) ) ;
#64 = CARTESIAN_POINT ( 'NONE',  ( -11.39677916638210853, 3.204530028915970608, 7.955931766493121948 ) ) ;
#65 = CARTESIAN_POINT ( 'NONE',  ( -5.721882468200550242, -5.244910148936940075, -2.033803834885818507 ) ) ;
#66 = CARTESIAN_POINT ( 'NONE',  ( -4.496765362419426815, -5.004961559799007809, -1.962329212357108998 ) ) ;
#67 = VECTOR ( 'NONE', #2627, 1000.000000000000000 ) ;
#68 = CARTESIAN_POINT ( 'NONE',  ( 0.000000000000000000, 0.000000000000000000, -5.987355617657803997 ) ) ;
#69 = CARTESIAN_POINT ( 'NONE',  ( -5.402723497286548771, 0.07841672524776170661, 2.540617158536275344 ) ) ;
#70 = DIRECTION ( 'NONE',  ( 1.000000000000000000, 0.000000000000000000, 0.000000000000000000 ) ) ;
#71 = CARTESIAN_POINT ( 'NONE',  ( -7.885523461093661979, -13.12002281525366421, -9.072341523261965079 ) ) ;
#72 = VERTEX_POINT ( 'NONE', #2009 ) ;
#73 = CARTESIAN_POINT ( 'NONE',  ( -3.508425381268299059, -4.709415628069576698, -6.032857384842422732 ) ) ;
#74 = LINE ( 'NONE', #892, #2187 ) ;
#75 = CARTESIAN_POINT ( 'NONE',  ( -25.02167266500620002, -4.282421194077312698, 2.754174309118907260 ) ) ;
#76 = CARTESIAN_POINT ( 'NONE',  ( 4.301414555508495496, -3.279617227500752907, -23.82674691924437127 ) ) ;
#77 = CARTESIAN_POINT ( 'NONE',  ( -7.051786859437188859, -14.28097335783610689, -11.33073273414287385 ) ) ;
#78 = ORIENTED_EDGE ( 'NONE', *, *, #779, .F. ) ;
#79 = CARTESIAN_POINT ( 'NONE',  ( 12.11304783813613817, 0.2385464147223671783, -20.81495414305589620 ) ) ;
#80 = CARTESIAN_POINT ( 'NONE',  ( 6.380816698139497589, 1.018174116893292291, -4.835406820247363235 ) ) ;
#81 = EDGE_CURVE ( 'NONE', #2507, #5053, #770, .T. ) ;
#82 = CARTESIAN_POINT ( 'NONE',  ( -26.68175311556428753, 0.8883941973166027406, -12.99938320988135132 ) ) ;
#83 = CONTEXT_DEPENDENT_SHAPE_REPRESENTATION ( #4329, #3716 ) ;
#84 = CYLINDRICAL_SURFACE ( 'NONE', #4512, 16.99999999999999645 ) ;
#85 = CARTESIAN_POINT ( 'NONE',  ( -13.81081614957723325, 0.9962340921620218559, 21.56804850830838660 ) ) ;
#86 = CARTESIAN_POINT ( 'NONE',  ( -10.82055124487100706, -12.14592290585943068, -2.196857168517652337 ) ) ;
#87 = CARTESIAN_POINT ( 'NONE',  ( -16.35107434313660590, -12.82535406177329129, 8.069390357911640166 ) ) ;
#88 = EDGE_LOOP ( 'NONE', ( #1677, #1079, #4974, #4311 ) ) ;
#89 = DIRECTION ( 'NONE',  ( -0.000000000000000000, -0.000000000000000000, 1.000000000000000000 ) ) ;
#90 = CARTESIAN_POINT ( 'NONE',  ( -4.468111432365527769, 0.2549848934012631241, -7.025861844642886211 ) ) ;
#91 = DIRECTION ( 'NONE',  ( 1.000000000000000000, 0.000000000000000000, 0.000000000000000000 ) ) ;
#92 = CARTESIAN_POINT ( 'NONE',  ( -4.061770650006627292, -3.533438546515097922, -1.361213288395984655 ) ) ;
#93 =( LENGTH_UNIT ( ) NAMED_UNIT ( * ) SI_UNIT ( .MILLI., .METRE. ) );
#94 = CARTESIAN_POINT ( 'NONE',  ( 0.08603895586851853516, -5.285392856438852149, -0.8117733571348850763 ) ) ;
#95 = CARTESIAN_POINT ( 'NONE',  ( 0.000000000000000000, 0.000000000000000000, 8.699999999999999289 ) ) ;
#96 = CARTESIAN_POINT ( 'NONE',  ( 1.133999043591048084, -10.39680667336364195, -3.616322102532610216 ) ) ;
#97 = CARTESIAN_POINT ( 'NONE',  ( -2.000000000000000000, 37.39267374454647808, -12.20841583617900028 ) ) ;
#98 = B_SPLINE_SURFACE_WITH_KNOTS ( 'NONE', 3, 3, ( 
 ( #2471, #3689, #2419, #4149, #1650, #1249, #453, #3711, #79, #407, #2028, #2080, #478, #3665, #51, #3317 ),
 ( #1275, #4284, #561, #2554, #1469, #639, #931, #535, #3426, #3887, #1020, #3916, #254, #2185, #1766, #5073 ),
 ( #1850, #963, #4309, #1363, #224, #2580, #1879, #4232, #1393, #2240, #3020, #5017, #3478, #4204, #617, #2261 ),
 ( #4676, #2637, #2161, #3804, #3506, #992, #139, #1050, #2991, #5045, #4647, #3395, #3073, #5129, #1443, #5102 ) ),
 .UNSPECIFIED., .F., .F., .F.,
 ( 4, 4 ),
 ( 4, 1, 1, 1, 1, 1, 1, 1, 1, 1, 1, 1, 1, 4 ),
 ( 0.000000000000000000, 1.000000000000000000 ),
 ( 0.000000000000000000, 0.09722584472561171531, 0.1907906832668594121, 0.2361128114755688678, 0.3236232858377472432, 0.4075240382250177040, 0.4886616098702014632, 0.5680596470140975018, 0.6466491649768620897, 0.7250743915661617134, 0.8036450302186227690, 0.8430214699481450857, 0.9215689236558987085, 1.000000000000000000 ),
 .UNSPECIFIED. ) ;
#99 = EDGE_LOOP ( 'NONE', ( #631, #4134, #4679, #5128 ) ) ;
#100 = AXIS2_PLACEMENT_3D ( 'NONE', #3182, #797, #4295 ) ;
#101 = EDGE_CURVE ( 'NONE', #25, #606, #741, .T. ) ;
#102 = CARTESIAN_POINT ( 'NONE',  ( 5.897783631465164156, -0.3749814041341239523, -4.772955318214325615 ) ) ;
#103 = UNCERTAINTY_MEASURE_WITH_UNIT (LENGTH_MEASURE( 1.000000000000000082E-05 ), #27, 'distance_accuracy_value', 'NONE');
#104 = EDGE_LOOP ( 'NONE', ( #787, #4792, #2947, #3203 ) ) ;
#105 = CARTESIAN_POINT ( 'NONE',  ( -16.00768841968149658, 2.911983880473822950, 20.12905862160395642 ) ) ;
#106 = AXIS2_PLACEMENT_3D ( 'NONE', #4012, #1139, #2381 ) ;
#107 = CARTESIAN_POINT ( 'NONE',  ( -7.585368676470022997, -13.24824480181788644, 5.211715762621086157 ) ) ;
#108 = CARTESIAN_POINT ( 'NONE',  ( 0.3799070104677995663, -0.2181037848966639048, 22.75045155663358543 ) ) ;
#109 = CARTESIAN_POINT ( 'NONE',  ( 16.68663952682176443, 0.7492730597603750597, -25.77266496927977713 ) ) ;
#110 = CARTESIAN_POINT ( 'NONE',  ( 3.374747943280171469, -12.59352958356013552, -3.051652236545571828 ) ) ;
#111 = ORIENTED_EDGE ( 'NONE', *, *, #1357, .F. ) ;
#112 = CARTESIAN_POINT ( 'NONE',  ( -27.43273746193379381, -1.500711575219460414, -3.252029030421765832 ) ) ;
#113 = DIRECTION ( 'NONE',  ( 0.8660254037844363761, -0.5000000000000039968, 0.000000000000000000 ) ) ;
#114 = CARTESIAN_POINT ( 'NONE',  ( -0.2421209607107953909, 0.9391725139899430586, -0.3466474676993034909 ) ) ;
#115 = APPLICATION_PROTOCOL_DEFINITION ( 'draft international standard', 'automotive_design', 1998, #4595 ) ;
#116 = CARTESIAN_POINT ( 'NONE',  ( 11.71128420718532404, -11.40745860900288022, 6.677109059793807866 ) ) ;
#117 = CARTESIAN_POINT ( 'NONE',  ( -4.585374882228715698, -0.2536125482323887681, 16.67706091054667183 ) ) ;
#118 = AXIS2_PLACEMENT_3D ( 'NONE', #1853, #1287, #62 ) ;
#119 = CARTESIAN_POINT ( 'NONE',  ( 12.64866942499820368, 3.653019492943300861, -0.3795271540823214607 ) ) ;
#120 = CLOSED_SHELL ( 'NONE', ( #2695, #1709, #1576, #1963 ) ) ;
#121 = CARTESIAN_POINT ( 'NONE',  ( -23.49859052084341826, -1.979012759982380798, -3.328609819904286393 ) ) ;
#122 = ORIENTED_EDGE ( 'NONE', *, *, #4710, .T. ) ;
#123 = CARTESIAN_POINT ( 'NONE',  ( 14.85640646055099268, -6.267949192431190752, -5.987355617657803997 ) ) ;
#124 = CARTESIAN_POINT ( 'NONE',  ( 1.723615917391012609, -0.01673501091253971895, 22.32892444554452283 ) ) ;
#125 = CARTESIAN_POINT ( 'NONE',  ( -3.251539601266447477, -10.07802700681211938, -21.03099512813184901 ) ) ;
#126 = DIRECTION ( 'NONE',  ( 0.000000000000000000, 0.000000000000000000, 1.000000000000000000 ) ) ;
#127 = CARTESIAN_POINT ( 'NONE',  ( 4.000000000000000000, 37.28605637500431413, -0.9873556176578029975 ) ) ;
#128 = CARTESIAN_POINT ( 'NONE',  ( -12.56775580499270539, -14.10707128629930018, 6.305166703485011404 ) ) ;
#129 = VERTEX_POINT ( 'NONE', #5071 ) ;
#130 = CARTESIAN_POINT ( 'NONE',  ( 23.01171500846319873, 0.8301961266466068023, -5.101575142801529239 ) ) ;
#131 = DIRECTION ( 'NONE',  ( 1.000000000000000000, 0.000000000000000000, 0.000000000000000000 ) ) ;
#132 = CARTESIAN_POINT ( 'NONE',  ( -8.430647754192058585, 2.615565840378736517, 3.375252330723027328 ) ) ;
#133 = CARTESIAN_POINT ( 'NONE',  ( -9.479905897468801967, -17.50530890134257689, 7.378381742179931813 ) ) ;
#134 = CARTESIAN_POINT ( 'NONE',  ( -2.643339179539366146, -3.773188274517136342, -2.381223330783056369 ) ) ;
#135 = CARTESIAN_POINT ( 'NONE',  ( 29.51537138493650403, -18.19540815270430301, -30.98735561765780844 ) ) ;
#136 = CARTESIAN_POINT ( 'NONE',  ( 21.93813281145961724, 0.9224556014928617653, -16.06333621560991531 ) ) ;
#137 = CARTESIAN_POINT ( 'NONE',  ( -1.544808428286711166, -9.184949243790873297, -21.79367592303440659 ) ) ;
#138 = ORIENTED_EDGE ( 'NONE', *, *, #2519, .F. ) ;
#139 = CARTESIAN_POINT ( 'NONE',  ( 6.330870995022881864, -3.289863191877894000, -22.92841162065224836 ) ) ;
#140 = CARTESIAN_POINT ( 'NONE',  ( 0.000000000000000000, 0.000000000000000000, -5.987355617657804885 ) ) ;
#141 = CARTESIAN_POINT ( 'NONE',  ( -3.808142856373950114, 0.9347266687545672248, -5.910747384639529756 ) ) ;
#142 = CARTESIAN_POINT ( 'NONE',  ( 6.782669882918589188, -14.28841988526321849, 0.1735222403161884031 ) ) ;
#143 = CARTESIAN_POINT ( 'NONE',  ( 0.8202565946774575956, -12.53109955287810173, -4.115466577804382631 ) ) ;
#144 = AXIS2_PLACEMENT_3D ( 'NONE', #4530, #501, #3286 ) ;
#145 = CARTESIAN_POINT ( 'NONE',  ( -24.31202692551648781, 0.2293913375579872682, -9.963349093308332627 ) ) ;
#146 = ORIENTED_EDGE ( 'NONE', *, *, #2311, .T. ) ;
#147 = CARTESIAN_POINT ( 'NONE',  ( 0.000000000000000000, 0.000000000000000000, -40.32222875080931601 ) ) ;
#148 = CARTESIAN_POINT ( 'NONE',  ( -11.59596284609319028, 0.6153196705374273101, 23.58769933558773957 ) ) ;
#149 = CARTESIAN_POINT ( 'NONE',  ( -4.937469940193367712, -12.39209351936477610, -18.39005604606210653 ) ) ;
#150 = CARTESIAN_POINT ( 'NONE',  ( 14.35640646055098735, -7.133974596215627351, -30.98735561765780488 ) ) ;
#151 = CARTESIAN_POINT ( 'NONE',  ( 0.000000000000000000, 0.000000000000000000, 6.500000000000000888 ) ) ;
#152 = B_SPLINE_CURVE_WITH_KNOTS ( 'NONE', 3,
 ( #5245, #803, #4106, #2426, #2891, #1986, #462, #3694, #10, #854, #3619, #4846, #440, #4899, #3272, #3720, #4416, #34, #4081, #827, #3189, #4030, #4922, #4518, #363, #4817, #2399, #1157, #2863, #1586, #2037, #3217 ),
 .UNSPECIFIED., .F., .F.,
 ( 4, 2, 2, 2, 2, 2, 2, 2, 2, 2, 2, 2, 2, 2, 2, 4 ),
 ( 1.736417541871315695E-20, 0.001559025754146076441, 0.003118051508292152881, 0.004677077262438229972, 0.006236103016584305762, 0.007795128770730385889, 0.009354154524876466884, 0.01091318027902254788, 0.01247220603316862714, 0.01403123178731470640, 0.01559025754146078566, 0.01714928329560686318, 0.01870830904975294418, 0.02026733480389902517, 0.02182636055804510269, 0.02494441206633726121 ),
 .UNSPECIFIED. ) ;
#153 = CARTESIAN_POINT ( 'NONE',  ( -25.70221282541895746, -4.571177082293110594, 1.676653537858289633 ) ) ;
#154 = EDGE_LOOP ( 'NONE', ( #4046, #1915, #1073, #1092 ) ) ;
#155 = CARTESIAN_POINT ( 'NONE',  ( -7.129765935710633329, -3.621788374099385699, 2.153887993694830083 ) ) ;
#156 = LINE ( 'NONE', #1869, #67 ) ;
#157 = ADVANCED_FACE ( 'NONE', ( #5127, #1412, #198 ), #4699, .F. ) ;
#158 = CARTESIAN_POINT ( 'NONE',  ( 2.000000000000000000, 37.40841156226174036, -5.987355617657803997 ) ) ;
#159 = CARTESIAN_POINT ( 'NONE',  ( -29.35051964504344113, -3.017285129003974387, 1.838591659760404839 ) ) ;
#160 = FACE_OUTER_BOUND ( 'NONE', #3639, .T. ) ;
#161 = CARTESIAN_POINT ( 'NONE',  ( -4.690111501497779223, -12.58670612936985300, 2.982511646936157668 ) ) ;
#162 = CARTESIAN_POINT ( 'NONE',  ( -30.00000000000000000, 3.673940397442059178E-15, -66.49199074667275511 ) ) ;
#163 = CARTESIAN_POINT ( 'NONE',  ( -1.032051054660059419, -6.294764317469483395, -11.50373706386667472 ) ) ;
#164 = CARTESIAN_POINT ( 'NONE',  ( -4.536115916991798613, -12.14739630618195854, 2.820994977207149645 ) ) ;
#165 = FILL_AREA_STYLE_COLOUR ( '', #171 ) ;
#166 = ORIENTED_EDGE ( 'NONE', *, *, #2152, .T. ) ;
#167 = CARTESIAN_POINT ( 'NONE',  ( 0.000000000000000000, 0.000000000000000000, -35.96730588536621553 ) ) ;
#168 = CARTESIAN_POINT ( 'NONE',  ( 6.714257683958477330, 0.7492730597603750597, 27.33738621866114471 ) ) ;
#169 = VECTOR ( 'NONE', #3898, 1000.000000000000000 ) ;
#170 = LINE ( 'NONE', #1771, #5132 ) ;
#171 = COLOUR_RGB ( '',0.7921568627450980005, 0.8196078431372548767, 0.9333333333333333481 ) ;
#172 = ORIENTED_EDGE ( 'NONE', *, *, #1, .T. ) ;
#173 = EDGE_CURVE ( 'NONE', #4021, #3399, #1523, .T. ) ;
#174 = CARTESIAN_POINT ( 'NONE',  ( -33.24217640360748049, -16.88297841831290214, -15.80261009972132946 ) ) ;
#175 = CARTESIAN_POINT ( 'NONE',  ( -1.826140485400291613, -4.513727838352584065, 3.133691180307055735 ) ) ;
#176 = EDGE_CURVE ( 'NONE', #3090, #1824, #4224, .T. ) ;
#177 = CARTESIAN_POINT ( 'NONE',  ( 22.80722276026539674, 3.742751426026897921, 2.296850866075184516 ) ) ;
#178 = CARTESIAN_POINT ( 'NONE',  ( -31.48670980793216856, 0.9644506383101553171, -16.75913849637222697 ) ) ;
#179 = VERTEX_POINT ( 'NONE', #3147 ) ;
#180 = ADVANCED_FACE ( 'NONE', ( #730 ), #1519, .T. ) ;
#181 = CARTESIAN_POINT ( 'NONE',  ( 0.6305297380269708762, -6.089325633642336477, -23.09197934131017504 ) ) ;
#182 = CARTESIAN_POINT ( 'NONE',  ( 9.428946295147566659, -3.289863191877894000, 16.94690092009808069 ) ) ;
#183 = CARTESIAN_POINT ( 'NONE',  ( -6.427775072272368106, -13.44539613231408559, -15.52083196096664608 ) ) ;
#184 = DIRECTION ( 'NONE',  ( 0.000000000000000000, 0.000000000000000000, 1.000000000000000000 ) ) ;
#185 = CARTESIAN_POINT ( 'NONE',  ( 14.72243186433541595, -8.500000000000065725, 6.500000000000000888 ) ) ;
#186 = CARTESIAN_POINT ( 'NONE',  ( 31.19527573201776960, -15.70119976456674138, -29.98735561765780488 ) ) ;
#187 = CARTESIAN_POINT ( 'NONE',  ( -25.04712185096081711, -5.452596363941400348, 2.775436327938439085 ) ) ;
#188 = ORIENTED_EDGE ( 'NONE', *, *, #714, .T. ) ;
#189 = CARTESIAN_POINT ( 'NONE',  ( -9.833936072562353914, -5.102654168832019721, 2.796993446904040503 ) ) ;
#190 = CARTESIAN_POINT ( 'NONE',  ( 1.999999999999999556, 37.42114127098884779, -6.423718047882618798 ) ) ;
#191 = FACE_OUTER_BOUND ( 'NONE', #513, .T. ) ;
#192 = CARTESIAN_POINT ( 'NONE',  ( -7.093357840778355516, 0.7124344069857776462, -0.01457309049416191139 ) ) ;
#193 = CARTESIAN_POINT ( 'NONE',  ( -22.25336428142739820, -8.527203298863446079, 5.902688947745763137 ) ) ;
#194 = EDGE_CURVE ( 'NONE', #1133, #3133, #5255, .T. ) ;
#195 = CARTESIAN_POINT ( 'NONE',  ( -9.667529608863459245, -13.18307608247488538, -4.884561703257061183 ) ) ;
#196 = AXIS2_PLACEMENT_3D ( 'NONE', #437, #4514, #2942 ) ;
#197 = CARTESIAN_POINT ( 'NONE',  ( -6.173473323399268686, -13.91297330861703863, -14.90028608839021196 ) ) ;
#198 = FACE_OUTER_BOUND ( 'NONE', #4718, .T. ) ;
#199 = ORIENTED_EDGE ( 'NONE', *, *, #1492, .T. ) ;
#200 = CARTESIAN_POINT ( 'NONE',  ( -32.47595264191662068, -18.74999999999969447, 6.500000000000000888 ) ) ;
#201 = AXIS2_PLACEMENT_3D ( 'NONE', #3861, #202, #1416 ) ;
#202 = DIRECTION ( 'NONE',  ( -0.000000000000000000, -0.000000000000000000, 1.000000000000000000 ) ) ;
#203 = ORIENTED_EDGE ( 'NONE', *, *, #5209, .F. ) ;
#204 = CARTESIAN_POINT ( 'NONE',  ( 35.33774181865160102, 0.000000000000000000, -35.96730588536621553 ) ) ;
#205 = CARTESIAN_POINT ( 'NONE',  ( 4.924128399433716829, -13.25671227888133430, -2.015302191545701671 ) ) ;
#206 = CARTESIAN_POINT ( 'NONE',  ( -1.307783090328278552, -10.17155955415300816, -9.783802572467164893 ) ) ;
#207 = EDGE_CURVE ( 'NONE', #1458, #4907, #1781, .T. ) ;
#208 = CARTESIAN_POINT ( 'NONE',  ( -4.179141568113164951, -15.24549686135345894, 5.738859149912789448 ) ) ;
#209 = ORIENTED_EDGE ( 'NONE', *, *, #532, .F. ) ;
#210 = CARTESIAN_POINT ( 'NONE',  ( -10.55556270539293351, 0.1488292886914963364, -9.796163195433145177 ) ) ;
#211 = CARTESIAN_POINT ( 'NONE',  ( -1.381620967053339477, -0.1747761131046802197, 23.34158481787230599 ) ) ;
#212 = DIRECTION ( 'NONE',  ( 0.9446736642347863810, -0.000000000000000000, 0.3280116889704119965 ) ) ;
#213 = CARTESIAN_POINT ( 'NONE',  ( 6.245044417005693127, 36.97639073782968921, -2.375418723828591538 ) ) ;
#214 = CARTESIAN_POINT ( 'NONE',  ( 2.942635135950084635, -4.996841961544669530, -25.13397857501262322 ) ) ;
#215 = CARTESIAN_POINT ( 'NONE',  ( -18.50938071643875205, -11.65973301370297044, 6.850004023863716540 ) ) ;
#216 = VERTEX_POINT ( 'NONE', #5198 ) ;
#217 = CARTESIAN_POINT ( 'NONE',  ( 1.000000000000000000, 16.97056274847713908, -30.98735561765780488 ) ) ;
#218 = CARTESIAN_POINT ( 'NONE',  ( -19.82545614269000112, -13.97338217709140906, 10.02649535191672747 ) ) ;
#219 = CARTESIAN_POINT ( 'NONE',  ( -7.592493473454221764, 0.2640798646991974752, 0.02850695170726546060 ) ) ;
#220 = CARTESIAN_POINT ( 'NONE',  ( -2.500000000000000000, 16.81517172080023670, -0.6999999999999982903 ) ) ;
#221 = CARTESIAN_POINT ( 'NONE',  ( -6.076252871385847243, -9.478251011698274553, -7.267384784802924713 ) ) ;
#222 = CARTESIAN_POINT ( 'NONE',  ( -27.61530081324636754, -0.1680291670142492200, -5.374155521384542666 ) ) ;
#223 = ORIENTED_EDGE ( 'NONE', *, *, #590, .F. ) ;
#224 = CARTESIAN_POINT ( 'NONE',  ( 0.9214752624257717128, -6.591959189749702297, -22.96126110450773083 ) ) ;
#225 = CARTESIAN_POINT ( 'NONE',  ( 4.084388544762811435, 0.8345600004225358637, 31.88904309630667555 ) ) ;
#226 = CARTESIAN_POINT ( 'NONE',  ( -18.15298213075707423, 0.6936454409448066238, -13.00631126506957713 ) ) ;
#227 = VERTEX_POINT ( 'NONE', #1192 ) ;
#228 = CARTESIAN_POINT ( 'NONE',  ( 0.000000000000000000, 0.000000000000000000, -8.608009253327193022 ) ) ;
#229 = DIRECTION ( 'NONE',  ( 0.000000000000000000, 0.000000000000000000, -1.000000000000000000 ) ) ;
#230 = CARTESIAN_POINT ( 'NONE',  ( -3.987371422629496287, -6.605837361671886399, -12.57707275541998371 ) ) ;
#231 = CARTESIAN_POINT ( 'NONE',  ( -15.53115217563585126, -7.016919676438327258, 1.772292492710939804 ) ) ;
#232 = EDGE_LOOP ( 'NONE', ( #4938, #4528, #3453, #2537, #1830 ) ) ;
#233 = DIRECTION ( 'NONE',  ( 1.000000000000000000, 0.000000000000000000, 0.000000000000000000 ) ) ;
#234 = CARTESIAN_POINT ( 'NONE',  ( -4.536115916991798613, -12.14739630618195854, 2.820994977207149645 ) ) ;
#235 = CARTESIAN_POINT ( 'NONE',  ( 3.005537422602520881, -5.064252818088201380, -22.84305773676037177 ) ) ;
#236 = MANIFOLD_SOLID_BREP ( 'Boss-Extrude3', #793 ) ;
#237 = CARTESIAN_POINT ( 'NONE',  ( -6.950698656257231711, -0.2306996426640446907, 1.661855124154425933 ) ) ;
#238 = CARTESIAN_POINT ( 'NONE',  ( 0.8974523733233821243, -7.236119953481240152, 0.06100868161672351464 ) ) ;
#239 = CARTESIAN_POINT ( 'NONE',  ( 18.11804821287885048, 0.005588505156431063971, -12.63585730315230471 ) ) ;
#240 = ORIENTED_EDGE ( 'NONE', *, *, #814, .F. ) ;
#241 = DIRECTION ( 'NONE',  ( -0.000000000000000000, -0.000000000000000000, 1.000000000000000000 ) ) ;
#242 = VECTOR ( 'NONE', #2222, 1000.000000000000000 ) ;
#243 = CARTESIAN_POINT ( 'NONE',  ( 31.15370349203920597, -20.87335044333094558, -0.6999999999999992895 ) ) ;
#244 = CARTESIAN_POINT ( 'NONE',  ( -37.43862148177727533, -0.1333837896099458742, -13.33486231798687527 ) ) ;
#245 = CIRCLE ( 'NONE', #733, 39.50000000000000000 ) ;
#246 = CARTESIAN_POINT ( 'NONE',  ( 7.281040380850047455, -13.64347403824473659, -0.2864665083555681391 ) ) ;
#247 = AXIS2_PLACEMENT_3D ( 'NONE', #1937, #340, #1158 ) ;
#248 = CARTESIAN_POINT ( 'NONE',  ( 10.67202840021383459, -4.571177082293115035, 15.13118833327161816 ) ) ;
#249 = CARTESIAN_POINT ( 'NONE',  ( -9.346749512530173831, -16.85561094322573794, -12.52129701276627394 ) ) ;
#250 = CARTESIAN_POINT ( 'NONE',  ( -3.631102569626045717, -16.50000000000000000, -2.096418046028730053 ) ) ;
#251 = CARTESIAN_POINT ( 'NONE',  ( -25.40428430078177158, -4.182965093290154535, 2.675125372427216153 ) ) ;
#252 = ORIENTED_EDGE ( 'NONE', *, *, #3637, .F. ) ;
#253 = EDGE_CURVE ( 'NONE', #3678, #3321, #2739, .T. ) ;
#254 = CARTESIAN_POINT ( 'NONE',  ( 20.54954551265172213, 0.7286063663748982844, -12.47572691539895828 ) ) ;
#255 = ADVANCED_FACE ( 'NONE', ( #2285 ), #1494, .F. ) ;
#256 = CARTESIAN_POINT ( 'NONE',  ( -18.11168111211851439, 0.3631538316631102714, -13.09461022750133274 ) ) ;
#257 = ORIENTED_EDGE ( 'NONE', *, *, #559, .T. ) ;
#258 = CARTESIAN_POINT ( 'NONE',  ( -1.979268882422040576, -5.101354063850105369, -6.827974924968270187 ) ) ;
#259 = CARTESIAN_POINT ( 'NONE',  ( 12.55604214530869811, -9.900366440640926413, 7.527967200944619464 ) ) ;
#260 = EDGE_CURVE ( 'NONE', #691, #1221, #3730, .T. ) ;
#261 = CARTESIAN_POINT ( 'NONE',  ( -6.634990583457267554, -12.81832133157318410, 4.887612723876208598 ) ) ;
#262 = ORIENTED_EDGE ( 'NONE', *, *, #3175, .F. ) ;
#263 = CARTESIAN_POINT ( 'NONE',  ( -2.000000000000000000, 37.44662868670557287, -8.608009253327193022 ) ) ;
#264 = CARTESIAN_POINT ( 'NONE',  ( -8.125400923976812351, -7.964348627357993315, 0.1602678689282670821 ) ) ;
#265 = CARTESIAN_POINT ( 'NONE',  ( -16.27277916515248535, 1.009289631151597089, -11.97796728815378664 ) ) ;
#266 = CARTESIAN_POINT ( 'NONE',  ( 4.804925919691181768, 37.19120708492680194, -5.859862608658743532 ) ) ;
#267 = ORIENTED_EDGE ( 'NONE', *, *, #2534, .F. ) ;
#268 = CARTESIAN_POINT ( 'NONE',  ( -33.41873831450836718, -16.98491648510016461, -6.862260818968695553 ) ) ;
#269 = DIRECTION ( 'NONE',  ( 0.2973836590439050132, 0.000000000000000000, 0.9547580632462123740 ) ) ;
#270 = CARTESIAN_POINT ( 'NONE',  ( -7.399389024626348288, -7.802266133234841305, 1.200819826167676130 ) ) ;
#271 = CARTESIAN_POINT ( 'NONE',  ( -6.298960951336667335, -13.44732498921503883, 4.169191581139606306 ) ) ;
#272 = DIRECTION ( 'NONE',  ( 0.000000000000000000, 0.000000000000000000, 1.000000000000000000 ) ) ;
#273 = CARTESIAN_POINT ( 'NONE',  ( 14.85640646055099268, -6.267949192431190752, -5.987355617657803997 ) ) ;
#274 = CARTESIAN_POINT ( 'NONE',  ( -1.896594860833888729, -1.389054348539606742, -1.811914744268545485 ) ) ;
#275 = ADVANCED_FACE ( 'NONE', ( #322 ), #1142, .F. ) ;
#276 = DIRECTION ( 'NONE',  ( 0.000000000000000000, 0.000000000000000000, -1.000000000000000000 ) ) ;
#277 = DIRECTION ( 'NONE',  ( -0.8660254037844363761, 0.5000000000000039968, 0.000000000000000000 ) ) ;
#278 = CARTESIAN_POINT ( 'NONE',  ( 7.756668277811233025, -1.752292614494797007, 17.13643000875732980 ) ) ;
#279 = CARTESIAN_POINT ( 'NONE',  ( 6.741889169702750095, -0.6472633167431640633, 19.46933243086997578 ) ) ;
#280 = ORIENTED_EDGE ( 'NONE', *, *, #4222, .T. ) ;
#281 = CARTESIAN_POINT ( 'NONE',  ( 0.000000000000000000, 0.000000000000000000, -0.6999999999999992895 ) ) ;
#282 = TOROIDAL_SURFACE ( 'NONE', #857, -52.50000000000000000, 92.00000000000000000 ) ;
#283 = CARTESIAN_POINT ( 'NONE',  ( 9.243489706990114740, -13.19349105065374239, 1.902671760230742803 ) ) ;
#284 = CARTESIAN_POINT ( 'NONE',  ( -5.969935524744799160, 2.615565840378736517, -8.988781290850056394 ) ) ;
#285 = ORIENTED_EDGE ( 'NONE', *, *, #2705, .T. ) ;
#286 = DIRECTION ( 'NONE',  ( 0.000000000000000000, 0.000000000000000000, -1.000000000000000000 ) ) ;
#287 = DIRECTION ( 'NONE',  ( -0.000000000000000000, -0.000000000000000000, 1.000000000000000000 ) ) ;
#288 = CARTESIAN_POINT ( 'NONE',  ( -9.490885820806118645, -18.96900083131669490, -19.60925868471978717 ) ) ;
#289 = VERTEX_POINT ( 'NONE', #4355 ) ;
#290 = CARTESIAN_POINT ( 'NONE',  ( -16.99999999999999645, 0.000000000000000000, -34.00000000000000000 ) ) ;
#291 = DIRECTION ( 'NONE',  ( -1.000000000000000000, 0.000000000000000000, 0.000000000000000000 ) ) ;
#292 = CARTESIAN_POINT ( 'NONE',  ( -8.346173501411918494, -5.955917957112418115, -0.3547490691704526800 ) ) ;
#293 = CARTESIAN_POINT ( 'NONE',  ( -24.53241407942218899, -1.984931895348547970, -5.186177796781852756 ) ) ;
#294 = CARTESIAN_POINT ( 'NONE',  ( 12.60745815047317109, -8.527203298863446079, 10.03138017542620730 ) ) ;
#295 = CIRCLE ( 'NONE', #4724, 5.000000000000000000 ) ;
#296 = FACE_OUTER_BOUND ( 'NONE', #2341, .T. ) ;
#297 = CARTESIAN_POINT ( 'NONE',  ( 12.93085236960278905, 4.548065466209970431, -0.7279721488216730485 ) ) ;
#298 = AXIS2_PLACEMENT_3D ( 'NONE', #3123, #346, #1967 ) ;
#299 = SURFACE_STYLE_USAGE ( .BOTH. , #1544 ) ;
#300 = DIRECTION ( 'NONE',  ( 1.000000000000000000, 0.000000000000000000, 0.000000000000000000 ) ) ;
#301 = EDGE_CURVE ( 'NONE', #4406, #3508, #1004, .T. ) ;
#302 = CARTESIAN_POINT ( 'NONE',  ( -1.043812669696995155, 0.8713591713746353662, 23.18844028268417290 ) ) ;
#303 = VERTEX_POINT ( 'NONE', #3656 ) ;
#304 = APPLICATION_CONTEXT ( 'automotive_design' ) ;
#305 = CARTESIAN_POINT ( 'NONE',  ( 1.270498179600278776, 0.07841672524776170661, -2.880666919081038113 ) ) ;
#306 = ORIENTED_EDGE ( 'NONE', *, *, #798, .F. ) ;
#307 = DIRECTION ( 'NONE',  ( -2.168404344971008868E-16, 0.000000000000000000, -1.000000000000000000 ) ) ;
#308 = CARTESIAN_POINT ( 'NONE',  ( -19.58659079023216520, 1.012124725757540089, -13.59501142109467153 ) ) ;
#309 = CARTESIAN_POINT ( 'NONE',  ( 13.19161240707202332, 0.02145151092591614586, -9.055243006059136235 ) ) ;
#310 = CARTESIAN_POINT ( 'NONE',  ( -0.1827070992782144354, -7.840692648202232995, -22.72222055651565853 ) ) ;
#311 = ORIENTED_EDGE ( 'NONE', *, *, #723, .T. ) ;
#312 = DIRECTION ( 'NONE',  ( -0.000000000000000000, -0.000000000000000000, 1.000000000000000000 ) ) ;
#313 = B_SPLINE_CURVE_WITH_KNOTS ( 'NONE', 3,
 ( #1668, #498, #2124, #4954 ),
 .UNSPECIFIED., .F., .F.,
 ( 4, 4 ),
 ( 3.501547214564795275E-05, 0.001310620262295877046 ),
 .UNSPECIFIED. ) ;
#314 = CARTESIAN_POINT ( 'NONE',  ( -4.327114646304963230, 39.26260079457802021, -1.003526628546594246 ) ) ;
#315 = CARTESIAN_POINT ( 'NONE',  ( -6.038125648515852539, 0.5054763713691691196, -6.488686625882110093 ) ) ;
#316 = CARTESIAN_POINT ( 'NONE',  ( -17.47934095902893858, -1.130351673670672463, -9.323398371706829835 ) ) ;
#317 = CARTESIAN_POINT ( 'NONE',  ( 11.27102666604423042, -4.263105062241167253, 14.00253570457633856 ) ) ;
#318 = CARTESIAN_POINT ( 'NONE',  ( -4.327069659196202345, 37.24986222245942002, -5.971188033235272918 ) ) ;
#319 = CARTESIAN_POINT ( 'NONE',  ( 22.89123947006705606, 2.642642484090704791, -2.440461408270487631 ) ) ;
#320 = CONICAL_SURFACE ( 'NONE', #3305, 33.42822569215917383, 0.3019511618302511136 ) ;
#321 = EDGE_CURVE ( 'NONE', #4560, #390, #1889, .T. ) ;
#322 = FACE_OUTER_BOUND ( 'NONE', #1341, .T. ) ;
#323 = ORIENTED_EDGE ( 'NONE', *, *, #871, .F. ) ;
#324 = CARTESIAN_POINT ( 'NONE',  ( 19.27257485317275965, 1.000676426396882146, -13.51500066629793828 ) ) ;
#325 = VECTOR ( 'NONE', #2436, 1000.000000000000000 ) ;
#326 = CARTESIAN_POINT ( 'NONE',  ( 11.38776611159517671, -4.182965093290135883, 14.37393874513935543 ) ) ;
#327 = VERTEX_POINT ( 'NONE', #2899 ) ;
#328 = CARTESIAN_POINT ( 'NONE',  ( 0.000000000000000000, 0.000000000000000000, -8.608009253327193022 ) ) ;
#329 = EDGE_CURVE ( 'NONE', #4172, #3133, #2460, .T. ) ;
#330 = CARTESIAN_POINT ( 'NONE',  ( 4.649546438938982007, -5.568938928706191227, 2.883825271670834578 ) ) ;
#331 = ORIENTED_EDGE ( 'NONE', *, *, #1334, .F. ) ;
#332 = PLANE ( 'NONE',  #2780 ) ;
#333 = CARTESIAN_POINT ( 'NONE',  ( -23.31456344217673049, 1.005385068962629802, -15.41430396399505831 ) ) ;
#334 = CARTESIAN_POINT ( 'NONE',  ( 19.65473079961596881, 1.001775467301855516, -13.77287600868984541 ) ) ;
#335 = CARTESIAN_POINT ( 'NONE',  ( 23.00545115414616859, -0.03525642407339891343, -18.87374317774856181 ) ) ;
#336 = EDGE_LOOP ( 'NONE', ( #2674, #1049, #2636, #122 ) ) ;
#337 = DIRECTION ( 'NONE',  ( 1.000000000000000000, 0.000000000000000000, 0.000000000000000000 ) ) ;
#338 = CARTESIAN_POINT ( 'NONE',  ( -0.2198879775976583517, -6.696090326640946166, 1.564082574827030170 ) ) ;
#339 = PRESENTATION_LAYER_ASSIGNMENT (  '', '', ( #1265 ) ) ;
#340 = DIRECTION ( 'NONE',  ( 0.000000000000000000, -0.000000000000000000, -1.000000000000000000 ) ) ;
#341 = CARTESIAN_POINT ( 'NONE',  ( -22.87937725803691436, 0.2403421282323012775, -18.11754150681219144 ) ) ;
#342 = CARTESIAN_POINT ( 'NONE',  ( 11.75406589984092420, -4.951690954979296677, 13.26814992254167969 ) ) ;
#343 = CARTESIAN_POINT ( 'NONE',  ( -2.500000000000000000, 37.41657386773941596, -0.6999999999999987343 ) ) ;
#344 = CARTESIAN_POINT ( 'NONE',  ( 13.41888284960236888, 1.391165980791498669, -8.125253088912847588 ) ) ;
#345 = CARTESIAN_POINT ( 'NONE',  ( -9.022377489804366490, -17.66265275503951671, 8.434125574704982142 ) ) ;
#346 = DIRECTION ( 'NONE',  ( -0.7071067811865477948, 0.000000000000000000, -0.7071067811865473507 ) ) ;
#347 = ORIENTED_EDGE ( 'NONE', *, *, #3591, .F. ) ;
#348 = CARTESIAN_POINT ( 'NONE',  ( 1.319160953934058078, 0.9468388815873615139, -1.392933115621308282 ) ) ;
#349 = CARTESIAN_POINT ( 'NONE',  ( -4.856444673104952869, 0.9979242336855373985, 27.94188230555691277 ) ) ;
#350 = CARTESIAN_POINT ( 'NONE',  ( -6.703095643223301536, -12.78950312691053348, 4.664359460377141886 ) ) ;
#351 = CARTESIAN_POINT ( 'NONE',  ( 3.297945271885606378, 0.4084679293086916352, 21.56442276901249144 ) ) ;
#352 = ORIENTED_EDGE ( 'NONE', *, *, #5126, .T. ) ;
#353 = DIRECTION ( 'NONE',  ( 0.000000000000000000, -1.000000000000000000, -1.879283765641540937E-16 ) ) ;
#354 = FILL_AREA_STYLE ('',( #1627 ) ) ;
#355 = AXIS2_PLACEMENT_3D ( 'NONE', #5215, #287, #1932 ) ;
#356 = CARTESIAN_POINT ( 'NONE',  ( -14.66014821334803031, 3.843287445401811997, -24.98610693990706721 ) ) ;
#357 = CARTESIAN_POINT ( 'NONE',  ( 6.245243925829333520, 39.00321734639160098, -4.598884052437052894 ) ) ;
#358 = CIRCLE ( 'NONE', #106, 87.99999999999998579 ) ;
#359 = CARTESIAN_POINT ( 'NONE',  ( 5.553482706795751511, -3.697132103612916332, 14.40058259694620446 ) ) ;
#360 = CARTESIAN_POINT ( 'NONE',  ( 13.07808189120436282, 0.6936454409448066238, -9.217788047145948127 ) ) ;
#361 = CARTESIAN_POINT ( 'NONE',  ( 13.00321082979103515, 0.2247958379190997114, -24.15992599553221964 ) ) ;
#362 = ORIENTED_EDGE ( 'NONE', *, *, #1334, .T. ) ;
#363 = CARTESIAN_POINT ( 'NONE',  ( 5.438203420615471906, -3.757609887712814345, -22.99241240286944432 ) ) ;
#364 = CARTESIAN_POINT ( 'NONE',  ( -6.165401191928061131, 0.06866087018380723217, 14.40493732039142394 ) ) ;
#365 = CARTESIAN_POINT ( 'NONE',  ( 9.680840736049654893, -2.115715308047650733, 16.92516008968252805 ) ) ;
#366 = CARTESIAN_POINT ( 'NONE',  ( -4.201694977200228998, -10.55504184246065158, 2.874426632783372959 ) ) ;
#367 = CARTESIAN_POINT ( 'NONE',  ( -24.46951513385215193, 0.05889267898024355685, -20.81965204329824104 ) ) ;
#368 = CARTESIAN_POINT ( 'NONE',  ( 11.60730002077629841, -11.72257082583454313, 4.878098616670141219 ) ) ;
#369 = CYLINDRICAL_SURFACE ( 'NONE', #1023, 37.50000000000000000 ) ;
#370 = CARTESIAN_POINT ( 'NONE',  ( 13.30610554177964033, 2.274702982684392971, -5.453117705838157470 ) ) ;
#371 = CARTESIAN_POINT ( 'NONE',  ( -15.28939442986230013, -19.29799089895972841, 12.53208723733259511 ) ) ;
#372 = CARTESIAN_POINT ( 'NONE',  ( 0.000000000000000000, 0.000000000000000000, 28.00000000000000000 ) ) ;
#373 = CARTESIAN_POINT ( 'NONE',  ( -2.820358206234887088, -9.302090668090519543, -21.45571174672654280 ) ) ;
#374 = EDGE_CURVE ( 'NONE', #303, #994, #1294, .T. ) ;
#375 = CARTESIAN_POINT ( 'NONE',  ( -14.72243186433553497, -8.499999999999861444, 6.500000000000000888 ) ) ;
#376 = B_SPLINE_CURVE_WITH_KNOTS ( 'NONE', 3,
 ( #3708, #4643, #503, #4533 ),
 .UNSPECIFIED., .F., .F.,
 ( 4, 4 ),
 ( 6.505213034913026604E-19, 0.0009999767145885570235 ),
 .UNSPECIFIED. ) ;
#377 = CARTESIAN_POINT ( 'NONE',  ( 2.738614774232455584, -1.840482897595309364, 14.31233389888064877 ) ) ;
#378 = CARTESIAN_POINT ( 'NONE',  ( 13.47529868138975040, 0.05056730988481073635, -9.272065693047355950 ) ) ;
#379 = DIRECTION ( 'NONE',  ( -1.000000000000000000, 0.000000000000000000, 0.000000000000000000 ) ) ;
#380 = CARTESIAN_POINT ( 'NONE',  ( 9.873595004107873052, -2.532202457151804253, 16.54112754066313684 ) ) ;
#381 = CARTESIAN_POINT ( 'NONE',  ( -5.649173329132077370, 37.07223751116611510, -1.601244077439381908 ) ) ;
#382 = CARTESIAN_POINT ( 'NONE',  ( -27.71390555518863863, 0.2385464147223671783, -6.371984211640549844 ) ) ;
#383 = CARTESIAN_POINT ( 'NONE',  ( 29.19527573201778381, -19.16530137970450909, -29.98735561765781199 ) ) ;
#384 = CARTESIAN_POINT ( 'NONE',  ( 4.524779374968161960, -3.472797378927983125, 1.271129220060470022 ) ) ;
#385 = EDGE_CURVE ( 'NONE', #1194, #3028, #3959, .T. ) ;
#386 = DIRECTION ( 'NONE',  ( 1.000000000000000000, 0.000000000000000000, 0.000000000000000000 ) ) ;
#387 = CARTESIAN_POINT ( 'NONE',  ( 14.08575439805056639, -7.731152512157911438, 11.99726345731814980 ) ) ;
#388 = DIRECTION ( 'NONE',  ( 1.000000000000000000, 0.000000000000000000, -0.000000000000000000 ) ) ;
#389 = CARTESIAN_POINT ( 'NONE',  ( 9.380213268716660835, -1.445245577369142831, -24.07986704355622365 ) ) ;
#390 = VERTEX_POINT ( 'NONE', #4984 ) ;
#391 = DIRECTION ( 'NONE',  ( 0.000000000000000000, 0.000000000000000000, 1.000000000000000000 ) ) ;
#392 = CARTESIAN_POINT ( 'NONE',  ( -5.880259947336408999, 39.06003259129578709, -1.831709980650233716 ) ) ;
#393 = CARTESIAN_POINT ( 'NONE',  ( -9.733356483633977874, 2.342147058210956700, 4.785090618208033497 ) ) ;
#394 = CARTESIAN_POINT ( 'NONE',  ( -5.223671298453008482, -11.68948802841794432, -18.79981394476509493 ) ) ;
#395 = CARTESIAN_POINT ( 'NONE',  ( 1.864707979280133321, -10.17155955415300816, 3.759327907369613087 ) ) ;
#396 = CARTESIAN_POINT ( 'NONE',  ( 12.36727736221739704, -6.317939530669764103, 12.15730424407594334 ) ) ;
#397 = DIRECTION ( 'NONE',  ( -0.8660254037844432595, -0.4999999999999920064, 0.000000000000000000 ) ) ;
#398 = CARTESIAN_POINT ( 'NONE',  ( 1.216191993024834606, -0.01806342208034410202, -0.7870121687316944392 ) ) ;
#399 = ADVANCED_FACE ( 'NONE', ( #4526 ), #2073, .T. ) ;
#400 = CARTESIAN_POINT ( 'NONE',  ( -13.82050250584459405, -9.904835149274834549, -30.31976801101089691 ) ) ;
#401 = EDGE_LOOP ( 'NONE', ( #774, #3875, #1559, #1985 ) ) ;
#402 = CARTESIAN_POINT ( 'NONE',  ( 0.8781708049457560561, -11.58894908193364337, -8.343870328579665596 ) ) ;
#403 = CARTESIAN_POINT ( 'NONE',  ( -24.04143006952827477, -5.906477046812687703, 4.775079242996992157 ) ) ;
#404 = CARTESIAN_POINT ( 'NONE',  ( 33.39663472814211786, -16.97215497356215153, -5.987355617657803997 ) ) ;
#405 = CARTESIAN_POINT ( 'NONE',  ( -6.344964346351486206, -13.11465540383457018, -22.62970220895825690 ) ) ;
#406 = ORIENTED_EDGE ( 'NONE', *, *, #4110, .T. ) ;
#407 = CARTESIAN_POINT ( 'NONE',  ( 14.82123303023420569, 0.7823717797327409684, -18.97973069029653459 ) ) ;
#408 = CARTESIAN_POINT ( 'NONE',  ( -8.608875471851185068, -6.256420165454389171, -1.375993119232273187 ) ) ;
#409 = CARTESIAN_POINT ( 'NONE',  ( 2.000000000000000000, 15.99999999999999645, -5.987355617657803997 ) ) ;
#410 = CARTESIAN_POINT ( 'NONE',  ( -2.114613563366122495, 60.72071872689625138, 1.959839247827927622 ) ) ;
#411 = CARTESIAN_POINT ( 'NONE',  ( 10.67194866863482794, -16.38039058733591347, 1.315985167784924803 ) ) ;
#412 = ADVANCED_FACE ( 'NONE', ( #834 ), #3701, .T. ) ;
#413 = EDGE_CURVE ( 'NONE', #3630, #1405, #4669, .T. ) ;
#414 = CARTESIAN_POINT ( 'NONE',  ( -9.154836261014802190, -18.21080945906489390, -15.08013252124721681 ) ) ;
#415 = ORIENTED_EDGE ( 'NONE', *, *, #194, .T. ) ;
#416 = DIRECTION ( 'NONE',  ( -0.7071067811865473507, 0.000000000000000000, -0.7071067811865477948 ) ) ;
#417 = CARTESIAN_POINT ( 'NONE',  ( -6.372170397086567739, 38.98268206603206210, -4.293424214610997325 ) ) ;
#418 = VECTOR ( 'NONE', #3567, 1000.000000000000000 ) ;
#419 = CARTESIAN_POINT ( 'NONE',  ( -18.73904992226393063, 2.613064119610380320, 19.83379226512078120 ) ) ;
#420 = CARTESIAN_POINT ( 'NONE',  ( -1.452198943816229493, -7.765842334275833814, -22.51653409302433673 ) ) ;
#421 = CARTESIAN_POINT ( 'NONE',  ( -6.745043023094679846, -3.180370508437647903, -4.274319720056539040 ) ) ;
#422 = DIRECTION ( 'NONE',  ( 1.000000000000000000, 0.000000000000000000, 0.000000000000000000 ) ) ;
#423 = CARTESIAN_POINT ( 'NONE',  ( -5.236960511749609637, -0.4747879860591194268, 1.968342002308423933 ) ) ;
#424 = CARTESIAN_POINT ( 'NONE',  ( 27.99999999999999645, 0.000000000000000000, 3.499999999999999556 ) ) ;
#425 = CARTESIAN_POINT ( 'NONE',  ( -7.467723205406087139, -13.60585342774448314, -11.95000985653693704 ) ) ;
#426 = ORIENTED_EDGE ( 'NONE', *, *, #2534, .T. ) ;
#427 = CARTESIAN_POINT ( 'NONE',  ( -12.55380788686651172, 2.326698961048855541, 19.72968712179703488 ) ) ;
#428 = DIRECTION ( 'NONE',  ( 0.8660254037844432595, 0.4999999999999920064, 0.000000000000000000 ) ) ;
#429 = EDGE_CURVE ( 'NONE', #3153, #2075, #2110, .T. ) ;
#430 = CARTESIAN_POINT ( 'NONE',  ( 9.601407605564222791, 0.1018018080785303980, -6.475937027201534413 ) ) ;
#431 = FACE_OUTER_BOUND ( 'NONE', #1975, .T. ) ;
#432 = LINE ( 'NONE', #2854, #1810 ) ;
#433 = EDGE_LOOP ( 'NONE', ( #1658, #864 ) ) ;
#434 = DIRECTION ( 'NONE',  ( 1.000000000000000000, 0.000000000000000000, 0.000000000000000000 ) ) ;
#435 = EDGE_CURVE ( 'NONE', #3983, #3028, #313, .T. ) ;
#436 = CARTESIAN_POINT ( 'NONE',  ( -5.969780033063466718, -9.143727167711208637, -6.519929049621564943 ) ) ;
#437 = CARTESIAN_POINT ( 'NONE',  ( -5.745716132992168212, 44.22071872689625138, -0.1365787982006441692 ) ) ;
#438 = CARTESIAN_POINT ( 'NONE',  ( 12.54624888956847073, -19.74241967913392770, -0.04464602030340930616 ) ) ;
#439 = VERTEX_POINT ( 'NONE', #3336 ) ;
#440 = CARTESIAN_POINT ( 'NONE',  ( 13.45188012910428021, -0.5971510393450729648, -19.85789574140505209 ) ) ;
#441 = CARTESIAN_POINT ( 'NONE',  ( 9.858889325380131297, -0.6472633167431575130, -21.86256764398299879 ) ) ;
#442 = CARTESIAN_POINT ( 'NONE',  ( -4.030853831065665638, 1.083304245246670794, 23.82599701276962634 ) ) ;
#443 = CARTESIAN_POINT ( 'NONE',  ( -7.991987490652197046, -13.23540239228920434, -9.187848711697226278 ) ) ;
#444 = CARTESIAN_POINT ( 'NONE',  ( 3.531905878727197301, -1.972615736267161024, -1.613710867347423861 ) ) ;
#445 = CARTESIAN_POINT ( 'NONE',  ( 3.749023314687961239, -14.00868713355947648, -2.246064478025327826 ) ) ;
#446 = CARTESIAN_POINT ( 'NONE',  ( 3.249749174144652031, 3.594379357548584508, 0.5747712089899691401 ) ) ;
#447 = CARTESIAN_POINT ( 'NONE',  ( -6.715470152318471442, 0.9468388815873616249, 1.838893455598060056 ) ) ;
#448 = CARTESIAN_POINT ( 'NONE',  ( -9.414176278805513221, 1.058710223124748495, 25.31071333554417535 ) ) ;
#449 = CARTESIAN_POINT ( 'NONE',  ( 10.90139004318921323, -12.71858416677572201, 4.939025205825533504 ) ) ;
#450 = CARTESIAN_POINT ( 'NONE',  ( -7.605320291333796057, -13.20971757323184370, 5.254371708941698138 ) ) ;
#451 = CARTESIAN_POINT ( 'NONE',  ( -8.410247581802794414, -15.99019804966359715, -19.45269475776243340 ) ) ;
#452 = LINE ( 'NONE', #3226, #3844 ) ;
#453 = CARTESIAN_POINT ( 'NONE',  ( 6.186095663132594957, -2.115715308047650733, -23.13568819033775270 ) ) ;
#454 = CARTESIAN_POINT ( 'NONE',  ( 12.85640646055097491, -9.732050807568937145, -5.987355617657803997 ) ) ;
#455 = EDGE_CURVE ( 'NONE', #2619, #488, #2363, .T. ) ;
#456 = CARTESIAN_POINT ( 'NONE',  ( 6.500133909116171615, 38.96149713733063891, -3.325765611764079033 ) ) ;
#457 = APPLICATION_PROTOCOL_DEFINITION ( 'draft international standard', 'automotive_design', 1998, #3060 ) ;
#458 = CARTESIAN_POINT ( 'NONE',  ( 4.062171264631301959, -0.2113501832536456293, 31.89096065398642921 ) ) ;
#459 = CARTESIAN_POINT ( 'NONE',  ( 9.493466114452063564, -0.3508789735508044405, -7.725721593329241799 ) ) ;
#460 = CARTESIAN_POINT ( 'NONE',  ( -29.54033063858479835, -1.297996083224192798, 0.2877168419671014554 ) ) ;
#461 = ORIENTED_EDGE ( 'NONE', *, *, #2311, .F. ) ;
#462 = CARTESIAN_POINT ( 'NONE',  ( 17.00511083942239310, -0.1295824735462436650, -16.93962229012398168 ) ) ;
#463 = CARTESIAN_POINT ( 'NONE',  ( 16.97258212416526746, 0.8713591713746350331, -16.97950599067872091 ) ) ;
#464 = CARTESIAN_POINT ( 'NONE',  ( 12.30396319105458680, -6.217805458288505172, 12.26640679267667622 ) ) ;
#465 = CARTESIAN_POINT ( 'NONE',  ( -3.371095243934711050, -9.712503805591572004, -21.20216436791369574 ) ) ;
#466 = CARTESIAN_POINT ( 'NONE',  ( 0.000000000000000000, 0.000000000000000000, 0.000000000000000000 ) ) ;
#467 = CARTESIAN_POINT ( 'NONE',  ( -13.56343443672803595, 3.318053518407177993, -23.26299633819401080 ) ) ;
#468 = CARTESIAN_POINT ( 'NONE',  ( 19.32456489982744330, 5.477955848347395573, 1.825386158881921794 ) ) ;
#469 = CARTESIAN_POINT ( 'NONE',  ( 0.000000000000000000, 0.000000000000000000, -39.72746143272154740 ) ) ;
#470 = UNCERTAINTY_MEASURE_WITH_UNIT (LENGTH_MEASURE( 1.000000000000000082E-05 ), #2595, 'distance_accuracy_value', 'NONE');
#471 = VERTEX_POINT ( 'NONE', #2409 ) ;
#472 = CARTESIAN_POINT ( 'NONE',  ( -11.30586855188591500, 1.416123595922071043, 22.98044863214246547 ) ) ;
#473 = CARTESIAN_POINT ( 'NONE',  ( -5.108572809382892821, -11.86941605343791473, 3.877169207653702987 ) ) ;
#474 = ADVANCED_FACE ( 'NONE', ( #4065 ), #812, .F. ) ;
#475 = CARTESIAN_POINT ( 'NONE',  ( -23.31396039372684470, -7.073368753695588929, 5.159493476624126274 ) ) ;
#476 = CARTESIAN_POINT ( 'NONE',  ( -10.13187099794262380, -18.55472397796601669, -14.97406544375576409 ) ) ;
#477 = ORIENTED_EDGE ( 'NONE', *, *, #2278, .T. ) ;
#478 = CARTESIAN_POINT ( 'NONE',  ( 20.54554611461401237, 1.128541534545077774, -12.48145290127817830 ) ) ;
#479 = AXIS2_PLACEMENT_3D ( 'NONE', #581, #272, #3825 ) ;
#480 = CARTESIAN_POINT ( 'NONE',  ( 0.000000000000000000, 0.000000000000000000, 3.500000000000000000 ) ) ;
#481 = AXIS2_PLACEMENT_3D ( 'NONE', #1821, #3454, #1414 ) ;
#482 = CARTESIAN_POINT ( 'NONE',  ( -2.486654425280222291, -0.6369587703592635153, 17.89186501442018340 ) ) ;
#483 = AXIS2_PLACEMENT_3D ( 'NONE', #2371, #5239, #4839 ) ;
#484 = CARTESIAN_POINT ( 'NONE',  ( -12.12642734300332847, -4.465275662684736524, 4.953405078698074782 ) ) ;
#485 = EDGE_CURVE ( 'NONE', #5190, #2490, #3309, .T. ) ;
#486 = CARTESIAN_POINT ( 'NONE',  ( -7.605329471769198157, -12.53109955287810173, -4.941883897796387259 ) ) ;
#487 = CARTESIAN_POINT ( 'NONE',  ( -16.27250661101141915, -15.99019804966359715, 10.72058129875275867 ) ) ;
#488 = VERTEX_POINT ( 'NONE', #19 ) ;
#489 = CARTESIAN_POINT ( 'NONE',  ( -10.27781936574504940, 5.843054565218908536, -20.90315389384270617 ) ) ;
#490 = CARTESIAN_POINT ( 'NONE',  ( -4.468111432365527769, 0.2549848934012631241, -7.025861844642886211 ) ) ;
#491 = FACE_OUTER_BOUND ( 'NONE', #4592, .T. ) ;
#492 = CARTESIAN_POINT ( 'NONE',  ( -7.708218346311089597, -9.783069361030070965, -4.198742737588744944 ) ) ;
#493 = CARTESIAN_POINT ( 'NONE',  ( -1.000000000000000000, 15.99999999999999645, -30.98735561765780488 ) ) ;
#494 = CARTESIAN_POINT ( 'NONE',  ( -16.61304572186394779, 1.925528516409451996, -24.09348203991512349 ) ) ;
#495 = VECTOR ( 'NONE', #551, 1000.000000000000000 ) ;
#496 = CARTESIAN_POINT ( 'NONE',  ( -2.171995033638867145, -6.704153144284424215, -6.892844584527058949 ) ) ;
#497 = B_SPLINE_CURVE_WITH_KNOTS ( 'NONE', 3,
 ( #2647, #1127, #2747, #4391, #716, #1424, #1030, #2031, #4513, #846, #2859, #1151, #3184, #3613, #1206, #2834, #4917, #1578, #5212, #1629 ),
 .UNSPECIFIED., .F., .F.,
 ( 4, 2, 2, 2, 2, 2, 2, 2, 2, 4 ),
 ( 0.001879397799819145258, 0.004644843979056810512, 0.007410290158294475550, 0.01017573633753213712, 0.01294118251676980129, 0.01570662869600746372, 0.01847207487524512790, 0.02123752105448278860, 0.02262024414410161374, 0.02400296723372043889 ),
 .UNSPECIFIED. ) ;
#498 = CARTESIAN_POINT ( 'NONE',  ( -7.241486445375570291, 0.4538153484491682099, 1.383069275289711575 ) ) ;
#499 = ORIENTED_EDGE ( 'NONE', *, *, #4014, .T. ) ;
#500 = CARTESIAN_POINT ( 'NONE',  ( -4.591177657049682281, 0.7740686740763149665, 17.11002921779812880 ) ) ;
#501 = DIRECTION ( 'NONE',  ( -0.9446736642347863810, 0.000000000000000000, 0.3280116889704119409 ) ) ;
#502 = CARTESIAN_POINT ( 'NONE',  ( -4.827282057063576381, -12.35158026142597620, 3.275778126613795749 ) ) ;
#503 = CARTESIAN_POINT ( 'NONE',  ( -5.173320682346074229, 0.3359506706790018060, 23.90854349196778372 ) ) ;
#504 = CARTESIAN_POINT ( 'NONE',  ( 19.84388282560019690, 0.8080320529714360989, -26.57670017186985945 ) ) ;
#505 = CARTESIAN_POINT ( 'NONE',  ( -7.503493235736518052, -13.33214339829163997, -7.320993703764767879 ) ) ;
#506 = ORIENTED_EDGE ( 'NONE', *, *, #5161, .T. ) ;
#507 = CARTESIAN_POINT ( 'NONE',  ( -16.95752206048012312, -13.60486805153882983, 7.800230504710413904 ) ) ;
#508 = CARTESIAN_POINT ( 'NONE',  ( -3.631102569626045273, 3.500000000000000000, -7.096418046028729165 ) ) ;
#509 = CARTESIAN_POINT ( 'NONE',  ( 12.38407606608429390, -9.184949243790875073, 9.558994618640692664 ) ) ;
#510 = CARTESIAN_POINT ( 'NONE',  ( 3.067659188854025665, -8.699585810882538794, 2.708582036713558683 ) ) ;
#511 = CARTESIAN_POINT ( 'NONE',  ( 21.96818568443980269, 0.4176581370845606211, -7.924309158866270408 ) ) ;
#512 = CARTESIAN_POINT ( 'NONE',  ( -36.04368240300563997, 0.8918963236269038530, -14.12879259342947691 ) ) ;
#513 = EDGE_LOOP ( 'NONE', ( #920, #461, #1504, #1793 ) ) ;
#514 = LINE ( 'NONE', #2973, #4766 ) ;
#515 = CARTESIAN_POINT ( 'NONE',  ( 0.000000000000000000, 0.000000000000000000, -8.608009253327193022 ) ) ;
#516 = CARTESIAN_POINT ( 'NONE',  ( -7.120181495920860471, -10.47908885925271960, -3.356843364220878367 ) ) ;
#517 = EDGE_CURVE ( 'NONE', #25, #2669, #1640, .T. ) ;
#518 = CARTESIAN_POINT ( 'NONE',  ( 0.000000000000000000, 0.000000000000000000, 6.500000000000000888 ) ) ;
#519 = CARTESIAN_POINT ( 'NONE',  ( -12.55301020734609274, 4.042618072644607707, -26.20849333671001347 ) ) ;
#520 = CARTESIAN_POINT ( 'NONE',  ( -2.487451491384840896, -8.031482393057380875, -4.493770990700751256 ) ) ;
#521 = DIRECTION ( 'NONE',  ( 1.000000000000000000, 0.000000000000000000, 0.000000000000000000 ) ) ;
#522 = CARTESIAN_POINT ( 'NONE',  ( -24.32355122498040956, -6.375919918756340898, 3.786732296850762847 ) ) ;
#523 = ORIENTED_EDGE ( 'NONE', *, *, #4869, .F. ) ;
#524 = CIRCLE ( 'NONE', #2999, 37.50000000000000000 ) ;
#525 = CARTESIAN_POINT ( 'NONE',  ( 9.371967277974341926, 0.6816990638073945341, -5.066072926867404291 ) ) ;
#526 = CARTESIAN_POINT ( 'NONE',  ( -9.838727341701586582, 4.108061120071690553, 2.100839503580726131 ) ) ;
#527 = AXIS2_PLACEMENT_3D ( 'NONE', #2102, #3827, #3422 ) ;
#528 = CARTESIAN_POINT ( 'NONE',  ( -16.00070228586078258, -16.75875482108200032, 10.13947191074218424 ) ) ;
#529 = CARTESIAN_POINT ( 'NONE',  ( -10.39075715438363545, -14.23916318650893764, 5.884629840483730057 ) ) ;
#530 = CARTESIAN_POINT ( 'NONE',  ( 5.412694828820276527, -1.134431213468354960, 20.32548338104011165 ) ) ;
#531 = CARTESIAN_POINT ( 'NONE',  ( -3.602012495657956226, -9.824498009751478023, -16.33568341983452399 ) ) ;
#532 = EDGE_CURVE ( 'NONE', #1405, #3630, #2530, .T. ) ;
#533 = CARTESIAN_POINT ( 'NONE',  ( 2.619185625847566534, -12.13556403974787301, -3.478440665137830123 ) ) ;
#534 = ORIENTED_EDGE ( 'NONE', *, *, #4357, .T. ) ;
#535 = CARTESIAN_POINT ( 'NONE',  ( 9.237376766002837414, -1.104671112513547548, -22.17886074178336386 ) ) ;
#536 = CIRCLE ( 'NONE', #844, 90.00000000000000000 ) ;
#537 = CARTESIAN_POINT ( 'NONE',  ( -6.841453225436954888, 0.1182810667354115275, 7.993404677020990334 ) ) ;
#538 = CARTESIAN_POINT ( 'NONE',  ( -3.488861349673820555, 0.2603098459501939077, -6.593361544142628539 ) ) ;
#539 = CARTESIAN_POINT ( 'NONE',  ( -2.781714978838456531, -8.271735615275368048, -11.28518893041039206 ) ) ;
#540 = AXIS2_PLACEMENT_3D ( 'NONE', #250, #1072, #4800 ) ;
#541 = EDGE_CURVE ( 'NONE', #3311, #4907, #156, .T. ) ;
#542 = CLOSED_SHELL ( 'NONE', ( #3998, #1116, #806, #4208, #1703, #3387, #3889, #157, #4363, #1891, #2060, #1273, #4531, #1654, #2837, #4863, #4828, #3769, #1109, #4588, #255, #4915, #1141, #3971, #275, #412, #4993, #4726, #2606, #4504, #4275, #4516, #3251, #3690, #180, #1205, #5064, #3155, #3566, #1342, #3801, #2435, #1835, #859, #4925, #2876, #1978, #3986, #1266, #4088, #2623, #4049, #3474, #1440, #399, #3374, #3582, #1841, #5110, #2638 ) ) ;
#543 = CARTESIAN_POINT ( 'NONE',  ( -15.77886043375385405, 0.7980011949880675415, -11.16318732510012524 ) ) ;
#544 = ORIENTED_EDGE ( 'NONE', *, *, #3038, .T. ) ;
#545 = DIRECTION ( 'NONE',  ( 0.000000000000000000, 0.000000000000000000, 1.000000000000000000 ) ) ;
#546 = CARTESIAN_POINT ( 'NONE',  ( 4.671343527413540642, -0.1599461933649824752, 20.90080917226746848 ) ) ;
#547 = DIRECTION ( 'NONE',  ( -0.8660254037844432595, -0.4999999999999920064, 0.000000000000000000 ) ) ;
#548 = CARTESIAN_POINT ( 'NONE',  ( -6.018449393204264197, -1.039304517829216179, 2.300750959331787637 ) ) ;
#549 = CARTESIAN_POINT ( 'NONE',  ( -23.20317388622879662, -7.687912673259001295, 4.925645327812108398 ) ) ;
#550 = CARTESIAN_POINT ( 'NONE',  ( 19.83964096517087938, 1.339530898883622312, -5.128373294048056863 ) ) ;
#551 = DIRECTION ( 'NONE',  ( 0.000000000000000000, 0.000000000000000000, 1.000000000000000000 ) ) ;
#552 = CARTESIAN_POINT ( 'NONE',  ( -18.54209039464743114, 3.594167260197798530, 19.81679282808158504 ) ) ;
#553 = CARTESIAN_POINT ( 'NONE',  ( -52.50000000000000000, 0.000000000000000000, -8.608009253327193022 ) ) ;
#554 = CARTESIAN_POINT ( 'NONE',  ( -16.99022145902330649, -12.71858416677572201, 6.971368111051781113 ) ) ;
#555 = CARTESIAN_POINT ( 'NONE',  ( 21.94526580608247812, 0.9216315180130481011, -21.72032382211907731 ) ) ;
#556 = EDGE_CURVE ( 'NONE', #1950, #1737, #2792, .T. ) ;
#557 = FACE_OUTER_BOUND ( 'NONE', #1878, .T. ) ;
#558 = B_SPLINE_CURVE_WITH_KNOTS ( 'NONE', 3,
 ( #2997, #2111, #174, #4152, #1369, #3746 ),
 .UNSPECIFIED., .F., .F.,
 ( 4, 2, 4 ),
 ( 0.002602250585402096986, 0.01336834202803243062, 0.02413443347066276251 ),
 .UNSPECIFIED. ) ;
#559 = EDGE_CURVE ( 'NONE', #3785, #4431, #4302, .T. ) ;
#560 = ORIENTED_EDGE ( 'NONE', *, *, #4434, .F. ) ;
#561 = CARTESIAN_POINT ( 'NONE',  ( -3.634965385984433972, -10.44501274297908644, -21.18897554114954929 ) ) ;
#562 = CARTESIAN_POINT ( 'NONE',  ( 14.67661235153318344, -7.600924667052703754, 11.08133197895560507 ) ) ;
#563 = CARTESIAN_POINT ( 'NONE',  ( -11.00670915458972665, 1.009411410910417750, -9.402603247280621801 ) ) ;
#564 = EDGE_CURVE ( 'NONE', #4990, #3483, #5034, .T. ) ;
#565 = ORIENTED_EDGE ( 'NONE', *, *, #4978, .F. ) ;
#566 = CARTESIAN_POINT ( 'NONE',  ( 5.719665687672568666, -14.25198311117192773, -0.7405807344536911030 ) ) ;
#567 = CARTESIAN_POINT ( 'NONE',  ( -0.5320055002992285509, -3.776997930133945580, 7.677867998504237512 ) ) ;
#568 = CARTESIAN_POINT ( 'NONE',  ( -4.000000000000000000, 12.99999999999999822, -5.987355617657803997 ) ) ;
#569 = CIRCLE ( 'NONE', #3479, 37.46183732295519775 ) ;
#570 = CARTESIAN_POINT ( 'NONE',  ( -7.419418282253302799, -15.67117985803757563, 6.802834235283085285 ) ) ;
#571 = ORIENTED_EDGE ( 'NONE', *, *, #3173, .F. ) ;
#572 = CARTESIAN_POINT ( 'NONE',  ( -23.19684614886649854, 0.01076073640433092456, -15.46723321318048683 ) ) ;
#573 = CARTESIAN_POINT ( 'NONE',  ( -9.465972626891892006, 0.3852578542979956389, 23.99378475449978154 ) ) ;
#574 = CARTESIAN_POINT ( 'NONE',  ( -1.344862478931166283, -8.164879666051559681, -22.36285919583671244 ) ) ;
#575 = EDGE_CURVE ( 'NONE', #4733, #2445, #4122, .T. ) ;
#576 = CARTESIAN_POINT ( 'NONE',  ( 1.351775632053513476, -9.710517823489059452, -2.567372942061713292 ) ) ;
#577 = CARTESIAN_POINT ( 'NONE',  ( -27.60024467200958753, -0.8794203299686167430, -6.474524290299004115 ) ) ;
#578 = ORIENTED_EDGE ( 'NONE', *, *, #3231, .F. ) ;
#579 = CARTESIAN_POINT ( 'NONE',  ( -8.132007597622980200, 2.455238889695956495, -0.1759567171379786132 ) ) ;
#580 = CARTESIAN_POINT ( 'NONE',  ( -23.22733002030052774, -5.465003610435458015, 1.414396563554559005 ) ) ;
#581 = CARTESIAN_POINT ( 'NONE',  ( 0.000000000000000000, 0.000000000000000000, 0.000000000000000000 ) ) ;
#582 = CARTESIAN_POINT ( 'NONE',  ( -13.74716090750059116, -13.74747051433090661, 6.799418481329934316 ) ) ;
#583 = DIRECTION ( 'NONE',  ( 0.5000000000000039968, 0.8660254037844363761, -0.000000000000000000 ) ) ;
#584 = CARTESIAN_POINT ( 'NONE',  ( 19.84035341987398837, 0.8838718278368916659, -21.72415326415095649 ) ) ;
#585 = CARTESIAN_POINT ( 'NONE',  ( -5.546399801823119979, -13.34976334848264479, -16.57369501950393698 ) ) ;
#586 = DIRECTION ( 'NONE',  ( 0.000000000000000000, -0.000000000000000000, -1.000000000000000000 ) ) ;
#587 = ORIENTED_EDGE ( 'NONE', *, *, #651, .F. ) ;
#588 = LINE ( 'NONE', #2214, #1859 ) ;
#589 = CARTESIAN_POINT ( 'NONE',  ( 13.81737171708982714, -5.237463721993309562, 13.75029727153371084 ) ) ;
#590 = EDGE_CURVE ( 'NONE', #2591, #4560, #2232, .T. ) ;
#591 = CARTESIAN_POINT ( 'NONE',  ( -18.19469612018286142, 1.027441518473452664, -12.91712939742566491 ) ) ;
#592 = CIRCLE ( 'NONE', #1528, 16.99999999999999645 ) ;
#593 = ORIENTED_EDGE ( 'NONE', *, *, #18, .F. ) ;
#594 = CARTESIAN_POINT ( 'NONE',  ( 31.19527573201776960, -15.70119976456674138, -29.98735561765780488 ) ) ;
#595 = CARTESIAN_POINT ( 'NONE',  ( 12.71570179023098568, -7.085522166364193630, 10.94059082099006197 ) ) ;
#596 = CARTESIAN_POINT ( 'NONE',  ( -3.960250519544449510, -3.180370508437647903, 1.689284329561049347 ) ) ;
#597 = CARTESIAN_POINT ( 'NONE',  ( -20.80211489545007453, -9.302090668090515990, 6.881103589648237318 ) ) ;
#598 = CARTESIAN_POINT ( 'NONE',  ( -0.4752868712917923122, -11.58894908193364337, 4.932453390234716295 ) ) ;
#599 = ORIENTED_EDGE ( 'NONE', *, *, #1039, .T. ) ;
#600 = CARTESIAN_POINT ( 'NONE',  ( 0.8784102154300204024, -10.56492800640686980, -4.256115812248782326 ) ) ;
#601 = CARTESIAN_POINT ( 'NONE',  ( -4.037473413376172715, 0.6833583297347890495, 23.82656834422068215 ) ) ;
#602 = CARTESIAN_POINT ( 'NONE',  ( -32.47595264191662068, -18.74999999999969447, 6.500000000000000888 ) ) ;
#603 = CARTESIAN_POINT ( 'NONE',  ( -3.976326314720583621, -2.779600563098991728, 2.903581953971269947 ) ) ;
#604 = CARTESIAN_POINT ( 'NONE',  ( -0.2840448387192014978, -7.731152512157911438, -24.48650700692546422 ) ) ;
#605 = CARTESIAN_POINT ( 'NONE',  ( -27.53855642017451544, -1.284139644821962412, -4.984674646235233375 ) ) ;
#606 = VERTEX_POINT ( 'NONE', #4663 ) ;
#607 = EDGE_CURVE ( 'NONE', #4285, #5170, #1121, .T. ) ;
#608 = CARTESIAN_POINT ( 'NONE',  ( -3.941340473284478119, -4.551884042834871913, -9.986240810734475559 ) ) ;
#609 = CARTESIAN_POINT ( 'NONE',  ( -17.50155896843965664, -16.92669022882367003, 11.15985080466653301 ) ) ;
#610 = CARTESIAN_POINT ( 'NONE',  ( 0.2281219086107460770, -9.783069361030070965, -4.576141537028274975 ) ) ;
#611 = CARTESIAN_POINT ( 'NONE',  ( -2.779062532342615910, -3.533438546515097922, -2.091050926636431218 ) ) ;
#612 = CARTESIAN_POINT ( 'NONE',  ( -39.50000000000000000, 4.837354856632045452E-15, 3.499999999999999556 ) ) ;
#613 = CARTESIAN_POINT ( 'NONE',  ( -3.529267154797973927, -9.226922611244818384, -13.39793304754943293 ) ) ;
#614 = CARTESIAN_POINT ( 'NONE',  ( -0.5990193396710866702, -8.289202204452363887, -22.31053283223530670 ) ) ;
#615 = CARTESIAN_POINT ( 'NONE',  ( -27.49408620396108205, -0.6472633167431650625, -3.896018924973320807 ) ) ;
#616 = ORIENTED_EDGE ( 'NONE', *, *, #5275, .T. ) ;
#617 = CARTESIAN_POINT ( 'NONE',  ( 22.59442569486881425, 0.6153196705374273101, -8.040705399822989818 ) ) ;
#618 = CARTESIAN_POINT ( 'NONE',  ( 9.935723646657807606, -1.565249428466628512, 18.34430046340229126 ) ) ;
#619 = LINE ( 'NONE', #3834, #2141 ) ;
#620 = VERTEX_POINT ( 'NONE', #1957 ) ;
#621 = CARTESIAN_POINT ( 'NONE',  ( 118.0000000000000000, 0.000000000000000000, -66.49199074667276932 ) ) ;
#622 = CARTESIAN_POINT ( 'NONE',  ( -11.46651095227959516, 2.483694480030478324, 12.38516576154662552 ) ) ;
#623 = CARTESIAN_POINT ( 'NONE',  ( 5.024641327055172191, 3.841610999471568366, 1.668156428888267984 ) ) ;
#624 = CARTESIAN_POINT ( 'NONE',  ( -19.28682554603527777, -3.306692914754587154, -2.401745955609582595 ) ) ;
#625 = ORIENTED_EDGE ( 'NONE', *, *, #3555, .F. ) ;
#626 = CARTESIAN_POINT ( 'NONE',  ( -6.201474998282714424, 0.2109865409626625055, -7.829799006851698273 ) ) ;
#627 = DIRECTION ( 'NONE',  ( 0.000000000000000000, 0.000000000000000000, 1.000000000000000000 ) ) ;
#628 = CARTESIAN_POINT ( 'NONE',  ( -4.698757388249982903, 3.841610999471568366, -11.47479938666528021 ) ) ;
#629 = CARTESIAN_POINT ( 'NONE',  ( 2.904244280050352955, -4.832795488081091939, -25.99854322136689788 ) ) ;
#630 = CARTESIAN_POINT ( 'NONE',  ( -2.000000000000000000, 37.44662868670557287, -8.608009253327193022 ) ) ;
#631 = ORIENTED_EDGE ( 'NONE', *, *, #2646, .F. ) ;
#632 = CARTESIAN_POINT ( 'NONE',  ( -7.140615720961767998, -11.93003701420464324, -5.663498890154508913 ) ) ;
#633 = CARTESIAN_POINT ( 'NONE',  ( -14.19994619250389256, 5.415645845450854701, 10.72698212936232842 ) ) ;
#634 = EDGE_CURVE ( 'NONE', #5009, #5053, #1387, .T. ) ;
#635 = CARTESIAN_POINT ( 'NONE',  ( -28.94822734639634021, -0.1582507570217772386, -6.693755445452587161 ) ) ;
#636 = CARTESIAN_POINT ( 'NONE',  ( 2.313595526514822254, -11.84559110923729897, -3.806505901958186833 ) ) ;
#637 = CARTESIAN_POINT ( 'NONE',  ( -5.926772356904055350, -12.34436210794521038, -15.14937174907344009 ) ) ;
#638 = ORIENTED_EDGE ( 'NONE', *, *, #3542, .T. ) ;
#639 = CARTESIAN_POINT ( 'NONE',  ( 3.231213717547317010, -4.363723551616716989, -23.36826068116368305 ) ) ;
#640 = CARTESIAN_POINT ( 'NONE',  ( 11.22165570460182593, -3.279617227500752907, 15.63850773690077567 ) ) ;
#641 = EDGE_CURVE ( 'NONE', #2807, #712, #2063, .T. ) ;
#642 = CARTESIAN_POINT ( 'NONE',  ( -3.597668248192636309, 0.4901421452169905102, -6.360735701361455163 ) ) ;
#643 = ORIENTED_EDGE ( 'NONE', *, *, #2055, .F. ) ;
#644 = CARTESIAN_POINT ( 'NONE',  ( -5.781110732913779415, 4.989527592543676171, -12.21164932280890270 ) ) ;
#645 = CARTESIAN_POINT ( 'NONE',  ( -27.44906197877389431, 1.099619592173444849, -15.46001746547626432 ) ) ;
#646 = ORIENTED_EDGE ( 'NONE', *, *, #2940, .T. ) ;
#647 = DIRECTION ( 'NONE',  ( -1.000000000000000000, 0.000000000000000000, 2.168404344971008868E-16 ) ) ;
#648 = CARTESIAN_POINT ( 'NONE',  ( -4.468111432365527769, 0.2549848934012631241, -7.025861844642886211 ) ) ;
#649 = DIRECTION ( 'NONE',  ( 1.000000000000000000, 0.000000000000000000, 0.000000000000000000 ) ) ;
#650 = CARTESIAN_POINT ( 'NONE',  ( 4.649535823625562614, 37.21098926055789491, -5.906995256967753960 ) ) ;
#651 = EDGE_CURVE ( 'NONE', #3153, #4300, #4417, .T. ) ;
#652 = CARTESIAN_POINT ( 'NONE',  ( -3.210891292884468395, -2.095193163726410734, 2.903581953972056429 ) ) ;
#653 = ORIENTED_EDGE ( 'NONE', *, *, #1176, .T. ) ;
#654 = CARTESIAN_POINT ( 'NONE',  ( -4.500000000000000000, 0.000000000000000000, 28.00000000000000000 ) ) ;
#655 = DIRECTION ( 'NONE',  ( -1.000000000000000000, 0.000000000000000000, 0.000000000000000000 ) ) ;
#656 = CARTESIAN_POINT ( 'NONE',  ( -7.415373588170256269, -0.8795449841215464692, -5.415500897531118518 ) ) ;
#657 = CARTESIAN_POINT ( 'NONE',  ( -19.57573782764641379, -1.601984032946086156, -8.123976200249689583 ) ) ;
#658 = CIRCLE ( 'NONE', #481, 39.50000000000000000 ) ;
#659 = DIRECTION ( 'NONE',  ( 0.000000000000000000, -1.000000000000000000, 0.000000000000000000 ) ) ;
#660 = B_SPLINE_CURVE_WITH_KNOTS ( 'NONE', 3,
 ( #3116, #4301, #3594, #4007 ),
 .UNSPECIFIED., .F., .F.,
 ( 4, 4 ),
 ( 2.864663411376018905E-07, 0.001429675881020816457 ),
 .UNSPECIFIED. ) ;
#661 = CIRCLE ( 'NONE', #3648, 28.00000000000000000 ) ;
#662 = CARTESIAN_POINT ( 'NONE',  ( 11.29605672243531700, -5.452596363941401236, 14.01447151256088652 ) ) ;
#663 = CARTESIAN_POINT ( 'NONE',  ( 1.214550720227679959, -1.417981749266216340, -4.705948599211259520 ) ) ;
#664 = DIRECTION ( 'NONE',  ( -0.000000000000000000, -0.000000000000000000, 1.000000000000000000 ) ) ;
#665 = CARTESIAN_POINT ( 'NONE',  ( 4.877966687163409532, 0.03848855602239726476, 20.70622609801054281 ) ) ;
#666 = CIRCLE ( 'NONE', #3403, 16.99999999999999645 ) ;
#667 = ORIENTED_EDGE ( 'NONE', *, *, #517, .T. ) ;
#668 = CARTESIAN_POINT ( 'NONE',  ( 1.383102500945426083, 0.3710400535374914210, -2.162734573748087197 ) ) ;
#669 = APPLICATION_CONTEXT ( 'automotive_design' ) ;
#670 = CARTESIAN_POINT ( 'NONE',  ( 9.852531375291169624, -12.91961970032307505, 2.627166798228103950 ) ) ;
#671 = CARTESIAN_POINT ( 'NONE',  ( 1.640101162869725737, -6.220857540658641049, 1.967465863066694354 ) ) ;
#672 = ORIENTED_EDGE ( 'NONE', *, *, #2589, .T. ) ;
#673 = B_SPLINE_CURVE_WITH_KNOTS ( 'NONE', 3,
 ( #2330, #3985, #314, #5246, #1936, #4720, #722, #1067, #2684, #392, #2065, #4923, #3672, #3243, #4135, #1689, #2481, #1634, #417, #4082, #776, #4545, #4872, #35, #1613, #63, #3695, #3650, #2038, #4158, #1258, #3328 ),
 .UNSPECIFIED., .F., .F.,
 ( 4, 2, 2, 2, 2, 2, 2, 2, 2, 2, 2, 2, 2, 2, 2, 4 ),
 ( 0.000000000000000000, 0.0004904280630820163911, 0.0009808561261640327822, 0.001471284189246049390, 0.001961712252328065564, 0.002452140315410081955, 0.002942568378492098780, 0.003923424504656128527, 0.004413852567738144050, 0.004904280630820157839, 0.005394708693902171628, 0.005885136756984185417, 0.006375564820066199206, 0.006865992883148212995, 0.007356420946230226784, 0.007846849009312239706 ),
 .UNSPECIFIED. ) ;
#674 = CARTESIAN_POINT ( 'NONE',  ( -7.156771302948699010, 0.9646642075892386536, -7.537598421029397144 ) ) ;
#675 = CARTESIAN_POINT ( 'NONE',  ( 4.000000000000000000, 37.28605637500431413, -5.987355617657803997 ) ) ;
#676 = ORIENTED_EDGE ( 'NONE', *, *, #5209, .T. ) ;
#677 = CARTESIAN_POINT ( 'NONE',  ( -6.233107366615317169, -11.03221624563218661, -6.382396739391623441 ) ) ;
#678 = CARTESIAN_POINT ( 'NONE',  ( -3.218541982410612068, -3.443759310759888503, 2.903581953971268614 ) ) ;
#679 = CARTESIAN_POINT ( 'NONE',  ( -8.446506218613876626, -2.842249914712383863, -3.469863594404206442 ) ) ;
#680 = CARTESIAN_POINT ( 'NONE',  ( -13.57075813686210886, -9.622372417584951876, 2.665843770821629821 ) ) ;
#681 = CARTESIAN_POINT ( 'NONE',  ( 0.1946937640740957765, -9.805810128670616521, -4.573256377598493572 ) ) ;
#682 = CARTESIAN_POINT ( 'NONE',  ( 12.23621835740582320, -7.687912673259001295, 11.34246123190950684 ) ) ;
#683 = CARTESIAN_POINT ( 'NONE',  ( 21.80501776078989096, 2.911983880473822950, -2.490718621578152270 ) ) ;
#684 = CYLINDRICAL_SURFACE ( 'NONE', #540, 5.000000000000000000 ) ;
#685 = CARTESIAN_POINT ( 'NONE',  ( 0.000000000000000000, 0.000000000000000000, -0.6999999999999988454 ) ) ;
#686 = ORIENTED_EDGE ( 'NONE', *, *, #4736, .T. ) ;
#687 = B_SPLINE_CURVE_WITH_KNOTS ( 'NONE', 3,
 ( #783, #3223, #3654, #3599 ),
 .UNSPECIFIED., .F., .F.,
 ( 4, 4 ),
 ( 0.000000000000000000, 1.000000000000000000 ),
 .UNSPECIFIED. ) ;
#688 = CARTESIAN_POINT ( 'NONE',  ( 2.497304700154165058, -4.415150194735231182, 7.514951140463439927 ) ) ;
#689 =( GEOMETRIC_REPRESENTATION_CONTEXT ( 3 ) GLOBAL_UNCERTAINTY_ASSIGNED_CONTEXT ( ( #2125 ) ) GLOBAL_UNIT_ASSIGNED_CONTEXT ( ( #93, #4161, #2922 ) ) REPRESENTATION_CONTEXT ( 'NONE', 'WORKASPACE' ) );
#690 = DIRECTION ( 'NONE',  ( 1.000000000000000000, 0.000000000000000000, -2.168404344971008868E-16 ) ) ;
#691 = VERTEX_POINT ( 'NONE', #3092 ) ;
#692 = VECTOR ( 'NONE', #4632, 1000.000000000000000 ) ;
#693 = DIRECTION ( 'NONE',  ( -0.000000000000000000, -0.000000000000000000, 1.000000000000000000 ) ) ;
#694 = CARTESIAN_POINT ( 'NONE',  ( -19.59691988888700820, 1.826428584039952785, -23.57768780912538986 ) ) ;
#695 = EDGE_LOOP ( 'NONE', ( #5136, #2890, #3055, #3299 ) ) ;
#696 = CARTESIAN_POINT ( 'NONE',  ( -1.999999999999999556, 37.44662868670557998, -8.170905366328890196 ) ) ;
#697 = FACE_OUTER_BOUND ( 'NONE', #1838, .T. ) ;
#698 = EDGE_CURVE ( 'NONE', #1530, #129, #3549, .T. ) ;
#699 = CARTESIAN_POINT ( 'NONE',  ( 16.70437953463984115, -0.1940513619278305957, -16.03206638846685195 ) ) ;
#700 = ORIENTED_EDGE ( 'NONE', *, *, #2451, .F. ) ;
#701 = DIRECTION ( 'NONE',  ( -0.000000000000000000, -0.000000000000000000, -1.000000000000000000 ) ) ;
#702 = DIRECTION ( 'NONE',  ( -0.000000000000000000, -0.000000000000000000, 1.000000000000000000 ) ) ;
#703 = CARTESIAN_POINT ( 'NONE',  ( -4.273086428169929007, -3.257248609221897073, -1.663756608768452772 ) ) ;
#704 = CARTESIAN_POINT ( 'NONE',  ( -28.33845039040303249, 0.1662571977442573457, -11.28646747395025685 ) ) ;
#705 = CARTESIAN_POINT ( 'NONE',  ( 11.26491868102455562, -4.282421194077312698, 14.00306288042832570 ) ) ;
#706 = CARTESIAN_POINT ( 'NONE',  ( -4.164968133350160251, 37.26835880659527334, -5.987355617657805773 ) ) ;
#707 = CARTESIAN_POINT ( 'NONE',  ( -4.888740428834842611, -1.599516079845846095, 0.8476928489185978632 ) ) ;
#708 = CARTESIAN_POINT ( 'NONE',  ( 13.54017905831378243, 1.013227278707809376, -9.649961854395932903 ) ) ;
#709 = CARTESIAN_POINT ( 'NONE',  ( 11.53273164494696168, -12.82535406177329129, 3.836496443282162438 ) ) ;
#710 = EDGE_CURVE ( 'NONE', #2937, #2398, #4322, .T. ) ;
#711 = CARTESIAN_POINT ( 'NONE',  ( 5.522392631589813305, -0.1680291670142448901, 20.31337566002645900 ) ) ;
#712 = VERTEX_POINT ( 'NONE', #1538 ) ;
#713 = CARTESIAN_POINT ( 'NONE',  ( 33.42973172877005794, -16.99126353578406423, -8.608009253327193022 ) ) ;
#714 = EDGE_CURVE ( 'NONE', #1269, #3983, #732, .T. ) ;
#715 = CARTESIAN_POINT ( 'NONE',  ( -16.69063704998643516, 2.911983880473822950, -23.92759413811216973 ) ) ;
#716 = CARTESIAN_POINT ( 'NONE',  ( -6.384522311350837143, 0.9825203831759531381, 6.435930192217878876 ) ) ;
#717 = CARTESIAN_POINT ( 'NONE',  ( -2.000000000000000444, 37.42114375785700275, -6.423803295381919298 ) ) ;
#718 = CARTESIAN_POINT ( 'NONE',  ( 14.18547018497977596, -20.02740415589452994, 0.7445027377547867031 ) ) ;
#719 = CARTESIAN_POINT ( 'NONE',  ( -8.992065181122230300, -16.29383997686098340, -9.179891224476588008 ) ) ;
#720 = ORIENTED_EDGE ( 'NONE', *, *, #5161, .F. ) ;
#721 = DIRECTION ( 'NONE',  ( 0.8660254037844363761, -0.5000000000000039968, 0.000000000000000000 ) ) ;
#722 = CARTESIAN_POINT ( 'NONE',  ( -5.249655268085922977, 39.14983856666695061, -1.315972960653789547 ) ) ;
#723 = EDGE_CURVE ( 'NONE', #9, #2021, #3620, .T. ) ;
#724 = CARTESIAN_POINT ( 'NONE',  ( -8.268434488180245623, -2.337163761765776115, -3.985761226659547241 ) ) ;
#725 = CARTESIAN_POINT ( 'NONE',  ( -18.47246806330429081, -7.656410412856477166, 2.197098415433704766 ) ) ;
#726 = CARTESIAN_POINT ( 'NONE',  ( 12.37895668680801009, -10.42592426002889106, 7.716669528415166290 ) ) ;
#727 = CARTESIAN_POINT ( 'NONE',  ( -4.804051011654218328, 37.19132038938679585, -5.860162736139713502 ) ) ;
#728 = CARTESIAN_POINT ( 'NONE',  ( 1.440552375776575023, -2.682747546397719063, -7.215979332998578855 ) ) ;
#729 = VECTOR ( 'NONE', #3704, 1000.000000000000114 ) ;
#730 = FACE_OUTER_BOUND ( 'NONE', #4854, .T. ) ;
#731 = CARTESIAN_POINT ( 'NONE',  ( 15.10640646055099268, -5.834936490538972897, -0.6999999999999987343 ) ) ;
#732 = B_SPLINE_CURVE_WITH_KNOTS ( 'NONE', 3,
 ( #3163, #1894, #3573, #1135, #5172, #4745, #2376, #4031, #364, #4771, #1513, #1108, #5145, #1987, #1086, #2301, #2709, #2731 ),
 .UNSPECIFIED., .F., .F.,
 ( 4, 2, 2, 2, 2, 2, 2, 2, 4 ),
 ( 7.757932592477991040E-18, 0.001433323859125626345, 0.002866647718251244883, 0.005733295436502492369, 0.01146659087300498647, 0.01433323859125623309, 0.01719988630950748318, 0.02006653402775872633, 0.02293318174600997641 ),
 .UNSPECIFIED. ) ;
#733 = AXIS2_PLACEMENT_3D ( 'NONE', #2287, #3556, #5179 ) ;
#734 = CARTESIAN_POINT ( 'NONE',  ( 3.199655642064113792, 0.8494777323297515448, 25.31415706483064199 ) ) ;
#735 = B_SPLINE_CURVE_WITH_KNOTS ( 'NONE', 3,
 ( #263, #696, #5213, #717, #1860 ),
 .UNSPECIFIED., .F., .F.,
 ( 4, 1, 4 ),
 ( 0.01046239906050138238, 0.01177197256094418380, 0.01308154606138698522 ),
 .UNSPECIFIED. ) ;
#736 = CARTESIAN_POINT ( 'NONE',  ( -10.24625307815852082, -13.60585342774448314, 6.152988794494439695 ) ) ;
#737 = CARTESIAN_POINT ( 'NONE',  ( -4.639365709650625114, 0.9901636062991160392, 23.86213072874307883 ) ) ;
#738 = EDGE_LOOP ( 'NONE', ( #4786, #3664, #2290, #1728 ) ) ;
#739 = CARTESIAN_POINT ( 'NONE',  ( 33.41873831450812560, -16.98491648510062646, -6.862260818968690224 ) ) ;
#740 = DIRECTION ( 'NONE',  ( -0.000000000000000000, -0.000000000000000000, 1.000000000000000000 ) ) ;
#741 = B_SPLINE_CURVE_WITH_KNOTS ( 'NONE', 3,
 ( #3667, #2, #3265, #1651, #4890, #821, #4101, #436, #29, #3476, #3071, #1277, #1819, #1467, #4331, #4728 ),
 .UNSPECIFIED., .F., .F.,
 ( 4, 2, 2, 2, 2, 2, 2, 4 ),
 ( 0.01273677519152057423, 0.01350729246178135855, 0.01427780973204214113, 0.01581884427256370629, 0.01658936154282448713, 0.01735987881308526798, 0.01813039608334604536, 0.01890091335360682620 ),
 .UNSPECIFIED. ) ;
#742 = CARTESIAN_POINT ( 'NONE',  ( -10.08593299776463326, -0.1110852576897077282, -7.301226799202805040 ) ) ;
#743 = CARTESIAN_POINT ( 'NONE',  ( 5.106363331542416617, 39.16884273594905608, -5.735173493194458239 ) ) ;
#744 = DIRECTION ( 'NONE',  ( 0.000000000000000000, 0.000000000000000000, 1.000000000000000000 ) ) ;
#745 = CARTESIAN_POINT ( 'NONE',  ( -21.24347490208464251, 1.011057434406689826, -14.40357492551487439 ) ) ;
#746 = CARTESIAN_POINT ( 'NONE',  ( 13.19255907502326863, 0.01584644949692251906, -9.053887633190601747 ) ) ;
#747 = EDGE_CURVE ( 'NONE', #994, #2807, #673, .T. ) ;
#748 = CARTESIAN_POINT ( 'NONE',  ( -2.785514498873162381, -9.622372417584951876, -13.08554318054777355 ) ) ;
#749 = ORIENTED_EDGE ( 'NONE', *, *, #4350, .T. ) ;
#750 = CARTESIAN_POINT ( 'NONE',  ( 0.000000000000000000, 37.50000000000002842, 6.500000000000000888 ) ) ;
#751 = DIRECTION ( 'NONE',  ( 0.000000000000000000, 1.000000000000000000, 0.000000000000000000 ) ) ;
#752 = CARTESIAN_POINT ( 'NONE',  ( -5.775335947752849641, 0.7280336653177228445, -6.623256839485242686 ) ) ;
#753 = CARTESIAN_POINT ( 'NONE',  ( -19.41227610713153595, -0.2536125482323887681, -12.30958158915854206 ) ) ;
#754 = CARTESIAN_POINT ( 'NONE',  ( 9.668569955578051989, -13.12801738298342258, 2.170025343050420830 ) ) ;
#755 = DIRECTION ( 'NONE',  ( -0.000000000000000000, -0.000000000000000000, 1.000000000000000000 ) ) ;
#756 = CARTESIAN_POINT ( 'NONE',  ( 22.99319627632809926, 1.139926026898211431, -7.961688632508442609 ) ) ;
#757 = CARTESIAN_POINT ( 'NONE',  ( -22.72791937999819112, -7.739030636412903341, 6.216726652814431375 ) ) ;
#758 = CARTESIAN_POINT ( 'NONE',  ( -0.5141238813534043661, -7.085522166364190966, -22.77167032586854134 ) ) ;
#759 = EDGE_LOOP ( 'NONE', ( #2027, #3356, #3996, #4825 ) ) ;
#760 = CARTESIAN_POINT ( 'NONE',  ( 6.662778448038278789, 0.9913935670789761900, -5.009745864436514928 ) ) ;
#761 = CARTESIAN_POINT ( 'NONE',  ( 4.788615362548460652, 0.9582418146822412330, 22.58221023584527387 ) ) ;
#762 = CARTESIAN_POINT ( 'NONE',  ( 33.65370349203922018, -16.54322342440876525, -0.6999999999999987343 ) ) ;
#763 = CARTESIAN_POINT ( 'NONE',  ( -2.000000000000000000, 16.88194301613413018, -29.98735561765780488 ) ) ;
#764 = EDGE_LOOP ( 'NONE', ( #571, #3973, #3082, #4711 ) ) ;
#765 = DIRECTION ( 'NONE',  ( -0.4723368321173856410, 0.8181113915134604619, 0.3280116889704119965 ) ) ;
#766 = DIRECTION ( 'NONE',  ( -0.8660254037844432595, -0.4999999999999920064, 0.000000000000000000 ) ) ;
#767 = CIRCLE ( 'NONE', #4201, 37.50000000000000000 ) ;
#768 = TOROIDAL_SURFACE ( 'NONE', #4705, -52.50000000000000000, 90.00000000000000000 ) ;
#769 = CARTESIAN_POINT ( 'NONE',  ( -2.193984816965063089, -3.221300918814675729, -2.038928808959691530 ) ) ;
#770 = LINE ( 'NONE', #409, #2326 ) ;
#771 = CARTESIAN_POINT ( 'NONE',  ( 0.5580713880226724211, -0.04761255925500457176, 29.86682506572410034 ) ) ;
#772 = FACE_OUTER_BOUND ( 'NONE', #3740, .T. ) ;
#773 = CARTESIAN_POINT ( 'NONE',  ( -2.883875625079367566, -10.22980742464427628, -16.05996797828218092 ) ) ;
#774 = ORIENTED_EDGE ( 'NONE', *, *, #2824, .F. ) ;
#775 = PLANE ( 'NONE',  #1379 ) ;
#776 = CARTESIAN_POINT ( 'NONE',  ( -6.167833344881233693, 39.01558998053604199, -4.743171511595330792 ) ) ;
#777 = CARTESIAN_POINT ( 'NONE',  ( -20.65494771811027874, 3.742751426026897921, 18.60320886712282729 ) ) ;
#778 = CARTESIAN_POINT ( 'NONE',  ( -5.702844508123096290, -5.268097280857439557, -2.006546960339988139 ) ) ;
#779 = EDGE_CURVE ( 'NONE', #1405, #1019, #536, .T. ) ;
#780 = CARTESIAN_POINT ( 'NONE',  ( 4.877422195993413645, -4.023261444342855597, 0.5171895842610790828 ) ) ;
#781 = CARTESIAN_POINT ( 'NONE',  ( 11.76062714945773280, -4.932528226960693374, 13.26758362574401140 ) ) ;
#782 = EDGE_CURVE ( 'NONE', #3678, #1133, #1213, .T. ) ;
#783 = CARTESIAN_POINT ( 'NONE',  ( -0.1467912227800755309, -6.765175019058486505, -22.87307520189791532 ) ) ;
#784 = CARTESIAN_POINT ( 'NONE',  ( -26.80380122309763991, -0.1295824735462445532, -12.54630097413433631 ) ) ;
#785 = CARTESIAN_POINT ( 'NONE',  ( -13.62019151721354149, -10.17302231563581572, -29.98735561765780488 ) ) ;
#786 = CARTESIAN_POINT ( 'NONE',  ( -6.753250943164617937, -13.30547984713860288, -14.79240125948181728 ) ) ;
#787 = ORIENTED_EDGE ( 'NONE', *, *, #1904, .T. ) ;
#788 = DIRECTION ( 'NONE',  ( -1.000000000000000000, 0.000000000000000000, -0.000000000000000000 ) ) ;
#789 = CARTESIAN_POINT ( 'NONE',  ( -4.105633787219601594, 0.9065504792666613243, 21.05887029122981957 ) ) ;
#790 = CARTESIAN_POINT ( 'NONE',  ( -2.570495296460635792, -7.329542016716999342, 1.041382840934049314 ) ) ;
#791 = CARTESIAN_POINT ( 'NONE',  ( -5.559379970609665378, -12.13556403974785880, 4.007501621779939072 ) ) ;
#792 = CARTESIAN_POINT ( 'NONE',  ( 1.436303659159926083, -5.418304270609361595, -23.41406227126107709 ) ) ;
#793 = CLOSED_SHELL ( 'NONE', ( #3264, #4234, #474, #1691, #2608, #2265, #1600, #3164, #4577, #2671, #1372, #2805, #1753, #1769, #2041, #4287, #2417, #2421, #4567 ) ) ;
#794 = CARTESIAN_POINT ( 'NONE',  ( -6.167620338550467984, 36.98944332168856874, -2.231170417625337521 ) ) ;
#795 = ORIENTED_EDGE ( 'NONE', *, *, #4807, .F. ) ;
#796 = CARTESIAN_POINT ( 'NONE',  ( 14.35640646055098735, -7.133974596215627351, -30.98735561765780488 ) ) ;
#797 = DIRECTION ( 'NONE',  ( 1.084202172485487054E-16, -1.877893248421459143E-16, -1.000000000000000000 ) ) ;
#798 = EDGE_CURVE ( 'NONE', #2701, #1211, #1084, .T. ) ;
#799 = CARTESIAN_POINT ( 'NONE',  ( 5.983871836073109129, 39.04422960706869361, -5.017463225845000707 ) ) ;
#800 = CARTESIAN_POINT ( 'NONE',  ( -1.880646557940107932, 0.03854513701023251637, 28.44870870765600301 ) ) ;
#801 = CARTESIAN_POINT ( 'NONE',  ( 5.901175228899978364, -3.354763097834782215, -23.79369952770837671 ) ) ;
#802 = VERTEX_POINT ( 'NONE', #1184 ) ;
#803 = CARTESIAN_POINT ( 'NONE',  ( 19.36608857762793789, -0.009456656045663080004, -14.18490952757976764 ) ) ;
#804 = DIRECTION ( 'NONE',  ( -0.000000000000000000, -0.000000000000000000, 1.000000000000000000 ) ) ;
#805 = CARTESIAN_POINT ( 'NONE',  ( 37.50000000000000000, 0.000000000000000000, 8.699999999999999289 ) ) ;
#806 = ADVANCED_FACE ( 'NONE', ( #11 ), #1660, .T. ) ;
#807 = CARTESIAN_POINT ( 'NONE',  ( 1.982419374595011385, -4.951690954979296677, -23.10264876637570097 ) ) ;
#808 = CARTESIAN_POINT ( 'NONE',  ( -17.12869793725547751, 1.653318398539258993, -25.02495893769351198 ) ) ;
#809 =( BOUNDED_CURVE ( )  B_SPLINE_CURVE ( 3, ( #4878, #2358, #3577, #2846 ),
 .UNSPECIFIED., .F., .T. ) 
 B_SPLINE_CURVE_WITH_KNOTS ( ( 4, 4 ),
 ( 4.594468828359440593, 4.653531474437608395 ),
 .UNSPECIFIED. ) 
 CURVE ( )  GEOMETRIC_REPRESENTATION_ITEM ( )  RATIONAL_B_SPLINE_CURVE ( ( 1.000000000000000000, 0.9997093214458155908, 0.9997093214458155908, 1.000000000000000000 ) ) 
 REPRESENTATION_ITEM ( '' )  );
#810 = LINE ( 'NONE', #2334, #1207 ) ;
#811 = CARTESIAN_POINT ( 'NONE',  ( -10.62542502280118129, -3.472797378927983125, 3.283009275212147582 ) ) ;
#812 = PLANE ( 'NONE',  #1872 ) ;
#813 = CARTESIAN_POINT ( 'NONE',  ( 2.437619839881328687, -13.42491326364823578, -6.849864894849702068 ) ) ;
#814 = EDGE_CURVE ( 'NONE', #5044, #5009, #2400, .T. ) ;
#815 = CARTESIAN_POINT ( 'NONE',  ( -5.122472091758334400, -11.84559110923729897, 3.906885451022971356 ) ) ;
#816 = VECTOR ( 'NONE', #3682, 1000.000000000000000 ) ;
#817 = CARTESIAN_POINT ( 'NONE',  ( 32.89300592056264350, -18.02764253192160027, 4.097773114997363741 ) ) ;
#818 = CARTESIAN_POINT ( 'NONE',  ( -3.704271702623055607, -10.19305837129770431, -19.31568914629169242 ) ) ;
#819 = ORIENTED_EDGE ( 'NONE', *, *, #413, .F. ) ;
#820 = DIRECTION ( 'NONE',  ( -0.000000000000000000, -0.000000000000000000, 1.000000000000000000 ) ) ;
#821 = CARTESIAN_POINT ( 'NONE',  ( -5.091553846541019723, -8.279950522680543656, -6.893099873552108292 ) ) ;
#822 = DIRECTION ( 'NONE',  ( 1.000000000000000000, 0.000000000000000000, 0.000000000000000000 ) ) ;
#823 = CARTESIAN_POINT ( 'NONE',  ( 11.88933063506018506, -3.164179050968521256, 17.80891239380267876 ) ) ;
#824 = CARTESIAN_POINT ( 'NONE',  ( 5.379585706969683301, 2.342147058210956700, -0.2524654682732632160 ) ) ;
#825 = CARTESIAN_POINT ( 'NONE',  ( 3.177035615009877745, -2.759637998482888488, -6.987184612990570365 ) ) ;
#826 = EDGE_LOOP ( 'NONE', ( #1526, #4535, #166 ) ) ;
#827 = CARTESIAN_POINT ( 'NONE',  ( 8.589890185706266834, -2.180747122671462090, -22.25978066552817936 ) ) ;
#828 = CARTESIAN_POINT ( 'NONE',  ( 11.86203190417361775, 0.03848855602239918683, -20.86681025698925751 ) ) ;
#829 = CIRCLE ( 'NONE', #2283, 33.98129043433324625 ) ;
#830 = CARTESIAN_POINT ( 'NONE',  ( -4.823707419972240729, -5.516306411026378420, -13.43551797371740086 ) ) ;
#831 = CARTESIAN_POINT ( 'NONE',  ( -3.140066847127756411, -2.275965786303323135, -1.659321940718640809 ) ) ;
#832 = CARTESIAN_POINT ( 'NONE',  ( -12.05943491934949918, 3.643708106506422517, -20.37672460880479619 ) ) ;
#833 = CARTESIAN_POINT ( 'NONE',  ( 1.311465633139164977, -0.3120557047443605070, -1.221926678823294754 ) ) ;
#834 = FACE_OUTER_BOUND ( 'NONE', #3072, .T. ) ;
#835 = CARTESIAN_POINT ( 'NONE',  ( 19.65463501642507183, 1.002503667588226399, -13.77283123262570541 ) ) ;
#836 = ORIENTED_EDGE ( 'NONE', *, *, #634, .T. ) ;
#837 = CARTESIAN_POINT ( 'NONE',  ( -5.409276163490220668, 0.7980011949880675415, 12.95723350286385767 ) ) ;
#838 = CARTESIAN_POINT ( 'NONE',  ( -22.40124016802362306, -7.784199183757762874, 6.218843099869780566 ) ) ;
#839 = CARTESIAN_POINT ( 'NONE',  ( -7.545219070032581854, -13.12002281525366598, 5.075980262990058556 ) ) ;
#840 = CARTESIAN_POINT ( 'NONE',  ( -9.869594536440764898, -18.20954950090496283, -20.15146047049304556 ) ) ;
#841 = DIRECTION ( 'NONE',  ( 0.000000000000000000, 1.000000000000000000, 0.000000000000000000 ) ) ;
#842 = VERTEX_POINT ( 'NONE', #2014 ) ;
#843 = CARTESIAN_POINT ( 'NONE',  ( -23.30388465934192510, -0.01464916010725123355, -20.20441705761633600 ) ) ;
#844 = AXIS2_PLACEMENT_3D ( 'NONE', #2809, #2892, #1288 ) ;
#845 = EDGE_CURVE ( 'NONE', #72, #5256, #5163, .T. ) ;
#846 = CARTESIAN_POINT ( 'NONE',  ( -5.867936944289916745, 1.009289631151596200, 13.79236965318687069 ) ) ;
#847 = APPLICATION_PROTOCOL_DEFINITION ( 'draft international standard', 'automotive_design', 1998, #3606 ) ;
#848 = CARTESIAN_POINT ( 'NONE',  ( 4.005732770365648676, -5.051607914587623149, 10.31076257907396609 ) ) ;
#849 = B_SPLINE_CURVE_WITH_KNOTS ( 'NONE', 3,
 ( #1837, #5031, #2122, #4272, #3011, #978, #3466, #3759, #97, #3362, #630 ),
 .UNSPECIFIED., .F., .F.,
 ( 4, 2, 2, 1, 2, 4 ),
 ( 0.3257334656925830463, 0.3365120369324064997, 0.3378593583373844522, 0.3392066797423623492, 0.3419013225523182542, 0.3472906081722300087 ),
 .UNSPECIFIED. ) ;
#850 = CIRCLE ( 'NONE', #3768, 16.99999999999999645 ) ;
#851 = CARTESIAN_POINT ( 'NONE',  ( 6.040638048189514109, -1.513689693572884298, -7.402028945685770189 ) ) ;
#852 = CARTESIAN_POINT ( 'NONE',  ( -24.62642713190893318, -5.418304270609361595, 4.173901541163097306 ) ) ;
#853 = ORIENTED_EDGE ( 'NONE', *, *, #872, .T. ) ;
#854 = CARTESIAN_POINT ( 'NONE',  ( 15.09900991139555337, -0.3197247579725501776, -18.65078109254292116 ) ) ;
#855 = CARTESIAN_POINT ( 'NONE',  ( 0.000000000000000000, 0.000000000000000000, 3.499999999999999556 ) ) ;
#856 = CARTESIAN_POINT ( 'NONE',  ( -17.00364454928589097, 4.928985604884805305, 13.09845779557786827 ) ) ;
#857 = AXIS2_PLACEMENT_3D ( 'NONE', #1498, #3127, #3233 ) ;
#858 = CARTESIAN_POINT ( 'NONE',  ( -8.000975932553606285, -13.22255998276052402, -9.200717571190176969 ) ) ;
#859 = ADVANCED_FACE ( 'NONE', ( #4573 ), #3057, .T. ) ;
#860 = CARTESIAN_POINT ( 'NONE',  ( -1.523107927302052911, 0.9648849661769344221, -6.137928155939984087 ) ) ;
#861 = CARTESIAN_POINT ( 'NONE',  ( 0.9396986642485705143, -10.55741624440985760, -4.128143719187243654 ) ) ;
#862 = CARTESIAN_POINT ( 'NONE',  ( 0.2825182421774470876, 2.455238889695956495, 0.8412493837923316065 ) ) ;
#863 = CARTESIAN_POINT ( 'NONE',  ( -7.717751720263948734, -13.47093749989819145, -10.49929755852796198 ) ) ;
#864 = ORIENTED_EDGE ( 'NONE', *, *, #1179, .F. ) ;
#865 = CARTESIAN_POINT ( 'NONE',  ( -2.172814549389199268, -7.182922386825181249, -10.47280774656598723 ) ) ;
#866 = CARTESIAN_POINT ( 'NONE',  ( -12.85640646055110636, -9.732050807568755957, -5.987355617657803997 ) ) ;
#867 = CARTESIAN_POINT ( 'NONE',  ( -22.40489362745549329, -7.765842334275833814, 6.226654085119576187 ) ) ;
#868 = CARTESIAN_POINT ( 'NONE',  ( 2.000000000000000444, 37.00241634533438884, -17.57805962790968479 ) ) ;
#869 = ORIENTED_EDGE ( 'NONE', *, *, #1524, .F. ) ;
#870 = CARTESIAN_POINT ( 'NONE',  ( -27.46142890697246131, -0.01673501091253971895, -9.671767051944515359 ) ) ;
#871 = EDGE_CURVE ( 'NONE', #3559, #2619, #1749, .T. ) ;
#872 = EDGE_CURVE ( 'NONE', #1530, #1330, #1350, .T. ) ;
#873 = CARTESIAN_POINT ( 'NONE',  ( -0.2392763206148280641, 0.9347266687545672248, -0.3425747625403279817 ) ) ;
#874 = CARTESIAN_POINT ( 'NONE',  ( -27.58591424167116202, -0.3254906047663662649, -4.879542610630116961 ) ) ;
#875 = DIRECTION ( 'NONE',  ( 0.000000000000000000, 1.000000000000000000, 0.000000000000000000 ) ) ;
#876 = CARTESIAN_POINT ( 'NONE',  ( 6.583631687191375370, -5.367370474308287065, 11.71686632632933467 ) ) ;
#877 = CARTESIAN_POINT ( 'NONE',  ( 12.48790321196890396, 4.542608305762552590, 1.009501940951111676 ) ) ;
#878 = CARTESIAN_POINT ( 'NONE',  ( -5.631224581569489906, -10.14246973968544197, -6.630232473551189720 ) ) ;
#879 = CARTESIAN_POINT ( 'NONE',  ( -26.41637796898857360, -3.279617227500752907, 1.898985044257263333 ) ) ;
#880 = ORIENTED_EDGE ( 'NONE', *, *, #4196, .F. ) ;
#881 = CARTESIAN_POINT ( 'NONE',  ( -3.631102569626043941, -6.833500317241389510, -7.096418046028726501 ) ) ;
#882 = CARTESIAN_POINT ( 'NONE',  ( 19.65463501642507183, 1.002503667588226399, -13.77283123262570541 ) ) ;
#883 = CYLINDRICAL_SURFACE ( 'NONE', #1383, 27.99999999999999645 ) ;
#884 = CARTESIAN_POINT ( 'NONE',  ( -5.203457234491810190, -11.73911222454284164, -18.77087322825922300 ) ) ;
#885 = CARTESIAN_POINT ( 'NONE',  ( -16.43572785030742622, 1.492571088790858758, -18.13266633753244861 ) ) ;
#886 = DIRECTION ( 'NONE',  ( -0.000000000000000000, -0.000000000000000000, 1.000000000000000000 ) ) ;
#887 = CARTESIAN_POINT ( 'NONE',  ( 1.101127282458609136, -2.282403380503868817, -3.761317000791440268 ) ) ;
#888 = CARTESIAN_POINT ( 'NONE',  ( 0.000000000000000000, 0.000000000000000000, 6.500000000000000888 ) ) ;
#889 = UNCERTAINTY_MEASURE_WITH_UNIT (LENGTH_MEASURE( 1.000000000000000082E-05 ), #5006, 'distance_accuracy_value', 'NONE');
#890 = ORIENTED_EDGE ( 'NONE', *, *, #2866, .F. ) ;
#891 = CARTESIAN_POINT ( 'NONE',  ( -14.83303119359483446, 3.272220396851035051, 18.29780489461445114 ) ) ;
#892 = CARTESIAN_POINT ( 'NONE',  ( -2.500000000000000000, 15.99999999999999645, -0.6999999999999987343 ) ) ;
#893 = CARTESIAN_POINT ( 'NONE',  ( -10.64221299179170899, -13.67152258564326495, 6.422234780019655531 ) ) ;
#894 = CARTESIAN_POINT ( 'NONE',  ( -23.20317388622879662, -7.687912673259001295, 4.925645327812108398 ) ) ;
#895 = CARTESIAN_POINT ( 'NONE',  ( 10.37652912498489144, 0.8940433275433044003, -26.58712911248436939 ) ) ;
#896 = CARTESIAN_POINT ( 'NONE',  ( 31.42973172877003307, -20.45536515092180707, -8.608009253327193022 ) ) ;
#897 = ORIENTED_EDGE ( 'NONE', *, *, #1656, .F. ) ;
#898 = CARTESIAN_POINT ( 'NONE',  ( -25.87506690006051713, 0.2834124142229042520, -15.41585710736732828 ) ) ;
#899 = B_SPLINE_SURFACE_WITH_KNOTS ( 'NONE', 3, 3, ( 
 ( #2162, #4992, #1332, #4537, #2965, #2054, #3832, #4233, #3021, #3048, #2611, #964, #2581, #1471, #4260 ),
 ( #3101, #4334, #5018, #2668, #1822, #562, #589, #2186, #5103, #1052, #2215, #168, #5074, #225, #2694 ),
 ( #1444, #1795, #3427, #1364, #1021, #4731, #3074, #640, #618, #1415, #1394, #2288, #3943, #4648, #3888 ),
 ( #1768, #3396, #2992, #709, #1570, #2339, #4358, #2793, #278, #1925, #761, #734, #1497, #5231, #5258 ),
 ( #4756, #1168, #3126, #3535, #1522, #3200, #4827, #1094, #5157, #3969, #1546, #3176, #1598, #3557, #1903 ),
 ( #2386, #2412, #4454, #4018, #4428, #3994, #3150, #4042, #377, #2001, #1943, #2717, #4781, #2762, #349 ),
 ( #1117, #2741, #5201, #3632, #1970, #3229, #688, #4383, #4855, #1196, #2821, #789, #2316, #3580, #1641 ),
 ( #813, #1222, #20, #44, #3285, #1325, #2930, #1671, #3735, #3312, #500, #2874, #1620, #4144, #448 ),
 ( #402, #2076, #2850, #4908, #1242, #2491, #2957, #4503, #2515, #837, #4478, #2462, #4118, #472, #4585 ),
 ( #4173, #3703, #2047, #2439, #2128, #3657, #4068, #3339, #4934, #1270, #2098, #4092, #427, #3681, #2902 ),
 ( #4529, #865, #1296, #73, #1699, #5281, #923, #3763, #3256, #4881, #4957, #4555, #891, #105, #1732 ),
 ( #3366, #4985, #608, #2233, #2983, #5063, #1871, #132, #4612, #3852, #5121, #3065, #4665, #3498, #552 ),
 ( #1759, #1406, #1385, #1461, #1786, #5011, #579, #4721, #3094, #4251, #633, #983, #2628, #3417, #4303 ),
 ( #2548, #1812, #1840, #2659, #3877, #3468, #4195, #526, #5036, #3388, #2154, #3013, #1353, #3446, #3796 ) ),
 .UNSPECIFIED., .F., .F., .F.,
 ( 4, 1, 1, 1, 1, 1, 1, 1, 1, 1, 1, 4 ),
 ( 4, 1, 1, 1, 1, 1, 1, 1, 1, 1, 1, 1, 4 ),
 ( -0.01358241894323341907, -0.01115361894323341901, -0.008724818943233418958, -0.006296018943233418902, -0.002652818943233417950, -0.0002240189432334196290, 0.002204781056766582162, 0.004633581056766580483, 0.008276781056766583169, 0.01070558105676658149, 0.01313438105676657981, 0.01556318105676658160 ),
 ( -0.01434031437954671855, -0.01118695789437761448, -0.008033601409208512151, -0.004880244924039408086, -0.001726888438870304021, 0.001426468046298800044, 0.004579824531467902374, 0.007733181016637008173, 0.01088653750180611050, 0.01403989398697521283, 0.01719325047214431690, 0.02034660695731341923, 0.02349996344248252156 ),
 .UNSPECIFIED. ) ;
#900 = CARTESIAN_POINT ( 'NONE',  ( 6.382967373975719561, 1.012332312904709264, -4.832327684283263203 ) ) ;
#901 = AXIS2_PLACEMENT_3D ( 'NONE', #4070, #2466, #1571 ) ;
#902 = CARTESIAN_POINT ( 'NONE',  ( -26.19355076065887644, 0.9468886310708659604, -14.49071693432951413 ) ) ;
#903 = DIRECTION ( 'NONE',  ( -0.000000000000000000, -0.000000000000000000, -1.000000000000000000 ) ) ;
#904 = AXIS2_PLACEMENT_3D ( 'NONE', #1496, #1569, #3631 ) ;
#905 = CARTESIAN_POINT ( 'NONE',  ( -10.32779524137597882, 0.6205334141605021170, 21.16616192338348768 ) ) ;
#906 = VECTOR ( 'NONE', #547, 1000.000000000000000 ) ;
#907 = CARTESIAN_POINT ( 'NONE',  ( -11.97067456242513117, -5.003428837486813663, 4.366798192619647523 ) ) ;
#908 = CARTESIAN_POINT ( 'NONE',  ( -33.94029012453148653, 0.9206084372531599946, -15.34317073859621949 ) ) ;
#909 = VERTEX_POINT ( 'NONE', #3379 ) ;
#910 = DIRECTION ( 'NONE',  ( 0.000000000000000000, 1.000000000000000000, 0.000000000000000000 ) ) ;
#911 = DIRECTION ( 'NONE',  ( 1.000000000000000000, 0.000000000000000000, 0.000000000000000000 ) ) ;
#912 = CARTESIAN_POINT ( 'NONE',  ( 31.39663472814210010, -20.43625658869990147, -5.987355617657803997 ) ) ;
#913 = CARTESIAN_POINT ( 'NONE',  ( -31.15370349203949729, -20.87335044333051570, -0.6999999999999987343 ) ) ;
#914 =( NAMED_UNIT ( * ) SI_UNIT ( $, .STERADIAN. ) SOLID_ANGLE_UNIT ( ) );
#915 = CARTESIAN_POINT ( 'NONE',  ( 6.372071849049567582, 36.95471246773066554, -4.293722922406798759 ) ) ;
#916 = AXIS2_PLACEMENT_3D ( 'NONE', #3795, #3039, #2203 ) ;
#917 = DIRECTION ( 'NONE',  ( -1.000000000000000000, 1.224646799147353207E-16, 0.000000000000000000 ) ) ;
#918 = CARTESIAN_POINT ( 'NONE',  ( -20.03259387897029598, -10.62464191873112362, 6.606748901842152577 ) ) ;
#919 = AXIS2_PLACEMENT_3D ( 'NONE', #2270, #1128, #233 ) ;
#920 = ORIENTED_EDGE ( 'NONE', *, *, #1928, .F. ) ;
#921 = CARTESIAN_POINT ( 'NONE',  ( 2.750769647889877767, -0.08247206062623295419, -1.930274683022949800 ) ) ;
#922 = CARTESIAN_POINT ( 'NONE',  ( 1.385547100772011930, -10.85434214828735477, -2.015266060738063914 ) ) ;
#923 = CARTESIAN_POINT ( 'NONE',  ( -5.757133580468674516, 0.006278776880118500450, 1.945641553600934825 ) ) ;
#924 = CARTESIAN_POINT ( 'NONE',  ( 0.000000000000000000, 0.000000000000000000, -30.98735561765780488 ) ) ;
#925 =( BOUNDED_CURVE ( )  B_SPLINE_CURVE ( 3, ( #3979, #3083, #4712, #1951 ),
 .UNSPECIFIED., .F., .T. ) 
 B_SPLINE_CURVE_WITH_KNOTS ( ( 4, 4 ),
 ( 4.712388980384689674, 4.859983086043722089 ),
 .UNSPECIFIED. ) 
 CURVE ( )  GEOMETRIC_REPRESENTATION_ITEM ( )  RATIONAL_B_SPLINE_CURVE ( ( 1.000000000000000000, 0.9981854887086412109, 0.9981854887086412109, 1.000000000000000000 ) ) 
 REPRESENTATION_ITEM ( '' )  );
#926 = CARTESIAN_POINT ( 'NONE',  ( -23.91349536327719960, -6.691545131061752194, 4.501558728509825968 ) ) ;
#927 = CARTESIAN_POINT ( 'NONE',  ( 3.209296973955256593, -0.5971510393450746301, 21.57861779116997170 ) ) ;
#928 = CARTESIAN_POINT ( 'NONE',  ( -8.127253897527594972, -14.92663139307768283, -13.78512932416670722 ) ) ;
#929 = CARTESIAN_POINT ( 'NONE',  ( -29.94145695992022027, -19.59610931249765287, -26.46984268913924154 ) ) ;
#930 = ORIENTED_EDGE ( 'NONE', *, *, #2278, .F. ) ;
#931 = CARTESIAN_POINT ( 'NONE',  ( 6.234354107096022446, -2.507097935991069004, -23.06659600044258696 ) ) ;
#932 = DIRECTION ( 'NONE',  ( -0.2973836590439050132, 3.641899461668461397E-17, 0.9547580632462123740 ) ) ;
#933 = EDGE_CURVE ( 'NONE', #129, #4982, #4594, .T. ) ;
#934 = CARTESIAN_POINT ( 'NONE',  ( -5.178993005973221209, 0.001922479057969332184, 23.90940860068480234 ) ) ;
#935 = DIRECTION ( 'NONE',  ( 1.000000000000000000, 0.000000000000000000, 0.000000000000000000 ) ) ;
#936 = CARTESIAN_POINT ( 'NONE',  ( 11.00671238312998135, -12.36285149860596633, 5.237164328256707968 ) ) ;
#937 = CARTESIAN_POINT ( 'NONE',  ( -3.082146836905902187, -5.004961559799007809, -1.413776493194489614 ) ) ;
#938 = CARTESIAN_POINT ( 'NONE',  ( -23.36637114575155394, -6.765175019058486505, 5.274408390842697969 ) ) ;
#939 = APPLICATION_CONTEXT ( 'automotive_design' ) ;
#940 = CARTESIAN_POINT ( 'NONE',  ( -23.94193927239282260, 0.9493333104244193743, -19.91366753849496263 ) ) ;
#941 = ORIENTED_EDGE ( 'NONE', *, *, #485, .T. ) ;
#942 = B_SPLINE_CURVE_WITH_KNOTS ( 'NONE', 3,
 ( #1764, #929, #1818, #4645, #2211, #3802 ),
 .UNSPECIFIED., .F., .F.,
 ( 4, 2, 4 ),
 ( 2.040474432073172360E-07, 0.01076629549007354462, 0.02153238693270387999 ),
 .UNSPECIFIED. ) ;
#943 = CARTESIAN_POINT ( 'NONE',  ( -14.04013235127288262, 0.1018018080785315638, -11.36634852299326859 ) ) ;
#944 = CARTESIAN_POINT ( 'NONE',  ( 4.598930565892017874, -0.9569314095396771469, 20.90705908358226139 ) ) ;
#945 = CARTESIAN_POINT ( 'NONE',  ( 2.205716080548479230, -6.086380636417476175, -22.78295220876612603 ) ) ;
#946 =( NAMED_UNIT ( * ) PLANE_ANGLE_UNIT ( ) SI_UNIT ( $, .RADIAN. ) );
#947 = CARTESIAN_POINT ( 'NONE',  ( -13.04558275103311971, 3.742751426026897921, -27.18931387128435873 ) ) ;
#948 = EDGE_CURVE ( 'NONE', #2075, #3153, #829, .T. ) ;
#949 = AXIS2_PLACEMENT_3D ( 'NONE', #466, #4181, #4892 ) ;
#950 = CARTESIAN_POINT ( 'NONE',  ( -33.39663472814235234, -16.97215497356168967, -5.987355617657803997 ) ) ;
#951 = CARTESIAN_POINT ( 'NONE',  ( -13.44839218412828963, -13.91297330861703152, 6.507273633758122955 ) ) ;
#952 = ORIENTED_EDGE ( 'NONE', *, *, #2204, .F. ) ;
#953 = AXIS2_PLACEMENT_3D ( 'NONE', #5263, #627, #1174 ) ;
#954 = CARTESIAN_POINT ( 'NONE',  ( -12.52948136975013327, -6.605837361671886399, 3.452447185945069830 ) ) ;
#955 = CARTESIAN_POINT ( 'NONE',  ( 1.343792240611082711, -11.40210144568520789, -2.638415755554788689 ) ) ;
#956 = CARTESIAN_POINT ( 'NONE',  ( -30.60205136241505031, -0.8129741707111102222, -1.510207843297797448 ) ) ;
#957 = DIRECTION ( 'NONE',  ( 1.000000000000000000, 0.000000000000000000, 0.000000000000000000 ) ) ;
#958 = CARTESIAN_POINT ( 'NONE',  ( -10.26813550175862133, -14.51597135009212991, 5.622468473204425443 ) ) ;
#959 = CARTESIAN_POINT ( 'NONE',  ( 29.30802116868334295, -18.84470475084249586, -30.32137316095273150 ) ) ;
#960 = CARTESIAN_POINT ( 'NONE',  ( 4.365930084051353965, -3.563374392741593066, -21.30557926742627117 ) ) ;
#961 = CARTESIAN_POINT ( 'NONE',  ( -2.967520585187354953, -10.62464191873112895, -20.65210965380600072 ) ) ;
#962 = ORIENTED_EDGE ( 'NONE', *, *, #2940, .F. ) ;
#963 = CARTESIAN_POINT ( 'NONE',  ( -4.946619262265808281, -12.44129889351899187, -19.53697622108084886 ) ) ;
#964 = CARTESIAN_POINT ( 'NONE',  ( 7.413696403827818138, 0.8142493255285838671, 27.74233255149146160 ) ) ;
#965 = CARTESIAN_POINT ( 'NONE',  ( -5.179089580231351242, -0.003729936193215249458, 23.90941693594048445 ) ) ;
#966 = CARTESIAN_POINT ( 'NONE',  ( -18.06967970721067118, 0.02705657235490977267, -13.18440657153013440 ) ) ;
#967 = EDGE_CURVE ( 'NONE', #471, #1950, #1510, .T. ) ;
#968 = VERTEX_POINT ( 'NONE', #600 ) ;
#969 = CARTESIAN_POINT ( 'NONE',  ( 7.123596517585192522, -14.26069493747989725, 0.4862422506627738228 ) ) ;
#970 = CARTESIAN_POINT ( 'NONE',  ( -1.226469093824105627, -10.95022010241090271, -5.567415509403144114 ) ) ;
#971 = CIRCLE ( 'NONE', #3972, 37.50000000000000000 ) ;
#972 = CARTESIAN_POINT ( 'NONE',  ( -24.99657685128068607, 0.9869730265624561127, -16.87364374222049790 ) ) ;
#973 = ORIENTED_EDGE ( 'NONE', *, *, #2923, .F. ) ;
#974 = CARTESIAN_POINT ( 'NONE',  ( -24.50585322772851882, 0.0001050152914903736508, -16.05106317244899827 ) ) ;
#975 = CARTESIAN_POINT ( 'NONE',  ( 11.90701823497105849, -12.77218032047852780, 5.503889267166835353 ) ) ;
#976 = DIRECTION ( 'NONE',  ( 1.000000000000000000, 0.000000000000000000, 0.000000000000000000 ) ) ;
#977 = CARTESIAN_POINT ( 'NONE',  ( -10.10398006597780096, 4.928985604884805305, -21.27481703439132588 ) ) ;
#978 = CARTESIAN_POINT ( 'NONE',  ( -2.000000000000000000, 36.99425240698393225, -17.62538888796482794 ) ) ;
#979 = ORIENTED_EDGE ( 'NONE', *, *, #1534, .T. ) ;
#980 = EDGE_CURVE ( 'NONE', #5044, #2151, #514, .T. ) ;
#981 = CARTESIAN_POINT ( 'NONE',  ( 22.97439399808067506, 1.653318398539258993, -2.321408078566833844 ) ) ;
#982 = CARTESIAN_POINT ( 'NONE',  ( -30.00000000000000000, 3.673940397442059178E-15, 3.499999999999999556 ) ) ;
#983 = CARTESIAN_POINT ( 'NONE',  ( -16.03546930484271371, 5.403298513085940336, 13.48020966970465473 ) ) ;
#984 = CARTESIAN_POINT ( 'NONE',  ( -35.86396415223577350, -0.04109370410488265291, -10.59965484396493274 ) ) ;
#985 = CARTESIAN_POINT ( 'NONE',  ( -6.840939145711553593, 0.9391725139899430586, -0.03635916891459124028 ) ) ;
#986 = ADVANCED_BREP_SHAPE_REPRESENTATION ( '', ( #236, #2817 ), #4867 ) ;
#987 = CARTESIAN_POINT ( 'NONE',  ( -3.398995820269657742, -9.805810128670616521, 2.455237934445842818 ) ) ;
#988 = DIRECTION ( 'NONE',  ( -0.000000000000000000, -0.000000000000000000, 1.000000000000000000 ) ) ;
#989 = CARTESIAN_POINT ( 'NONE',  ( 22.99423205242635504, 1.051536166940205463, -13.22260569951286691 ) ) ;
#990 = DIRECTION ( 'NONE',  ( 0.000000000000000000, 1.000000000000000000, 0.000000000000000000 ) ) ;
#991 = VERTEX_POINT ( 'NONE', #4686 ) ;
#992 = CARTESIAN_POINT ( 'NONE',  ( 3.362646447718037113, -5.131059243614472187, -23.18008687352334007 ) ) ;
#993 = CARTESIAN_POINT ( 'NONE',  ( -11.00830042663823427, 1.015253214899000778, -9.399201139389099069 ) ) ;
#994 = VERTEX_POINT ( 'NONE', #2145 ) ;
#995 = CARTESIAN_POINT ( 'NONE',  ( 14.01280738457711550, -9.630850328559160900, -30.65319826536849845 ) ) ;
#996 = CARTESIAN_POINT ( 'NONE',  ( -1.540044140910858506, -2.400074534799310655, 10.35967594138755565 ) ) ;
#997 = CARTESIAN_POINT ( 'NONE',  ( 0.000000000000000000, 0.000000000000000000, 28.00000000000000000 ) ) ;
#998 = AXIS2_PLACEMENT_3D ( 'NONE', #3000, #4626, #1828 ) ;
#999 = CARTESIAN_POINT ( 'NONE',  ( -6.452321625783614678, -16.74932187859375077, 6.769136635816701997 ) ) ;
#1000 = ORIENTED_EDGE ( 'NONE', *, *, #3093, .T. ) ;
#1001 = DIRECTION ( 'NONE',  ( 0.000000000000000000, 0.000000000000000000, 1.000000000000000000 ) ) ;
#1002 = CARTESIAN_POINT ( 'NONE',  ( -3.631102569626045717, -16.50000000000000000, 2.903581953971269947 ) ) ;
#1003 = CARTESIAN_POINT ( 'NONE',  ( -1.149940676916919813, -8.889526931675316490, -22.08378732667981126 ) ) ;
#1004 = CIRCLE ( 'NONE', #1429, 16.99999999999999645 ) ;
#1005 = FACE_OUTER_BOUND ( 'NONE', #4097, .T. ) ;
#1006 = CARTESIAN_POINT ( 'NONE',  ( 23.00558186674727779, -0.1444175817484975866, -26.56475603495820792 ) ) ;
#1007 = CARTESIAN_POINT ( 'NONE',  ( -5.849498638595695965, -13.13450379051610817, 3.660464018910041251 ) ) ;
#1008 = ORIENTED_EDGE ( 'NONE', *, *, #532, .T. ) ;
#1009 = CARTESIAN_POINT ( 'NONE',  ( 1.361981599436183243, -10.46462625317169959, -1.628203263700884529 ) ) ;
#1010 = CARTESIAN_POINT ( 'NONE',  ( 2.000000000000000000, 37.44024880049362025, -7.296855544858526166 ) ) ;
#1011 = CARTESIAN_POINT ( 'NONE',  ( -34.46399098714015707, 0.01583181340710041601, -11.40434784299895021 ) ) ;
#1012 = CARTESIAN_POINT ( 'NONE',  ( -2.639938117826468922, -5.244910148936940075, -3.938393657487554211 ) ) ;
#1013 = CARTESIAN_POINT ( 'NONE',  ( -10.63600045963366725, -13.68554685934253001, 6.408952575042368593 ) ) ;
#1014 = B_SPLINE_CURVE_WITH_KNOTS ( 'NONE', 3,
 ( #5267, #4051, #2395, #4410, #2884, #743, #1177, #5238, #4864, #2448, #799, #2474, #357, #3207, #4128, #456, #2084, #1231, #4490, #3238, #2800, #1980, #2422, #4838, #4077, #3292, #2059, #1553, #4809, #4025, #4436, #2771 ),
 .UNSPECIFIED., .F., .F.,
 ( 4, 2, 2, 2, 2, 2, 2, 2, 2, 2, 2, 2, 2, 2, 2, 4 ),
 ( 0.000000000000000000, 0.0004904280630820150901, 0.0009808561261640301801, 0.001471284189246045270, 0.001961712252328060360, 0.002452140315410075450, 0.002942568378492090540, 0.003923424504656121588, 0.004413852567738137112, 0.004904280630820151768, 0.005394708693902167292, 0.005885136756984181948, 0.006375564820066197472, 0.006865992883148212128, 0.007356420946230227652, 0.007846849009312241441 ),
 .UNSPECIFIED. ) ;
#1015 = LINE ( 'NONE', #3912, #4037 ) ;
#1016 = CARTESIAN_POINT ( 'NONE',  ( -5.912018446352054646, -11.53621533030515245, -12.29464839933740983 ) ) ;
#1017 = CARTESIAN_POINT ( 'NONE',  ( 0.000000000000000000, 0.000000000000000000, -35.37253856727842560 ) ) ;
#1018 = CARTESIAN_POINT ( 'NONE',  ( -27.43158123163462392, -0.8125459360761611016, -3.407438766679471431 ) ) ;
#1019 = VERTEX_POINT ( 'NONE', #3786 ) ;
#1020 = CARTESIAN_POINT ( 'NONE',  ( 17.26249884320266759, 0.6250032317335225684, -16.78015629154776533 ) ) ;
#1021 = CARTESIAN_POINT ( 'NONE',  ( 13.66509523126496717, -10.31914108975963096, 7.643201675792009375 ) ) ;
#1022 = CARTESIAN_POINT ( 'NONE',  ( -25.38617690681395089, 1.008441153890148101, -16.42420876742812297 ) ) ;
#1023 = AXIS2_PLACEMENT_3D ( 'NONE', #2019, #755, #422 ) ;
#1024 = EDGE_LOOP ( 'NONE', ( #2996, #5112, #3215 ) ) ;
#1025 = CARTESIAN_POINT ( 'NONE',  ( 33.42973172877005084, -16.99126353578406423, -12.21677847459941191 ) ) ;
#1026 = EDGE_CURVE ( 'NONE', #1382, #2701, #3880, .T. ) ;
#1027 = CARTESIAN_POINT ( 'NONE',  ( 7.196131437268108222, -13.60426067912870174, -0.1598835173008229249 ) ) ;
#1028 = CARTESIAN_POINT ( 'NONE',  ( -6.978798346876254222, 0.3905640236162107315, 15.25503521794221840 ) ) ;
#1029 = CARTESIAN_POINT ( 'NONE',  ( -8.973685331439336110, -7.477725013166695689, 0.9667276693845396895 ) ) ;
#1030 = CARTESIAN_POINT ( 'NONE',  ( -6.189310175843622197, 0.9971183760207624758, 9.194475119092395232 ) ) ;
#1031 = CARTESIAN_POINT ( 'NONE',  ( -23.63310009919036858, 0.005588505156431158513, -15.66201550585457092 ) ) ;
#1032 = SURFACE_STYLE_FILL_AREA ( #354 ) ;
#1033 = CARTESIAN_POINT ( 'NONE',  ( -2.764170093480287971, -2.800621788326623118, -1.121146074466705000 ) ) ;
#1034 = CARTESIAN_POINT ( 'NONE',  ( 5.879946093637138382, 37.03633177405524890, -1.831355458097936317 ) ) ;
#1035 = CARTESIAN_POINT ( 'NONE',  ( 1.370517850124659320, -9.157617742816352546, -1.925054141985488299 ) ) ;
#1036 = CARTESIAN_POINT ( 'NONE',  ( -10.13988736218498943, -14.28816703267372290, 5.561446633279273577 ) ) ;
#1037 = ORIENTED_EDGE ( 'NONE', *, *, #2083, .T. ) ;
#1038 = FACE_OUTER_BOUND ( 'NONE', #3533, .T. ) ;
#1039 = EDGE_CURVE ( 'NONE', #4804, #1801, #5166, .T. ) ;
#1040 = CARTESIAN_POINT ( 'NONE',  ( 19.66445324261174932, 0.002673960150332530244, -13.75877461688487990 ) ) ;
#1041 = CARTESIAN_POINT ( 'NONE',  ( -21.02201193292410508, -7.828792674199419821, 3.818233333579031274 ) ) ;
#1042 = CARTESIAN_POINT ( 'NONE',  ( 0.000000000000000000, 0.000000000000000000, -35.37253856727842560 ) ) ;
#1043 = CARTESIAN_POINT ( 'NONE',  ( -5.101623168195172475, -11.88132852553822261, 3.862311085969068802 ) ) ;
#1044 = CARTESIAN_POINT ( 'NONE',  ( 7.341032232731715013, -0.9134117776466698091, -10.63118812736506769 ) ) ;
#1045 = CIRCLE ( 'NONE', #3518, 37.50000000000000000 ) ;
#1046 = AXIS2_PLACEMENT_3D ( 'NONE', #5171, #2753, #721 ) ;
#1047 = CARTESIAN_POINT ( 'NONE',  ( -12.60640646055110992, -10.16506350946097825, -0.6999999999999987343 ) ) ;
#1048 = CARTESIAN_POINT ( 'NONE',  ( -27.63494843377011279, 0.1023687767832354295, -6.382279854881749870 ) ) ;
#1049 = ORIENTED_EDGE ( 'NONE', *, *, #429, .F. ) ;
#1050 = CARTESIAN_POINT ( 'NONE',  ( 9.303629925805878997, -1.896752037925372170, -22.08400530256249539 ) ) ;
#1051 = CIRCLE ( 'NONE', #5134, 27.99999999999999645 ) ;
#1052 = CARTESIAN_POINT ( 'NONE',  ( 9.878419611851450455, 0.6883193533158800115, 21.87467996187932329 ) ) ;
#1053 = CARTESIAN_POINT ( 'NONE',  ( -25.37874066816288732, -0.01503476669558441274, -16.44010721970342104 ) ) ;
#1054 = ORIENTED_EDGE ( 'NONE', *, *, #3406, .F. ) ;
#1055 = CARTESIAN_POINT ( 'NONE',  ( -1.352417606274914474, -4.421523356061994647, -6.560024196510592098 ) ) ;
#1056 = EDGE_CURVE ( 'NONE', #802, #439, #666, .T. ) ;
#1057 = CARTESIAN_POINT ( 'NONE',  ( -12.85640646055110636, -9.732050807568755957, -29.98735561765780488 ) ) ;
#1058 = CARTESIAN_POINT ( 'NONE',  ( -17.45451563041075715, -5.055142149062294976, -0.2173918814931171672 ) ) ;
#1059 = VERTEX_POINT ( 'NONE', #1931 ) ;
#1060 = CARTESIAN_POINT ( 'NONE',  ( 2.000000000000000000, 37.44662868670556577, -8.608009253327193022 ) ) ;
#1061 = CARTESIAN_POINT ( 'NONE',  ( -5.639598502530190238, -11.40819916287080993, 2.485049809531136855 ) ) ;
#1062 = CARTESIAN_POINT ( 'NONE',  ( -1.000000000000000000, 34.65876549783945393, -30.98735561765780488 ) ) ;
#1063 = CARTESIAN_POINT ( 'NONE',  ( 16.69963345145503553, -0.3012075743099737468, -26.56366141237846179 ) ) ;
#1064 = CARTESIAN_POINT ( 'NONE',  ( 16.57071310906792405, 0.02298727445705215158, -11.51428083854062834 ) ) ;
#1065 = ORIENTED_EDGE ( 'NONE', *, *, #81, .T. ) ;
#1066 = CARTESIAN_POINT ( 'NONE',  ( 0.000000000000000000, 0.000000000000000000, -8.608009253327187693 ) ) ;
#1067 = CARTESIAN_POINT ( 'NONE',  ( -5.520888715225694909, 39.11251114443967936, -1.496516988312911911 ) ) ;
#1068 = CARTESIAN_POINT ( 'NONE',  ( -15.14099518352527163, -7.775027064978557334, 4.089075281467087208 ) ) ;
#1069 = CARTESIAN_POINT ( 'NONE',  ( -8.694658954843987431, -18.29798436877446477, 7.733473305152530841 ) ) ;
#1070 = CARTESIAN_POINT ( 'NONE',  ( 11.76718839907454495, -4.913365498942090070, 13.26701732894634311 ) ) ;
#1071 = CARTESIAN_POINT ( 'NONE',  ( -2.234994566370984703, 0.01180497357556722395, 0.1323943605597294737 ) ) ;
#1072 = DIRECTION ( 'NONE',  ( 0.000000000000000000, 1.000000000000000000, 0.000000000000000000 ) ) ;
#1073 = ORIENTED_EDGE ( 'NONE', *, *, #173, .F. ) ;
#1074 = CARTESIAN_POINT ( 'NONE',  ( -10.92714555216437411, 0.7173212114812561602, -9.572708641856774392 ) ) ;
#1075 = VERTEX_POINT ( 'NONE', #1060 ) ;
#1076 = CARTESIAN_POINT ( 'NONE',  ( -3.631102569626045717, 3.500000000000000000, -2.096418046028730053 ) ) ;
#1077 = CARTESIAN_POINT ( 'NONE',  ( 10.14448115032377729, -12.75627400925723443, 2.998501808380563904 ) ) ;
#1078 = CARTESIAN_POINT ( 'NONE',  ( -6.068613361094759462, 0.006278776880118500450, -5.958644710466797001 ) ) ;
#1079 = ORIENTED_EDGE ( 'NONE', *, *, #2923, .T. ) ;
#1080 = CARTESIAN_POINT ( 'NONE',  ( -18.75830421024048889, 1.013227278707809154, -13.19041224717816441 ) ) ;
#1081 = CARTESIAN_POINT ( 'NONE',  ( 5.252696099930894036, 37.13055121395643710, -5.656953150570235067 ) ) ;
#1082 = CARTESIAN_POINT ( 'NONE',  ( 0.009547338486011618802, -5.617067626495875210, 1.353470188133935714 ) ) ;
#1083 = ORIENTED_EDGE ( 'NONE', *, *, #5275, .F. ) ;
#1084 = B_SPLINE_CURVE_WITH_KNOTS ( 'NONE', 3,
 ( #490, #3301, #3721, #4519 ),
 .UNSPECIFIED., .F., .F.,
 ( 4, 4 ),
 ( 3.501547214564779012E-05, 0.001310620262295876396 ),
 .UNSPECIFIED. ) ;
#1085 = DIRECTION ( 'NONE',  ( -0.000000000000000000, -0.000000000000000000, 1.000000000000000000 ) ) ;
#1086 = CARTESIAN_POINT ( 'NONE',  ( -7.122476678451488574, 0.1848779656271093419, 4.897924545663935980 ) ) ;
#1087 = CARTESIAN_POINT ( 'NONE',  ( -14.72243186433553497, -8.499999999999861444, 6.500000000000000888 ) ) ;
#1088 = CARTESIAN_POINT ( 'NONE',  ( -22.04319901292352313, -1.947742342664505077, -6.678331567029395011 ) ) ;
#1089 = CARTESIAN_POINT ( 'NONE',  ( -2.156403591372988870, -7.808785057625740933, -4.522343499993966454 ) ) ;
#1090 = CARTESIAN_POINT ( 'NONE',  ( -1.478265745263551922, -3.027752212873709325, -4.046587959277966995 ) ) ;
#1091 = DIRECTION ( 'NONE',  ( -1.000000000000000000, 0.000000000000000000, -0.000000000000000000 ) ) ;
#1092 = ORIENTED_EDGE ( 'NONE', *, *, #3335, .T. ) ;
#1093 = CARTESIAN_POINT ( 'NONE',  ( 5.134837629493305577, 0.9825203831759526940, -3.978060721536818445 ) ) ;
#1094 = CARTESIAN_POINT ( 'NONE',  ( 6.437853111746975721, -3.551205883622560400, 13.02685079333826401 ) ) ;
#1095 = CIRCLE ( 'NONE', #3143, 34.67318886162947678 ) ;
#1096 = ORIENTED_EDGE ( 'NONE', *, *, #1176, .F. ) ;
#1097 = CARTESIAN_POINT ( 'NONE',  ( -25.48421682054455673, -4.363723551616716989, 2.596563038042703830 ) ) ;
#1098 = EDGE_CURVE ( 'NONE', #1330, #4406, #925, .T. ) ;
#1099 = CARTESIAN_POINT ( 'NONE',  ( 6.067977111129589041, -13.53914941749846435, -1.128243363677192912 ) ) ;
#1100 = CARTESIAN_POINT ( 'NONE',  ( -2.398948406878017803, 0.01180497357556722395, -4.419889246568598828 ) ) ;
#1101 = ORIENTED_EDGE ( 'NONE', *, *, #2219, .F. ) ;
#1102 = FACE_OUTER_BOUND ( 'NONE', #3693, .T. ) ;
#1103 = ADVANCED_BREP_SHAPE_REPRESENTATION ( '', ( #3820, #2817 ), #2302 ) ;
#1104 = CARTESIAN_POINT ( 'NONE',  ( 11.08466214556510110, -0.4854902887119574295, 21.37094946948237251 ) ) ;
#1105 = CARTESIAN_POINT ( 'NONE',  ( -3.172246346714007625, -10.73088794819132552, -21.73523178040679582 ) ) ;
#1106 = ORIENTED_EDGE ( 'NONE', *, *, #260, .F. ) ;
#1107 = CARTESIAN_POINT ( 'NONE',  ( 0.000000000000000000, 0.000000000000000000, -8.608009253327193022 ) ) ;
#1108 = CARTESIAN_POINT ( 'NONE',  ( -6.743003435381102584, 0.1345955473586067652, 8.701044641451250783 ) ) ;
#1109 = ADVANCED_FACE ( 'NONE', ( #1102 ), #5113, .F. ) ;
#1110 = CARTESIAN_POINT ( 'NONE',  ( -15.50496695270191516, -7.021166627014768125, 1.684712538120764602 ) ) ;
#1111 = CARTESIAN_POINT ( 'NONE',  ( -16.09750501024340963, -10.22980742464427628, 4.238239403728231380 ) ) ;
#1112 = CARTESIAN_POINT ( 'NONE',  ( -1.494307791349297032, -7.363390386762469930, -4.579488518580386192 ) ) ;
#1113 = CARTESIAN_POINT ( 'NONE',  ( 11.81007940926798305, -6.375919918756345339, 12.88219298457348572 ) ) ;
#1114 = CARTESIAN_POINT ( 'NONE',  ( 13.13404864880631351, 3.405253260465397336, -2.865853611966107994 ) ) ;
#1115 = CARTESIAN_POINT ( 'NONE',  ( 0.000000000000000000, 0.000000000000000000, 3.499999999999999556 ) ) ;
#1116 = ADVANCED_FACE ( 'NONE', ( #1452 ), #2030, .F. ) ;
#1117 = CARTESIAN_POINT ( 'NONE',  ( 3.428466026995756977, -15.24549686135345894, -5.539440949045095763 ) ) ;
#1118 = PRODUCT_DEFINITION_FORMATION_WITH_SPECIFIED_SOURCE ( 'ANY', '', #2768, .NOT_KNOWN. ) ;
#1119 = CARTESIAN_POINT ( 'NONE',  ( 8.651669727848583236, 4.633830272691254137, 1.593868478221262874 ) ) ;
#1120 = CARTESIAN_POINT ( 'NONE',  ( 2.832122837551931838, 0.4787457118009689760, 21.78609961473446432 ) ) ;
#1121 = B_SPLINE_CURVE_WITH_KNOTS ( 'NONE', 3,
 ( #5010, #2547, #2982, #3851, #1811, #4583, #955, #922, #1009, #1839, #4611, #2571, #4223, #1785, #4637, #2600, #338, #3190, #4008, #3139, #1917, #2277, #2782, #3934, #678, #1486 ),
 .UNSPECIFIED., .F., .F.,
 ( 4, 2, 2, 2, 2, 2, 2, 2, 2, 2, 2, 2, 4 ),
 ( 0.0005376391219406361031, 0.0009520347118304086764, 0.001366430301720181033, 0.002195221481499725312, 0.003852803841058811268, 0.005510386200617898092, 0.007167968560176985783, 0.007996759739956527460, 0.008825550919736070005, 0.01048313327929515336, 0.01131192445907469590, 0.01214071563885423845, 0.01379829799841332354 ),
 .UNSPECIFIED. ) ;
#1122 = ORIENTED_EDGE ( 'NONE', *, *, #2484, .F. ) ;
#1123 = CARTESIAN_POINT ( 'NONE',  ( -13.85640646055109038, -7.999999999999870326, 6.500000000000000888 ) ) ;
#1124 = CIRCLE ( 'NONE', #201, 27.99999999999999645 ) ;
#1125 = EDGE_CURVE ( 'NONE', #2151, #227, #2675, .T. ) ;
#1126 = CARTESIAN_POINT ( 'NONE',  ( -4.251969337237239799, -1.389054348539606742, -3.740797435782776681 ) ) ;
#1127 = CARTESIAN_POINT ( 'NONE',  ( -6.651090366952447042, 0.9526163696064898767, 2.758440026577245963 ) ) ;
#1128 = DIRECTION ( 'NONE',  ( -0.000000000000000000, -0.000000000000000000, 1.000000000000000000 ) ) ;
#1129 = CARTESIAN_POINT ( 'NONE',  ( 15.05964350909490257, -20.11152528675367179, 1.134367850908111652 ) ) ;
#1130 = CARTESIAN_POINT ( 'NONE',  ( 5.649173329132079147, 37.07223751116611510, -5.373467157876222977 ) ) ;
#1131 = CARTESIAN_POINT ( 'NONE',  ( 16.70171242399344180, -0.07954944001452672608, -21.70308492259519184 ) ) ;
#1132 = B_SPLINE_CURVE_WITH_KNOTS ( 'NONE', 3,
 ( #3738, #1790, #4960, #1299, #2933, #4557, #2520, #3766, #108, #1734, #2959, #4589, #927, #2987, #4199, #530, #2157, #3391, #3799, #1762, #2576, #4228, #2688, #3553, #4670, #2632, #248, #4327, #662, #1113, #5068, #682 ),
 .UNSPECIFIED., .F., .F.,
 ( 4, 2, 2, 2, 2, 2, 2, 2, 2, 2, 2, 2, 2, 2, 2, 4 ),
 ( 1.736417541871315695E-20, 0.001559025754146080127, 0.003118051508292158953, 0.004677077262438237779, 0.006236103016584317038, 0.007795128770730395430, 0.009354154524876473822, 0.01091318027902255308, 0.01247220603316863061, 0.01403123178731470987, 0.01559025754146079086, 0.01714928329560687012, 0.01870830904975295111, 0.02026733480389902864, 0.02182636055804511310, 0.02494441206633726121 ),
 .UNSPECIFIED. ) ;
#1133 = VERTEX_POINT ( 'NONE', #1152 ) ;
#1134 = LINE ( 'NONE', #654, #1460 ) ;
#1135 = CARTESIAN_POINT ( 'NONE',  ( -5.378255822566605282, 0.005588505156431450814, 22.00861867092048740 ) ) ;
#1136 = CARTESIAN_POINT ( 'NONE',  ( 0.000000000000000000, 0.000000000000000000, 8.699999999999999289 ) ) ;
#1137 = CARTESIAN_POINT ( 'NONE',  ( -11.27069975291253456, -2.759637998482888488, -5.547055382917460697 ) ) ;
#1138 = CARTESIAN_POINT ( 'NONE',  ( 4.366381115791048373, -13.50172557906508963, -2.299348191677109021 ) ) ;
#1139 = DIRECTION ( 'NONE',  ( 0.000000000000000000, -1.000000000000000000, 0.000000000000000000 ) ) ;
#1140 = CARTESIAN_POINT ( 'NONE',  ( -7.603582150685332053, -3.049775555039808683, 1.475519666584029554 ) ) ;
#1141 = ADVANCED_FACE ( 'NONE', ( #3158 ), #2296, .T. ) ;
#1142 = PLANE ( 'NONE',  #2613 ) ;
#1143 = ORIENTED_EDGE ( 'NONE', *, *, #4813, .F. ) ;
#1144 = CARTESIAN_POINT ( 'NONE',  ( -15.48809011249146472, -7.016488688490210457, -30.31976801101090402 ) ) ;
#1145 = CARTESIAN_POINT ( 'NONE',  ( -13.53171207217024374, -13.19349105065374772, 7.053761025758007008 ) ) ;
#1146 = CARTESIAN_POINT ( 'NONE',  ( 12.14124376373824887, -5.434128493737341969, 12.86081074135684332 ) ) ;
#1147 = EDGE_LOOP ( 'NONE', ( #720, #3037, #952, #2345, #2242 ) ) ;
#1148 = CARTESIAN_POINT ( 'NONE',  ( -21.20332182844004976, 1.528958695004528634, -22.61503174126131555 ) ) ;
#1149 = FACE_OUTER_BOUND ( 'NONE', #4221, .T. ) ;
#1150 = CARTESIAN_POINT ( 'NONE',  ( -9.517949401815831934, 2.270683655261011680, -10.78762306114508895 ) ) ;
#1151 = CARTESIAN_POINT ( 'NONE',  ( -5.675182556951400059, 1.013227278707810486, 16.55111996348775705 ) ) ;
#1152 = CARTESIAN_POINT ( 'NONE',  ( 15.62019151721341714, -6.708920700498260281, -29.98735561765780488 ) ) ;
#1153 = CARTESIAN_POINT ( 'NONE',  ( 19.65469807171130512, 1.005108310596001919, -13.77292286562136425 ) ) ;
#1154 = EDGE_CURVE ( 'NONE', #1935, #712, #2772, .T. ) ;
#1155 = CARTESIAN_POINT ( 'NONE',  ( 23.00546118590112954, -0.1078222789652832497, -24.13612881516522890 ) ) ;
#1156 = ORIENTED_EDGE ( 'NONE', *, *, #3435, .T. ) ;
#1157 = CARTESIAN_POINT ( 'NONE',  ( 3.281644563527139624, -5.151172642456644191, -23.09901962268176234 ) ) ;
#1158 = DIRECTION ( 'NONE',  ( 1.000000000000000000, 4.440892098500626162E-15, 0.000000000000000000 ) ) ;
#1159 = CARTESIAN_POINT ( 'NONE',  ( -8.631580008860810338, -14.77813779661201998, 5.326547842592347592 ) ) ;
#1160 = CARTESIAN_POINT ( 'NONE',  ( 11.13278554375396467, -12.39209351936477610, 4.919053624401649394 ) ) ;
#1161 = CARTESIAN_POINT ( 'NONE',  ( 2.000000000000000000, 15.99999999999999645, -5.987355617657803997 ) ) ;
#1162 = CARTESIAN_POINT ( 'NONE',  ( 21.92348401211560116, 1.416123595922071043, -7.988309076376768125 ) ) ;
#1163 = AXIS2_PLACEMENT_3D ( 'NONE', #2978, #886, #521 ) ;
#1164 = CARTESIAN_POINT ( 'NONE',  ( -21.76271541346597616, -3.551205883622560400, -0.9380810560636202444 ) ) ;
#1165 = CARTESIAN_POINT ( 'NONE',  ( -0.8659280049324205031, -7.404486511135233151, -22.63180259059500798 ) ) ;
#1166 = CARTESIAN_POINT ( 'NONE',  ( 0.000000000000000000, 0.000000000000000000, -82.79999999999998295 ) ) ;
#1167 = CIRCLE ( 'NONE', #904, 37.50000000000000000 ) ;
#1168 = CARTESIAN_POINT ( 'NONE',  ( 8.254930918398802220, -16.85561094322573794, -1.833874014277743658 ) ) ;
#1169 = AXIS2_PLACEMENT_3D ( 'NONE', #1514, #2755, #2303 ) ;
#1170 = DIRECTION ( 'NONE',  ( 1.224646799147353207E-16, 1.000000000000000000, 0.000000000000000000 ) ) ;
#1171 = CARTESIAN_POINT ( 'NONE',  ( -4.119134388686216397, 0.9784311214480617691, 23.79969273839950006 ) ) ;
#1172 = ORIENTED_EDGE ( 'NONE', *, *, #1098, .T. ) ;
#1173 = CARTESIAN_POINT ( 'NONE',  ( -0.8371266383794800925, 17.00000000000000000, 4.089075281467097867 ) ) ;
#1174 = DIRECTION ( 'NONE',  ( 1.000000000000000000, 0.000000000000000000, -0.000000000000000000 ) ) ;
#1175 = CARTESIAN_POINT ( 'NONE',  ( -8.313848965560611148, -1.417981749266216340, -4.988111616382474800 ) ) ;
#1176 = EDGE_CURVE ( 'NONE', #1500, #4172, #1095, .T. ) ;
#1177 = CARTESIAN_POINT ( 'NONE',  ( 5.249655268085923865, 39.14983856666695061, -5.658738274661817336 ) ) ;
#1178 = CARTESIAN_POINT ( 'NONE',  ( 0.000000000000000000, 16.99999999999999645, 6.500000000000000888 ) ) ;
#1179 = EDGE_CURVE ( 'NONE', #4990, #2079, #3838, .T. ) ;
#1180 = CARTESIAN_POINT ( 'NONE',  ( 7.498716406655455913, -17.50530890134257689, -1.768605676482320588 ) ) ;
#1181 = CARTESIAN_POINT ( 'NONE',  ( -0.09704431581646190408, 0.7124344069857776462, -0.1389395045915509663 ) ) ;
#1182 = CARTESIAN_POINT ( 'NONE',  ( 21.95619387550042134, -0.2113501832536456293, -25.75267797477339826 ) ) ;
#1183 = FACE_BOUND ( 'NONE', #2263, .T. ) ;
#1184 = CARTESIAN_POINT ( 'NONE',  ( 15.81236587921066850, -6.242522350939093911, -0.6999999999999982903 ) ) ;
#1185 = CARTESIAN_POINT ( 'NONE',  ( -7.714760644958737146, -0.2173890190775322195, -5.434425610443526899 ) ) ;
#1186 = CARTESIAN_POINT ( 'NONE',  ( -1.447261161877258173, -7.784199183757762874, -22.50946461171973922 ) ) ;
#1187 = CARTESIAN_POINT ( 'NONE',  ( -21.47784845086566108, 0.4176581370845606211, -21.35210643643173611 ) ) ;
#1188 = CARTESIAN_POINT ( 'NONE',  ( 7.237213401827175652, -13.68554685934253001, -0.2826838329017147822 ) ) ;
#1189 = DIRECTION ( 'NONE',  ( 0.000000000000000000, 0.7559289460184551723, 0.6546536707079763096 ) ) ;
#1190 = CARTESIAN_POINT ( 'NONE',  ( -1.822633676791170831, -6.316040016300032534, -6.773089894728978599 ) ) ;
#1191 = EDGE_CURVE ( 'NONE', #5280, #5009, #735, .T. ) ;
#1192 = CARTESIAN_POINT ( 'NONE',  ( -2.000000000000000000, 34.86650114427094138, -29.98735561765780488 ) ) ;
#1193 = CARTESIAN_POINT ( 'NONE',  ( 19.66445324261174932, 0.002673960150332530244, -13.75877461688487990 ) ) ;
#1194 = VERTEX_POINT ( 'NONE', #3490 ) ;
#1195 = FACE_OUTER_BOUND ( 'NONE', #1511, .T. ) ;
#1196 = CARTESIAN_POINT ( 'NONE',  ( -1.051221562916203833, -0.3541795859304930905, 15.60563645347088979 ) ) ;
#1197 = CARTESIAN_POINT ( 'NONE',  ( -3.631102569626080356, -8.263943228631113413, -7.096418046028730942 ) ) ;
#1198 = CARTESIAN_POINT ( 'NONE',  ( -25.37877753409860659, 0.002673960150332530244, -16.43978288927701925 ) ) ;
#1199 = CARTESIAN_POINT ( 'NONE',  ( -5.161900917975136949, 1.002503667588226399, 23.90782884264815422 ) ) ;
#1200 = ORIENTED_EDGE ( 'NONE', *, *, #845, .T. ) ;
#1201 = PRODUCT_DEFINITION_SHAPE ( 'NONE', 'NONE',  #5286 ) ;
#1202 = CARTESIAN_POINT ( 'NONE',  ( 31.42973172877003307, -20.45536515092180707, -8.608009253327193022 ) ) ;
#1203 = CIRCLE ( 'NONE', #2556, 39.50000000000000000 ) ;
#1204 = CIRCLE ( 'NONE', #2651, 35.33774181865160102 ) ;
#1205 = ADVANCED_FACE ( 'NONE', ( #4787 ), #2702, .T. ) ;
#1206 = CARTESIAN_POINT ( 'NONE',  ( -5.418826258841582977, 1.012505034823304673, 20.22949609145061700 ) ) ;
#1207 = VECTOR ( 'NONE', #397, 1000.000000000000000 ) ;
#1208 = CARTESIAN_POINT ( 'NONE',  ( 8.088072926444548116, -10.22980742464427628, 5.532474436467701651 ) ) ;
#1209 = CARTESIAN_POINT ( 'NONE',  ( 21.83361945874353083, 2.867903200958540566, -0.02096922942887186059 ) ) ;
#1210 = CARTESIAN_POINT ( 'NONE',  ( -5.511720356346041960, -12.26566048540133202, -11.72153684873847013 ) ) ;
#1211 = VERTEX_POINT ( 'NONE', #1505 ) ;
#1212 = DIRECTION ( 'NONE',  ( 0.000000000000000000, -0.000000000000000000, 1.000000000000000000 ) ) ;
#1213 = LINE ( 'NONE', #4948, #5202 ) ;
#1214 = CARTESIAN_POINT ( 'NONE',  ( -19.43180934128186976, 3.638291428445112441, 18.09802010649864457 ) ) ;
#1215 = CARTESIAN_POINT ( 'NONE',  ( -7.982999048750787807, -13.24824480181788644, -9.174979852204273811 ) ) ;
#1216 = CARTESIAN_POINT ( 'NONE',  ( -8.449354945567588260, 1.020239522584371006, -10.02135703965237390 ) ) ;
#1217 = CARTESIAN_POINT ( 'NONE',  ( -5.220421431125070733, -3.050300032249464888, -1.806405380323413468 ) ) ;
#1218 = FACE_BOUND ( 'NONE', #826, .T. ) ;
#1219 = CARTESIAN_POINT ( 'NONE',  ( -2.721502828671316543, 1.604285171024244505, 1.864654677889910239 ) ) ;
#1220 = CARTESIAN_POINT ( 'NONE',  ( -3.631102569635401345, -1.724715453423379952, 2.903581953971271723 ) ) ;
#1221 = VERTEX_POINT ( 'NONE', #3952 ) ;
#1222 = CARTESIAN_POINT ( 'NONE',  ( 1.801714186552865415, -13.18307608247488538, -5.930045381485423484 ) ) ;
#1223 = LINE ( 'NONE', #2463, #729 ) ;
#1224 = AXIS2_PLACEMENT_3D ( 'NONE', #281, #2392, #353 ) ;
#1225 = CARTESIAN_POINT ( 'NONE',  ( -2.556230332251991477, -7.352107596747313067, 1.010884780917153059 ) ) ;
#1226 = CARTESIAN_POINT ( 'NONE',  ( -14.93122445376514129, -12.75627400925723620, 7.286127480202450712 ) ) ;
#1227 = CARTESIAN_POINT ( 'NONE',  ( 4.231834422971742171, -2.824142466592740597, -26.35516562501499038 ) ) ;
#1228 = ORIENTED_EDGE ( 'NONE', *, *, #3591, .T. ) ;
#1229 = CARTESIAN_POINT ( 'NONE',  ( -21.89974644635557510, 1.014853048168251615, -21.81919586616520235 ) ) ;
#1230 = DIRECTION ( 'NONE',  ( -0.000000000000000000, -0.000000000000000000, 1.000000000000000000 ) ) ;
#1231 = CARTESIAN_POINT ( 'NONE',  ( 6.419656299355421147, 38.97485178013764795, -2.837579422652079408 ) ) ;
#1232 = CARTESIAN_POINT ( 'NONE',  ( -1.730218139001185040, -0.1940513619278305957, 22.48245022568843510 ) ) ;
#1233 = CARTESIAN_POINT ( 'NONE',  ( -0.1880141662390047985, -3.180370508437647903, -3.704218747590729333 ) ) ;
#1234 = ORIENTED_EDGE ( 'NONE', *, *, #3726, .F. ) ;
#1235 = CARTESIAN_POINT ( 'NONE',  ( 12.74351884817761160, 0.2701837195478684617, -20.34463265270607479 ) ) ;
#1236 = CARTESIAN_POINT ( 'NONE',  ( 13.10625841789911661, -10.09843939834163073, 7.429185382295176332 ) ) ;
#1237 = CARTESIAN_POINT ( 'NONE',  ( -2.943055384004097608, -2.550943544403779129, -1.377258278823936255 ) ) ;
#1238 = CARTESIAN_POINT ( 'NONE',  ( 3.901912650409458116, -8.271735615275368048, 3.233558627443448685 ) ) ;
#1239 = CARTESIAN_POINT ( 'NONE',  ( -3.631102569626080356, -8.263943228631113413, -7.096418046028730942 ) ) ;
#1240 = CARTESIAN_POINT ( 'NONE',  ( -4.700912863681995013, -0.8059912351697551269, 2.819732125976554649 ) ) ;
#1241 = ORIENTED_EDGE ( 'NONE', *, *, #2057, .T. ) ;
#1242 = CARTESIAN_POINT ( 'NONE',  ( -0.3833911658070653927, -6.176048413303225182, -0.4505712804997868970 ) ) ;
#1243 = CARTESIAN_POINT ( 'NONE',  ( -6.457738660418620213, 0.7173212114812561602, 7.960285821866684763 ) ) ;
#1244 = CARTESIAN_POINT ( 'NONE',  ( -17.30038338298715317, -11.68948802841794432, 7.634484879776167077 ) ) ;
#1245 = CARTESIAN_POINT ( 'NONE',  ( 0.000000000000000000, 0.000000000000000000, -5.987355617657803997 ) ) ;
#1246 = CARTESIAN_POINT ( 'NONE',  ( -29.51537138493675272, -18.19540815270389089, -30.98735561765780488 ) ) ;
#1247 = CARTESIAN_POINT ( 'NONE',  ( -4.329949908041396789, 37.24952937848187418, -1.003873016857788292 ) ) ;
#1248 = ORIENTED_EDGE ( 'NONE', *, *, #2083, .F. ) ;
#1249 = CARTESIAN_POINT ( 'NONE',  ( 3.165497352461954961, -3.980055705617842499, -23.46234758498384920 ) ) ;
#1250 = B_SPLINE_CURVE_WITH_KNOTS ( 'NONE', 3,
 ( #1411, #4962, #3829, #164 ),
 .UNSPECIFIED., .F., .F.,
 ( 4, 4 ),
 ( 0.0002424179751230921701, 0.001910459308459707631 ),
 .UNSPECIFIED. ) ;
#1251 = EDGE_CURVE ( 'NONE', #1274, #488, #1479, .T. ) ;
#1252 = CARTESIAN_POINT ( 'NONE',  ( -37.50000000000000000, 4.592425496802575156E-15, -8.608009253327193022 ) ) ;
#1253 = CARTESIAN_POINT ( 'NONE',  ( 7.507874504406267135, -7.656410412856477166, 8.609823267615142939 ) ) ;
#1254 = CARTESIAN_POINT ( 'NONE',  ( 6.110662041045427095, -2.400074534799310655, -10.13537475980183977 ) ) ;
#1255 = CARTESIAN_POINT ( 'NONE',  ( -9.801489114746857467, -16.85561094322573794, 8.065916888957822550 ) ) ;
#1256 = ORIENTED_EDGE ( 'NONE', *, *, #207, .T. ) ;
#1257 = CARTESIAN_POINT ( 'NONE',  ( 0.000000000000000000, 30.00000000000000000, -82.79999999999998295 ) ) ;
#1258 = CARTESIAN_POINT ( 'NONE',  ( -4.164983847486855240, 39.28015289231395002, -5.987355617657808438 ) ) ;
#1259 = CARTESIAN_POINT ( 'NONE',  ( -10.74135651444537132, 3.326152494950008975, 3.941461600802973475 ) ) ;
#1260 = CARTESIAN_POINT ( 'NONE',  ( 0.6315078054733368473, -5.944333930277766243, -23.19609142077096209 ) ) ;
#1261 = DIRECTION ( 'NONE',  ( 1.000000000000000000, 0.000000000000000000, 0.000000000000000000 ) ) ;
#1262 = CARTESIAN_POINT ( 'NONE',  ( -4.814687880144730592, 1.335119160215840983, -8.407777152973457291 ) ) ;
#1263 = CARTESIAN_POINT ( 'NONE',  ( -118.0000000000000000, 1.445083222993876641E-14, -66.49199074667276932 ) ) ;
#1264 = CARTESIAN_POINT ( 'NONE',  ( -26.35292827118162862, -0.07289509847292699463, -14.03102791440519148 ) ) ;
#1265 = STYLED_ITEM ( 'NONE', ( #2384 ), #3820 ) ;
#1266 = ADVANCED_FACE ( 'NONE', ( #4739 ), #332, .T. ) ;
#1267 = DIRECTION ( 'NONE',  ( -1.000000000000000000, -3.552713678800500929E-15, 2.168404344971009361E-16 ) ) ;
#1268 = CARTESIAN_POINT ( 'NONE',  ( -7.145961334660737130, -13.54036222266159584, -13.39895424052442330 ) ) ;
#1269 = VERTEX_POINT ( 'NONE', #2323 ) ;
#1270 = CARTESIAN_POINT ( 'NONE',  ( -7.627309806444930729, 1.771105097221313152, 11.52007003923039363 ) ) ;
#1271 = CARTESIAN_POINT ( 'NONE',  ( -22.40854708688736707, -7.747485484793904753, 6.234465070369370032 ) ) ;
#1272 = CARTESIAN_POINT ( 'NONE',  ( 7.287665823005974097, -1.565249428466628512, -24.06599345277481916 ) ) ;
#1273 = ADVANCED_FACE ( 'NONE', ( #3614 ), #2022, .T. ) ;
#1274 = VERTEX_POINT ( 'NONE', #2801 ) ;
#1275 = CARTESIAN_POINT ( 'NONE',  ( -5.809036867960170269, -12.95909822123573640, -18.97288786965931351 ) ) ;
#1276 = CARTESIAN_POINT ( 'NONE',  ( -5.179186154489479499, -0.009382351444399831750, 23.90942527119615946 ) ) ;
#1277 = CARTESIAN_POINT ( 'NONE',  ( -6.965070839495145272, -10.11905950341680160, -5.828619288456399872 ) ) ;
#1278 = APPLICATION_PROTOCOL_DEFINITION ( 'draft international standard', 'automotive_design', 1998, #939 ) ;
#1279 = CARTESIAN_POINT ( 'NONE',  ( 13.62019151721339583, -10.17302231563600401, -29.98735561765780488 ) ) ;
#1280 = CARTESIAN_POINT ( 'NONE',  ( 1.614226598347724417, -0.1715416931547250889, 28.04579916361087299 ) ) ;
#1281 = CARTESIAN_POINT ( 'NONE',  ( 5.152981561932899801, 3.326152494950008975, 1.042302674127429940 ) ) ;
#1282 = AXIS2_PLACEMENT_3D ( 'NONE', #4692, #1485, #2658 ) ;
#1283 = CARTESIAN_POINT ( 'NONE',  ( -2.820405576530459424, -7.841323994031269784, -7.873097152643717678 ) ) ;
#1284 = CARTESIAN_POINT ( 'NONE',  ( -26.07899774453306563, -5.237463721993309562, 5.091046284765454288 ) ) ;
#1285 = ORIENTED_EDGE ( 'NONE', *, *, #4059, .T. ) ;
#1286 = VECTOR ( 'NONE', #3144, 1000.000000000000000 ) ;
#1287 = DIRECTION ( 'NONE',  ( -0.000000000000000000, -0.000000000000000000, 1.000000000000000000 ) ) ;
#1288 = DIRECTION ( 'NONE',  ( -1.000000000000000000, 1.224646799147353207E-16, 0.000000000000000000 ) ) ;
#1289 = CARTESIAN_POINT ( 'NONE',  ( -9.452368977849889831, 2.355527038099545223, 1.235405158107477419 ) ) ;
#1290 = CARTESIAN_POINT ( 'NONE',  ( -6.859541873699414261, -7.352107596747313067, -2.719202796113092901 ) ) ;
#1291 = CARTESIAN_POINT ( 'NONE',  ( 1.305897258665658311, -9.794068910070294010, 2.920122582324871097 ) ) ;
#1292 = DIRECTION ( 'NONE',  ( 1.224646799147353207E-16, 1.000000000000000000, 0.000000000000000000 ) ) ;
#1293 = CARTESIAN_POINT ( 'NONE',  ( 1.332029213478165275, -1.431872323967199323, -2.737934676347194785 ) ) ;
#1294 = LINE ( 'NONE', #3364, #325 ) ;
#1295 = EDGE_LOOP ( 'NONE', ( #2849, #819, #672, #2819 ) ) ;
#1296 = CARTESIAN_POINT ( 'NONE',  ( -2.747277732566514530, -6.220857540658641049, -8.693356341441136337 ) ) ;
#1297 = CARTESIAN_POINT ( 'NONE',  ( 8.868776876884130189, -14.04954489634774895, 2.239054916030077447 ) ) ;
#1298 = CARTESIAN_POINT ( 'NONE',  ( 11.92663968571947031, 0.06866087018380644114, -8.152328741549434099 ) ) ;
#1299 = CARTESIAN_POINT ( 'NONE',  ( -3.117842907330769187, -0.05259223409247579945, 23.64453457734909136 ) ) ;
#1300 = CARTESIAN_POINT ( 'NONE',  ( 4.254739437844431649, -2.970904609107641647, -25.51277224198872418 ) ) ;
#1301 = CARTESIAN_POINT ( 'NONE',  ( -7.344527778695759679, -14.08445193188194722, -9.511041388640954608 ) ) ;
#1302 = B_SPLINE_CURVE_WITH_KNOTS ( 'NONE', 3,
 ( #2252, #3494, #3905, #239, #4717, #1064, #1601, #378, #1298, #430, #4856, #3634, #5283, #47, #3313, #4883, #2903, #2465 ),
 .UNSPECIFIED., .F., .F.,
 ( 4, 2, 2, 2, 2, 2, 2, 2, 4 ),
 ( 7.757932592477991040E-18, 0.001433323859125631332, 0.002866647718251254858, 0.005733295436502498441, 0.01146659087300498474, 0.01433323859125623136, 0.01719988630950747971, 0.02006653402775872633, 0.02293318174600997295 ),
 .UNSPECIFIED. ) ;
#1303 = CARTESIAN_POINT ( 'NONE',  ( -6.499724023242640314, 36.93241919641474169, -3.816893642544472165 ) ) ;
#1304 = ORIENTED_EDGE ( 'NONE', *, *, #4742, .T. ) ;
#1305 = FACE_OUTER_BOUND ( 'NONE', #2766, .T. ) ;
#1306 = CARTESIAN_POINT ( 'NONE',  ( 6.381892036057608131, 1.015253214899000778, -4.833867252265313219 ) ) ;
#1307 = CARTESIAN_POINT ( 'NONE',  ( -23.36637114575155394, -6.765175019058486505, 5.274408390842697969 ) ) ;
#1308 = ORIENTED_EDGE ( 'NONE', *, *, #845, .F. ) ;
#1309 = CARTESIAN_POINT ( 'NONE',  ( 0.000000000000000000, 0.000000000000000000, -5.987355617657803109 ) ) ;
#1310 = CARTESIAN_POINT ( 'NONE',  ( 1.295356906624525628, -10.14246973968544197, -1.561667305278942042 ) ) ;
#1311 = CARTESIAN_POINT ( 'NONE',  ( 13.06954463817628387, 0.3905640236162107315, -7.872955090773708697 ) ) ;
#1312 = CARTESIAN_POINT ( 'NONE',  ( -18.55556189878091189, -13.08736319620851951, 9.499907133745228549 ) ) ;
#1313 = ORIENTED_EDGE ( 'NONE', *, *, #967, .F. ) ;
#1314 = CARTESIAN_POINT ( 'NONE',  ( 1.056425417871231787, 0.2549848934012620139, -0.3565670850468081743 ) ) ;
#1315 = CARTESIAN_POINT ( 'NONE',  ( 0.000000000000000000, 0.000000000000000000, 6.500000000000000888 ) ) ;
#1316 = CARTESIAN_POINT ( 'NONE',  ( -6.732681456165296119, 0.7286063663748982844, 24.03429190788038738 ) ) ;
#1317 = CARTESIAN_POINT ( 'NONE',  ( -4.804476293044156243, -12.71858416677572201, -18.19964745496356073 ) ) ;
#1318 = SHAPE_REPRESENTATION_RELATIONSHIP ( 'NONE' , 'NONE' ,  #4169, #3271 ) ;
#1319 = DIRECTION ( 'NONE',  ( -1.000000000000000000, 0.000000000000000000, -0.000000000000000000 ) ) ;
#1320 = CARTESIAN_POINT ( 'NONE',  ( -9.264494617256948672, -14.23021416462765742, 5.242200307707435059 ) ) ;
#1321 = VERTEX_POINT ( 'NONE', #1981 ) ;
#1322 = CARTESIAN_POINT ( 'NONE',  ( 21.95278342341267575, 0.9962340921620218559, -5.112760759710247349 ) ) ;
#1323 = DIRECTION ( 'NONE',  ( -0.000000000000000000, -0.000000000000000000, 1.000000000000000000 ) ) ;
#1324 = EDGE_CURVE ( 'NONE', #2247, #3886, #3216, .T. ) ;
#1325 = CARTESIAN_POINT ( 'NONE',  ( 1.284228687658892643, -5.449913414606101902, 3.628902849909159567 ) ) ;
#1326 = CARTESIAN_POINT ( 'NONE',  ( -2.239371181331157423, -5.725760012155329370, -0.9415916523249747705 ) ) ;
#1327 = CARTESIAN_POINT ( 'NONE',  ( 29.41472312170695602, -18.52140852818806138, -30.65470687923082593 ) ) ;
#1328 = CARTESIAN_POINT ( 'NONE',  ( -9.898288614665535334, -16.74932187859375077, -8.972442759224598774 ) ) ;
#1329 = CARTESIAN_POINT ( 'NONE',  ( -3.939792281724471934, -11.65973301370297044, -19.45459592068560539 ) ) ;
#1330 = VERTEX_POINT ( 'NONE', #1178 ) ;
#1331 = CARTESIAN_POINT ( 'NONE',  ( -27.66771470700250646, -0.9569314095396771469, -6.470738841487995607 ) ) ;
#1332 = CARTESIAN_POINT ( 'NONE',  ( 16.24334156005280150, -16.17674562119043813, 3.627008555497434283 ) ) ;
#1333 = CARTESIAN_POINT ( 'NONE',  ( -0.2435432807587790682, 0.9413954366076310309, -0.3486838202787912455 ) ) ;
#1334 = EDGE_CURVE ( 'NONE', #5190, #2682, #661, .T. ) ;
#1335 = SHAPE_DEFINITION_REPRESENTATION ( #3295, #3751 ) ;
#1336 = CARTESIAN_POINT ( 'NONE',  ( 1.319160953934058078, 0.9468388815873615139, -1.392933115621308282 ) ) ;
#1337 = CARTESIAN_POINT ( 'NONE',  ( -4.360046854345991818, -0.07872236574424831823, 27.03410361438007570 ) ) ;
#1338 = AXIS2_PLACEMENT_3D ( 'NONE', #454, #4562, #113 ) ;
#1339 = CARTESIAN_POINT ( 'NONE',  ( 23.00289999512278527, 0.05889267898024355685, -10.78139570255485680 ) ) ;
#1340 = CARTESIAN_POINT ( 'NONE',  ( -31.14544349181971228, 0.6883193533158800115, -2.382377647834008627 ) ) ;
#1341 = EDGE_LOOP ( 'NONE', ( #240, #2160, #1065, #4231 ) ) ;
#1342 = ADVANCED_FACE ( 'NONE', ( #2857 ), #2939, .T. ) ;
#1343 = CARTESIAN_POINT ( 'NONE',  ( 8.490840167426753737, -1.174913615523076604, -22.39619114920570553 ) ) ;
#1344 = CARTESIAN_POINT ( 'NONE',  ( 4.000000000000000000, 39.29694644625712385, -0.9873556176578029975 ) ) ;
#1345 = CARTESIAN_POINT ( 'NONE',  ( 0.000000000000000000, 0.000000000000000000, -35.37253856727842560 ) ) ;
#1346 = SHAPE_REPRESENTATION_RELATIONSHIP ( 'NONE' , 'NONE' ,  #3068, #1103 ) ;
#1347 = CARTESIAN_POINT ( 'NONE',  ( 6.166746379296992764, 36.98959115016726429, -2.229507235964157452 ) ) ;
#1348 = CARTESIAN_POINT ( 'NONE',  ( -29.19527573201801474, -19.16530137970407921, -29.98735561765780488 ) ) ;
#1349 = CARTESIAN_POINT ( 'NONE',  ( -23.20317388622879662, -7.687912673259001295, 4.925645327812108398 ) ) ;
#1350 = CIRCLE ( 'NONE', #1606, 16.99999999999999645 ) ;
#1351 = ORIENTED_EDGE ( 'NONE', *, *, #4895, .T. ) ;
#1352 = CARTESIAN_POINT ( 'NONE',  ( 5.641222110264684453, 1.020239522584371006, -2.306677508627099193 ) ) ;
#1353 = CARTESIAN_POINT ( 'NONE',  ( -18.50531837447413253, 5.477955848347395573, 15.82287104089063945 ) ) ;
#1354 = CARTESIAN_POINT ( 'NONE',  ( -32.44971730561497480, 0.07395567368357994220, -4.678694029804003840 ) ) ;
#1355 = CARTESIAN_POINT ( 'NONE',  ( 7.266431387842422929, -13.65749831194399988, -0.2852056165376167240 ) ) ;
#1356 = CARTESIAN_POINT ( 'NONE',  ( -24.51964832503712088, -5.708150742604745531, 3.309758773253131281 ) ) ;
#1357 = EDGE_CURVE ( 'NONE', #2075, #991, #3372, .T. ) ;
#1358 = CARTESIAN_POINT ( 'NONE',  ( -33.42973172877028532, -16.99126353578359883, -8.608009253327193022 ) ) ;
#1359 = CARTESIAN_POINT ( 'NONE',  ( 19.85109371818829516, 1.099619592173444849, -16.04157625093381867 ) ) ;
#1360 = CARTESIAN_POINT ( 'NONE',  ( -3.631102569626045717, -16.50000000000000000, -2.096418046028730053 ) ) ;
#1361 = ORIENTED_EDGE ( 'NONE', *, *, #4340, .T. ) ;
#1362 = B_SPLINE_CURVE_WITH_KNOTS ( 'NONE', 3,
 ( #348, #5200, #4403, #1521, #1093, #760, #3125, #2693, #5257, #4730, #4755, #708, #3579, #2716, #3968, #4356, #4382, #1969, #324, #4333 ),
 .UNSPECIFIED., .F., .F.,
 ( 4, 2, 2, 2, 2, 2, 2, 2, 2, 4 ),
 ( 0.001879397799819145258, 0.004644843979056807910, 0.007410290158294469479, 0.01017573633753213018, 0.01294118251676979088, 0.01570662869600745332, 0.01847207487524511749, 0.02123752105448277472, 0.02262024414410160680, 0.02400296723372043889 ),
 .UNSPECIFIED. ) ;
#1363 = CARTESIAN_POINT ( 'NONE',  ( -1.351287805112585838, -8.612407060607068843, -22.21142836453160285 ) ) ;
#1364 = CARTESIAN_POINT ( 'NONE',  ( 13.87383929118082548, -13.08736319620851951, 5.030380280879988675 ) ) ;
#1365 = DIRECTION ( 'NONE',  ( 0.000000000000000000, 0.000000000000000000, 1.000000000000000000 ) ) ;
#1366 = CARTESIAN_POINT ( 'NONE',  ( -25.37882280533468915, -0.003729936193215249458, -16.43993161292595673 ) ) ;
#1367 =( BOUNDED_CURVE ( )  B_SPLINE_CURVE ( 3, ( #750, #3671, #3242, #4442 ),
 .UNSPECIFIED., .F., .T. ) 
 B_SPLINE_CURVE_WITH_KNOTS ( ( 4, 4 ),
 ( 1.570796326794896558, 1.637512475205121776 ),
 .UNSPECIFIED. ) 
 CURVE ( )  GEOMETRIC_REPRESENTATION_ITEM ( )  RATIONAL_B_SPLINE_CURVE ( ( 1.000000000000000000, 0.9996291140226467586, 0.9996291140226467586, 1.000000000000000000 ) ) 
 REPRESENTATION_ITEM ( '' )  );
#1368 = EDGE_LOOP ( 'NONE', ( #4073, #1228, #1143, #2438 ) ) ;
#1369 = CARTESIAN_POINT ( 'NONE',  ( -31.94145695992019185, -16.13200769735988160, -26.46984268913923444 ) ) ;
#1370 = CARTESIAN_POINT ( 'NONE',  ( -3.872179056835270305, -1.513689693572884298, 8.932360477641866581 ) ) ;
#1371 = CARTESIAN_POINT ( 'NONE',  ( -1.348473731958379496, 1.523599569533094611, 2.325537449100877119 ) ) ;
#1372 = ADVANCED_FACE ( 'NONE', ( #2081 ), #899, .T. ) ;
#1373 = CARTESIAN_POINT ( 'NONE',  ( -18.93898605684695724, 1.674112148573285497, -16.61048876059859225 ) ) ;
#1374 = ORIENTED_EDGE ( 'NONE', *, *, #4965, .F. ) ;
#1375 = CARTESIAN_POINT ( 'NONE',  ( 8.031465170429644473, -1.373092536296179667, -22.54947332366565149 ) ) ;
#1376 = DIRECTION ( 'NONE',  ( 0.000000000000000000, 0.7559289460184551723, -0.6546536707079763096 ) ) ;
#1377 = CARTESIAN_POINT ( 'NONE',  ( 0.8783635875671887971, -7.065150731453750055, -22.84266505281608062 ) ) ;
#1378 = CARTESIAN_POINT ( 'NONE',  ( 6.419595091888912641, 36.94644586558811028, -4.137379617413987631 ) ) ;
#1379 = AXIS2_PLACEMENT_3D ( 'NONE', #1257, #1212, #4871 ) ;
#1380 = CARTESIAN_POINT ( 'NONE',  ( 5.847202659648401912, -3.164179050968521256, -25.49017269894227411 ) ) ;
#1381 = CARTESIAN_POINT ( 'NONE',  ( -15.21114359018061535, -13.34976334848264123, 6.800916499589457764 ) ) ;
#1382 = VERTEX_POINT ( 'NONE', #2205 ) ;
#1383 = AXIS2_PLACEMENT_3D ( 'NONE', #1427, #3004, #91 ) ;
#1384 = CARTESIAN_POINT ( 'NONE',  ( -12.01350538044914451, -8.271735615275368048, 1.762376164880826490 ) ) ;
#1385 = CARTESIAN_POINT ( 'NONE',  ( -4.792662061045109390, -3.472797378927983125, -10.84339263335873937 ) ) ;
#1386 = CARTESIAN_POINT ( 'NONE',  ( -25.41123741974575978, -5.278511227137521189, 2.800913590791041408 ) ) ;
#1387 = CIRCLE ( 'NONE', #1814, 37.46183732295519775 ) ;
#1388 = CARTESIAN_POINT ( 'NONE',  ( -7.600887503249869503, 0.2565398272011903957, 0.02923143446137765888 ) ) ;
#1389 = CARTESIAN_POINT ( 'NONE',  ( -2.549097850147669320, -7.363390386762469930, 0.9956357509087058189 ) ) ;
#1390 = CARTESIAN_POINT ( 'NONE',  ( 13.51285528063570673, 0.4231799684349488722, -13.25311163840980377 ) ) ;
#1391 = CARTESIAN_POINT ( 'NONE',  ( 2.249488259789172329, -11.87256941414157829, -3.670147037106417542 ) ) ;
#1392 = EDGE_LOOP ( 'NONE', ( #3921, #3719, #1413, #2105, #4646 ) ) ;
#1393 = CARTESIAN_POINT ( 'NONE',  ( 12.15466690086690704, -0.5584388014523286037, -20.75536763447238897 ) ) ;
#1394 = CARTESIAN_POINT ( 'NONE',  ( 6.877491095760850826, 1.120992989235949588, 23.79786403083789992 ) ) ;
#1395 = ORIENTED_EDGE ( 'NONE', *, *, #1583, .T. ) ;
#1396 = CARTESIAN_POINT ( 'NONE',  ( 1.542517892225966136, -4.446767901705481307, 8.894760533835551541 ) ) ;
#1397 = CARTESIAN_POINT ( 'NONE',  ( -30.95853749119052978, 1.045394123634237005, -15.85442919483973157 ) ) ;
#1398 = ORIENTED_EDGE ( 'NONE', *, *, #4130, .F. ) ;
#1399 = DIRECTION ( 'NONE',  ( 1.000000000000000000, 0.000000000000000000, -0.000000000000000000 ) ) ;
#1400 = FACE_OUTER_BOUND ( 'NONE', #4700, .T. ) ;
#1401 = DIRECTION ( 'NONE',  ( -0.000000000000000000, -0.000000000000000000, 1.000000000000000000 ) ) ;
#1402 = CARTESIAN_POINT ( 'NONE',  ( 2.000000000000000000, 16.88194301613413018, -5.987355617657806661 ) ) ;
#1403 = CARTESIAN_POINT ( 'NONE',  ( -6.104015389294768390, -13.97746787470905261, -23.09433271287112532 ) ) ;
#1404 = CARTESIAN_POINT ( 'NONE',  ( -21.73257534667583712, -9.184949243790875073, 5.945427166307439393 ) ) ;
#1405 = VERTEX_POINT ( 'NONE', #4276 ) ;
#1406 = CARTESIAN_POINT ( 'NONE',  ( -4.235019786113484841, -4.438631768982002512, -12.62139223783136721 ) ) ;
#1407 = CARTESIAN_POINT ( 'NONE',  ( -31.05581765020448515, 0.2247958379190997114, -5.470402049684315315 ) ) ;
#1408 = CARTESIAN_POINT ( 'NONE',  ( -28.00000000000000355, 3.429011037612589670E-15, -82.79999999999998295 ) ) ;
#1409 = CARTESIAN_POINT ( 'NONE',  ( -7.454101751009452492, -13.50172557906508963, 4.931071064718239860 ) ) ;
#1410 = CARTESIAN_POINT ( 'NONE',  ( 13.52232174508369944, 0.2293913375579872682, -16.07315838833453725 ) ) ;
#1411 = CARTESIAN_POINT ( 'NONE',  ( -4.015505832111032625, -10.56492800640687335, 2.888783467630565038 ) ) ;
#1412 = FACE_BOUND ( 'NONE', #1024, .T. ) ;
#1413 = ORIENTED_EDGE ( 'NONE', *, *, #4489, .F. ) ;
#1414 = DIRECTION ( 'NONE',  ( 1.000000000000000000, 0.000000000000000000, 0.000000000000000000 ) ) ;
#1415 = CARTESIAN_POINT ( 'NONE',  ( 8.480289995891558519, 0.1100384973160246777, 21.06472275207880784 ) ) ;
#1416 = DIRECTION ( 'NONE',  ( 1.000000000000000000, 0.000000000000000000, 0.000000000000000000 ) ) ;
#1417 = ORIENTED_EDGE ( 'NONE', *, *, #3833, .F. ) ;
#1418 = CARTESIAN_POINT ( 'NONE',  ( 4.341977470400286698, -13.04281700363782193, -2.428330690314003171 ) ) ;
#1419 = CARTESIAN_POINT ( 'NONE',  ( 0.05060459960568725046, -12.14592290585943068, -8.272443676750766528 ) ) ;
#1420 = CARTESIAN_POINT ( 'NONE',  ( 21.71152098892706306, 4.042618072644607707, 2.233020934827704362 ) ) ;
#1421 = AXIS2_PLACEMENT_3D ( 'NONE', #866, #2023, #428 ) ;
#1422 = EDGE_CURVE ( 'NONE', #4293, #4570, #2413, .T. ) ;
#1423 = CARTESIAN_POINT ( 'NONE',  ( -26.57933103584211665, 1.051536166940205463, -19.59154038624559746 ) ) ;
#1424 = CARTESIAN_POINT ( 'NONE',  ( -6.255027178165219581, 0.9913935670789750798, 8.275008328006862257 ) ) ;
#1425 = CIRCLE ( 'NONE', #3481, 28.00000000000000000 ) ;
#1426 = DIRECTION ( 'NONE',  ( 1.000000000000000000, 0.000000000000000000, 0.000000000000000000 ) ) ;
#1427 = CARTESIAN_POINT ( 'NONE',  ( 0.000000000000000000, 0.000000000000000000, 3.499999999999999556 ) ) ;
#1428 = CARTESIAN_POINT ( 'NONE',  ( 2.936247118947919343, -4.682995072000833758, -22.94226149106346924 ) ) ;
#1429 = AXIS2_PLACEMENT_3D ( 'NONE', #685, #2313, #1267 ) ;
#1430 = CARTESIAN_POINT ( 'NONE',  ( 5.520567698086601638, 37.09167162104444770, -1.496275800834397041 ) ) ;
#1431 = CARTESIAN_POINT ( 'NONE',  ( -1.618096038479324816, -3.633083847307090775, 2.498069750493637997 ) ) ;
#1432 = CARTESIAN_POINT ( 'NONE',  ( -27.10147832412838653, -2.378326127620685071, -2.128336227115997126 ) ) ;
#1433 = ORIENTED_EDGE ( 'NONE', *, *, #3231, .T. ) ;
#1434 = CARTESIAN_POINT ( 'NONE',  ( 0.000000000000000000, 0.000000000000000000, -30.98735561765779778 ) ) ;
#1435 = DIRECTION ( 'NONE',  ( -0.000000000000000000, -0.000000000000000000, 1.000000000000000000 ) ) ;
#1436 = CARTESIAN_POINT ( 'NONE',  ( -34.98572489600169177, -0.3012075743099737468, -7.469730234745727060 ) ) ;
#1437 = CARTESIAN_POINT ( 'NONE',  ( 2.297253195089550282, -11.85750358133760685, -3.805095406931623625 ) ) ;
#1438 = CARTESIAN_POINT ( 'NONE',  ( -22.32547549500958084, -8.164879666051559681, 6.056860531182882923 ) ) ;
#1439 = CARTESIAN_POINT ( 'NONE',  ( 1.584948802243706156, -3.724715185970819409, -9.842845246727499386 ) ) ;
#1440 = ADVANCED_FACE ( 'NONE', ( #4639 ), #1862, .F. ) ;
#1441 = CARTESIAN_POINT ( 'NONE',  ( -25.81837594373429567, -3.597859430732793573, 1.915902802162108509 ) ) ;
#1442 = ORIENTED_EDGE ( 'NONE', *, *, #782, .T. ) ;
#1443 = CARTESIAN_POINT ( 'NONE',  ( 22.60520539556449293, 0.2157862929066043656, -8.025271973746434639 ) ) ;
#1444 = CARTESIAN_POINT ( 'NONE',  ( 13.24891693004390625, -19.03249620488767846, -0.1052928001675991626 ) ) ;
#1445 = CARTESIAN_POINT ( 'NONE',  ( -3.492430944101979406, 0.2678498834482009872, -6.585729859722418311 ) ) ;
#1446 = EDGE_LOOP ( 'NONE', ( #1757, #3750, #2586, #1156, #2860, #3063, #2873, #1849, #4186, #749 ) ) ;
#1447 = CARTESIAN_POINT ( 'NONE',  ( 1.319160953934058078, 0.9468388815873615139, -1.392933115621308282 ) ) ;
#1448 = CARTESIAN_POINT ( 'NONE',  ( 0.000000000000000000, 0.000000000000000000, -8.608009253327193022 ) ) ;
#1449 = CARTESIAN_POINT ( 'NONE',  ( -9.696951499915812178, 1.945304946936090129, 9.205164024005288326 ) ) ;
#1450 = CARTESIAN_POINT ( 'NONE',  ( -22.69538667347637428, -0.6408524266402765290, -7.317899831877383576 ) ) ;
#1451 = VERTEX_POINT ( 'NONE', #1040 ) ;
#1452 = FACE_OUTER_BOUND ( 'NONE', #3537, .T. ) ;
#1453 = CARTESIAN_POINT ( 'NONE',  ( -6.737585002744356011, -10.20167106133113144, 1.831077797821897279 ) ) ;
#1454 = CARTESIAN_POINT ( 'NONE',  ( 15.29556860271908114, -19.06336153784134879, 1.978940271273338602 ) ) ;
#1455 = DIRECTION ( 'NONE',  ( 0.000000000000000000, 1.000000000000000000, 1.877893248421443612E-16 ) ) ;
#1456 = DIRECTION ( 'NONE',  ( -0.000000000000000000, -0.000000000000000000, 1.000000000000000000 ) ) ;
#1457 = CARTESIAN_POINT ( 'NONE',  ( 1.080008703079533339, -12.14739630618195854, -3.771360008063957103 ) ) ;
#1458 = VERTEX_POINT ( 'NONE', #3824 ) ;
#1459 = LINE ( 'NONE', #1659, #2732 ) ;
#1460 = VECTOR ( 'NONE', #701, 1000.000000000000000 ) ;
#1461 = CARTESIAN_POINT ( 'NONE',  ( -5.550370896710423274, -1.947158219776080390, -8.183190478272559076 ) ) ;
#1462 = CARTESIAN_POINT ( 'NONE',  ( -14.31992260922239169, -18.78487274526555950, 10.61386736588708679 ) ) ;
#1463 = B_SPLINE_CURVE_WITH_KNOTS ( 'NONE', 3,
 ( #938, #4386, #1799, #2617, #4264, #597, #5081, #2644, #2563, #4291, #4211, #2050, #1622, #1226, #2442, #1145, #2853, #1646, #2878, #2794, #736, #3607, #3288, #4019, #5203, #839, #1944, #350, #3232, #791, #4404, #3201, #1972, #1602 ),
 .UNSPECIFIED., .F., .F.,
 ( 4, 2, 2, 2, 2, 2, 2, 2, 2, 2, 2, 2, 2, 2, 2, 2, 4 ),
 ( 2.776912483567713316E-18, 0.001484388987378805350, 0.002968777974757607664, 0.005937555949515212726, 0.007421944936894014390, 0.008906333924272818656, 0.01039072291165162205, 0.01187511189903041851, 0.01335950088640921844, 0.01484388987378801490, 0.01632827886116681310, 0.01781266784854560956, 0.01855486234223500952, 0.01929705683592441295, 0.02078144582330321635, 0.02226583481068202669, 0.02375022379806083356 ),
 .UNSPECIFIED. ) ;
#1464 = CYLINDRICAL_SURFACE ( 'NONE', #54, 4.500000000000000000 ) ;
#1465 = CARTESIAN_POINT ( 'NONE',  ( 0.9324392326853133683, 0.006278776880118500450, -2.276250981220357517 ) ) ;
#1466 = CIRCLE ( 'NONE', #100, 16.99999999999999645 ) ;
#1467 = CARTESIAN_POINT ( 'NONE',  ( -7.448036665940346523, -10.47412518638160961, -5.334634275379039892 ) ) ;
#1468 = VERTEX_POINT ( 'NONE', #2601 ) ;
#1469 = CARTESIAN_POINT ( 'NONE',  ( 0.8399357304585514106, -6.217805458288505172, -23.07800222510647714 ) ) ;
#1470 = CIRCLE ( 'NONE', #2144, 37.50000000000000000 ) ;
#1471 = CARTESIAN_POINT ( 'NONE',  ( 4.784550435062046247, 0.8525018599121050311, 32.29392701281058464 ) ) ;
#1472 = CARTESIAN_POINT ( 'NONE',  ( -18.19552213977545208, 1.034051341790851453, -12.91536341984855873 ) ) ;
#1473 = VERTEX_POINT ( 'NONE', #243 ) ;
#1474 = LINE ( 'NONE', #3863, #5151 ) ;
#1475 = CARTESIAN_POINT ( 'NONE',  ( 2.829708007022410765, -13.33214339829164885, -2.837718907390081480 ) ) ;
#1476 = CARTESIAN_POINT ( 'NONE',  ( -6.886715976649012916, -9.478251011698274553, 2.606627600753511409 ) ) ;
#1477 = EDGE_CURVE ( 'NONE', #5053, #1075, #4385, .T. ) ;
#1478 = ORIENTED_EDGE ( 'NONE', *, *, #3644, .T. ) ;
#1479 = LINE ( 'NONE', #2346, #2107 ) ;
#1480 = CARTESIAN_POINT ( 'NONE',  ( -8.489752665558761180, -4.338496820158747269, -3.310924406380583385 ) ) ;
#1481 = CARTESIAN_POINT ( 'NONE',  ( 15.56527679033762546, -10.61205525906083125, 9.307609004906959527 ) ) ;
#1482 = CARTESIAN_POINT ( 'NONE',  ( 19.66454917101568611, 0.001922479057969332184, -13.75881892923397132 ) ) ;
#1483 = CARTESIAN_POINT ( 'NONE',  ( -1.087094349636428481, -4.218636192137760865, 2.212688651226902614 ) ) ;
#1484 = ORIENTED_EDGE ( 'NONE', *, *, #3782, .F. ) ;
#1485 = DIRECTION ( 'NONE',  ( 0.000000000000000000, 0.000000000000000000, 1.000000000000000000 ) ) ;
#1486 = CARTESIAN_POINT ( 'NONE',  ( -3.631102569626043941, -3.082171308400447618, 2.903581953971269058 ) ) ;
#1487 = DIRECTION ( 'NONE',  ( 1.000000000000000000, 0.000000000000000000, 0.000000000000000000 ) ) ;
#1488 = CARTESIAN_POINT ( 'NONE',  ( -6.557440033933211510, -10.14246973968544197, 1.902645640743938493 ) ) ;
#1489 = CARTESIAN_POINT ( 'NONE',  ( -4.909179110670574886, -2.800621788326623118, -1.833268484101775009 ) ) ;
#1490 = CARTESIAN_POINT ( 'NONE',  ( 1.056425417871231787, 0.2549848934012620139, -0.3565670850468081743 ) ) ;
#1491 = CARTESIAN_POINT ( 'NONE',  ( 16.50880894792777909, 2.455759484058292141, -5.382467130414608114 ) ) ;
#1492 = EDGE_CURVE ( 'NONE', #289, #1211, #1948, .T. ) ;
#1493 = CARTESIAN_POINT ( 'NONE',  ( -22.93653017945684525, -10.22695668533829938, 9.481896567855050861 ) ) ;
#1494 = CYLINDRICAL_SURFACE ( 'NONE', #1679, 2.500000000000000444 ) ;
#1495 = ORIENTED_EDGE ( 'NONE', *, *, #3173, .T. ) ;
#1496 = CARTESIAN_POINT ( 'NONE',  ( 0.000000000000000000, 0.000000000000000000, 8.699999999999999289 ) ) ;
#1497 = CARTESIAN_POINT ( 'NONE',  ( 1.631286753272146006, 0.8838718278368916659, 28.04432671374786068 ) ) ;
#1498 = CARTESIAN_POINT ( 'NONE',  ( 0.000000000000000000, 0.000000000000000000, -8.608009253327193022 ) ) ;
#1499 = B_SPLINE_CURVE_WITH_KNOTS ( 'NONE', 3,
 ( #1199, #737, #1171, #5233, #2317, #2389, #302, #3608, #1926, #2004, #4782, #1120, #351, #2743, #4387, #4830, #665, #711, #2795, #279, #2765, #4430, #3995, #4044, #2289, #380, #3636, #2340, #4405, #326, #3584, #1146, #5158, #5204 ),
 .UNSPECIFIED., .F., .F.,
 ( 4, 2, 2, 2, 2, 2, 2, 2, 2, 2, 2, 2, 2, 2, 2, 2, 4 ),
 ( 0.000000000000000000, 0.001572013177281528359, 0.003144026354563056718, 0.004716039531844585728, 0.006288052709126115171, 0.007860065886407644614, 0.009432079063689173190, 0.01021808565232994008, 0.01100409224097070524, 0.01257610541825223381, 0.01414811859553376239, 0.01572013177281528576, 0.01729214495009681607, 0.01886415812737833944, 0.02043617130465986281, 0.02200818448194138965, 0.02515221083650443293 ),
 .UNSPECIFIED. ) ;
#1500 = VERTEX_POINT ( 'NONE', #2685 ) ;
#1501 = CARTESIAN_POINT ( 'NONE',  ( 7.914610284517677563, -13.54036222266159406, 0.5108930699847525903 ) ) ;
#1502 = EDGE_CURVE ( 'NONE', #3559, #4733, #3528, .T. ) ;
#1503 = CARTESIAN_POINT ( 'NONE',  ( -15.69205341468192927, 3.272220396851035051, -21.99468427608740484 ) ) ;
#1504 = ORIENTED_EDGE ( 'NONE', *, *, #2293, .F. ) ;
#1505 = CARTESIAN_POINT ( 'NONE',  ( -5.496998510493700252, 0.9468388815873615139, -6.735214478062974131 ) ) ;
#1506 = CARTESIAN_POINT ( 'NONE',  ( 13.80107161181411080, -4.832795488081091939, 15.51442093600280181 ) ) ;
#1507 = CARTESIAN_POINT ( 'NONE',  ( 5.522990665660954868, 37.09130927693833968, -5.476551537096455036 ) ) ;
#1508 = TOROIDAL_SURFACE ( 'NONE', #1856, -52.50000000000000000, 90.00000000000000000 ) ;
#1509 = CARTESIAN_POINT ( 'NONE',  ( 3.295413371059069618, -5.051607914587623149, -14.91370176753168586 ) ) ;
#1510 = B_SPLINE_CURVE_WITH_KNOTS ( 'NONE', 3,
 ( #3358, #2620, #3407, #4188 ),
 .UNSPECIFIED., .F., .F.,
 ( 4, 4 ),
 ( 2.852921668712975340E-07, 0.001429674706846536083 ),
 .UNSPECIFIED. ) ;
#1511 = EDGE_LOOP ( 'NONE', ( #5261, #4262 ) ) ;
#1512 = CARTESIAN_POINT ( 'NONE',  ( -7.289496120997682738, -12.05383882218370672, -5.512268391334985473 ) ) ;
#1513 = CARTESIAN_POINT ( 'NONE',  ( -6.550879949104549738, 0.1125369047058248917, 10.60238247035142933 ) ) ;
#1514 = CARTESIAN_POINT ( 'NONE',  ( 0.000000000000000000, 0.000000000000000000, 28.00000000000000000 ) ) ;
#1515 = CARTESIAN_POINT ( 'NONE',  ( -25.86746910451680392, -0.1940513619278305957, -12.73963797530796427 ) ) ;
#1516 = CARTESIAN_POINT ( 'NONE',  ( 11.59557654488349598, -11.73911222454284164, 4.879110461553868738 ) ) ;
#1517 = CARTESIAN_POINT ( 'NONE',  ( 0.000000000000000000, 0.000000000000000000, -66.49199074667275511 ) ) ;
#1518 = CARTESIAN_POINT ( 'NONE',  ( 21.70647231905612884, 3.843287445401811997, -0.2030073060511330685 ) ) ;
#1519 = PLANE ( 'NONE',  #298 ) ;
#1520 = ORIENTED_EDGE ( 'NONE', *, *, #4877, .T. ) ;
#1521 = CARTESIAN_POINT ( 'NONE',  ( 4.369491215777515869, 0.9806792778173165637, -3.464224723529856220 ) ) ;
#1522 = CARTESIAN_POINT ( 'NONE',  ( 8.685917938333817645, -9.824498009751478023, 5.048407383928560144 ) ) ;
#1523 = B_SPLINE_CURVE_WITH_KNOTS ( 'NONE', 3,
 ( #4674, #3320, #3713, #902, #55, #82, #3885, #3743, #2259, #4282, #2109, #2529, #1682, #5099, #3914, #1048, #4307, #222, #874, #615, #1018, #1710, #2498, #4968, #2635, #2941, #3349, #2665, #1441, #251, #1877, #3504, #4257, #1307 ),
 .UNSPECIFIED., .F., .F.,
 ( 4, 2, 2, 2, 2, 2, 2, 2, 2, 2, 2, 2, 2, 2, 2, 2, 4 ),
 ( 0.000000000000000000, 0.001572013177281526624, 0.003144026354563053249, 0.004716039531844579656, 0.006288052709126106497, 0.007860065886407634206, 0.009432079063689159312, 0.01021808565232992273, 0.01100409224097068615, 0.01257610541825221299, 0.01414811859553374157, 0.01572013177281526841, 0.01729214495009679525, 0.01886415812737831862, 0.02043617130465984547, 0.02200818448194137231, 0.02515221083650443293 ),
 .UNSPECIFIED. ) ;
#1524 = EDGE_CURVE ( 'NONE', #1765, #2021, #4836, .T. ) ;
#1525 = CARTESIAN_POINT ( 'NONE',  ( 14.72243186433541595, -8.500000000000065725, 6.500000000000000888 ) ) ;
#1526 = ORIENTED_EDGE ( 'NONE', *, *, #3660, .T. ) ;
#1527 = DIRECTION ( 'NONE',  ( 1.084202172485487054E-16, -1.877893248421459143E-16, -1.000000000000000000 ) ) ;
#1528 = AXIS2_PLACEMENT_3D ( 'NONE', #1309, #3836, #3401 ) ;
#1529 = CARTESIAN_POINT ( 'NONE',  ( -13.42522354337908475, 1.771105097221313152, -12.36547907453070572 ) ) ;
#1530 = VERTEX_POINT ( 'NONE', #5222 ) ;
#1531 = DIRECTION ( 'NONE',  ( -0.000000000000000000, 1.000000000000000000, -0.000000000000000000 ) ) ;
#1532 = CARTESIAN_POINT ( 'NONE',  ( -9.643623027020590044, 0.9825203831759526940, -8.747123608767321201 ) ) ;
#1533 = CARTESIAN_POINT ( 'NONE',  ( 13.19066573912077978, 0.02705657235490977267, -9.056598378927670723 ) ) ;
#1534 = EDGE_CURVE ( 'NONE', #303, #4804, #4408, .T. ) ;
#1535 = CARTESIAN_POINT ( 'NONE',  ( -9.612260003581074130, -18.29798436877446477, -11.39653218471294771 ) ) ;
#1536 = ORIENTED_EDGE ( 'NONE', *, *, #2368, .F. ) ;
#1537 = CARTESIAN_POINT ( 'NONE',  ( -30.51537138493674561, -16.46335734513501237, -30.98735561765780488 ) ) ;
#1538 = CARTESIAN_POINT ( 'NONE',  ( 4.000000000000000000, 39.29694644625712385, -5.987355617657803997 ) ) ;
#1539 = FACE_OUTER_BOUND ( 'NONE', #1820, .T. ) ;
#1540 = CARTESIAN_POINT ( 'NONE',  ( -20.70112487419542902, -5.367370474308287065, -0.1568408728967966015 ) ) ;
#1541 = CARTESIAN_POINT ( 'NONE',  ( -5.267012470760973564, -2.153204484517838857, -1.183448995532063508 ) ) ;
#1542 = CARTESIAN_POINT ( 'NONE',  ( -5.649164052501562949, 37.07223466220906261, -5.373301473556229446 ) ) ;
#1543 = CARTESIAN_POINT ( 'NONE',  ( 3.804605769292968898, 1.298414857384379895, -2.678833984877733609 ) ) ;
#1544 = SURFACE_SIDE_STYLE ('',( #4381 ) ) ;
#1545 = FACE_OUTER_BOUND ( 'NONE', #1927, .T. ) ;
#1546 = CARTESIAN_POINT ( 'NONE',  ( 2.355215556417363576, 0.2714858184318486023, 21.16363487290228207 ) ) ;
#1547 = AXIS2_PLACEMENT_3D ( 'NONE', #1115, #2740, #2337 ) ;
#1548 = CARTESIAN_POINT ( 'NONE',  ( -15.19693845669913834, -7.619255970453990834, -30.98735561765780488 ) ) ;
#1549 = CARTESIAN_POINT ( 'NONE',  ( 2.000000000000000000, 37.44662868670556577, -8.608009253327193022 ) ) ;
#1550 = ORIENTED_EDGE ( 'NONE', *, *, #4736, .F. ) ;
#1551 = CARTESIAN_POINT ( 'NONE',  ( -27.47864801952704283, 0.7823717797327409684, -9.634953112529993646 ) ) ;
#1552 = CARTESIAN_POINT ( 'NONE',  ( 6.433880215462232321, -4.957233931873915367, 3.291306630207238015 ) ) ;
#1553 = CARTESIAN_POINT ( 'NONE',  ( 4.805071792379271400, 39.20694398360424060, -1.114894200735677021 ) ) ;
#1554 = DIRECTION ( 'NONE',  ( 1.084202172485512816E-16, 1.877893248421443612E-16, -1.000000000000000000 ) ) ;
#1555 = CARTESIAN_POINT ( 'NONE',  ( -25.38604180732805915, 1.002503667588226399, -16.42425174810884059 ) ) ;
#1556 = CARTESIAN_POINT ( 'NONE',  ( 19.65800359008255427, 0.6684911378872266940, -13.76819031553787376 ) ) ;
#1557 = CARTESIAN_POINT ( 'NONE',  ( -8.771863253902171920, -15.31028005158636951, -6.031025498497124993 ) ) ;
#1558 = B_SPLINE_CURVE_WITH_KNOTS ( 'NONE', 3,
 ( #1202, #2676, #4048, #4862, #4433, #383 ),
 .UNSPECIFIED., .F., .F.,
 ( 4, 2, 4 ),
 ( 0.002602250585402095251, 0.01336834202803243235, 0.02413443347066276945 ),
 .UNSPECIFIED. ) ;
#1559 = ORIENTED_EDGE ( 'NONE', *, *, #2764, .T. ) ;
#1560 = CARTESIAN_POINT ( 'NONE',  ( -31.42973172877032439, -20.45536515092137364, -7.735807271117632666 ) ) ;
#1561 = DIRECTION ( 'NONE',  ( -0.000000000000000000, -0.000000000000000000, -1.000000000000000000 ) ) ;
#1562 = CARTESIAN_POINT ( 'NONE',  ( -5.631976789310075837, -9.784899896374565031, 2.494591083922165442 ) ) ;
#1563 = CARTESIAN_POINT ( 'NONE',  ( -13.49766478834350103, -6.447695287019660881, -0.7794550127879339430 ) ) ;
#1564 = CARTESIAN_POINT ( 'NONE',  ( 1.942007032976838188, -12.11645439348209585, -3.774434362810879406 ) ) ;
#1565 =( BOUNDED_CURVE ( )  B_SPLINE_CURVE ( 3, ( #762, #2388, #817, #2003 ),
 .UNSPECIFIED., .F., .F. ) 
 B_SPLINE_CURVE_WITH_KNOTS ( ( 4, 4 ),
 ( 4.645672831974464678, 4.712388980384689674 ),
 .UNSPECIFIED. ) 
 CURVE ( )  GEOMETRIC_REPRESENTATION_ITEM ( )  RATIONAL_B_SPLINE_CURVE ( ( 1.000000000000000000, 0.9996291140226467586, 0.9996291140226467586, 1.000000000000000000 ) ) 
 REPRESENTATION_ITEM ( '' )  );
#1566 = CARTESIAN_POINT ( 'NONE',  ( -5.249390470077353932, 37.13102033401738566, -5.658886970115278636 ) ) ;
#1567 = CARTESIAN_POINT ( 'NONE',  ( -3.829613161851037173, -6.176048413303225182, -5.731942008660857901 ) ) ;
#1568 = CARTESIAN_POINT ( 'NONE',  ( -36.92112083541179146, 0.8345600004225358637, -12.40733730946272750 ) ) ;
#1569 = DIRECTION ( 'NONE',  ( -0.000000000000000000, -0.000000000000000000, 1.000000000000000000 ) ) ;
#1570 = CARTESIAN_POINT ( 'NONE',  ( 11.31780820435136725, -10.19305837129770431, 6.449851176154529853 ) ) ;
#1571 = DIRECTION ( 'NONE',  ( 0.000000000000000000, 0.000000000000000000, 1.000000000000000000 ) ) ;
#1572 = DIRECTION ( 'NONE',  ( 1.000000000000000000, 0.000000000000000000, 0.000000000000000000 ) ) ;
#1573 = ORIENTED_EDGE ( 'NONE', *, *, #4884, .T. ) ;
#1574 = CARTESIAN_POINT ( 'NONE',  ( -18.17239913644287697, -12.11041746655944351, 7.966428191625428035 ) ) ;
#1575 = CARTESIAN_POINT ( 'NONE',  ( -5.113086124393539045, -0.1547074841421968716, -6.882639276327251920 ) ) ;
#1576 = ADVANCED_FACE ( 'NONE', ( #2355 ), #4773, .T. ) ;
#1577 = CARTESIAN_POINT ( 'NONE',  ( -11.79711061922316340, 0.9801582820490081227, -9.744558037470062217 ) ) ;
#1578 = CARTESIAN_POINT ( 'NONE',  ( -5.226601457770673420, 0.9988448233131329568, 22.98826870126684341 ) ) ;
#1579 = DIRECTION ( 'NONE',  ( -0.000000000000000000, -0.000000000000000000, 1.000000000000000000 ) ) ;
#1580 = CARTESIAN_POINT ( 'NONE',  ( 3.001913409776165498, -3.474504469951120722, 12.99220635889301967 ) ) ;
#1581 = B_SPLINE_SURFACE_WITH_KNOTS ( 'NONE', 3, 3, ( 
 ( #3235, #1947, #3586, #5207, #2366, #4022, #3538, #5160, #382, #1551, #3204, #4760, #3640, #3180, #4805, #1148 ),
 ( #3610, #1574, #5262, #4832, #4861, #1097, #2106, #1707, #2938, #1626, #3345, #2134, #3371, #3291, #1229, #1678 ),
 ( #1738, #4561, #2053, #3263, #2526, #4939, #4179, #112, #4098, #870, #2446, #898, #2907, #4486, #4913, #2882 ),
 ( #507, #4991, #3773, #2496, #4888, #4536, #4125, #26, #1331, #3741, #2964, #4511, #4964, #843, #4593, #2856 ) ),
 .UNSPECIFIED., .F., .F., .F.,
 ( 4, 4 ),
 ( 4, 1, 1, 1, 1, 1, 1, 1, 1, 1, 1, 1, 1, 4 ),
 ( 0.000000000000000000, 1.000000000000000000 ),
 ( 0.000000000000000000, 0.09722584472561171531, 0.1907906832668594121, 0.2361128114755688678, 0.3236232858377472432, 0.4075240382250177040, 0.4886616098702014632, 0.5680596470140975018, 0.6466491649768620897, 0.7250743915661617134, 0.8036450302186227690, 0.8430214699481450857, 0.9215689236558987085, 1.000000000000000000 ),
 .UNSPECIFIED. ) ;
#1582 = CARTESIAN_POINT ( 'NONE',  ( -6.831933837495628659, 0.1331423366715958623, 7.992583047463162949 ) ) ;
#1583 = EDGE_CURVE ( 'NONE', #2322, #606, #4815, .T. ) ;
#1584 = CARTESIAN_POINT ( 'NONE',  ( -2.819231312024967906, -8.699585810882538794, -10.30021594414333563 ) ) ;
#1585 = ORIENTED_EDGE ( 'NONE', *, *, #2286, .F. ) ;
#1586 = CARTESIAN_POINT ( 'NONE',  ( 1.620164106834170559, -6.375919918756345339, -22.95817941951056085 ) ) ;
#1587 = CARTESIAN_POINT ( 'NONE',  ( 17.33646751181608181, 0.8883941973166025186, -16.60738441064278348 ) ) ;
#1588 = CARTESIAN_POINT ( 'NONE',  ( 7.326563307128173719, -1.104671112513547548, 19.08923331457835104 ) ) ;
#1589 = CARTESIAN_POINT ( 'NONE',  ( -8.627652950897408246, -3.856911377173971811, -2.419501143922528907 ) ) ;
#1590 = CARTESIAN_POINT ( 'NONE',  ( -6.107505216523600566, -17.33100612497764459, 6.031929630554853539 ) ) ;
#1591 = CARTESIAN_POINT ( 'NONE',  ( -1.477535502926748290, -7.352107596747313067, -4.580936122890229889 ) ) ;
#1592 = CARTESIAN_POINT ( 'NONE',  ( -25.37877753409860659, 0.002673960150332530244, -16.43978288927701925 ) ) ;
#1593 = AXIS2_PLACEMENT_3D ( 'NONE', #5284, #1170, #3583 ) ;
#1594 = CARTESIAN_POINT ( 'NONE',  ( -7.810938390971035261, -13.31662784677689082, -9.783675489288944149 ) ) ;
#1595 = ORIENTED_EDGE ( 'NONE', *, *, #4489, .T. ) ;
#1596 = CARTESIAN_POINT ( 'NONE',  ( -14.30386854514580008, -9.224972935021165554, 4.089075281467099643 ) ) ;
#1597 = AXIS2_PLACEMENT_3D ( 'NONE', #95, #820, #434 ) ;
#1598 = CARTESIAN_POINT ( 'NONE',  ( -0.8157475229750099643, 0.7455642059420704015, 26.62692813224301958 ) ) ;
#1599 = AXIS2_PLACEMENT_3D ( 'NONE', #1345, #1401, #976 ) ;
#1600 = ADVANCED_FACE ( 'NONE', ( #1539 ), #5253, .F. ) ;
#1601 = CARTESIAN_POINT ( 'NONE',  ( 15.79717992577864294, 0.02707647111530457618, -10.95324334770847408 ) ) ;
#1602 = CARTESIAN_POINT ( 'NONE',  ( -4.015505832111032625, -10.56492800640687335, 2.888783467630565038 ) ) ;
#1603 = CARTESIAN_POINT ( 'NONE',  ( 15.14099518352515794, -7.775027064978771385, 4.089075281467101419 ) ) ;
#1604 = ORIENTED_EDGE ( 'NONE', *, *, #607, .T. ) ;
#1605 = CARTESIAN_POINT ( 'NONE',  ( -13.85640646055109038, -7.999999999999870326, -0.6999999999999992895 ) ) ;
#1606 = AXIS2_PLACEMENT_3D ( 'NONE', #1315, #3029, #911 ) ;
#1607 = CARTESIAN_POINT ( 'NONE',  ( -12.68002892551912097, 3.405253260465397336, -16.23074711651018021 ) ) ;
#1608 = CARTESIAN_POINT ( 'NONE',  ( 0.000000000000000000, 0.000000000000000000, -8.608009253327193022 ) ) ;
#1609 = CARTESIAN_POINT ( 'NONE',  ( 2.137564970743890402, -0.1078222789652832497, 31.99137822034991885 ) ) ;
#1610 = CARTESIAN_POINT ( 'NONE',  ( 5.976006080849082025, -3.538554967268325857, -21.25776330431933658 ) ) ;
#1611 = ORIENTED_EDGE ( 'NONE', *, *, #2152, .F. ) ;
#1612 = PLANE ( 'NONE',  #4288 ) ;
#1613 = CARTESIAN_POINT ( 'NONE',  ( -5.523285111655473756, 39.11217121900886440, -5.476328958680906744 ) ) ;
#1614 = CARTESIAN_POINT ( 'NONE',  ( -8.185150315622829353, 0.9648849661769344221, -1.901239902367150014 ) ) ;
#1615 = CARTESIAN_POINT ( 'NONE',  ( -2.392025803892463109, -1.614660368144316349, -1.665227234975967363 ) ) ;
#1616 = CARTESIAN_POINT ( 'NONE',  ( -12.25481784269284091, 2.483694480030478324, -16.12287265821995774 ) ) ;
#1617 = CARTESIAN_POINT ( 'NONE',  ( -31.42973172877033150, -20.45536515092137719, -8.608009253327193022 ) ) ;
#1618 = CARTESIAN_POINT ( 'NONE',  ( -2.547609073472238528, 1.053434781489144267, 1.304020441578914058 ) ) ;
#1619 = DIRECTION ( 'NONE',  ( 1.000000000000000000, 0.000000000000000000, 0.000000000000000000 ) ) ;
#1620 = CARTESIAN_POINT ( 'NONE',  ( -7.800565930471708320, 1.238729356175049867, 22.57663892836450970 ) ) ;
#1621 = CARTESIAN_POINT ( 'NONE',  ( -25.02427010983595679, -4.263105062241167253, 2.759727567237878265 ) ) ;
#1622 = CARTESIAN_POINT ( 'NONE',  ( -15.84244970204922964, -12.39060225651677882, 7.383785471651707510 ) ) ;
#1623 = CARTESIAN_POINT ( 'NONE',  ( 21.94398339389728392, 0.8525018599121050311, -26.57975986694323112 ) ) ;
#1624 = CARTESIAN_POINT ( 'NONE',  ( -6.500136664928961139, 36.93234657257445264, -3.325737140268825609 ) ) ;
#1625 = ORIENTED_EDGE ( 'NONE', *, *, #4877, .F. ) ;
#1626 = CARTESIAN_POINT ( 'NONE',  ( -27.47003846324975740, 0.3828183844101030742, -9.653360082237254503 ) ) ;
#1627 = FILL_AREA_STYLE_COLOUR ( '', #4789 ) ;
#1628 = VECTOR ( 'NONE', #3058, 1000.000000000000000 ) ;
#1629 = CARTESIAN_POINT ( 'NONE',  ( -5.161900917975136949, 1.002503667588226399, 23.90782884264815422 ) ) ;
#1630 = CARTESIAN_POINT ( 'NONE',  ( 13.30571502165659581, -13.91247437727667347, 5.079414683364600336 ) ) ;
#1631 = CARTESIAN_POINT ( 'NONE',  ( -10.44405410704285053, -9.794068910070294010, -0.3291210904254397995 ) ) ;
#1632 = ORIENTED_EDGE ( 'NONE', *, *, #3970, .F. ) ;
#1633 = FACE_OUTER_BOUND ( 'NONE', #3124, .T. ) ;
#1634 = CARTESIAN_POINT ( 'NONE',  ( -6.419656299355423812, 38.97485178013766216, -4.137131812663528585 ) ) ;
#1635 = CARTESIAN_POINT ( 'NONE',  ( -16.42976413220817022, 4.483156059740644572, 13.51424097640871302 ) ) ;
#1636 = CARTESIAN_POINT ( 'NONE',  ( 1.978648322373743884, -4.932528226960693374, -23.10804782682559733 ) ) ;
#1637 = CARTESIAN_POINT ( 'NONE',  ( -13.21964563904041867, 3.638291428445112441, -25.87745058429520739 ) ) ;
#1638 = B_SPLINE_CURVE_WITH_KNOTS ( 'NONE', 3,
 ( #3351, #4182, #2531, #3431, #509, #2913, #2615, #116, #1745, #4995, #936, #2968, #4598, #2166, #3808, #969, #142, #5050, #1773, #566, #2642, #1854, #3947, #1475, #3458, #3510, #4706, #3893 ),
 .UNSPECIFIED., .F., .F.,
 ( 4, 2, 2, 2, 2, 2, 2, 2, 2, 2, 2, 2, 2, 4 ),
 ( 4.201283418381329682E-19, 0.001398815899024444601, 0.002797631798048888768, 0.005595263596097773198, 0.006994079495122214329, 0.008392895394146653726, 0.01119052719219553772, 0.01398815899024442345, 0.01538697488926886459, 0.01608638283878108602, 0.01678579078829330398, 0.01958342258634218624, 0.02098223848536662564, 0.02238105438439106157 ),
 .UNSPECIFIED. ) ;
#1639 = CARTESIAN_POINT ( 'NONE',  ( -0.8165395122151063445, -5.162864297018760595, -6.246994372930044115 ) ) ;
#1640 = LINE ( 'NONE', #4931, #3228 ) ;
#1641 = CARTESIAN_POINT ( 'NONE',  ( -7.308208725462344013, 1.051536166940205463, 26.52489194767204950 ) ) ;
#1642 = FACE_OUTER_BOUND ( 'NONE', #1885, .T. ) ;
#1643 = AXIS2_PLACEMENT_3D ( 'NONE', #1047, #2664, #4727 ) ;
#1644 = CARTESIAN_POINT ( 'NONE',  ( -17.29041247384234481, -11.72257082583454313, 7.613167379004797120 ) ) ;
#1645 = EDGE_CURVE ( 'NONE', #488, #4655, #4384, .T. ) ;
#1646 = CARTESIAN_POINT ( 'NONE',  ( -12.13019327533733716, -13.47889451932318217, 6.727946615334206903 ) ) ;
#1647 = CARTESIAN_POINT ( 'NONE',  ( 13.53970668900697838, 1.120992989235949588, -24.14426815673540361 ) ) ;
#1648 = STYLED_ITEM ( 'NONE', ( #3532 ), #236 ) ;
#1649 = ORIENTED_EDGE ( 'NONE', *, *, #4380, .T. ) ;
#1650 = CARTESIAN_POINT ( 'NONE',  ( 0.7583961984913311083, -5.843651726827313375, -23.19474334570522700 ) ) ;
#1651 = CARTESIAN_POINT ( 'NONE',  ( -4.357188654994631705, -7.561569414556494451, -7.046825390787168075 ) ) ;
#1652 =( LENGTH_UNIT ( ) NAMED_UNIT ( * ) SI_UNIT ( .MILLI., .METRE. ) );
#1653 = CARTESIAN_POINT ( 'NONE',  ( 7.413611249546839588, -18.29798436877446477, -2.626195258525770182 ) ) ;
#1654 = ADVANCED_FACE ( 'NONE', ( #2227 ), #2567, .T. ) ;
#1655 = CARTESIAN_POINT ( 'NONE',  ( 16.73004526772811928, -0.08869733029911845701, -13.16172045223957454 ) ) ;
#1656 = EDGE_CURVE ( 'NONE', #390, #2213, #5028, .T. ) ;
#1657 = CARTESIAN_POINT ( 'NONE',  ( -22.45450372234442327, -5.492588117585770036, 2.813005920140056570 ) ) ;
#1658 = ORIENTED_EDGE ( 'NONE', *, *, #1904, .F. ) ;
#1659 = CARTESIAN_POINT ( 'NONE',  ( 15.10640646055099268, -5.834936490538972897, -0.6999999999999987343 ) ) ;
#1660 = CYLINDRICAL_SURFACE ( 'NONE', #2970, 30.00000000000000000 ) ;
#1661 = CARTESIAN_POINT ( 'NONE',  ( 12.07331617300655680, -12.95909822123573640, 4.455670435655848749 ) ) ;
#1662 = CARTESIAN_POINT ( 'NONE',  ( -6.869181680017640623, -7.340824806732156205, -2.733004221811697665 ) ) ;
#1663 = CARTESIAN_POINT ( 'NONE',  ( 0.000000000000000000, 0.000000000000000000, -34.00000000000000000 ) ) ;
#1664 = CARTESIAN_POINT ( 'NONE',  ( 1.976993206675413894, -6.767181691424878132, 1.247200910352836090 ) ) ;
#1665 = EDGE_CURVE ( 'NONE', #3099, #620, #3920, .T. ) ;
#1666 = CARTESIAN_POINT ( 'NONE',  ( 21.61119095989730710, 4.605774040146421555, 1.279777235433066984 ) ) ;
#1667 = PRODUCT_DEFINITION_SHAPE ( 'NONE', 'NONE',  #3917 ) ;
#1668 = CARTESIAN_POINT ( 'NONE',  ( -7.481621694383812304, 0.2549848934012616253, 1.093174791603475526 ) ) ;
#1669 = CARTESIAN_POINT ( 'NONE',  ( -5.735526082772451240, -12.39060225651678238, -17.41185663597765299 ) ) ;
#1670 = ORIENTED_EDGE ( 'NONE', *, *, #2883, .F. ) ;
#1671 = CARTESIAN_POINT ( 'NONE',  ( -0.5076520569142423112, -2.176233095845388377, 8.973168491717078865 ) ) ;
#1672 = CARTESIAN_POINT ( 'NONE',  ( -33.28573519505131628, -17.29177741800537405, 1.696882658393873644 ) ) ;
#1673 = CARTESIAN_POINT ( 'NONE',  ( -20.31143350419976557, -9.694877857587806957, 7.240401886130150899 ) ) ;
#1674 = AXIS2_PLACEMENT_3D ( 'NONE', #1042, #2687, #957 ) ;
#1675 = CARTESIAN_POINT ( 'NONE',  ( 7.246915273136591118, -1.060382591049528589, -26.55313650113425084 ) ) ;
#1676 = CARTESIAN_POINT ( 'NONE',  ( -6.245044417005691351, 36.97639073782968211, -4.599292511487016455 ) ) ;
#1677 = ORIENTED_EDGE ( 'NONE', *, *, #1743, .F. ) ;
#1678 = CARTESIAN_POINT ( 'NONE',  ( -21.19363990950389720, 1.129611997261523282, -22.63573138974795285 ) ) ;
#1679 = AXIS2_PLACEMENT_3D ( 'NONE', #4425, #4753, #3992 ) ;
#1680 = EDGE_CURVE ( 'NONE', #3161, #1473, #3792, .T. ) ;
#1681 = PLANE ( 'NONE',  #4874 ) ;
#1682 = CARTESIAN_POINT ( 'NONE',  ( -27.58651571110725698, 0.4084679293086921903, -7.926106998762625366 ) ) ;
#1683 = APPLICATION_PROTOCOL_DEFINITION ( 'draft international standard', 'automotive_design', 1998, #669 ) ;
#1684 = CARTESIAN_POINT ( 'NONE',  ( 5.276582965090655719, -0.3747472192043024286, 26.53084211862675090 ) ) ;
#1685 = CARTESIAN_POINT ( 'NONE',  ( 19.66585787613234260, 3.318053518407177993, -0.1147806156743530898 ) ) ;
#1686 = CARTESIAN_POINT ( 'NONE',  ( -10.30907990077940717, -13.98825530142149631, -4.298177543863912931 ) ) ;
#1687 = CARTESIAN_POINT ( 'NONE',  ( -27.85318117107701497, -2.970904609107641647, 2.782419543251134719 ) ) ;
#1688 = CARTESIAN_POINT ( 'NONE',  ( 32.49803095857648572, -16.45334584530861477, -22.92914122119721299 ) ) ;
#1689 = CARTESIAN_POINT ( 'NONE',  ( -6.500133909116171615, 38.96149713733063180, -3.648945623551528517 ) ) ;
#1690 = CARTESIAN_POINT ( 'NONE',  ( 9.596875922415627258, -2.507097935991069004, 16.93240703315437656 ) ) ;
#1691 = ADVANCED_FACE ( 'NONE', ( #5086 ), #4714, .T. ) ;
#1692 = CARTESIAN_POINT ( 'NONE',  ( -7.499397600428691746, -10.03023637219798125, -3.899771584695975513 ) ) ;
#1693 = CARTESIAN_POINT ( 'NONE',  ( -12.70443406070489090, 0.6816990638073945341, -11.87257942081486028 ) ) ;
#1694 = CARTESIAN_POINT ( 'NONE',  ( -1.667587606646897314, 16.92132383776531412, -30.31976801101090757 ) ) ;
#1695 = DIRECTION ( 'NONE',  ( 1.000000000000000000, 0.000000000000000000, -0.000000000000000000 ) ) ;
#1696 = CARTESIAN_POINT ( 'NONE',  ( -7.905087371427562459, -13.04281700363781304, -8.835351584955480675 ) ) ;
#1697 = UNCERTAINTY_MEASURE_WITH_UNIT (LENGTH_MEASURE( 1.000000000000000082E-05 ), #2818, 'distance_accuracy_value', 'NONE');
#1698 = ORIENTED_EDGE ( 'NONE', *, *, #1823, .T. ) ;
#1699 = CARTESIAN_POINT ( 'NONE',  ( -4.299874306210570651, -3.221300918814675729, -3.369743146597258487 ) ) ;
#1700 = PLANE ( 'NONE',  #144 ) ;
#1701 = CARTESIAN_POINT ( 'NONE',  ( -3.864034287123999434, -1.640629583125023938, -3.413273402266462586 ) ) ;
#1702 = CARTESIAN_POINT ( 'NONE',  ( -9.566102689724262476, -17.51589207941778881, -15.66894757320873310 ) ) ;
#1703 = ADVANCED_FACE ( 'NONE', ( #5186 ), #2272, .T. ) ;
#1704 = CARTESIAN_POINT ( 'NONE',  ( 31.41873831450811494, -20.44901810023837641, -6.862260818968694664 ) ) ;
#1705 = CARTESIAN_POINT ( 'NONE',  ( -6.166746379296990987, 36.98959115016725008, -4.745203999351448765 ) ) ;
#1706 = ORIENTED_EDGE ( 'NONE', *, *, #28, .F. ) ;
#1707 = CARTESIAN_POINT ( 'NONE',  ( -27.45724778200923666, -1.104671112513547548, -3.199626710881342095 ) ) ;
#1708 = CARTESIAN_POINT ( 'NONE',  ( -5.161796145870817476, 1.008441153890148101, 23.90792435189461074 ) ) ;
#1709 = ADVANCED_FACE ( 'NONE', ( #3568 ), #4788, .T. ) ;
#1710 = CARTESIAN_POINT ( 'NONE',  ( -27.27219313656375732, -1.174913615523085042, -2.444441847948428226 ) ) ;
#1711 = ITEM_DEFINED_TRANSFORMATION ( 'NONE', 'NONE', #196,  #2817 ) ;
#1712 = FACE_BOUND ( 'NONE', #2452, .T. ) ;
#1713 = CARTESIAN_POINT ( 'NONE',  ( 3.104502387006601527, -11.29436899910391823, -0.3218701906991601747 ) ) ;
#1714 = B_SPLINE_SURFACE_WITH_KNOTS ( 'NONE', 3, 3, ( 
 ( #3342, #4534, #2026, #4936, #4121, #4886, #49, #1227, #1675, #895, #4961, #4176, #504, #1623, #2051 ),
 ( #2467, #840, #4071, #405, #2131, #4911, #4458, #1300, #2494, #2078, #4988, #109, #3261, #2879, #4507 ),
 ( #3315, #3709, #451, #3739, #4558, #3368, #792, #76, #1272, #4364, #1647, #4482, #4147, #2103, #23 ),
 ( #476, #1702, #2826, #2521, #818, #2443, #3685, #960, #4697, #4200, #3502, #2237, #584, #555, #2158 ),
 ( #2577, #249, #928, #637, #531, #3392, #2605, #3913, #1847, #3450, #2258, #4616, #4671, #3800, #3857 ),
 ( #1328, #2551, #1763, #1016, #613, #3828, #5014, #5041, #5069, #1876, #1410, #3045, #1359, #136, #4229 ),
 ( #2988, #2960, #3884, #2210, #2182, #163, #2633, #1791, #4590, #3423, #1390, #3017, #4644, #4255, #989 ),
 ( #4280, #195, #1817, #221, #3473, #5097, #1439, #3070, #1044, #2663, #4306, #4402, #4039, #3195, #4822 ),
 ( #5197, #4354, #4750, #1941, #1567, #3121, #728, #5226, #4799, #2359, #344, #4328, #4013, #1162, #756 ),
 ( #3940, #4379, #1922, #4422, #1965, #1090, #663, #2787, #2335, #2382, #370, #1491, #3578, #5153, #3600 ),
 ( #1899, #2309, #1995, #2714, #5125, #274, #1465, #1543, #2284, #3170, #1114, #3530, #3991, #683, #319 ),
 ( #3097, #4725, #2737, #1140, #707, #1071, #3554, #2758, #2689, #3964, #297, #5176, #3145, #1518, #4776 ),
 ( #2071, #2512, #811, #2094, #423, #1618, #862, #446, #4451, #2020, #2898, #4474, #2434, #1666, #3655 ),
 ( #3249, #2459, #4879, #3700, #69, #1219, #4524, #3729, #3307, #2487, #4140, #2815, #468, #3334, #4552 ) ),
 .UNSPECIFIED., .F., .F., .F.,
 ( 4, 1, 1, 1, 1, 1, 1, 1, 1, 1, 1, 4 ),
 ( 4, 1, 1, 1, 1, 1, 1, 1, 1, 1, 1, 1, 4 ),
 ( -0.01358241894323341907, -0.01115361894323341901, -0.008724818943233418958, -0.006296018943233418902, -0.002652818943233417950, -0.0002240189432334196290, 0.002204781056766582162, 0.004633581056766580483, 0.008276781056766583169, 0.01070558105676658149, 0.01313438105676657981, 0.01556318105676658160 ),
 ( -0.01434031437954671855, -0.01118695789437761448, -0.008033601409208512151, -0.004880244924039408086, -0.001726888438870304021, 0.001426468046298800044, 0.004579824531467902374, 0.007733181016637008173, 0.01088653750180611050, 0.01403989398697521283, 0.01719325047214431690, 0.02034660695731341923, 0.02349996344248252156 ),
 .UNSPECIFIED. ) ;
#1715 = AXIS2_PLACEMENT_3D ( 'NONE', #3031, #1803, #2540 ) ;
#1716 = CARTESIAN_POINT ( 'NONE',  ( 16.41427347756716770, 3.643708106506422517, -0.2554146910395815873 ) ) ;
#1717 = CARTESIAN_POINT ( 'NONE',  ( 19.86773468878464755, 0.2403421282323012775, -10.75535117482202807 ) ) ;
#1718 = EDGE_LOOP ( 'NONE', ( #111, #5106, #3849, #700 ) ) ;
#1719 = AXIS2_PLACEMENT_3D ( 'NONE', #273, #583, #1898 ) ;
#1720 = CARTESIAN_POINT ( 'NONE',  ( 1.187415612266043086, 0.4538181286945092152, -0.7094824876206192732 ) ) ;
#1721 = CARTESIAN_POINT ( 'NONE',  ( -21.88811883664445901, 0.02298727445705190872, -14.88277223009268901 ) ) ;
#1722 = PLANE ( 'NONE',  #3775 ) ;
#1723 = CARTESIAN_POINT ( 'NONE',  ( 2.859935734913472416, -4.263105062241167253, -23.05151740990053000 ) ) ;
#1724 = CARTESIAN_POINT ( 'NONE',  ( -14.56607218438079343, 2.867903200958540566, -25.18723863120601081 ) ) ;
#1725 = CARTESIAN_POINT ( 'NONE',  ( -3.653757782973091839, -5.954591377804275609, -3.850891601733672509 ) ) ;
#1726 = CARTESIAN_POINT ( 'NONE',  ( 0.8784102154300204024, -10.56492800640686980, -4.256115812248782326 ) ) ;
#1727 = CARTESIAN_POINT ( 'NONE',  ( -9.917911531167192152, -14.28097335783611044, 5.483138791331072071 ) ) ;
#1728 = ORIENTED_EDGE ( 'NONE', *, *, #1492, .F. ) ;
#1729 = CARTESIAN_POINT ( 'NONE',  ( -6.602208267792130769, -5.285392856438852149, 0.4803986000647100241 ) ) ;
#1730 = EDGE_CURVE ( 'NONE', #3670, #327, #3171, .T. ) ;
#1731 = ORIENTED_EDGE ( 'NONE', *, *, #2136, .T. ) ;
#1732 = CARTESIAN_POINT ( 'NONE',  ( -16.59432329776793225, 2.642642484090704791, 21.04462560932630311 ) ) ;
#1733 = CARTESIAN_POINT ( 'NONE',  ( -24.91653958107649913, -5.064252818088201380, 2.529402970295195008 ) ) ;
#1734 = CARTESIAN_POINT ( 'NONE',  ( 1.340340131614674357, -0.3197247579725501776, 22.40151670153307251 ) ) ;
#1735 = CARTESIAN_POINT ( 'NONE',  ( 2.000000000000000444, 36.36449260898169911, -22.97688446684167474 ) ) ;
#1736 = DIRECTION ( 'NONE',  ( 0.000000000000000000, 0.7559289460184525078, 0.6546536707079794182 ) ) ;
#1737 = VERTEX_POINT ( 'NONE', #1062 ) ;
#1738 = CARTESIAN_POINT ( 'NONE',  ( -17.05755453720237824, -13.28198313638729999, 8.014096900313807836 ) ) ;
#1739 = CARTESIAN_POINT ( 'NONE',  ( -33.98129043433324625, 4.161507856130277975E-15, -40.32222875080931601 ) ) ;
#1740 = CIRCLE ( 'NONE', #3103, 5.000000000000000000 ) ;
#1741 = CARTESIAN_POINT ( 'NONE',  ( -5.167604356898797491, 0.6684911378872266940, 23.90842565446613577 ) ) ;
#1742 = EDGE_CURVE ( 'NONE', #1211, #4021, #2139, .T. ) ;
#1743 = EDGE_CURVE ( 'NONE', #439, #2445, #1775, .T. ) ;
#1744 = SHAPE_DEFINITION_REPRESENTATION ( #4525, #4169 ) ;
#1745 = CARTESIAN_POINT ( 'NONE',  ( 11.55586528928496648, -11.65973301370296689, 6.315337758735642737 ) ) ;
#1746 = CARTESIAN_POINT ( 'NONE',  ( -9.426692570148723860, 0.05889267898024355685, 25.31179360776669185 ) ) ;
#1747 = CARTESIAN_POINT ( 'NONE',  ( -27.63169382417046194, -0.5400347785242780585, -4.423649947578502051 ) ) ;
#1748 = EDGE_LOOP ( 'NONE', ( #3618, #3869 ) ) ;
#1749 = LINE ( 'NONE', #4656, #3930 ) ;
#1750 = CARTESIAN_POINT ( 'NONE',  ( 12.47837972655291239, -8.974228679023841693, 9.950199359237396735 ) ) ;
#1751 = CARTESIAN_POINT ( 'NONE',  ( 0.7137930661712885705, -6.317939530669764103, -23.07828263145265879 ) ) ;
#1752 = DIRECTION ( 'NONE',  ( 1.000000000000000000, 0.000000000000000000, 0.000000000000000000 ) ) ;
#1753 = ADVANCED_FACE ( 'NONE', ( #4004 ), #4866, .F. ) ;
#1754 = CARTESIAN_POINT ( 'NONE',  ( 5.249390470077356596, 37.13102033401737856, -1.315824265200327137 ) ) ;
#1755 = B_SPLINE_CURVE_WITH_KNOTS ( 'NONE', 3,
 ( #1866, #2680, #5118, #1457 ),
 .UNSPECIFIED., .F., .F.,
 ( 4, 4 ),
 ( 0.0002424179751230867220, 0.001910459308459705463 ),
 .UNSPECIFIED. ) ;
#1756 = CARTESIAN_POINT ( 'NONE',  ( -27.04883369723297193, -0.1813283365896054822, -11.54759597422241058 ) ) ;
#1757 = ORIENTED_EDGE ( 'NONE', *, *, #3503, .F. ) ;
#1758 = CARTESIAN_POINT ( 'NONE',  ( -9.330809414578395078, -6.767181691424878132, 1.088525884913817521 ) ) ;
#1759 = CARTESIAN_POINT ( 'NONE',  ( -3.997687523953600941, -4.957233931873915367, -13.50681116468621568 ) ) ;
#1760 = CARTESIAN_POINT ( 'NONE',  ( -11.20133604442014175, -15.62885479843210668, 6.990895757340699568 ) ) ;
#1761 = CARTESIAN_POINT ( 'NONE',  ( -2.507615826736120823, -4.012938002519169878, -2.671395734929674415 ) ) ;
#1762 = CARTESIAN_POINT ( 'NONE',  ( 7.720385306911770051, -2.180747122671460314, 18.56895344930442349 ) ) ;
#1763 = CARTESIAN_POINT ( 'NONE',  ( -7.991095193500524552, -14.12896190303402122, -10.75658928338040532 ) ) ;
#1764 = CARTESIAN_POINT ( 'NONE',  ( -29.19527573201801474, -19.16530137970407921, -29.98735561765780488 ) ) ;
#1765 = VERTEX_POINT ( 'NONE', #805 ) ;
#1766 = CARTESIAN_POINT ( 'NONE',  ( 22.58364599417312490, 1.014853048168251615, -8.056138825899543221 ) ) ;
#1767 = PRODUCT ( 'Neck', 'Neck', '', ( #3744 ) ) ;
#1768 = CARTESIAN_POINT ( 'NONE',  ( 10.77165143194242347, -18.55472397796601669, -1.287424950207139762 ) ) ;
#1769 = ADVANCED_FACE ( 'NONE', ( #4108 ), #4997, .F. ) ;
#1770 = CIRCLE ( 'NONE', #1674, 33.42822569215917383 ) ;
#1771 = CARTESIAN_POINT ( 'NONE',  ( 37.50000000000000000, 0.000000000000000000, 3.499999999999999556 ) ) ;
#1772 = EDGE_LOOP ( 'NONE', ( #1433, #4124 ) ) ;
#1773 = CARTESIAN_POINT ( 'NONE',  ( 6.076390681726156373, -14.28097335783610866, -0.4416601952743804960 ) ) ;
#1774 = CARTESIAN_POINT ( 'NONE',  ( -3.539491500975158633, -6.767181691424878132, -8.624980933352789592 ) ) ;
#1775 =( BOUNDED_CURVE ( )  B_SPLINE_CURVE ( 3, ( #3517, #2773, #2324, #4412 ),
 .UNSPECIFIED., .F., .T. ) 
 B_SPLINE_CURVE_WITH_KNOTS ( ( 4, 4 ),
 ( 1.423202221135863921, 1.570796326794896558 ),
 .UNSPECIFIED. ) 
 CURVE ( )  GEOMETRIC_REPRESENTATION_ITEM ( )  RATIONAL_B_SPLINE_CURVE ( ( 1.000000000000000000, 0.9981854887086412109, 0.9981854887086412109, 1.000000000000000000 ) ) 
 REPRESENTATION_ITEM ( '' )  );
#1776 = CARTESIAN_POINT ( 'NONE',  ( -13.07760557806119550, -6.294764317469483395, 0.3563968251851790114 ) ) ;
#1777 = EDGE_LOOP ( 'NONE', ( #3241, #2901, #1706, #3188, #2791, #3385 ) ) ;
#1778 = CARTESIAN_POINT ( 'NONE',  ( -0.1467912227800755309, -6.765175019058486505, -22.87307520189791532 ) ) ;
#1779 = CARTESIAN_POINT ( 'NONE',  ( -1.361412932899892958, 0.6250032317335225684, 23.33984067678690977 ) ) ;
#1780 = CARTESIAN_POINT ( 'NONE',  ( -2.585284802956480110, -3.050300032249464888, -0.8650338701094765215 ) ) ;
#1781 = B_SPLINE_CURVE_WITH_KNOTS ( 'NONE', 3,
 ( #2789, #5228, #3966, #3225 ),
 .UNSPECIFIED., .F., .F.,
 ( 4, 4 ),
 ( 2.852921668577157313E-07, 0.001429674706846537817 ),
 .UNSPECIFIED. ) ;
#1782 = CARTESIAN_POINT ( 'NONE',  ( -4.834959403927148180, -12.43260053629967032, 3.031246435746607126 ) ) ;
#1783 = AXIS2_PLACEMENT_3D ( 'NONE', #5002, #1001, #2539 ) ;
#1784 = ORIENTED_EDGE ( 'NONE', *, *, #2750, .T. ) ;
#1785 = CARTESIAN_POINT ( 'NONE',  ( 0.2934406939124363234, -7.499432364557782726, 1.007447167661830401 ) ) ;
#1786 = CARTESIAN_POINT ( 'NONE',  ( -6.348359060712287061, -0.4747879860591194268, -5.519511842945325597 ) ) ;
#1787 = CARTESIAN_POINT ( 'NONE',  ( -14.99969851582474334, -20.02740415589452994, 11.91272617594179373 ) ) ;
#1788 = CARTESIAN_POINT ( 'NONE',  ( -4.239387908072661304, -2.263316029214517133, -1.891077687422670017 ) ) ;
#1789 = CARTESIAN_POINT ( 'NONE',  ( -22.18125306784521911, -8.889526931675316490, 5.748517364308657562 ) ) ;
#1790 = CARTESIAN_POINT ( 'NONE',  ( -4.660757426798179281, -0.009456656045663182353, 23.86397944395534410 ) ) ;
#1791 = CARTESIAN_POINT ( 'NONE',  ( 4.452191357249709824, -2.802606222596214280, -12.68127797358180331 ) ) ;
#1792 = DIRECTION ( 'NONE',  ( -0.000000000000000000, -0.000000000000000000, 1.000000000000000000 ) ) ;
#1793 = ORIENTED_EDGE ( 'NONE', *, *, #1026, .T. ) ;
#1794 = DIRECTION ( 'NONE',  ( -0.000000000000000000, -0.000000000000000000, 1.000000000000000000 ) ) ;
#1795 = CARTESIAN_POINT ( 'NONE',  ( 13.40456189336728521, -18.05662921419384759, 0.7462085412659724692 ) ) ;
#1796 = CARTESIAN_POINT ( 'NONE',  ( -18.07038016057079588, 0.03266163378390340294, -13.18290904660114116 ) ) ;
#1797 = VERTEX_POINT ( 'NONE', #912 ) ;
#1798 = CARTESIAN_POINT ( 'NONE',  ( 0.9564409196711883832, -13.72783508102434524, -5.857090445742122675 ) ) ;
#1799 = CARTESIAN_POINT ( 'NONE',  ( -22.79785454404966671, -7.404486511135234927, 5.776562807330974714 ) ) ;
#1800 = CARTESIAN_POINT ( 'NONE',  ( -29.03236270886671377, 0.9979242336855373985, -18.17674561176105996 ) ) ;
#1801 = VERTEX_POINT ( 'NONE', #1344 ) ;
#1802 = DIRECTION ( 'NONE',  ( -0.8660254037844432595, -0.4999999999999920064, 0.000000000000000000 ) ) ;
#1803 = DIRECTION ( 'NONE',  ( 0.000000000000000000, 0.000000000000000000, 1.000000000000000000 ) ) ;
#1804 = CARTESIAN_POINT ( 'NONE',  ( 3.074827726257123750, -5.445510564175578772, -22.74385398245727785 ) ) ;
#1805 = CARTESIAN_POINT ( 'NONE',  ( 27.99999999999999645, 0.000000000000000000, -66.49199074667275511 ) ) ;
#1806 = CIRCLE ( 'NONE', #3080, 16.99999999999999645 ) ;
#1807 = CARTESIAN_POINT ( 'NONE',  ( 1.358519247860295209, -8.968018889387549208, -1.712569374991356863 ) ) ;
#1808 = CARTESIAN_POINT ( 'NONE',  ( -22.93962475834662484, -7.989567031940177699, 5.170567692797438220 ) ) ;
#1809 = ORIENTED_EDGE ( 'NONE', *, *, #374, .T. ) ;
#1810 = VECTOR ( 'NONE', #2416, 1000.000000000000000 ) ;
#1811 = CARTESIAN_POINT ( 'NONE',  ( 1.250038499824593918, -11.81687125482795508, -3.186021225424608527 ) ) ;
#1812 = CARTESIAN_POINT ( 'NONE',  ( -4.661999874914686259, -3.902293334915681200, -13.04985428173521989 ) ) ;
#1813 = CARTESIAN_POINT ( 'NONE',  ( -23.10546938116316440, -10.61205525906083125, 8.826120614915131668 ) ) ;
#1814 = AXIS2_PLACEMENT_3D ( 'NONE', #3595, #2354, #291 ) ;
#1815 = CARTESIAN_POINT ( 'NONE',  ( -3.684806436259388640, -3.257248609221897073, -2.868723094977427390 ) ) ;
#1816 = CARTESIAN_POINT ( 'NONE',  ( -2.100356293444034073, -5.954591377804275609, -1.238801258462949306 ) ) ;
#1817 = CARTESIAN_POINT ( 'NONE',  ( -8.071970786214114568, -11.97591980787239763, -5.609979834229839035 ) ) ;
#1818 = CARTESIAN_POINT ( 'NONE',  ( -30.49803095857673085, -19.91744746044593128, -22.92914122119721299 ) ) ;
#1819 = CARTESIAN_POINT ( 'NONE',  ( -7.128082091155752309, -10.25849063758725777, -5.677781539118517351 ) ) ;
#1820 = EDGE_LOOP ( 'NONE', ( #280, #1395, #2779, #3284 ) ) ;
#1821 = CARTESIAN_POINT ( 'NONE',  ( 0.000000000000000000, 0.000000000000000000, -0.9873556176578029975 ) ) ;
#1822 = CARTESIAN_POINT ( 'NONE',  ( 15.24540756149956877, -10.28696050355316238, 8.437434824824489255 ) ) ;
#1823 = EDGE_CURVE ( 'NONE', #4431, #3678, #13, .T. ) ;
#1824 = VERTEX_POINT ( 'NONE', #5027 ) ;
#1825 = CARTESIAN_POINT ( 'NONE',  ( 0.4823885812180177535, -2.100456235623099133, -4.961746613380945803 ) ) ;
#1826 = CARTESIAN_POINT ( 'NONE',  ( 11.39323935417704270, -11.74875881345282203, 4.857455635464194010 ) ) ;
#1827 = CARTESIAN_POINT ( 'NONE',  ( -1.755150860500960919, -9.794068910070294010, -8.880255629985565946 ) ) ;
#1828 = DIRECTION ( 'NONE',  ( 1.000000000000000000, 0.000000000000000000, 0.000000000000000000 ) ) ;
#1829 = CARTESIAN_POINT ( 'NONE',  ( -17.37721958160363656, 1.391165980791498669, -13.84772103179287761 ) ) ;
#1830 = ORIENTED_EDGE ( 'NONE', *, *, #5146, .F. ) ;
#1831 = CARTESIAN_POINT ( 'NONE',  ( 3.123210480308374670, -4.182965093290122560, -23.33831825565286877 ) ) ;
#1832 = CARTESIAN_POINT ( 'NONE',  ( -12.63740103163654993, 1.129611997261523282, 23.38284211707792437 ) ) ;
#1833 = CARTESIAN_POINT ( 'NONE',  ( -1.247401577924039939, -8.527203298863446079, -22.22332326125825475 ) ) ;
#1834 = CARTESIAN_POINT ( 'NONE',  ( 4.804051011654219216, 37.19132038938680296, -1.114548499175892715 ) ) ;
#1835 = ADVANCED_FACE ( 'NONE', ( #4268 ), #1722, .T. ) ;
#1836 = CARTESIAN_POINT ( 'NONE',  ( 16.70272805221101464, -0.3569074569755199544, -25.74963083556054855 ) ) ;
#1837 = CARTESIAN_POINT ( 'NONE',  ( -2.000000000000000000, 34.86650114427094138, -29.98735561765780488 ) ) ;
#1838 = EDGE_LOOP ( 'NONE', ( #2276, #4783, #1911, #973 ) ) ;
#1839 = CARTESIAN_POINT ( 'NONE',  ( 1.230246600125412204, -9.681837377215137153, -0.8645906021523693807 ) ) ;
#1840 = CARTESIAN_POINT ( 'NONE',  ( -5.188150747991213230, -2.909643240723243540, -11.27457267780616057 ) ) ;
#1841 = ADVANCED_FACE ( 'NONE', ( #1400 ), #883, .F. ) ;
#1842 = B_SPLINE_CURVE_WITH_KNOTS ( 'NONE', 3,
 ( #5040, #475, #4175, #894 ),
 .UNSPECIFIED., .F., .F.,
 ( 4, 4 ),
 ( 0.000000000000000000, 1.000000000000000000 ),
 .UNSPECIFIED. ) ;
#1843 = CARTESIAN_POINT ( 'NONE',  ( -22.35606409176790876, -10.67413890819997668, 8.318118421814226338 ) ) ;
#1844 = CARTESIAN_POINT ( 'NONE',  ( 12.52495239465731558, -5.906477046812687703, 12.14369542393380108 ) ) ;
#1845 = CARTESIAN_POINT ( 'NONE',  ( -20.21870881682185939, -10.07802700681211938, 7.042159322087433893 ) ) ;
#1846 = FACE_OUTER_BOUND ( 'NONE', #1392, .T. ) ;
#1847 = CARTESIAN_POINT ( 'NONE',  ( 7.369750784492929085, -1.979012759982380798, -18.68607143422654815 ) ) ;
#1848 = CARTESIAN_POINT ( 'NONE',  ( -7.437200494965908071, -12.14739630618195854, -5.338889107229370268 ) ) ;
#1849 = ORIENTED_EDGE ( 'NONE', *, *, #4897, .T. ) ;
#1850 = CARTESIAN_POINT ( 'NONE',  ( -5.673839374712931871, -13.28198313638729999, -18.77932400581264716 ) ) ;
#1851 = CARTESIAN_POINT ( 'NONE',  ( -10.76666880083048206, 0.1281885800262010933, -9.915804732832178559 ) ) ;
#1852 = ORIENTED_EDGE ( 'NONE', *, *, #714, .F. ) ;
#1853 = CARTESIAN_POINT ( 'NONE',  ( 0.000000000000000000, 0.000000000000000000, -8.608009253327193022 ) ) ;
#1854 = CARTESIAN_POINT ( 'NONE',  ( 4.646862209104098973, -14.08445193188194366, -1.605026940830473814 ) ) ;
#1855 = CARTESIAN_POINT ( 'NONE',  ( -4.284579603324905506, -6.132290685929607577, -11.68648598053241727 ) ) ;
#1856 = AXIS2_PLACEMENT_3D ( 'NONE', #5142, #1456, #4298 ) ;
#1857 = CARTESIAN_POINT ( 'NONE',  ( -21.02635727024411949, -1.840482897595309364, -4.784456983775697836 ) ) ;
#1858 = ORIENTED_EDGE ( 'NONE', *, *, #4059, .F. ) ;
#1859 = VECTOR ( 'NONE', #3860, 1000.000000000000000 ) ;
#1860 = CARTESIAN_POINT ( 'NONE',  ( -1.999999999999999112, 37.40841156226174746, -5.987355617657804885 ) ) ;
#1861 = CARTESIAN_POINT ( 'NONE',  ( -8.503476432580914235, -6.819540977208314203, -0.8508972889638175552 ) ) ;
#1862 = TOROIDAL_SURFACE ( 'NONE', #3482, 118.0000000000000000, 88.00000000000000000 ) ;
#1863 = CARTESIAN_POINT ( 'NONE',  ( 14.78439121387923194, -16.92669022882367003, 3.287615132080561331 ) ) ;
#1864 = CARTESIAN_POINT ( 'NONE',  ( 6.500136664928962027, 36.93234657257444553, -3.648974095046781940 ) ) ;
#1865 = CARTESIAN_POINT ( 'NONE',  ( 1.366922430001764610, -9.528975420860030354, -2.351992915629777858 ) ) ;
#1866 = CARTESIAN_POINT ( 'NONE',  ( 0.8784102154300204024, -10.56492800640686980, -4.256115812248782326 ) ) ;
#1867 = ORIENTED_EDGE ( 'NONE', *, *, #1534, .F. ) ;
#1868 = CARTESIAN_POINT ( 'NONE',  ( -5.291571266330083567, -9.998434946579305205, -6.825209670012607255 ) ) ;
#1869 = CARTESIAN_POINT ( 'NONE',  ( -14.35640646055108149, -7.133974596215427511, -30.98735561765780488 ) ) ;
#1870 = EDGE_CURVE ( 'NONE', #1194, #2365, #4245, .T. ) ;
#1871 = CARTESIAN_POINT ( 'NONE',  ( -7.219150930802799238, 1.434632209869328934, 0.6758840564864044831 ) ) ;
#1872 = AXIS2_PLACEMENT_3D ( 'NONE', #3253, #2847, #4475 ) ;
#1873 = CARTESIAN_POINT ( 'NONE',  ( -35.50845866418721641, -0.2095791755656137290, -13.23915901802948447 ) ) ;
#1874 = CARTESIAN_POINT ( 'NONE',  ( 0.2448359808790703529, -9.771698977209798187, -4.577584116743164344 ) ) ;
#1875 = DIRECTION ( 'NONE',  ( 1.224646799147353207E-16, 1.000000000000000000, 0.000000000000000000 ) ) ;
#1876 = CARTESIAN_POINT ( 'NONE',  ( 10.42297535424166277, -0.6408524266402765290, -15.99583149200276999 ) ) ;
#1877 = CARTESIAN_POINT ( 'NONE',  ( -25.18070340642826466, -4.490266471645513846, 3.041185161101339407 ) ) ;
#1878 = EDGE_LOOP ( 'NONE', ( #209, #4477, #2217, #4898 ) ) ;
#1879 = CARTESIAN_POINT ( 'NONE',  ( 6.282612551059452599, -2.898480563934476617, -22.99750381054741055 ) ) ;
#1880 = CARTESIAN_POINT ( 'NONE',  ( -18.06827880049041113, 0.01584644949692251906, -13.18740162138812266 ) ) ;
#1881 = VERTEX_POINT ( 'NONE', #4159 ) ;
#1882 = FACE_BOUND ( 'NONE', #4685, .T. ) ;
#1883 = CARTESIAN_POINT ( 'NONE',  ( 12.14118616677265727, -10.73684025311920998, 6.381254430318544557 ) ) ;
#1884 = CARTESIAN_POINT ( 'NONE',  ( -28.51142620760449375, 0.9224556014928617653, -17.25656635660243765 ) ) ;
#1885 = EDGE_LOOP ( 'NONE', ( #223, #4675, #2609, #1398, #890 ) ) ;
#1886 = DIRECTION ( 'NONE',  ( 0.000000000000000000, 0.000000000000000000, 1.000000000000000000 ) ) ;
#1887 = CARTESIAN_POINT ( 'NONE',  ( -7.149134021901387470, -9.644676731787688695, 1.467135154295074351 ) ) ;
#1888 = CARTESIAN_POINT ( 'NONE',  ( -24.97172390538992204, 1.000676426396882146, -16.22229322412218266 ) ) ;
#1889 =( BOUNDED_CURVE ( )  B_SPLINE_CURVE ( 3, ( #785, #400, #3283, #5279 ),
 .UNSPECIFIED., .F., .T. ) 
 B_SPLINE_CURVE_WITH_KNOTS ( ( 4, 4 ),
 ( 4.594468828359440593, 4.653531474437608395 ),
 .UNSPECIFIED. ) 
 CURVE ( )  GEOMETRIC_REPRESENTATION_ITEM ( )  RATIONAL_B_SPLINE_CURVE ( ( 1.000000000000000000, 0.9997093214458155908, 0.9997093214458155908, 1.000000000000000000 ) ) 
 REPRESENTATION_ITEM ( '' )  );
#1890 = FACE_OUTER_BOUND ( 'NONE', #3338, .T. ) ;
#1891 = ADVANCED_FACE ( 'NONE', ( #491 ), #768, .F. ) ;
#1892 = CARTESIAN_POINT ( 'NONE',  ( 0.2659336321029152628, -6.021035947205157335, 1.060456194840876831 ) ) ;
#1893 = CARTESIAN_POINT ( 'NONE',  ( -30.00000000000000000, 3.673940397442059178E-15, -82.79999999999998295 ) ) ;
#1894 = CARTESIAN_POINT ( 'NONE',  ( -5.228803317157556307, 0.001127404517074962744, 23.43412324422848059 ) ) ;
#1895 = CIRCLE ( 'NONE', #1282, 16.99999999999999645 ) ;
#1896 = CARTESIAN_POINT ( 'NONE',  ( -15.06850678924112152, -0.3508789735508044405, -10.64797616650392165 ) ) ;
#1897 = CARTESIAN_POINT ( 'NONE',  ( 11.63074697256190326, -11.68948802841794432, 4.876074926902684403 ) ) ;
#1898 = DIRECTION ( 'NONE',  ( -0.8660254037844363761, 0.5000000000000039968, 0.000000000000000000 ) ) ;
#1899 = CARTESIAN_POINT ( 'NONE',  ( -12.48814564445095598, -7.713055078895869165, 1.082828036947861561 ) ) ;
#1900 = AXIS2_PLACEMENT_3D ( 'NONE', #4812, #3931, #1455 ) ;
#1901 = FACE_OUTER_BOUND ( 'NONE', #4105, .T. ) ;
#1902 = CARTESIAN_POINT ( 'NONE',  ( 0.000000000000000000, 0.000000000000000000, -30.98735561765780488 ) ) ;
#1903 = CARTESIAN_POINT ( 'NONE',  ( -2.401587349059917553, 0.9644506383101553171, 29.35860568535780857 ) ) ;
#1904 = EDGE_CURVE ( 'NONE', #2079, #4990, #2387, .T. ) ;
#1905 = DIRECTION ( 'NONE',  ( 0.8660254037844363761, -0.5000000000000039968, 0.000000000000000000 ) ) ;
#1906 = ORIENTED_EDGE ( 'NONE', *, *, #5047, .F. ) ;
#1907 = CARTESIAN_POINT ( 'NONE',  ( 0.000000000000000000, 16.99999999999999645, 6.500000000000000888 ) ) ;
#1908 = CARTESIAN_POINT ( 'NONE',  ( 8.925015606014406799, -13.30547984713859933, 1.547713754829221688 ) ) ;
#1909 = B_SPLINE_CURVE_WITH_KNOTS ( 'NONE', 3,
 ( #4618, #4256, #614, #5070, #137, #4202, #961, #2578, #1329, #2183, #2634, #4230, #585, #197, #5042, #3858, #2238, #2522, #77, #3343, #3424, #1301, #2935, #505, #2132, #3770, #3098, #1848 ),
 .UNSPECIFIED., .F., .F.,
 ( 4, 2, 2, 2, 2, 2, 2, 2, 2, 2, 2, 2, 2, 4 ),
 ( 4.201283418381329682E-19, 0.001398815899024439180, 0.002797631798048877926, 0.005595263596097754984, 0.006994079495122197850, 0.008392895394146639848, 0.01119052719219552558, 0.01398815899024441131, 0.01538697488926885244, 0.01608638283878107214, 0.01678579078829329357, 0.01958342258634218278, 0.02098223848536662217, 0.02238105438439106504 ),
 .UNSPECIFIED. ) ;
#1910 = CARTESIAN_POINT ( 'NONE',  ( -3.043818353432568014, 2.455238889695956495, -6.954546804740557420 ) ) ;
#1911 = ORIENTED_EDGE ( 'NONE', *, *, #4508, .F. ) ;
#1912 = CARTESIAN_POINT ( 'NONE',  ( 0.000000000000000000, 0.000000000000000000, -0.6999999999999988454 ) ) ;
#1913 = CARTESIAN_POINT ( 'NONE',  ( 15.79008136819165209, -13.97746787470905261, 6.260933964215240621 ) ) ;
#1914 = AXIS2_PLACEMENT_3D ( 'NONE', #1605, #1527, #4389 ) ;
#1915 = ORIENTED_EDGE ( 'NONE', *, *, #3421, .F. ) ;
#1916 = DIRECTION ( 'NONE',  ( -0.000000000000000000, 0.000000000000000000, 1.000000000000000000 ) ) ;
#1917 = CARTESIAN_POINT ( 'NONE',  ( -1.663892774410147712, -4.934851194962772247, 2.504677465221984090 ) ) ;
#1918 = EDGE_CURVE ( 'NONE', #327, #4502, #1558, .T. ) ;
#1919 = CARTESIAN_POINT ( 'NONE',  ( -7.437200494965908071, -12.14739630618195854, -5.338889107229370268 ) ) ;
#1920 = CARTESIAN_POINT ( 'NONE',  ( -31.47896920313249325, -0.03525642407339891343, -16.77568767422479823 ) ) ;
#1921 = CARTESIAN_POINT ( 'NONE',  ( 11.25881069600487194, -4.301737325913458143, 14.00359005628031284 ) ) ;
#1922 = CARTESIAN_POINT ( 'NONE',  ( -9.346907772985641571, -7.948874572465675747, -1.768122326854202342 ) ) ;
#1923 = CARTESIAN_POINT ( 'NONE',  ( -30.25025096633248012, -1.060382591049528589, 0.7113013868709433529 ) ) ;
#1924 = CARTESIAN_POINT ( 'NONE',  ( -14.72243186433553497, -8.499999999999861444, 6.500000000000000888 ) ) ;
#1925 = CARTESIAN_POINT ( 'NONE',  ( 6.353751110406601121, -0.5400347785242780585, 19.85231963702821290 ) ) ;
#1926 = CARTESIAN_POINT ( 'NONE',  ( 0.4425988633111605508, 0.7789473077319719607, 22.73939454584771624 ) ) ;
#1927 = EDGE_LOOP ( 'NONE', ( #3363, #4283, #2514, #1906 ) ) ;
#1928 = EDGE_CURVE ( 'NONE', #909, #2701, #3214, .T. ) ;
#1929 = CARTESIAN_POINT ( 'NONE',  ( -9.200870701876308289, 4.198766530286908605, -14.28469405146246629 ) ) ;
#1930 = EDGE_LOOP ( 'NONE', ( #3024, #3002, #5206, #587 ) ) ;
#1931 = CARTESIAN_POINT ( 'NONE',  ( -4.500000000000000000, 0.000000000000000000, 0.000000000000000000 ) ) ;
#1932 = DIRECTION ( 'NONE',  ( 1.000000000000000000, 0.000000000000000000, 0.000000000000000000 ) ) ;
#1933 = VECTOR ( 'NONE', #3854, 1000.000000000000000 ) ;
#1934 = CARTESIAN_POINT ( 'NONE',  ( 21.95747222719669622, -0.2095791755656137290, -24.13164774340126328 ) ) ;
#1935 = VERTEX_POINT ( 'NONE', #5138 ) ;
#1936 = CARTESIAN_POINT ( 'NONE',  ( -4.804218842980063187, 39.20704871647423317, -1.114602559381498326 ) ) ;
#1937 = CARTESIAN_POINT ( 'NONE',  ( 0.000000000000000000, 0.000000000000000000, -0.9873556176578029975 ) ) ;
#1938 = CARTESIAN_POINT ( 'NONE',  ( -23.94707071407271570, -0.05202472562022842500, -19.90269667210894866 ) ) ;
#1939 = CARTESIAN_POINT ( 'NONE',  ( -4.286694469761579640, -2.301265300480935583, -1.886994691658497647 ) ) ;
#1940 = CARTESIAN_POINT ( 'NONE',  ( -4.645808485011238886, 37.21145295400790332, -5.907960796394642777 ) ) ;
#1941 = CARTESIAN_POINT ( 'NONE',  ( -6.193178743406036801, -8.234071421651178113, -4.601188950577704162 ) ) ;
#1942 = FACE_OUTER_BOUND ( 'NONE', #4258, .T. ) ;
#1943 = CARTESIAN_POINT ( 'NONE',  ( -0.1036025284453781226, 0.2293913375579872682, 19.74725334355650830 ) ) ;
#1944 = CARTESIAN_POINT ( 'NONE',  ( -7.330197807850902691, -13.04281700363781660, 4.974428137183328325 ) ) ;
#1945 = CARTESIAN_POINT ( 'NONE',  ( 15.81236587921066850, -6.242522350939093911, -0.6999999999999982903 ) ) ;
#1946 = ORIENTED_EDGE ( 'NONE', *, *, #3903, .F. ) ;
#1947 = CARTESIAN_POINT ( 'NONE',  ( -18.26748761380398989, -11.77953603959990758, 8.169724466825133646 ) ) ;
#1948 = B_SPLINE_CURVE_WITH_KNOTS ( 'NONE', 3,
 ( #3574, #366, #3936, #3118, #2331, #3622, #1562, #3166, #1991, #4351, #4399, #270, #5193, #5173, #5248, #292, #3525, #4375, #3220, #1589, #2733, #4323, #679, #724, #4009, #2279, #656, #4746, #3987, #315, #752, #2710 ),
 .UNSPECIFIED., .F., .F.,
 ( 4, 2, 2, 2, 2, 2, 2, 2, 2, 2, 2, 2, 2, 2, 2, 4 ),
 ( 0.01046820171507376225, 0.01102089406571587181, 0.01157358641635797963, 0.01267897111764220049, 0.01378435581892642134, 0.01488974052021064046, 0.01599512522149486304, 0.01710050992277908563, 0.01931127932534753081, 0.02041666402663175339, 0.02152204872791597945, 0.02262743342920019857, 0.02373281813048442462, 0.02594358753305286633, 0.02704897223433708892, 0.02815435693562130803 ),
 .UNSPECIFIED. ) ;
#1949 = CARTESIAN_POINT ( 'NONE',  ( 3.356803327795102376, -4.551884042834871913, 1.579819430539145753 ) ) ;
#1950 = VERTEX_POINT ( 'NONE', #3666 ) ;
#1951 = CARTESIAN_POINT ( 'NONE',  ( 2.500000000000000000, 16.81517172080023670, -0.6999999999999992895 ) ) ;
#1952 = DIRECTION ( 'NONE',  ( 0.000000000000000000, 1.000000000000000000, 0.000000000000000000 ) ) ;
#1953 = DIRECTION ( 'NONE',  ( 0.2973836590439041805, 0.000000000000000000, 0.9547580632462125960 ) ) ;
#1954 = CARTESIAN_POINT ( 'NONE',  ( 21.96114135614073248, -0.07872236574424831823, -16.03039460772230029 ) ) ;
#1955 = ORIENTED_EDGE ( 'NONE', *, *, #4548, .T. ) ;
#1956 = CARTESIAN_POINT ( 'NONE',  ( -2.500000000000000000, 37.41657386773941596, -0.6999999999999987343 ) ) ;
#1957 = CARTESIAN_POINT ( 'NONE',  ( -33.42822569215917383, 4.343101228155190086E-15, -35.37253856727842560 ) ) ;
#1958 = CARTESIAN_POINT ( 'NONE',  ( -15.81236587921075554, -6.242522350938875420, -0.6999999999999992895 ) ) ;
#1959 = EDGE_CURVE ( 'NONE', #1274, #3559, #1466, .T. ) ;
#1960 =( REPRESENTATION_RELATIONSHIP ('NONE','NONE', #4337, #3068 ) REPRESENTATION_RELATIONSHIP_WITH_TRANSFORMATION ( #3293 )SHAPE_REPRESENTATION_RELATIONSHIP( ) );
#1961 = CARTESIAN_POINT ( 'NONE',  ( -23.97836615655768000, -0.8510883190935211173, -9.659742845855781468 ) ) ;
#1962 = CARTESIAN_POINT ( 'NONE',  ( -2.656500180738059935, -5.256503714897189816, -3.936964197592356829 ) ) ;
#1963 = ADVANCED_FACE ( 'NONE', ( #4833 ), #4806, .F. ) ;
#1964 = DIRECTION ( 'NONE',  ( 0.000000000000000000, -1.000000000000000000, 0.000000000000000000 ) ) ;
#1965 = CARTESIAN_POINT ( 'NONE',  ( -4.147222141893720959, -4.678345906337941784, -3.353066574130629807 ) ) ;
#1966 = CARTESIAN_POINT ( 'NONE',  ( -25.98112299591553409, -1.752292614494797007, -1.850743227065333674 ) ) ;
#1967 = DIRECTION ( 'NONE',  ( -0.7071067811865473507, 0.000000000000000000, 0.7071067811865477948 ) ) ;
#1968 = ORIENTED_EDGE ( 'NONE', *, *, #2126, .T. ) ;
#1969 = CARTESIAN_POINT ( 'NONE',  ( 18.89062284357903110, 0.9988448233131325127, -13.25701885083355158 ) ) ;
#1970 = CARTESIAN_POINT ( 'NONE',  ( 3.754549362774737720, -8.313425352153041459, 2.216829559437979213 ) ) ;
#1971 =( GEOMETRIC_REPRESENTATION_CONTEXT ( 3 ) GLOBAL_UNCERTAINTY_ASSIGNED_CONTEXT ( ( #4955 ) ) GLOBAL_UNIT_ASSIGNED_CONTEXT ( ( #1652, #3350, #4129 ) ) REPRESENTATION_CONTEXT ( 'NONE', 'WORKASPACE' ) );
#1972 = CARTESIAN_POINT ( 'NONE',  ( -4.270130522231567305, -10.92404410946211435, 3.110566113058792048 ) ) ;
#1973 = DIRECTION ( 'NONE',  ( -0.000000000000000000, -0.000000000000000000, 1.000000000000000000 ) ) ;
#1974 = CIRCLE ( 'NONE', #3521, 90.00000000000000000 ) ;
#1975 = EDGE_LOOP ( 'NONE', ( #4266, #2744, #638, #2351 ) ) ;
#1976 = FACE_OUTER_BOUND ( 'NONE', #154, .T. ) ;
#1977 = CARTESIAN_POINT ( 'NONE',  ( -4.885263538322250021, -11.97648726089842341, 2.746567229488209971 ) ) ;
#1978 = ADVANCED_FACE ( 'NONE', ( #1149 ), #2769, .T. ) ;
#1979 = CARTESIAN_POINT ( 'NONE',  ( -4.758210688349103989, 3.594379357548584508, -9.391005083317965685 ) ) ;
#1980 = CARTESIAN_POINT ( 'NONE',  ( 5.986392803199263923, 39.04384113922882449, -1.960653746943276543 ) ) ;
#1981 = CARTESIAN_POINT ( 'NONE',  ( -15.62019151721350596, -6.708920700498040901, -5.987355617657804885 ) ) ;
#1982 = CARTESIAN_POINT ( 'NONE',  ( 9.207465795587944868, -5.465003610435458015, 13.11900543980164002 ) ) ;
#1983 = CARTESIAN_POINT ( 'NONE',  ( 6.384042711893830102, 1.009411410910417750, -4.830788116301212298 ) ) ;
#1984 = CARTESIAN_POINT ( 'NONE',  ( -9.707820098533369801, -19.22688694462250325, -14.36694671258811518 ) ) ;
#1985 = ORIENTED_EDGE ( 'NONE', *, *, #3660, .F. ) ;
#1986 = CARTESIAN_POINT ( 'NONE',  ( 17.36602213844857090, -0.1122089501053972344, -16.57053298804953911 ) ) ;
#1987 = CARTESIAN_POINT ( 'NONE',  ( -7.024388180511745183, 0.1769253356457968496, 5.848469714539811015 ) ) ;
#1988 = CARTESIAN_POINT ( 'NONE',  ( 1.764107280414660250, 0.7823717797327409684, 22.32542966474014889 ) ) ;
#1989 = MANIFOLD_SOLID_BREP ( 'Boss-Extrude1', #120 ) ;
#1990 = EDGE_CURVE ( 'NONE', #3785, #4502, #619, .T. ) ;
#1991 = CARTESIAN_POINT ( 'NONE',  ( -6.378026292075821502, -9.057098344337559226, 2.090496101907491244 ) ) ;
#1992 = CARTESIAN_POINT ( 'NONE',  ( -13.06176670023237918, -1.513689693572884298, -7.819585670042372705 ) ) ;
#1993 = CARTESIAN_POINT ( 'NONE',  ( -2.673062243649650505, -5.268097280857439557, -3.935534737697159446 ) ) ;
#1994 = PLANE ( 'NONE',  #2450 ) ;
#1995 = CARTESIAN_POINT ( 'NONE',  ( -9.786131139181355465, -6.220857540658641049, 0.4366363402883055023 ) ) ;
#1996 = CARTESIAN_POINT ( 'NONE',  ( -37.62184153783753260, 0.8525018599121050311, -12.00342128395381280 ) ) ;
#1997 = DIRECTION ( 'NONE',  ( 0.000000000000000000, 0.000000000000000000, 1.000000000000000000 ) ) ;
#1998 = CARTESIAN_POINT ( 'NONE',  ( -7.961284901630226507, -12.59352958356011420, -7.686045470063264773 ) ) ;
#1999 = ORIENTED_EDGE ( 'NONE', *, *, #2219, .T. ) ;
#2000 = DIRECTION ( 'NONE',  ( -1.000000000000000000, 0.000000000000000000, 0.000000000000000000 ) ) ;
#2001 = CARTESIAN_POINT ( 'NONE',  ( 1.379103610356536613, -0.6408524266402765290, 17.02447718579381331 ) ) ;
#2002 = CARTESIAN_POINT ( 'NONE',  ( -10.65463805610779602, -13.64347403824473659, 6.448799189974228518 ) ) ;
#2003 = CARTESIAN_POINT ( 'NONE',  ( 32.47595264191636488, -18.75000000000014921, 6.500000000000000888 ) ) ;
#2004 = CARTESIAN_POINT ( 'NONE',  ( 1.411119731444855363, 0.6757830390636224704, 22.38894576613480325 ) ) ;
#2005 = CARTESIAN_POINT ( 'NONE',  ( -5.106868763527224075, 37.15095004114616728, -1.239793227229730288 ) ) ;
#2006 = VERTEX_POINT ( 'NONE', #3398 ) ;
#2007 = CARTESIAN_POINT ( 'NONE',  ( -14.85640646055107617, -6.267949192430983807, -5.987355617657803997 ) ) ;
#2008 = CARTESIAN_POINT ( 'NONE',  ( -13.81214290039860870, 4.309425941502563084, -26.64463510884286990 ) ) ;
#2009 = CARTESIAN_POINT ( 'NONE',  ( 19.65463501642507183, 1.002503667588226399, -13.77283123262570541 ) ) ;
#2010 = CARTESIAN_POINT ( 'NONE',  ( 11.50017846367704166, -5.278511227137521189, 14.31706621361576737 ) ) ;
#2011 = CARTESIAN_POINT ( 'NONE',  ( -5.725231844132921744, -13.61246115986110716, -17.69442379277136368 ) ) ;
#2012 = EDGE_LOOP ( 'NONE', ( #2881, #2224, #4143, #836 ) ) ;
#2013 = LINE ( 'NONE', #493, #4114 ) ;
#2014 = CARTESIAN_POINT ( 'NONE',  ( 30.00000000000000000, 0.000000000000000000, -66.49199074667275511 ) ) ;
#2015 = CARTESIAN_POINT ( 'NONE',  ( -20.05181849045897735, 4.042618072644607707, 17.68621826379596129 ) ) ;
#2016 = CARTESIAN_POINT ( 'NONE',  ( 0.6231699659926983603, -5.906477046812687703, -23.20802880501709353 ) ) ;
#2017 = CARTESIAN_POINT ( 'NONE',  ( -0.4154396554968370348, -1.885942433471459845, -3.575756521639210206 ) ) ;
#2018 = CARTESIAN_POINT ( 'NONE',  ( 11.62456133538456271, -5.329920848792025545, 13.27932736958577564 ) ) ;
#2019 = CARTESIAN_POINT ( 'NONE',  ( 0.000000000000000000, 0.000000000000000000, 3.499999999999999556 ) ) ;
#2020 = CARTESIAN_POINT ( 'NONE',  ( 9.507800273907045963, 5.104910816126150053, 0.5051014284012166344 ) ) ;
#2021 = VERTEX_POINT ( 'NONE', #4732 ) ;
#2022 = TOROIDAL_SURFACE ( 'NONE', #5095, -52.50000000000000000, 92.00000000000000000 ) ;
#2023 = DIRECTION ( 'NONE',  ( 0.4999999999999920064, -0.8660254037844432595, 0.000000000000000000 ) ) ;
#2024 = CARTESIAN_POINT ( 'NONE',  ( -3.491378332185028022, -2.288615543392129581, -2.754552235889732525 ) ) ;
#2025 = FACE_OUTER_BOUND ( 'NONE', #1295, .T. ) ;
#2026 = CARTESIAN_POINT ( 'NONE',  ( -8.611691800848268130, -16.17674562119043813, -22.16990484918817472 ) ) ;
#2027 = ORIENTED_EDGE ( 'NONE', *, *, #4678, .F. ) ;
#2028 = CARTESIAN_POINT ( 'NONE',  ( 17.25669159942043507, 1.024892904152625350, -16.78847059174513134 ) ) ;
#2029 = CARTESIAN_POINT ( 'NONE',  ( -7.243242881262156985, -2.018305602039437208, -5.605289598873685719 ) ) ;
#2030 = TOROIDAL_SURFACE ( 'NONE', #2713, 118.0000000000000000, 88.00000000000000000 ) ;
#2031 = CARTESIAN_POINT ( 'NONE',  ( -6.060515775916186954, 1.003383371294500170, 11.03361108902255161 ) ) ;
#2032 = APPLICATION_CONTEXT ( 'automotive_design' ) ;
#2033 = DIRECTION ( 'NONE',  ( 0.000000000000000000, -1.000000000000000000, -3.491481338843133355E-15 ) ) ;
#2034 = CARTESIAN_POINT ( 'NONE',  ( 0.7637550741478775773, 0.1662571977442573457, 23.89579754086297925 ) ) ;
#2035 = CARTESIAN_POINT ( 'NONE',  ( 23.00787356961900443, 0.1398955016093276216, -7.940674976619167325 ) ) ;
#2036 = ORIENTED_EDGE ( 'NONE', *, *, #3603, .F. ) ;
#2037 = CARTESIAN_POINT ( 'NONE',  ( 0.8326058583178693739, -7.021695351009817010, -22.79609481070643540 ) ) ;
#2038 = CARTESIAN_POINT ( 'NONE',  ( -4.649640838488285688, 39.22571500885844387, -5.906969226062085632 ) ) ;
#2039 = CARTESIAN_POINT ( 'NONE',  ( -6.794570114475574130, -1.972615736267161024, -8.541118919165832324 ) ) ;
#2040 = CARTESIAN_POINT ( 'NONE',  ( -5.712363488161823710, -5.256503714897189816, -2.020175397612903545 ) ) ;
#2041 = ADVANCED_FACE ( 'NONE', ( #3480 ), #3346, .F. ) ;
#2042 = CARTESIAN_POINT ( 'NONE',  ( 2.949260065224424743, -2.517762600264875417, -1.462235366482152799 ) ) ;
#2043 = CARTESIAN_POINT ( 'NONE',  ( 0.000000000000000000, 37.50000000000002842, 6.500000000000000888 ) ) ;
#2044 = CARTESIAN_POINT ( 'NONE',  ( 1.369039677863977067, -0.7816741479439777152, -1.879608446512996300 ) ) ;
#2045 = DIRECTION ( 'NONE',  ( -0.000000000000000000, -0.000000000000000000, 1.000000000000000000 ) ) ;
#2046 = ORIENTED_EDGE ( 'NONE', *, *, #4757, .T. ) ;
#2047 = CARTESIAN_POINT ( 'NONE',  ( -1.057512400705046485, -7.948874572465675747, -7.210598414808671919 ) ) ;
#2048 = FACE_OUTER_BOUND ( 'NONE', #401, .T. ) ;
#2049 = CARTESIAN_POINT ( 'NONE',  ( -3.877218756242716946, -1.614660368144316349, -3.385085407919455225 ) ) ;
#2050 = CARTESIAN_POINT ( 'NONE',  ( -16.28874281304484128, -12.18798971736411474, 7.414713414192340757 ) ) ;
#2051 = CARTESIAN_POINT ( 'NONE',  ( 22.99578169349593182, 0.8543981835887536347, -26.57878705990795964 ) ) ;
#2052 = VERTEX_POINT ( 'NONE', #2612 ) ;
#2053 = CARTESIAN_POINT ( 'NONE',  ( -20.07842433217980727, -10.79158608761651905, 7.270651949939473724 ) ) ;
#2054 = CARTESIAN_POINT ( 'NONE',  ( 15.45655494420713616, -7.513469308481466769, 11.47933007966064167 ) ) ;
#2055 = EDGE_CURVE ( 'NONE', #3609, #1765, #170, .T. ) ;
#2056 = VECTOR ( 'NONE', #241, 1000.000000000000000 ) ;
#2057 = EDGE_CURVE ( 'NONE', #2490, #1019, #1124, .T. ) ;
#2058 = B_SPLINE_CURVE_WITH_KNOTS ( 'NONE', 3,
 ( #3091, #3523, #4374, #2708, #1868, #3984, #677, #3958, #4770, #632, #1512, #2730 ),
 .UNSPECIFIED., .F., .F.,
 ( 4, 2, 2, 2, 2, 4 ),
 ( 0.01356790485804506771, 0.01501559727167012422, 0.01646328968529518072, 0.01791098209892023896, 0.01863482830573276808, 0.01935867451254529720 ),
 .UNSPECIFIED. ) ;
#2059 = CARTESIAN_POINT ( 'NONE',  ( 5.107109391038729740, 39.16874525857782885, -1.239907606703430254 ) ) ;
#2060 = ADVANCED_FACE ( 'NONE', ( #4702 ), #282, .T. ) ;
#2061 = CONTEXT_DEPENDENT_SHAPE_REPRESENTATION ( #3337, #1201 ) ;
#2062 = CARTESIAN_POINT ( 'NONE',  ( 6.689752348927079595, -1.952010737345864166, 18.95838466085241336 ) ) ;
#2063 = CIRCLE ( 'NONE', #5048, 39.50000000000000000 ) ;
#2064 = VERTEX_POINT ( 'NONE', #2262 ) ;
#2065 = CARTESIAN_POINT ( 'NONE',  ( -5.983871836073109129, 39.04422960706870072, -1.957248009470606620 ) ) ;
#2066 = CARTESIAN_POINT ( 'NONE',  ( -14.38041107126995577, 4.542608305762552590, 10.31009045109076894 ) ) ;
#2067 = CARTESIAN_POINT ( 'NONE',  ( 1.971106217931209326, -4.894202770923486767, -23.11884594772538648 ) ) ;
#2068 = DIRECTION ( 'NONE',  ( 1.000000000000000000, 0.000000000000000000, 0.000000000000000000 ) ) ;
#2069 = CARTESIAN_POINT ( 'NONE',  ( 1.301525816848142059, -0.2173890190775322195, -3.963965897428884499 ) ) ;
#2070 = CARTESIAN_POINT ( 'NONE',  ( 1.285037404612129341, -10.04598340939569390, -3.016131196948297788 ) ) ;
#2071 = CARTESIAN_POINT ( 'NONE',  ( -13.32950040038676676, -4.957233931873915367, 3.926250396392876763 ) ) ;
#2072 = EDGE_CURVE ( 'NONE', #1935, #2707, #2822, .T. ) ;
#2073 = CYLINDRICAL_SURFACE ( 'NONE', #3308, 30.00000000000000000 ) ;
#2074 =( NAMED_UNIT ( * ) SI_UNIT ( $, .STERADIAN. ) SOLID_ANGLE_UNIT ( ) );
#2075 = VERTEX_POINT ( 'NONE', #5180 ) ;
#2076 = CARTESIAN_POINT ( 'NONE',  ( 1.021091190412193761, -10.79495500925457740, -7.491270737862094187 ) ) ;
#2077 = CARTESIAN_POINT ( 'NONE',  ( -3.883810990802075036, -1.601675760653962666, -3.370991410745951100 ) ) ;
#2078 = CARTESIAN_POINT ( 'NONE',  ( 10.37371617109002209, 0.6883193533158800115, -25.78155645213169578 ) ) ;
#2079 = VERTEX_POINT ( 'NONE', #4758 ) ;
#2080 = CARTESIAN_POINT ( 'NONE',  ( 19.01824302945735923, 1.083304245246670794, -14.71143082782642431 ) ) ;
#2081 = FACE_OUTER_BOUND ( 'NONE', #2917, .T. ) ;
#2082 = CARTESIAN_POINT ( 'NONE',  ( -5.915527123238396356, 0.3631538316631102714, 15.94322692400190355 ) ) ;
#2083 = EDGE_CURVE ( 'NONE', #327, #216, #524, .T. ) ;
#2084 = CARTESIAN_POINT ( 'NONE',  ( 6.483845149175615497, 38.96422474998141183, -3.159546243900349438 ) ) ;
#2085 = CARTESIAN_POINT ( 'NONE',  ( 8.159554869500471597, -3.538554967268325857, 15.80425473134532410 ) ) ;
#2086 = CARTESIAN_POINT ( 'NONE',  ( 19.86322897732690151, 0.6205334141605021170, -7.928202055662421088 ) ) ;
#2087 = CARTESIAN_POINT ( 'NONE',  ( -25.15798681363186518, -0.6400748356717295140, -5.882647965417724834 ) ) ;
#2088 = ORIENTED_EDGE ( 'NONE', *, *, #1870, .T. ) ;
#2089 = CARTESIAN_POINT ( 'NONE',  ( 2.000000000000000000, 37.40841156226174036, -5.987355617657803997 ) ) ;
#2090 = CARTESIAN_POINT ( 'NONE',  ( 16.22451387578020032, 0.8177759055322080251, -17.69701542398684424 ) ) ;
#2091 = CARTESIAN_POINT ( 'NONE',  ( -7.269469992567583638, -0.1009009352118098446, -1.049642836508371424 ) ) ;
#2092 = CARTESIAN_POINT ( 'NONE',  ( -7.689005652682605607, -9.805810128670616521, -4.171235694933518978 ) ) ;
#2093 = CARTESIAN_POINT ( 'NONE',  ( -6.678154305350769704, -0.08247206062623295419, -7.706353191606566178 ) ) ;
#2094 = CARTESIAN_POINT ( 'NONE',  ( -7.942767959461786376, -1.947158219776080390, 2.609103298027135587 ) ) ;
#2095 = DIRECTION ( 'NONE',  ( 0.000000000000000000, 0.000000000000000000, 1.000000000000000000 ) ) ;
#2096 = CARTESIAN_POINT ( 'NONE',  ( -1.546740692774789538, -8.042550386304805343, -22.30125758411924863 ) ) ;
#2097 = ORIENTED_EDGE ( 'NONE', *, *, #4571, .F. ) ;
#2098 = CARTESIAN_POINT ( 'NONE',  ( -9.192719447059419124, 2.274702982684392971, 14.24998427753714125 ) ) ;
#2099 = DIRECTION ( 'NONE',  ( -1.000000000000000000, 0.000000000000000000, 0.000000000000000000 ) ) ;
#2100 = CARTESIAN_POINT ( 'NONE',  ( -24.03834549039249424, -5.925405488545226973, 4.768484506534004019 ) ) ;
#2101 = AXIS2_PLACEMENT_3D ( 'NONE', #151, #2458, #4980 ) ;
#2102 = CARTESIAN_POINT ( 'NONE',  ( 0.000000000000000000, 0.000000000000000000, -40.32222875080931601 ) ) ;
#2103 = CARTESIAN_POINT ( 'NONE',  ( 21.94405804924166503, 0.7966161984393176354, -24.15085298199677766 ) ) ;
#2104 = AXIS2_PLACEMENT_3D ( 'NONE', #3831, #4701, #2667 ) ;
#2105 = ORIENTED_EDGE ( 'NONE', *, *, #4357, .F. ) ;
#2106 = CARTESIAN_POINT ( 'NONE',  ( -26.72453773838988766, -2.507097935991069004, -0.1550651707981310912 ) ) ;
#2107 = VECTOR ( 'NONE', #3110, 1000.000000000000000 ) ;
#2108 = CARTESIAN_POINT ( 'NONE',  ( 0.04518768898190437394, 0.4901421452169905102, 0.06469575335722611842 ) ) ;
#2109 = CARTESIAN_POINT ( 'NONE',  ( -27.43095756383842598, 0.6129510009669345560, -9.463465788391626887 ) ) ;
#2110 = CIRCLE ( 'NONE', #2280, 33.98129043433324625 ) ;
#2111 = CARTESIAN_POINT ( 'NONE',  ( -33.42973172877029953, -16.99126353578360238, -12.21677847459941724 ) ) ;
#2112 = CARTESIAN_POINT ( 'NONE',  ( -6.077596398283065859, -0.3749814041341239523, 7.494108109980039956 ) ) ;
#2113 = CARTESIAN_POINT ( 'NONE',  ( -13.02572270974132529, -4.962222410502532099, 5.170772539839878945 ) ) ;
#2114 = CARTESIAN_POINT ( 'NONE',  ( 21.94757113964655204, -0.05202472562022842500, -10.78742324855508095 ) ) ;
#2115 = CARTESIAN_POINT ( 'NONE',  ( -20.05651738948510499, -13.11465540383457018, 10.52049727643968779 ) ) ;
#2116 = ORIENTED_EDGE ( 'NONE', *, *, #4672, .F. ) ;
#2117 = CARTESIAN_POINT ( 'NONE',  ( -0.6555128349522180153, 1.604285171024244505, -4.864690890930561729 ) ) ;
#2118 = CARTESIAN_POINT ( 'NONE',  ( 18.38389922525594855, 0.9468886310708657383, -15.43892190688323218 ) ) ;
#2119 = CARTESIAN_POINT ( 'NONE',  ( -4.263792834471012760, -3.269395345652285734, -1.650450859806868564 ) ) ;
#2120 = CARTESIAN_POINT ( 'NONE',  ( -22.01186560738296905, 0.1398955016093276216, -22.24431964812740148 ) ) ;
#2121 = CARTESIAN_POINT ( 'NONE',  ( -29.51537138493675272, -18.19540815270389089, -30.98735561765780488 ) ) ;
#2122 = CARTESIAN_POINT ( 'NONE',  ( -2.000000000000000000, 36.35960453349429855, -23.00003875067437065 ) ) ;
#2123 = ORIENTED_EDGE ( 'NONE', *, *, #3935, .T. ) ;
#2124 = CARTESIAN_POINT ( 'NONE',  ( -6.982181784070546016, 0.6890684903666471905, 1.629853660257071235 ) ) ;
#2125 = UNCERTAINTY_MEASURE_WITH_UNIT (LENGTH_MEASURE( 1.000000000000000082E-05 ), #93, 'distance_accuracy_value', 'NONE');
#2126 = EDGE_CURVE ( 'NONE', #2445, #802, #5244, .T. ) ;
#2127 = ORIENTED_EDGE ( 'NONE', *, *, #1098, .F. ) ;
#2128 = CARTESIAN_POINT ( 'NONE',  ( -2.284753234527641563, -4.678345906337941784, -1.915066442951938397 ) ) ;
#2129 = PLANE ( 'NONE',  #1421 ) ;
#2130 = CARTESIAN_POINT ( 'NONE',  ( -7.322834825548891757, -13.75520635631227684, 4.650426366815417545 ) ) ;
#2131 = CARTESIAN_POINT ( 'NONE',  ( -3.946773449302426684, -10.28696050355316238, -23.71088178980443928 ) ) ;
#2132 = CARTESIAN_POINT ( 'NONE',  ( -7.507510649969256988, -13.13450379051609573, -6.896046429881312001 ) ) ;
#2133 = EDGE_LOOP ( 'NONE', ( #3456, #2912, #4963, #323 ) ) ;
#2134 = CARTESIAN_POINT ( 'NONE',  ( -25.87788190366516972, 0.6833583297347890495, -15.40983871519846105 ) ) ;
#2135 = CARTESIAN_POINT ( 'NONE',  ( 6.491576503704879819, 0.7173212114812561602, -4.676831318096176915 ) ) ;
#2136 = EDGE_CURVE ( 'NONE', #4431, #1797, #3944, .T. ) ;
#2137 = PRODUCT_CONTEXT ( 'NONE', #4595, 'mechanical' ) ;
#2138 = CARTESIAN_POINT ( 'NONE',  ( 2.346747780269233363, -15.31028005158636951, -4.581143667153904531 ) ) ;
#2139 = B_SPLINE_CURVE_WITH_KNOTS ( 'NONE', 3,
 ( #4765, #3589, #674, #3929, #1532, #3545, #4740, #5115, #5167, #265, #2703, #1080, #308, #745, #2297, #333, #3953, #5139, #1888, #1555 ),
 .UNSPECIFIED., .F., .F.,
 ( 4, 2, 2, 2, 2, 2, 2, 2, 2, 4 ),
 ( 0.001879397799819148077, 0.004644843979056808778, 0.007410290158294471213, 0.01017573633753213365, 0.01294118251676979608, 0.01570662869600746026, 0.01847207487524512443, 0.02123752105448278166, 0.02262024414410161027, 0.02400296723372043889 ),
 .UNSPECIFIED. ) ;
#2140 =( BOUNDED_CURVE ( )  B_SPLINE_CURVE ( 3, ( #2342, #2721, #1173, #1907 ),
 .UNSPECIFIED., .F., .F. ) 
 B_SPLINE_CURVE_WITH_KNOTS ( ( 4, 4 ),
 ( 1.423202221135864365, 1.570796326794896780 ),
 .UNSPECIFIED. ) 
 CURVE ( )  GEOMETRIC_REPRESENTATION_ITEM ( )  RATIONAL_B_SPLINE_CURVE ( ( 1.000000000000000000, 0.9981854887086412109, 0.9981854887086412109, 1.000000000000000000 ) ) 
 REPRESENTATION_ITEM ( '' )  );
#2141 = VECTOR ( 'NONE', #5020, 1000.000000000000114 ) ;
#2142 = CARTESIAN_POINT ( 'NONE',  ( -12.41775787372932704, -17.51589207941778881, 9.829707593029937129 ) ) ;
#2143 = ORIENTED_EDGE ( 'NONE', *, *, #4360, .F. ) ;
#2144 = AXIS2_PLACEMENT_3D ( 'NONE', #3341, #988, #48 ) ;
#2145 = CARTESIAN_POINT ( 'NONE',  ( -4.000000000000000000, 39.29694644625712385, -0.9873556176578029975 ) ) ;
#2146 = CARTESIAN_POINT ( 'NONE',  ( 7.268926407151218072, -1.500711575219460414, 19.09420791450834187 ) ) ;
#2147 = CARTESIAN_POINT ( 'NONE',  ( -3.878335652940068101, -3.773188274517136342, -1.098587214908261389 ) ) ;
#2148 = CARTESIAN_POINT ( 'NONE',  ( 2.500000000000000000, 15.99999999999999645, -0.6999999999999992895 ) ) ;
#2149 = CARTESIAN_POINT ( 'NONE',  ( 1.235440298398243542, -10.19935969431493739, -3.250135966474992699 ) ) ;
#2150 = CARTESIAN_POINT ( 'NONE',  ( -27.57093750584136771, -1.134431213468357402, -5.475210465829139395 ) ) ;
#2151 = VERTEX_POINT ( 'NONE', #763 ) ;
#2152 = EDGE_CURVE ( 'NONE', #4636, #4870, #1045, .T. ) ;
#2153 = CARTESIAN_POINT ( 'NONE',  ( 12.98696056915883368, 1.306747980119032038, -5.157591687528529256 ) ) ;
#2154 = CARTESIAN_POINT ( 'NONE',  ( -14.73243675850012480, 5.874720167039020779, 10.30762661986083373 ) ) ;
#2155 = CARTESIAN_POINT ( 'NONE',  ( -15.77441826992238205, -20.11152528675367179, 12.47484992535951420 ) ) ;
#2156 = CARTESIAN_POINT ( 'NONE',  ( -2.378386069218277665, -5.496928646506384020, -0.6443820461870027883 ) ) ;
#2157 = CARTESIAN_POINT ( 'NONE',  ( 5.821320767221384251, -1.284139644821962856, 20.05217262845354753 ) ) ;
#2158 = CARTESIAN_POINT ( 'NONE',  ( 22.99551555723985530, 0.9206084372531599946, -21.72156809036049907 ) ) ;
#2159 = CARTESIAN_POINT ( 'NONE',  ( 1.533960567438171996, -11.26235323636113428, -4.006542325207858468 ) ) ;
#2160 = ORIENTED_EDGE ( 'NONE', *, *, #3955, .T. ) ;
#2161 = CARTESIAN_POINT ( 'NONE',  ( -3.404159141785161768, -11.13815943225397476, -20.85852748805252332 ) ) ;
#2162 = CARTESIAN_POINT ( 'NONE',  ( 15.72856586933643186, -19.37059880769710674, 1.076633636754357637 ) ) ;
#2163 = AXIS2_PLACEMENT_3D ( 'NONE', #2641, #5077, #4339 ) ;
#2164 = CARTESIAN_POINT ( 'NONE',  ( -6.838280096123178886, 0.1232348233808063104, 7.993130800501714539 ) ) ;
#2165 = CARTESIAN_POINT ( 'NONE',  ( -10.76397003956308929, 0.1182810667354115275, -9.921574630541901030 ) ) ;
#2166 = CARTESIAN_POINT ( 'NONE',  ( 8.728557798649321242, -13.91297330861702974, 2.103758316545869533 ) ) ;
#2167 = CARTESIAN_POINT ( 'NONE',  ( -3.016552888300494395, -7.750441083393034170, -10.39998528936664357 ) ) ;
#2168 = CARTESIAN_POINT ( 'NONE',  ( -12.40324946688157759, -1.266628304405165828, -6.176587006774241217 ) ) ;
#2169 = ORIENTED_EDGE ( 'NONE', *, *, #3421, .T. ) ;
#2170 = DIRECTION ( 'NONE',  ( -0.000000000000000000, -0.000000000000000000, 1.000000000000000000 ) ) ;
#2171 = CARTESIAN_POINT ( 'NONE',  ( 4.635137046652775261, -0.5584388014523286037, 20.90393412792486316 ) ) ;
#2172 = CARTESIAN_POINT ( 'NONE',  ( -7.163065495787236614, -14.23916318650893764, -11.94097458049295035 ) ) ;
#2173 = CARTESIAN_POINT ( 'NONE',  ( -6.338205348450764554, -0.7648312209627491365, 2.111445386003222069 ) ) ;
#2174 = CARTESIAN_POINT ( 'NONE',  ( -6.219522480164087597, -13.33214339829165418, 3.869458473068688509 ) ) ;
#2175 = ORIENTED_EDGE ( 'NONE', *, *, #1990, .T. ) ;
#2176 = CARTESIAN_POINT ( 'NONE',  ( 9.189279071123015896, 1.945304946936090129, -2.494029811896198101 ) ) ;
#2177 = DIRECTION ( 'NONE',  ( -0.000000000000000000, -0.000000000000000000, -1.000000000000000000 ) ) ;
#2178 = CARTESIAN_POINT ( 'NONE',  ( 0.000000000000000000, 0.000000000000000000, -66.49199074667276932 ) ) ;
#2179 = CARTESIAN_POINT ( 'NONE',  ( -36.91167284900991774, -0.2113501832536456293, -12.42753681729948134 ) ) ;
#2180 = CARTESIAN_POINT ( 'NONE',  ( -29.19527573201801474, -19.16530137970407921, -29.98735561765780488 ) ) ;
#2181 = CARTESIAN_POINT ( 'NONE',  ( -20.05032183692402015, -10.77382151324567694, 6.682153075743223702 ) ) ;
#2182 = CARTESIAN_POINT ( 'NONE',  ( -3.588546536679907195, -8.313425352153041459, -10.64920404573079082 ) ) ;
#2183 = CARTESIAN_POINT ( 'NONE',  ( -4.388156128873553108, -12.13847178065193511, -18.78791934009660025 ) ) ;
#2184 = ORIENTED_EDGE ( 'NONE', *, *, #4757, .F. ) ;
#2185 = CARTESIAN_POINT ( 'NONE',  ( 21.87494611733467309, 0.7851648687032459772, -10.09719990479480245 ) ) ;
#2186 = CARTESIAN_POINT ( 'NONE',  ( 12.70513402435432049, -2.970904609107641647, 16.44109856065125186 ) ) ;
#2187 = VECTOR ( 'NONE', #4586, 1000.000000000000000 ) ;
#2188 = CARTESIAN_POINT ( 'NONE',  ( -3.811299975496669656, 0.9413954366076310309, -5.903997559888701119 ) ) ;
#2189 = ORIENTED_EDGE ( 'NONE', *, *, #4164, .T. ) ;
#2190 = EDGE_CURVE ( 'NONE', #4510, #4912, #1499, .T. ) ;
#2191 = FACE_BOUND ( 'NONE', #4759, .T. ) ;
#2192 = CARTESIAN_POINT ( 'NONE',  ( -4.871656088368643722, -0.001905624089773045194, 27.94319519201216906 ) ) ;
#2193 = DIRECTION ( 'NONE',  ( 0.000000000000000000, 0.000000000000000000, 1.000000000000000000 ) ) ;
#2194 = CARTESIAN_POINT ( 'NONE',  ( -11.05931053497302585, -8.313425352153041459, 2.143120348206588588 ) ) ;
#2195 = ORIENTED_EDGE ( 'NONE', *, *, #1324, .F. ) ;
#2196 = CARTESIAN_POINT ( 'NONE',  ( -18.39859634605800665, 0.05056730988481280414, -13.32317227322913844 ) ) ;
#2197 = CARTESIAN_POINT ( 'NONE',  ( 11.83808620303705439, -13.28198313638729999, 4.475972967412595871 ) ) ;
#2198 = CARTESIAN_POINT ( 'NONE',  ( 2.056851609912834444, -5.329920848792025545, -22.99608324717250696 ) ) ;
#2199 = DIRECTION ( 'NONE',  ( 0.000000000000000000, 1.000000000000000000, 0.000000000000000000 ) ) ;
#2200 = FACE_OUTER_BOUND ( 'NONE', #232, .T. ) ;
#2201 = CARTESIAN_POINT ( 'NONE',  ( -26.72901696521303450, -3.023416343109494253, -0.7688487439161961756 ) ) ;
#2202 = ORIENTED_EDGE ( 'NONE', *, *, #1656, .T. ) ;
#2203 = DIRECTION ( 'NONE',  ( 1.000000000000000000, 0.000000000000000000, 0.000000000000000000 ) ) ;
#2204 = EDGE_CURVE ( 'NONE', #1075, #471, #3030, .T. ) ;
#2205 = CARTESIAN_POINT ( 'NONE',  ( -25.37877753409860659, 0.002673960150332530244, -16.43978288927701925 ) ) ;
#2206 = CARTESIAN_POINT ( 'NONE',  ( -24.69501726820964294, -7.731152512157911438, 6.199989411521015015 ) ) ;
#2207 = CARTESIAN_POINT ( 'NONE',  ( 0.000000000000000000, 15.99999999999999645, 6.500000000000000888 ) ) ;
#2208 = CARTESIAN_POINT ( 'NONE',  ( -2.914785885145863453, -3.293688818513063055, -1.800878522489815836 ) ) ;
#2209 = CIRCLE ( 'NONE', #3999, 89.99999999999998579 ) ;
#2210 = CARTESIAN_POINT ( 'NONE',  ( -5.877463407706734699, -10.62277323233955073, -9.411575538303511124 ) ) ;
#2211 = CARTESIAN_POINT ( 'NONE',  ( -31.42973172877033150, -20.45536515092137719, -12.21677847459941546 ) ) ;
#2212 = B_SPLINE_CURVE_WITH_KNOTS ( 'NONE', 3,
 ( #5015, #4591, #3369, #4989 ),
 .UNSPECIFIED., .F., .F.,
 ( 4, 4 ),
 ( 0.000000000000000000, 1.000000000000000000 ),
 .UNSPECIFIED. ) ;
#2213 = VERTEX_POINT ( 'NONE', #1246 ) ;
#2214 = CARTESIAN_POINT ( 'NONE',  ( -12.85640646055110636, -9.732050807568755957, -5.987355617657803997 ) ) ;
#2215 = CARTESIAN_POINT ( 'NONE',  ( 8.278255177349462812, 0.8558701678184998940, 24.60759386177915431 ) ) ;
#2216 = CARTESIAN_POINT ( 'NONE',  ( -3.810247602455763438, 0.9391725139899430586, -5.906247501472310368 ) ) ;
#2217 = ORIENTED_EDGE ( 'NONE', *, *, #2681, .T. ) ;
#2218 = CARTESIAN_POINT ( 'NONE',  ( 1.237404403310722101, -0.5285284199808597538, -3.294542606334646795 ) ) ;
#2219 = EDGE_CURVE ( 'NONE', #5234, #1321, #432, .T. ) ;
#2220 = CARTESIAN_POINT ( 'NONE',  ( 11.97582413403975821, -11.00683142184244012, 5.995219678214286141 ) ) ;
#2221 = CARTESIAN_POINT ( 'NONE',  ( -6.333142733405183300, 0.1526292418310629118, 19.85518183045520146 ) ) ;
#2222 = DIRECTION ( 'NONE',  ( -0.000000000000000000, 1.000000000000000000, -0.000000000000000000 ) ) ;
#2223 = CARTESIAN_POINT ( 'NONE',  ( -8.683678787866497828, -4.357663737978920260, -1.925362101305057916 ) ) ;
#2224 = ORIENTED_EDGE ( 'NONE', *, *, #28, .T. ) ;
#2225 = CARTESIAN_POINT ( 'NONE',  ( -11.42602912052074160, 0.1345955473586055162, -10.19013459357142715 ) ) ;
#2226 = CARTESIAN_POINT ( 'NONE',  ( 11.13101573129023691, -5.131059243614472187, 14.50218068443107811 ) ) ;
#2227 = FACE_OUTER_BOUND ( 'NONE', #2570, .T. ) ;
#2228 = CARTESIAN_POINT ( 'NONE',  ( 5.649164052501565614, 37.07223466220907682, -1.601409761759377659 ) ) ;
#2229 = CARTESIAN_POINT ( 'NONE',  ( 21.95476936256349987, -0.1971861231145795867, -26.56431746693842300 ) ) ;
#2230 = CARTESIAN_POINT ( 'NONE',  ( -27.33265775188840863, -0.3197247579725503996, -10.03998974707654668 ) ) ;
#2231 = ORIENTED_EDGE ( 'NONE', *, *, #4360, .T. ) ;
#2232 = LINE ( 'NONE', #3876, #4372 ) ;
#2233 = CARTESIAN_POINT ( 'NONE',  ( -4.738251578954707277, -3.049775555039808683, -7.322655135547421423 ) ) ;
#2234 = CARTESIAN_POINT ( 'NONE',  ( -34.28230103739805656, -0.3569074569755199544, -7.879425526023926096 ) ) ;
#2235 = CARTESIAN_POINT ( 'NONE',  ( 9.681852605172190707, -13.11271301566960368, 2.168878926991132605 ) ) ;
#2236 = CARTESIAN_POINT ( 'NONE',  ( -22.39758670859174927, -7.802556033239691935, 6.211032114619986721 ) ) ;
#2237 = CARTESIAN_POINT ( 'NONE',  ( 16.69177270287444870, 0.8494777323297515448, -21.71731573989134745 ) ) ;
#2238 = CARTESIAN_POINT ( 'NONE',  ( -6.872162842849991016, -14.28841988526321849, -12.24997968233538970 ) ) ;
#2239 = ORIENTED_EDGE ( 'NONE', *, *, #4380, .F. ) ;
#2240 = CARTESIAN_POINT ( 'NONE',  ( 14.84450528070327380, -0.01673501091253971895, -18.94641153168638681 ) ) ;
#2241 =( NAMED_UNIT ( * ) SI_UNIT ( $, .STERADIAN. ) SOLID_ANGLE_UNIT ( ) );
#2242 = ORIENTED_EDGE ( 'NONE', *, *, #81, .F. ) ;
#2243 = CARTESIAN_POINT ( 'NONE',  ( -7.329482474742486708, 5.583057652843724128, -15.00305458463646247 ) ) ;
#2244 = DIRECTION ( 'NONE',  ( 0.000000000000000000, 0.7559289460184525078, -0.6546536707079794182 ) ) ;
#2245 = CARTESIAN_POINT ( 'NONE',  ( -8.085174873575196486, 1.020239522584371006, 6.038780410193219872 ) ) ;
#2246 = CARTESIAN_POINT ( 'NONE',  ( -22.91386501804850084, 1.238729356175049867, -18.04380772386622311 ) ) ;
#2247 = VERTEX_POINT ( 'NONE', #2934 ) ;
#2248 = CARTESIAN_POINT ( 'NONE',  ( -5.335688110185628830, 0.2360025573386267950, -7.425985926678158044 ) ) ;
#2249 = DIRECTION ( 'NONE',  ( 1.000000000000000000, 0.000000000000000000, 0.000000000000000000 ) ) ;
#2250 = CARTESIAN_POINT ( 'NONE',  ( -7.685471185529272553, -12.35158026142597620, -5.818437955956705210 ) ) ;
#2251 = CARTESIAN_POINT ( 'NONE',  ( 6.499724023242640314, 36.93241919641474169, -3.157817592771137161 ) ) ;
#2252 = CARTESIAN_POINT ( 'NONE',  ( 19.66445324261174932, 0.002673960150332530244, -13.75877461688487990 ) ) ;
#2253 = ORIENTED_EDGE ( 'NONE', *, *, #3009, .T. ) ;
#2254 = CARTESIAN_POINT ( 'NONE',  ( 12.23621835740582320, -7.687912673259001295, 11.34246123190950684 ) ) ;
#2255 = CARTESIAN_POINT ( 'NONE',  ( 2.000000000000000444, 37.44662868670559419, -8.170819865380185121 ) ) ;
#2256 = CARTESIAN_POINT ( 'NONE',  ( -30.77738166508116180, -0.07954944001452672608, -9.901818922669354706 ) ) ;
#2257 = CARTESIAN_POINT ( 'NONE',  ( 4.721976956910608259, -13.20971757323184370, -2.330039416344754866 ) ) ;
#2258 = CARTESIAN_POINT ( 'NONE',  ( 13.51953508851680930, 0.2714858184318486023, -18.91074807778316114 ) ) ;
#2259 = CARTESIAN_POINT ( 'NONE',  ( -27.17639791428905127, 0.7789473077319728489, -10.98639541361036720 ) ) ;
#2260 = ORIENTED_EDGE ( 'NONE', *, *, #3276, .T. ) ;
#2261 = CARTESIAN_POINT ( 'NONE',  ( 22.95081869423314913, 0.7302652995185175966, -7.017630253416954567 ) ) ;
#2262 = CARTESIAN_POINT ( 'NONE',  ( 4.500000000000000000, 5.510910596163088569E-16, 0.000000000000000000 ) ) ;
#2263 = EDGE_LOOP ( 'NONE', ( #362, #2525 ) ) ;
#2264 = FACE_OUTER_BOUND ( 'NONE', #1368, .T. ) ;
#2265 = ADVANCED_FACE ( 'NONE', ( #3767 ), #1714, .T. ) ;
#2266 = CARTESIAN_POINT ( 'NONE',  ( 12.61985465965337028, -6.765175019058486505, 11.30941267296892327 ) ) ;
#2267 = AXIS2_PLACEMENT_3D ( 'NONE', #2869, #4498, #4523 ) ;
#2268 = CARTESIAN_POINT ( 'NONE',  ( -15.01899608516934492, -4.415150194735231182, -1.594746258907969949 ) ) ;
#2269 = ORIENTED_EDGE ( 'NONE', *, *, #4014, .F. ) ;
#2270 = CARTESIAN_POINT ( 'NONE',  ( 0.000000000000000000, 0.000000000000000000, -82.79999999999998295 ) ) ;
#2271 = CARTESIAN_POINT ( 'NONE',  ( -7.856118725298259164, -8.522793828592526211, 0.6324140467328553949 ) ) ;
#2272 = TOROIDAL_SURFACE ( 'NONE', #5265, 118.0000000000000000, 90.00000000000000000 ) ;
#2273 = DIRECTION ( 'NONE',  ( -1.000000000000000000, 0.000000000000000000, 0.000000000000000000 ) ) ;
#2274 = CARTESIAN_POINT ( 'NONE',  ( 19.65463261590197774, 1.011773997184294505, -13.77301657948440194 ) ) ;
#2275 = CARTESIAN_POINT ( 'NONE',  ( -0.3343838281379412636, -7.639375190969937890, -25.36817793856825531 ) ) ;
#2276 = ORIENTED_EDGE ( 'NONE', *, *, #1056, .F. ) ;
#2277 = CARTESIAN_POINT ( 'NONE',  ( -2.037650350346816630, -4.552222420204690145, 2.647093765584997094 ) ) ;
#2278 = EDGE_CURVE ( 'NONE', #2151, #1881, #2444, .T. ) ;
#2279 = CARTESIAN_POINT ( 'NONE',  ( -7.761381829549836020, -1.349541285513387034, -4.967945379126540217 ) ) ;
#2280 = AXIS2_PLACEMENT_3D ( 'NONE', #41, #1323, #2927 ) ;
#2281 = CARTESIAN_POINT ( 'NONE',  ( -26.04671183839254667, 0.05243160670129667911, -18.69633838054163277 ) ) ;
#2282 = CARTESIAN_POINT ( 'NONE',  ( -2.623376054914877464, -5.233316582976690334, -3.939823117382751150 ) ) ;
#2283 = AXIS2_PLACEMENT_3D ( 'NONE', #147, #2170, #1426 ) ;
#2284 = CARTESIAN_POINT ( 'NONE',  ( 6.839125179058324733, 2.270683655261011680, -2.848974443334949758 ) ) ;
#2285 = FACE_OUTER_BOUND ( 'NONE', #3344, .T. ) ;
#2286 = EDGE_CURVE ( 'NONE', #3588, #2398, #4937, .T. ) ;
#2287 = CARTESIAN_POINT ( 'NONE',  ( 0.000000000000000000, 0.000000000000000000, 8.699999999999999289 ) ) ;
#2288 = CARTESIAN_POINT ( 'NONE',  ( 5.310607281135993674, 0.6392039749995118703, 26.52790550405722314 ) ) ;
#2289 = CARTESIAN_POINT ( 'NONE',  ( 9.264685531144788655, -2.043843786560258113, 17.22940433031457630 ) ) ;
#2290 = ORIENTED_EDGE ( 'NONE', *, *, #798, .T. ) ;
#2291 = CARTESIAN_POINT ( 'NONE',  ( 13.62019151721339583, -10.17302231563600401, -5.987355617657804885 ) ) ;
#2292 = FACE_OUTER_BOUND ( 'NONE', #3370, .T. ) ;
#2293 = EDGE_CURVE ( 'NONE', #1382, #2657, #5189, .T. ) ;
#2294 = CARTESIAN_POINT ( 'NONE',  ( -0.2833846959358525819, -4.709415628069576698, -0.02195681503920979272 ) ) ;
#2295 = ORIENTED_EDGE ( 'NONE', *, *, #4423, .T. ) ;
#2296 = PLANE ( 'NONE',  #2447 ) ;
#2297 = CARTESIAN_POINT ( 'NONE',  ( -22.07204953078547760, 1.012505034823304451, -14.80758924457637704 ) ) ;
#2298 = LINE ( 'NONE', #5168, #4205 ) ;
#2299 = ORIENTED_EDGE ( 'NONE', *, *, #4895, .F. ) ;
#2300 = CARTESIAN_POINT ( 'NONE',  ( -33.39663472814235234, -16.97215497356168967, -5.987355617657803997 ) ) ;
#2301 = CARTESIAN_POINT ( 'NONE',  ( -7.311169916944414204, 0.2109865409626622557, 2.996280254786539921 ) ) ;
#2302 =( GEOMETRIC_REPRESENTATION_CONTEXT ( 3 ) GLOBAL_UNCERTAINTY_ASSIGNED_CONTEXT ( ( #470 ) ) GLOBAL_UNIT_ASSIGNED_CONTEXT ( ( #2595, #3331, #914 ) ) REPRESENTATION_CONTEXT ( 'NONE', 'WORKASPACE' ) );
#2303 = DIRECTION ( 'NONE',  ( 1.000000000000000000, 0.000000000000000000, -0.000000000000000000 ) ) ;
#2304 = CARTESIAN_POINT ( 'NONE',  ( -3.825579239621128114, -15.79679460882298514, 4.982953635089989675 ) ) ;
#2305 = CARTESIAN_POINT ( 'NONE',  ( -0.1352050777343140053, -10.03023637219798125, -4.544783042703288700 ) ) ;
#2306 = B_SPLINE_CURVE_WITH_KNOTS ( 'NONE', 3,
 ( #2781, #1560, #2480, #4468 ),
 .UNSPECIFIED., .F., .F.,
 ( 4, 4 ),
 ( 0.02153238693270387999, 0.02413443924504352078 ),
 .UNSPECIFIED. ) ;
#2307 =( BOUNDED_CURVE ( )  B_SPLINE_CURVE ( 3, ( #2851, #4479, #1672, #2875 ),
 .UNSPECIFIED., .F., .F. ) 
 B_SPLINE_CURVE_WITH_KNOTS ( ( 4, 4 ),
 ( 1.570796326794896780, 1.637512475205121998 ),
 .UNSPECIFIED. ) 
 CURVE ( )  GEOMETRIC_REPRESENTATION_ITEM ( )  RATIONAL_B_SPLINE_CURVE ( ( 1.000000000000000000, 0.9996291140226467586, 0.9996291140226467586, 1.000000000000000000 ) ) 
 REPRESENTATION_ITEM ( '' )  );
#2308 = DIRECTION ( 'NONE',  ( -0.000000000000000000, -0.000000000000000000, 1.000000000000000000 ) ) ;
#2309 = CARTESIAN_POINT ( 'NONE',  ( -11.61441285240804611, -7.182922386825181249, 0.8288623326803109537 ) ) ;
#2310 = AXIS2_PLACEMENT_3D ( 'NONE', #4020, #1973, #3558 ) ;
#2311 = EDGE_CURVE ( 'NONE', #2657, #909, #2763, .T. ) ;
#2312 = CARTESIAN_POINT ( 'NONE',  ( -16.05888015391846935, -19.37059880769710674, 13.08302078956499770 ) ) ;
#2313 = DIRECTION ( 'NONE',  ( 2.168404344971008868E-16, -0.000000000000000000, 1.000000000000000000 ) ) ;
#2314 = ORIENTED_EDGE ( 'NONE', *, *, #3839, .F. ) ;
#2315 = DIRECTION ( 'NONE',  ( -0.000000000000000000, -0.000000000000000000, 1.000000000000000000 ) ) ;
#2316 = CARTESIAN_POINT ( 'NONE',  ( -5.745818279156862829, 0.9869730265624561127, 23.79523829388316614 ) ) ;
#2317 = CARTESIAN_POINT ( 'NONE',  ( -2.567458091894284422, 0.9268877725419092384, 23.54342958632211591 ) ) ;
#2318 = ORIENTED_EDGE ( 'NONE', *, *, #710, .T. ) ;
#2319 = DIRECTION ( 'NONE',  ( -0.2973836590439041805, 3.641899461668450920E-17, 0.9547580632462125960 ) ) ;
#2320 = CARTESIAN_POINT ( 'NONE',  ( 10.68466807594344381, -12.39060225651677882, 3.738817026239732666 ) ) ;
#2321 = CARTESIAN_POINT ( 'NONE',  ( -6.396417668377218035, -3.027752212873709325, -2.985744469504674203 ) ) ;
#2322 = VERTEX_POINT ( 'NONE', #3413 ) ;
#2323 = CARTESIAN_POINT ( 'NONE',  ( -5.178983417391266109, 0.002673960150332530244, 23.90930336807550560 ) ) ;
#2324 = CARTESIAN_POINT ( 'NONE',  ( 14.30386854514567219, -9.224972935021371612, 4.089075281467085432 ) ) ;
#2325 = CARTESIAN_POINT ( 'NONE',  ( 19.66460467668791523, -0.003729936193215249458, -13.75873946110091772 ) ) ;
#2326 = VECTOR ( 'NONE', #3642, 1000.000000000000000 ) ;
#2327 = CARTESIAN_POINT ( 'NONE',  ( 19.86506913513053618, -0.2416012241247545989, -18.85516747978448393 ) ) ;
#2328 = ORIENTED_EDGE ( 'NONE', *, *, #1251, .F. ) ;
#2329 = CARTESIAN_POINT ( 'NONE',  ( 39.50000000000000000, 0.000000000000000000, 3.499999999999999556 ) ) ;
#2330 = CARTESIAN_POINT ( 'NONE',  ( -4.000000000000000000, 39.29694644625712385, -0.9873556176578029975 ) ) ;
#2331 = CARTESIAN_POINT ( 'NONE',  ( -4.895799964280842964, -10.30091360404940559, 2.743704734260770994 ) ) ;
#2332 = CARTESIAN_POINT ( 'NONE',  ( -2.668036480811903921, -13.72783508102434524, 3.756847356525280457 ) ) ;
#2333 = CARTESIAN_POINT ( 'NONE',  ( -4.597936790216075487, -2.550943544403779129, -1.860131587880136550 ) ) ;
#2334 = CARTESIAN_POINT ( 'NONE',  ( -14.85640646055107617, -6.267949192430983807, -5.987355617657803997 ) ) ;
#2335 = CARTESIAN_POINT ( 'NONE',  ( 7.075384979460377366, 0.9801582820490081227, -5.344318468767482067 ) ) ;
#2336 = CARTESIAN_POINT ( 'NONE',  ( 14.85640646055099268, -6.267949192431190752, -5.987355617657803997 ) ) ;
#2337 = DIRECTION ( 'NONE',  ( 1.000000000000000000, 0.000000000000000000, 0.000000000000000000 ) ) ;
#2338 = B_SPLINE_CURVE_WITH_KNOTS ( 'NONE', 3,
 ( #594, #3484, #1688, #4286, #1025, #3457 ),
 .UNSPECIFIED., .F., .F.,
 ( 4, 2, 4 ),
 ( 2.040474432107673601E-07, 0.01076629549007354809, 0.02153238693270388346 ),
 .UNSPECIFIED. ) ;
#2339 = CARTESIAN_POINT ( 'NONE',  ( 10.82472101113810936, -7.749503158487250687, 9.087214025092350766 ) ) ;
#2340 = CARTESIAN_POINT ( 'NONE',  ( 10.69117611004821811, -3.319143718693402079, 15.47548748077743497 ) ) ;
#2341 = EDGE_LOOP ( 'NONE', ( #78, #1008, #499, #4320 ) ) ;
#2342 = CARTESIAN_POINT ( 'NONE',  ( -2.500000000000000000, 16.81517172080023670, -0.6999999999999982903 ) ) ;
#2343 = CARTESIAN_POINT ( 'NONE',  ( -17.19022388117716105, 2.642642484090704791, -24.89341833914218327 ) ) ;
#2344 = EDGE_CURVE ( 'NONE', #227, #5280, #849, .T. ) ;
#2345 = ORIENTED_EDGE ( 'NONE', *, *, #1477, .F. ) ;
#2346 = CARTESIAN_POINT ( 'NONE',  ( -12.60640646055110992, -10.16506350946097825, -0.6999999999999987343 ) ) ;
#2347 = CARTESIAN_POINT ( 'NONE',  ( 14.96482518740546652, -13.97338217709140906, 5.866846847139135512 ) ) ;
#2348 = CARTESIAN_POINT ( 'NONE',  ( 13.02058875133269389, 1.034051341790851453, -9.300102698243588151 ) ) ;
#2349 = CIRCLE ( 'NONE', #2775, 4.500000000000000000 ) ;
#2350 = CARTESIAN_POINT ( 'NONE',  ( 19.84106567673470067, 0.1024074905126835799, -16.05593351750663444 ) ) ;
#2351 = ORIENTED_EDGE ( 'NONE', *, *, #485, .F. ) ;
#2352 = CARTESIAN_POINT ( 'NONE',  ( 39.50000000000000000, 0.000000000000000000, 8.699999999999999289 ) ) ;
#2353 =( GEOMETRIC_REPRESENTATION_CONTEXT ( 3 ) GLOBAL_UNCERTAINTY_ASSIGNED_CONTEXT ( ( #1697 ) ) GLOBAL_UNIT_ASSIGNED_CONTEXT ( ( #2818, #4016, #3172 ) ) REPRESENTATION_CONTEXT ( 'NONE', 'WORKASPACE' ) );
#2354 = DIRECTION ( 'NONE',  ( 0.000000000000000000, 0.000000000000000000, -1.000000000000000000 ) ) ;
#2355 = FACE_OUTER_BOUND ( 'NONE', #1772, .T. ) ;
#2356 = CARTESIAN_POINT ( 'NONE',  ( -28.49440221067286672, -0.07872236574424831823, -17.29296314474419205 ) ) ;
#2357 = CARTESIAN_POINT ( 'NONE',  ( 4.675060016342608371, -13.24824480181788644, -2.325990048503000729 ) ) ;
#2358 = CARTESIAN_POINT ( 'NONE',  ( 15.48809011249136880, -7.016488688490424508, -30.31976801101090757 ) ) ;
#2359 = CARTESIAN_POINT ( 'NONE',  ( 10.29482888836595400, 0.7980011949880675415, -8.083300315850038942 ) ) ;
#2360 = EDGE_CURVE ( 'NONE', #968, #4285, #1755, .T. ) ;
#2361 = CARTESIAN_POINT ( 'NONE',  ( -24.19722631656314960, -7.600924667052703754, 7.169653148446317736 ) ) ;
#2362 = PLANE ( 'NONE',  #2524 ) ;
#2363 = CIRCLE ( 'NONE', #5105, 37.50000000000000000 ) ;
#2364 = CARTESIAN_POINT ( 'NONE',  ( 2.000000000000000444, 37.23195965619282077, -14.88078992107407572 ) ) ;
#2365 = VERTEX_POINT ( 'NONE', #3088 ) ;
#2366 = CARTESIAN_POINT ( 'NONE',  ( -24.09753764051257363, -5.843651726827313375, 4.651327160739182176 ) ) ;
#2367 = CARTESIAN_POINT ( 'NONE',  ( -5.716184682945532280, -0.5963209411649262881, -6.652361581969091553 ) ) ;
#2368 = EDGE_CURVE ( 'NONE', #1451, #3588, #1302, .T. ) ;
#2369 = CARTESIAN_POINT ( 'NONE',  ( 0.6920118635837797516, -0.4747879860591194268, -2.738084297449259630 ) ) ;
#2370 = CARTESIAN_POINT ( 'NONE',  ( -3.631102569626043941, -6.833500317241389510, -7.096418046028726501 ) ) ;
#2371 = CARTESIAN_POINT ( 'NONE',  ( 0.000000000000000000, 0.000000000000000000, -8.608009253327187693 ) ) ;
#2372 = CARTESIAN_POINT ( 'NONE',  ( 14.87447331734088607, -7.639375190969937890, 12.39450407950208444 ) ) ;
#2373 = CARTESIAN_POINT ( 'NONE',  ( -9.664779953309498239, -15.79679460882298514, -5.804525623247176469 ) ) ;
#2374 = ORIENTED_EDGE ( 'NONE', *, *, #1179, .T. ) ;
#2375 = DIRECTION ( 'NONE',  ( 0.7071067811865477948, 0.000000000000000000, -0.7071067811865473507 ) ) ;
#2376 = CARTESIAN_POINT ( 'NONE',  ( -5.675008109193054651, 0.02707647111530434372, 19.15738079773211311 ) ) ;
#2377 = CARTESIAN_POINT ( 'NONE',  ( 11.47403522553335264, -3.980055705617842499, 14.47257491533645002 ) ) ;
#2378 = CARTESIAN_POINT ( 'NONE',  ( -8.084431143634672523, -11.84559110923729897, -6.389633687150960029 ) ) ;
#2379 = CARTESIAN_POINT ( 'NONE',  ( -23.39450947263868130, -0.08869733029911845701, -14.19703812028278023 ) ) ;
#2380 = CARTESIAN_POINT ( 'NONE',  ( 12.95519362102261240, -7.784199183757762874, 10.00136737376367435 ) ) ;
#2381 = DIRECTION ( 'NONE',  ( 0.000000000000000000, 0.000000000000000000, -1.000000000000000000 ) ) ;
#2382 = CARTESIAN_POINT ( 'NONE',  ( 10.15922564094590896, 1.771105097221313152, -5.443845102785984658 ) ) ;
#2383 = CARTESIAN_POINT ( 'NONE',  ( -32.89134885552663690, 0.6392039749995118703, -8.664831937042352550 ) ) ;
#2384 = PRESENTATION_STYLE_ASSIGNMENT (( #4332 ) ) ;
#2385 = CARTESIAN_POINT ( 'NONE',  ( -15.19693845669913834, -7.619255970453990834, -30.98735561765780488 ) ) ;
#2386 = CARTESIAN_POINT ( 'NONE',  ( 5.457302531570939585, -16.74932187859375077, -4.085948014678278284 ) ) ;
#2387 = CIRCLE ( 'NONE', #3086, 30.00000000000000000 ) ;
#2388 = CARTESIAN_POINT ( 'NONE',  ( 33.28573519505108180, -17.29177741800583590, 1.696882658393859877 ) ) ;
#2389 = CARTESIAN_POINT ( 'NONE',  ( -1.548022105129937209, 0.8883941973166029626, 23.31751348243773947 ) ) ;
#2390 = TOROIDAL_SURFACE ( 'NONE', #2656, 118.0000000000000000, 90.00000000000000000 ) ;
#2391 = ORIENTED_EDGE ( 'NONE', *, *, #435, .T. ) ;
#2392 = DIRECTION ( 'NONE',  ( -1.084202172485512816E-16, -1.877893248421443366E-16, 1.000000000000000000 ) ) ;
#2393 = PRESENTATION_STYLE_ASSIGNMENT (( #2798 ) ) ;
#2394 = CARTESIAN_POINT ( 'NONE',  ( -18.07171145201365192, 2.326698961048855541, -20.73676010515440638 ) ) ;
#2395 = CARTESIAN_POINT ( 'NONE',  ( 4.327114646304961454, 39.26260079457802732, -5.971184606769012859 ) ) ;
#2396 = CARTESIAN_POINT ( 'NONE',  ( 10.36204475429117977, -0.8129741707111102222, 20.96800367133025844 ) ) ;
#2397 = CARTESIAN_POINT ( 'NONE',  ( 6.063426435227489364, -3.697132103612916332, -18.29900254012203575 ) ) ;
#2398 = VERTEX_POINT ( 'NONE', #1197 ) ;
#2399 = CARTESIAN_POINT ( 'NONE',  ( 4.136876716326872483, -4.571177082293112370, -23.09709600921624073 ) ) ;
#2400 = LINE ( 'NONE', #3273, #3659 ) ;
#2401 = CARTESIAN_POINT ( 'NONE',  ( 12.30854614297604499, -12.63621330608420124, 4.435367903899098962 ) ) ;
#2402 = AXIS2_PLACEMENT_3D ( 'NONE', #3393, #2961, #1736 ) ;
#2403 = CARTESIAN_POINT ( 'NONE',  ( -8.056253072922013203, -11.88132852553822261, -6.349290807176750207 ) ) ;
#2404 = CARTESIAN_POINT ( 'NONE',  ( -8.453854576619622918, 3.204530028915970608, -13.84786616265470904 ) ) ;
#2405 = AXIS2_PLACEMENT_3D ( 'NONE', #2911, #3452, #2691 ) ;
#2406 = CARTESIAN_POINT ( 'NONE',  ( -2.999960756757466207, -5.496928646506384020, -3.907320359042662616 ) ) ;
#2407 = CARTESIAN_POINT ( 'NONE',  ( -4.000000000000000000, 37.28605637500431413, -5.987355617657803109 ) ) ;
#2408 = CARTESIAN_POINT ( 'NONE',  ( 0.7692867079183093315, -2.980319634021274755, -4.505248075026995203 ) ) ;
#2409 = CARTESIAN_POINT ( 'NONE',  ( 2.000000000000000000, 34.86650114427094849, -29.98735561765781910 ) ) ;
#2410 = CARTESIAN_POINT ( 'NONE',  ( 19.66096380307613600, 0.3359506706790019170, -13.76329875123505886 ) ) ;
#2411 = ORIENTED_EDGE ( 'NONE', *, *, #1422, .T. ) ;
#2412 = CARTESIAN_POINT ( 'NONE',  ( 5.970033836990229048, -15.67117985803757563, -3.265266541993728122 ) ) ;
#2413 =( BOUNDED_CURVE ( )  B_SPLINE_CURVE ( 3, ( #217, #5091, #2572, #3040 ),
 .UNSPECIFIED., .F., .T. ) 
 B_SPLINE_CURVE_WITH_KNOTS ( ( 4, 4 ),
 ( 1.629653832741977837, 1.688716478820140976 ),
 .UNSPECIFIED. ) 
 CURVE ( )  GEOMETRIC_REPRESENTATION_ITEM ( )  RATIONAL_B_SPLINE_CURVE ( ( 1.000000000000000000, 0.9997093214458155908, 0.9997093214458155908, 1.000000000000000000 ) ) 
 REPRESENTATION_ITEM ( '' )  );
#2414 = CARTESIAN_POINT ( 'NONE',  ( -2.531487122851125982, -5.244910148936940075, -0.3170566457128013993 ) ) ;
#2415 = CARTESIAN_POINT ( 'NONE',  ( 0.000000000000000000, 0.000000000000000000, 3.499999999999999556 ) ) ;
#2416 = DIRECTION ( 'NONE',  ( 0.000000000000000000, 0.000000000000000000, 1.000000000000000000 ) ) ;
#2417 = ADVANCED_FACE ( 'NONE', ( #4532 ), #4487, .F. ) ;
#2418 = ORIENTED_EDGE ( 'NONE', *, *, #3976, .F. ) ;
#2419 = CARTESIAN_POINT ( 'NONE',  ( -3.750368508084073405, -10.09843939834163073, -21.35419956769806760 ) ) ;
#2420 = CARTESIAN_POINT ( 'NONE',  ( -5.352699417412430272, -11.65133465340642616, 2.600390223180564231 ) ) ;
#2421 = ADVANCED_FACE ( 'NONE', ( #191 ), #3677, .F. ) ;
#2422 = CARTESIAN_POINT ( 'NONE',  ( 5.882912190445241940, 39.05963723495464279, -1.834529523629988113 ) ) ;
#2423 = CARTESIAN_POINT ( 'NONE',  ( 10.18659046129204526, -7.828792674199419821, 10.00722556769610883 ) ) ;
#2424 = CARTESIAN_POINT ( 'NONE',  ( -9.294122605897872091, -18.78487274526555950, -17.70835044275721160 ) ) ;
#2425 = ORIENTED_EDGE ( 'NONE', *, *, #4897, .F. ) ;
#2426 = CARTESIAN_POINT ( 'NONE',  ( 18.40458648868312963, -0.05259223409247594516, -15.41139026400327161 ) ) ;
#2427 = CARTESIAN_POINT ( 'NONE',  ( 13.39526273034345571, 0.4084679293086909690, -19.92756990833624187 ) ) ;
#2428 = CARTESIAN_POINT ( 'NONE',  ( -6.725722907913326942, 1.128541534545077774, 24.03369132051949464 ) ) ;
#2429 = CARTESIAN_POINT ( 'NONE',  ( -2.198349873862543991, -1.896917033821431620, -1.387939095600988493 ) ) ;
#2430 = CIRCLE ( 'NONE', #3049, 92.00000000000000000 ) ;
#2431 = CARTESIAN_POINT ( 'NONE',  ( 3.708132845892596396, -5.102654168832019721, 0.8286875964930137117 ) ) ;
#2432 = CARTESIAN_POINT ( 'NONE',  ( -0.7950027613511422286, -10.47908885925271960, -4.487836372912885174 ) ) ;
#2433 = DIRECTION ( 'NONE',  ( 0.000000000000000000, 0.000000000000000000, -1.000000000000000000 ) ) ;
#2434 = CARTESIAN_POINT ( 'NONE',  ( 19.39049400901026488, 5.057266443672714828, 1.110177650965045837 ) ) ;
#2435 = ADVANCED_FACE ( 'NONE', ( #1005 ), #3411, .T. ) ;
#2436 = DIRECTION ( 'NONE',  ( -0.000000000000000000, 1.000000000000000000, -0.000000000000000000 ) ) ;
#2437 = CARTESIAN_POINT ( 'NONE',  ( -6.282175070027140151, -12.91961970032308038, -16.13537999978559867 ) ) ;
#2438 = ORIENTED_EDGE ( 'NONE', *, *, #4884, .F. ) ;
#2439 = CARTESIAN_POINT ( 'NONE',  ( -2.358114757025765673, -6.858433774416201167, -4.503539505266020981 ) ) ;
#2440 = CARTESIAN_POINT ( 'NONE',  ( 12.08094129284199170, -7.065150731453750055, 12.18201770700055420 ) ) ;
#2441 = CARTESIAN_POINT ( 'NONE',  ( -13.97578719097885624, -13.12801738298342258, 7.288214528272326298 ) ) ;
#2442 = CARTESIAN_POINT ( 'NONE',  ( -14.46366401414226210, -12.91961970032308393, 7.218959063471293014 ) ) ;
#2443 = CARTESIAN_POINT ( 'NONE',  ( -1.173704879838976201, -7.749503158487250687, -20.20734453515716567 ) ) ;
#2444 =( BOUNDED_CURVE ( )  B_SPLINE_CURVE ( 3, ( #4930, #1694, #4087, #5278 ),
 .UNSPECIFIED., .F., .T. ) 
 B_SPLINE_CURVE_WITH_KNOTS ( ( 4, 4 ),
 ( 4.594468828359440593, 4.653531474437608395 ),
 .UNSPECIFIED. ) 
 CURVE ( )  GEOMETRIC_REPRESENTATION_ITEM ( )  RATIONAL_B_SPLINE_CURVE ( ( 1.000000000000000000, 0.9997093214458155908, 0.9997093214458155908, 1.000000000000000000 ) ) 
 REPRESENTATION_ITEM ( '' )  );
#2445 = VERTEX_POINT ( 'NONE', #185 ) ;
#2446 = CARTESIAN_POINT ( 'NONE',  ( -26.79009684588643836, 0.2251135593144219793, -12.85812489406559145 ) ) ;
#2447 = AXIS2_PLACEMENT_3D ( 'NONE', #4344, #307, #647 ) ;
#2448 = CARTESIAN_POINT ( 'NONE',  ( 5.880259947336409887, 39.06003259129578709, -5.143001254665373168 ) ) ;
#2449 = CARTESIAN_POINT ( 'NONE',  ( 13.15028882896583617, -16.75875482108200032, 2.498024564489800703 ) ) ;
#2450 = AXIS2_PLACEMENT_3D ( 'NONE', #2736, #4378, #1189 ) ;
#2451 = EDGE_CURVE ( 'NONE', #991, #4300, #1204, .T. ) ;
#2452 = EDGE_LOOP ( 'NONE', ( #1698, #1442, #1478, #4148, #2123, #257 ) ) ;
#2453 = CARTESIAN_POINT ( 'NONE',  ( 28.00000000000000000, 0.000000000000000000, -82.79999999999998295 ) ) ;
#2454 = CARTESIAN_POINT ( 'NONE',  ( 11.19960047277836068, -0.1680291670142433913, -21.22847427672826726 ) ) ;
#2455 = CARTESIAN_POINT ( 'NONE',  ( -11.21919164768326738, 3.841610999471568366, 3.517388819690779211 ) ) ;
#2456 = CARTESIAN_POINT ( 'NONE',  ( -7.805587073659796538, -13.50172557906508963, -8.920977011127320111 ) ) ;
#2457 = CARTESIAN_POINT ( 'NONE',  ( -14.59118827795250972, 1.306747980119032038, -14.95749606516040231 ) ) ;
#2458 = DIRECTION ( 'NONE',  ( 0.000000000000000000, 0.000000000000000000, 1.000000000000000000 ) ) ;
#2459 = CARTESIAN_POINT ( 'NONE',  ( -12.60160795583650994, -3.902293334915681200, 4.273083326897439527 ) ) ;
#2460 = B_SPLINE_CURVE_WITH_KNOTS ( 'NONE', 3,
 ( #2488, #2461, #4115, #4906 ),
 .UNSPECIFIED., .F., .F.,
 ( 4, 4 ),
 ( 2.864663411356208393E-07, 0.001429675881020816023 ),
 .UNSPECIFIED. ) ;
#2461 = CARTESIAN_POINT ( 'NONE',  ( 30.74737186013393853, -16.21319320458998092, -30.65470687923082949 ) ) ;
#2462 = CARTESIAN_POINT ( 'NONE',  ( -8.546714777156759979, 1.674112148573285497, 18.41763328936185573 ) ) ;
#2463 = CARTESIAN_POINT ( 'NONE',  ( 12.60640646055097314, -10.16506350946115589, -0.6999999999999992895 ) ) ;
#2464 = EDGE_CURVE ( 'NONE', #2052, #4982, #2568, .T. ) ;
#2465 = CARTESIAN_POINT ( 'NONE',  ( 1.056425417871231787, 0.2549848934012620139, -0.3565670850468081743 ) ) ;
#2466 = DIRECTION ( 'NONE',  ( -1.000000000000000000, 0.000000000000000000, 0.000000000000000000 ) ) ;
#2467 = CARTESIAN_POINT ( 'NONE',  ( -10.47061383429386439, -19.29799089895972841, -19.50704760340726551 ) ) ;
#2468 = CARTESIAN_POINT ( 'NONE',  ( -4.000000000000000000, 37.28605637500431413, -0.9873556176578029975 ) ) ;
#2469 = B_SPLINE_CURVE_WITH_KNOTS ( 'NONE', 3,
 ( #3033, #603, #4218, #4576, #3007, #3789, #548, #2173, #4659, #237, #3817, #5087 ),
 .UNSPECIFIED., .F., .F.,
 ( 4, 2, 2, 2, 2, 4 ),
 ( 0.01379829799841332354, 0.01518533497601686454, 0.01657237195362040380, 0.01726589044242217430, 0.01795940893122394480, 0.01934644590882748580 ),
 .UNSPECIFIED. ) ;
#2470 = ORIENTED_EDGE ( 'NONE', *, *, #329, .F. ) ;
#2471 = CARTESIAN_POINT ( 'NONE',  ( -5.944234361207397122, -12.63621330608420124, -19.16645173350596210 ) ) ;
#2472 = PRODUCT ( 'Body1', 'Body1', '', ( #3778 ) ) ;
#2473 = AXIS2_PLACEMENT_3D ( 'NONE', #150, #5057, #1319 ) ;
#2474 = CARTESIAN_POINT ( 'NONE',  ( 6.167006744848619881, 39.01572267136724292, -4.744757113750847743 ) ) ;
#2475 = CONTEXT_DEPENDENT_SHAPE_REPRESENTATION ( #1960, #5208 ) ;
#2476 = CARTESIAN_POINT ( 'NONE',  ( 7.159299111535227134, 0.2247958379190997114, 23.34107390713014141 ) ) ;
#2477 = CARTESIAN_POINT ( 'NONE',  ( 8.957326034123653358, 3.204530028915970608, -0.3973197419246801698 ) ) ;
#2478 = CARTESIAN_POINT ( 'NONE',  ( -36.56914148002763199, 0.8080320529714360989, -10.18621068884307590 ) ) ;
#2479 = ORIENTED_EDGE ( 'NONE', *, *, #3487, .T. ) ;
#2480 = CARTESIAN_POINT ( 'NONE',  ( -31.41873831450839916, -20.44901810023793587, -6.862260818968691112 ) ) ;
#2481 = CARTESIAN_POINT ( 'NONE',  ( -6.483845149175617273, 38.96422474998141183, -3.815164991415255891 ) ) ;
#2482 = CARTESIAN_POINT ( 'NONE',  ( -12.61463365072964038, 1.528958695004528634, 23.38087708059070025 ) ) ;
#2483 = CARTESIAN_POINT ( 'NONE',  ( -5.210195255812210213, -11.72257082583454313, -18.78052013376118268 ) ) ;
#2484 = EDGE_CURVE ( 'NONE', #4406, #4636, #3465, .T. ) ;
#2485 = CARTESIAN_POINT ( 'NONE',  ( 3.252722764474111461, -7.750441083393034170, 2.587581211555818328 ) ) ;
#2486 = CARTESIAN_POINT ( 'NONE',  ( 1.092663901986520969, -10.45041577742584415, -3.741053885714045624 ) ) ;
#2487 = CARTESIAN_POINT ( 'NONE',  ( 9.395562502778956215, 5.583057652843724128, 1.154009272598296665 ) ) ;
#2488 = CARTESIAN_POINT ( 'NONE',  ( 30.51537138493650403, -16.46335734513542803, -30.98735561765780488 ) ) ;
#2489 = CARTESIAN_POINT ( 'NONE',  ( -4.175367208344616721, -10.73684025311920998, -19.99445700574679918 ) ) ;
#2490 = VERTEX_POINT ( 'NONE', #1805 ) ;
#2491 = CARTESIAN_POINT ( 'NONE',  ( -0.9566756669067526531, -4.357663737978920260, 2.193713341162762731 ) ) ;
#2492 = DIRECTION ( 'NONE',  ( -0.000000000000000000, 0.000000000000000000, -1.000000000000000000 ) ) ;
#2493 = CARTESIAN_POINT ( 'NONE',  ( -2.921662204913515026, -3.281542082082674394, -1.786177159773311596 ) ) ;
#2494 = CARTESIAN_POINT ( 'NONE',  ( 7.258790085799954994, -1.297996083224192798, -25.72653519018986046 ) ) ;
#2495 = ORIENTED_EDGE ( 'NONE', *, *, #101, .F. ) ;
#2496 = CARTESIAN_POINT ( 'NONE',  ( -22.11852042034779942, -8.974228679023841693, 5.831494161644766194 ) ) ;
#2497 = CARTESIAN_POINT ( 'NONE',  ( 6.599110304024002005, 0.4252315389462623108, -4.522874507295374436 ) ) ;
#2498 = CARTESIAN_POINT ( 'NONE',  ( -27.17525189509484562, -1.373092536296193211, -1.969970343455546224 ) ) ;
#2499 = ORIENTED_EDGE ( 'NONE', *, *, #2190, .T. ) ;
#2500 = APPLICATION_PROTOCOL_DEFINITION ( 'draft international standard', 'automotive_design', 1998, #304 ) ;
#2501 = CYLINDRICAL_SURFACE ( 'NONE', #3323, 16.99999999999999645 ) ;
#2502 = CARTESIAN_POINT ( 'NONE',  ( 3.182361532209532218, -0.07954944001452672608, 25.31564970717814234 ) ) ;
#2503 =( BOUNDED_CURVE ( )  B_SPLINE_CURVE ( 3, ( #4942, #995, #3779, #1279 ),
 .UNSPECIFIED., .F., .F. ) 
 B_SPLINE_CURVE_WITH_KNOTS ( ( 4, 4 ),
 ( 1.629653832741977615, 1.688716478820145861 ),
 .UNSPECIFIED. ) 
 CURVE ( )  GEOMETRIC_REPRESENTATION_ITEM ( )  RATIONAL_B_SPLINE_CURVE ( ( 1.000000000000000000, 0.9997093214458155908, 0.9997093214458155908, 1.000000000000000000 ) ) 
 REPRESENTATION_ITEM ( '' )  );
#2504 = CARTESIAN_POINT ( 'NONE',  ( 19.56877563299997291, 4.105764657874368950, 1.365425578743605817 ) ) ;
#2505 = CARTESIAN_POINT ( 'NONE',  ( 16.73056065900991030, 0.1526292418310629118, -10.73218256039219298 ) ) ;
#2506 = CARTESIAN_POINT ( 'NONE',  ( -29.74493516417415151, 0.1100384973160246777, -3.188214808138389422 ) ) ;
#2507 = VERTEX_POINT ( 'NONE', #1402 ) ;
#2508 = LINE ( 'NONE', #3327, #4463 ) ;
#2509 = CARTESIAN_POINT ( 'NONE',  ( -6.746598552669259341, -0.07126396996545512896, 24.03549308260217288 ) ) ;
#2510 = CARTESIAN_POINT ( 'NONE',  ( -3.365330133719570682, -9.730129753595335274, -21.19391039084694839 ) ) ;
#2511 = CARTESIAN_POINT ( 'NONE',  ( -15.06924813309790778, 2.613064119610380320, -26.14538940802579958 ) ) ;
#2512 = CARTESIAN_POINT ( 'NONE',  ( -12.44403898565897393, -4.438631768982002512, 3.689076701133537473 ) ) ;
#2513 = CARTESIAN_POINT ( 'NONE',  ( -6.250874835335069157, 0.5229582704243517233, 2.171605504926099606 ) ) ;
#2514 = ORIENTED_EDGE ( 'NONE', *, *, #3319, .F. ) ;
#2515 = CARTESIAN_POINT ( 'NONE',  ( -4.006782302141177254, -0.09048127575545888979, 10.24138040983836362 ) ) ;
#2516 = LINE ( 'NONE', #4174, #4834 ) ;
#2517 = CARTESIAN_POINT ( 'NONE',  ( -2.935414844448819949, -3.257248609221897073, -1.756774434340303337 ) ) ;
#2518 = CIRCLE ( 'NONE', #2267, 5.000000000000000000 ) ;
#2519 = EDGE_CURVE ( 'NONE', #5170, #3983, #2469, .T. ) ;
#2520 = CARTESIAN_POINT ( 'NONE',  ( -1.094617325202897673, -0.1295824735462443034, 23.19666912617192978 ) ) ;
#2521 = CARTESIAN_POINT ( 'NONE',  ( -6.074965010688612388, -12.82535406177329129, -18.19514093928003717 ) ) ;
#2522 = CARTESIAN_POINT ( 'NONE',  ( -7.008615524370973127, -14.28816703267372468, -11.56212336380455241 ) ) ;
#2523 = B_SPLINE_CURVE_WITH_KNOTS ( 'NONE', 3,
 ( #2552, #1704, #4673, #896 ),
 .UNSPECIFIED., .F., .F.,
 ( 4, 4 ),
 ( 1.982730624559433876E-07, 0.002602250585402095251 ),
 .UNSPECIFIED. ) ;
#2524 = AXIS2_PLACEMENT_3D ( 'NONE', #731, #4780, #277 ) ;
#2525 = ORIENTED_EDGE ( 'NONE', *, *, #4777, .T. ) ;
#2526 = CARTESIAN_POINT ( 'NONE',  ( -23.97687562027023134, -6.591959189749702297, 4.393355427947822633 ) ) ;
#2527 = AXIS2_PLACEMENT_3D ( 'NONE', #1136, #5147, #1487 ) ;
#2528 = CARTESIAN_POINT ( 'NONE',  ( -33.65370349203944045, -16.54322342440829274, -0.6999999999999992895 ) ) ;
#2529 = CARTESIAN_POINT ( 'NONE',  ( -27.54558227376644552, 0.4787457118009703083, -8.440359483409277885 ) ) ;
#2530 = CIRCLE ( 'NONE', #916, 32.07177430784081906 ) ;
#2531 = CARTESIAN_POINT ( 'NONE',  ( 12.35879273526595590, -8.289202204452360334, 10.63650045060440164 ) ) ;
#2532 = CARTESIAN_POINT ( 'NONE',  ( -14.34996897050244691, 0.8301961266466068023, 22.47951735337750279 ) ) ;
#2533 = CARTESIAN_POINT ( 'NONE',  ( 16.28745549491260292, 4.483156059740644572, 1.182218490388014631 ) ) ;
#2534 = EDGE_CURVE ( 'NONE', #4804, #1935, #3633, .T. ) ;
#2535 = CARTESIAN_POINT ( 'NONE',  ( 0.08772110111216847861, -5.609896519307518759, -8.976645276090886583 ) ) ;
#2536 = CARTESIAN_POINT ( 'NONE',  ( -17.76257296428239840, -16.15220412008148188, 11.71789079649859744 ) ) ;
#2537 = ORIENTED_EDGE ( 'NONE', *, *, #4222, .F. ) ;
#2538 = DIRECTION ( 'NONE',  ( 1.000000000000000000, 0.000000000000000000, 0.000000000000000000 ) ) ;
#2539 = DIRECTION ( 'NONE',  ( 1.000000000000000000, 0.000000000000000000, 0.000000000000000000 ) ) ;
#2540 = DIRECTION ( 'NONE',  ( 1.000000000000000000, 0.000000000000000000, 0.000000000000000000 ) ) ;
#2541 = CARTESIAN_POINT ( 'NONE',  ( -7.328793073429497262, -13.96235502292571695, -12.17824873035991651 ) ) ;
#2542 = CARTESIAN_POINT ( 'NONE',  ( 6.246247766488158604, 36.97618777080379715, -4.597006039533339639 ) ) ;
#2543 = DIRECTION ( 'NONE',  ( -1.000000000000000000, 0.000000000000000000, 0.000000000000000000 ) ) ;
#2544 = CARTESIAN_POINT ( 'NONE',  ( -20.73889437436258021, -10.06495062809469765, 6.397236404163403556 ) ) ;
#2545 = VERTEX_POINT ( 'NONE', #3492 ) ;
#2546 = CARTESIAN_POINT ( 'NONE',  ( 16.55451984944427579, 2.555759806511632704, -2.483422287430971487 ) ) ;
#2547 = CARTESIAN_POINT ( 'NONE',  ( 1.122987958285296850, -12.09469511776367412, -3.650472205213564969 ) ) ;
#2548 = CARTESIAN_POINT ( 'NONE',  ( -4.401591597039046455, -4.402843613547662294, -13.93726488312861100 ) ) ;
#2549 = CARTESIAN_POINT ( 'NONE',  ( -12.85640646055110636, -9.732050807568755957, -29.98735561765780488 ) ) ;
#2550 = CARTESIAN_POINT ( 'NONE',  ( -3.087601474796574763, -3.050300032249464888, -3.617814887653301170 ) ) ;
#2551 = CARTESIAN_POINT ( 'NONE',  ( -9.443923263615140229, -15.67117985803757563, -9.826821831375537997 ) ) ;
#2552 = CARTESIAN_POINT ( 'NONE',  ( 31.39663472814210010, -20.43625658869990147, -5.987355617657803997 ) ) ;
#2553 = ORIENTED_EDGE ( 'NONE', *, *, #3816, .F. ) ;
#2554 = CARTESIAN_POINT ( 'NONE',  ( -1.449408595141804090, -8.250585442190281782, -22.35190907009477002 ) ) ;
#2555 = CARTESIAN_POINT ( 'NONE',  ( -5.718374320435363423, 1.034051341790851453, 15.92621198000581906 ) ) ;
#2556 = AXIS2_PLACEMENT_3D ( 'NONE', #1066, #3064, #5144 ) ;
#2557 = ITEM_DEFINED_TRANSFORMATION ( 'NONE', 'NONE', #3864,  #2817 ) ;
#2558 = CARTESIAN_POINT ( 'NONE',  ( 1.000000000000000000, 15.99999999999999645, -30.98735561765780488 ) ) ;
#2559 = CARTESIAN_POINT ( 'NONE',  ( -1.889444710445818076, -8.542899406347080671, -7.138794927607817087 ) ) ;
#2560 = B_SPLINE_CURVE_WITH_KNOTS ( 'NONE', 3,
 ( #2300, #268, #4793, #5191 ),
 .UNSPECIFIED., .F., .F.,
 ( 4, 4 ),
 ( 1.982730624559434141E-07, 0.002602250585402096986 ),
 .UNSPECIFIED. ) ;
#2561 = PRODUCT_DEFINITION_SHAPE ( 'NONE', 'NONE',  #3511 ) ;
#2562 = STYLED_ITEM ( 'NONE', ( #2393 ), #1989 ) ;
#2563 = CARTESIAN_POINT ( 'NONE',  ( -18.44212974887393841, -11.00683142184243835, 7.373758092226005090 ) ) ;
#2564 = CARTESIAN_POINT ( 'NONE',  ( -1.285119968842643123, -10.79495500925457740, 4.629926279408524969 ) ) ;
#2565 = ORIENTED_EDGE ( 'NONE', *, *, #3833, .T. ) ;
#2566 = CARTESIAN_POINT ( 'NONE',  ( 12.50388912182995682, -11.13815943225397476, 7.481175448715370102 ) ) ;
#2567 = PLANE ( 'NONE',  #4168 ) ;
#2568 = LINE ( 'NONE', #3442, #692 ) ;
#2569 = CARTESIAN_POINT ( 'NONE',  ( -10.80381474894681837, -14.28841988526321671, 5.787203303933009302 ) ) ;
#2570 = EDGE_LOOP ( 'NONE', ( #4361, #1172, #4178, #4845 ) ) ;
#2571 = CARTESIAN_POINT ( 'NONE',  ( 0.8187624194777541886, -8.494966052446995874, 0.2156266927952907586 ) ) ;
#2572 = CARTESIAN_POINT ( 'NONE',  ( 1.667587606646840248, 16.92132383776532123, -30.31976801101096086 ) ) ;
#2573 = CARTESIAN_POINT ( 'NONE',  ( -20.57937368777517051, -13.97746787470905261, 10.54414461056963148 ) ) ;
#2574 = FACE_OUTER_BOUND ( 'NONE', #3414, .T. ) ;
#2575 = CARTESIAN_POINT ( 'NONE',  ( -24.62979298331419287, -4.951690954979296677, 3.545244705747714775 ) ) ;
#2576 = CARTESIAN_POINT ( 'NONE',  ( 8.076443351961062334, -2.378326127620675301, 18.24548268428024755 ) ) ;
#2577 = CARTESIAN_POINT ( 'NONE',  ( -10.05518340075253469, -17.66265275503951671, -12.03067089605587547 ) ) ;
#2578 = CARTESIAN_POINT ( 'NONE',  ( -3.704198603598132689, -11.40745860900287845, -19.77007830234508745 ) ) ;
#2579 = ORIENTED_EDGE ( 'NONE', *, *, #3726, .T. ) ;
#2580 = CARTESIAN_POINT ( 'NONE',  ( 3.296930082632677284, -4.747391397615595032, -23.27417377734351334 ) ) ;
#2581 = CARTESIAN_POINT ( 'NONE',  ( 5.831950945549223775, 0.8080320529714360989, 30.47365672262649028 ) ) ;
#2582 = TOROIDAL_SURFACE ( 'NONE', #3275, -52.50000000000000000, 90.00000000000000000 ) ;
#2583 = CARTESIAN_POINT ( 'NONE',  ( -5.161853089116188897, 1.005108310596001919, 23.90792926662570039 ) ) ;
#2584 = AXIS2_PLACEMENT_3D ( 'NONE', #4564, #586, #4779 ) ;
#2585 = CARTESIAN_POINT ( 'NONE',  ( -25.38370694206188105, 0.6684911378872266940, -16.42948947701465556 ) ) ;
#2586 = ORIENTED_EDGE ( 'NONE', *, *, #3707, .T. ) ;
#2587 = CARTESIAN_POINT ( 'NONE',  ( -5.720394790765142901, -1.536299407499047920, 0.2126007592340473373 ) ) ;
#2588 = LINE ( 'NONE', #568, #242 ) ;
#2589 = EDGE_CURVE ( 'NONE', #3630, #3099, #2298, .T. ) ;
#2590 = CARTESIAN_POINT ( 'NONE',  ( -21.86506156799791256, 0.4231799684349488722, -11.36517426957469112 ) ) ;
#2591 = VERTEX_POINT ( 'NONE', #2774 ) ;
#2592 = B_SPLINE_CURVE_WITH_KNOTS ( 'NONE', 3,
 ( #2407, #706, #318, #1940, #727, #5196, #1566, #3625, #1542, #5251, #5205, #1705, #1676, #2905, #1303, #1624, #2936, #3638, #4045, #4859, #794, #4072, #4484, #381, #3687, #2829, #2005, #4459, #24, #1247, #2880, #2468 ),
 .UNSPECIFIED., .F., .F.,
 ( 4, 2, 2, 2, 2, 2, 2, 2, 2, 2, 2, 2, 2, 2, 2, 4 ),
 ( 0.000000000000000000, 0.0004906528922364893942, 0.0009813057844729787885, 0.001471958676709468183, 0.001962611568945957577, 0.002453264461182446971, 0.002943917353418936365, 0.003925223137891911684, 0.004415876030128398910, 0.004906528922364887003, 0.005397181814601375097, 0.005887834706837862322, 0.006378487599074349548, 0.006869140491310837641, 0.007359793383547325735, 0.007850446275783812961 ),
 .UNSPECIFIED. ) ;
#2593 = CARTESIAN_POINT ( 'NONE',  ( -11.61471843549075800, 0.2157862929066043656, 23.58931811719710936 ) ) ;
#2594 = CARTESIAN_POINT ( 'NONE',  ( 2.131283845230655505, -5.708150742604745531, -22.88951772796931650 ) ) ;
#2595 =( LENGTH_UNIT ( ) NAMED_UNIT ( * ) SI_UNIT ( .MILLI., .METRE. ) );
#2596 = CARTESIAN_POINT ( 'NONE',  ( -3.353115118052742538, -10.61205525906083125, -24.42298375790836928 ) ) ;
#2597 = CARTESIAN_POINT ( 'NONE',  ( -27.43920575816931162, -1.617279016696870686, -4.018239573544091670 ) ) ;
#2598 = ORIENTED_EDGE ( 'NONE', *, *, #4978, .T. ) ;
#2599 = CARTESIAN_POINT ( 'NONE',  ( -3.957789326016194487, -1.885942433471459845, 1.428096965419905606 ) ) ;
#2600 = CARTESIAN_POINT ( 'NONE',  ( -0.08432139070937826053, -6.895615492623250908, 1.432905590450342492 ) ) ;
#2601 = CARTESIAN_POINT ( 'NONE',  ( 0.000000000000000000, 37.50000000000002842, 6.500000000000000888 ) ) ;
#2602 = CARTESIAN_POINT ( 'NONE',  ( -36.03633386552320417, -0.1078222789652832497, -14.14450354327114390 ) ) ;
#2603 = DIRECTION ( 'NONE',  ( -0.000000000000000000, -0.000000000000000000, -1.000000000000000000 ) ) ;
#2604 = CARTESIAN_POINT ( 'NONE',  ( -3.352315534657956508, -2.550943544403779129, -3.051864271382117799 ) ) ;
#2605 = CARTESIAN_POINT ( 'NONE',  ( 1.606514108175758349, -5.416708440419690795, -17.90796994097291517 ) ) ;
#2606 = ADVANCED_FACE ( 'NONE', ( #697 ), #5140, .T. ) ;
#2607 = CARTESIAN_POINT ( 'NONE',  ( 0.8784102154300204024, -10.56492800640686980, -4.256115812248782326 ) ) ;
#2608 = ADVANCED_FACE ( 'NONE', ( #1890 ), #3250, .F. ) ;
#2609 = ORIENTED_EDGE ( 'NONE', *, *, #5126, .F. ) ;
#2610 = DIRECTION ( 'NONE',  ( 1.000000000000000000, 0.000000000000000000, 0.000000000000000000 ) ) ;
#2611 = CARTESIAN_POINT ( 'NONE',  ( 8.981790196172514840, 0.7163758090056611127, 25.01218664595413799 ) ) ;
#2612 = CARTESIAN_POINT ( 'NONE',  ( -16.99999999999999645, 0.000000000000000000, 6.500000000000000888 ) ) ;
#2613 = AXIS2_PLACEMENT_3D ( 'NONE', #3628, #276, #1091 ) ;
#2614 = ORIENTED_EDGE ( 'NONE', *, *, #1743, .T. ) ;
#2615 = CARTESIAN_POINT ( 'NONE',  ( 12.10680675527939698, -10.62464191873112718, 7.756106613877574496 ) ) ;
#2616 = CARTESIAN_POINT ( 'NONE',  ( -9.289080000084416255, 1.306747980119032038, 13.82583361460261884 ) ) ;
#2617 = CARTESIAN_POINT ( 'NONE',  ( -22.17118782742637606, -8.042550386304805343, 6.200891386983356846 ) ) ;
#2618 = CARTESIAN_POINT ( 'NONE',  ( -18.17512362574333196, 0.08105148530187769595, -9.869761838077920402 ) ) ;
#2619 = VERTEX_POINT ( 'NONE', #2528 ) ;
#2620 = CARTESIAN_POINT ( 'NONE',  ( 1.665982456705067172, 34.80384324215313541, -30.32137316095273860 ) ) ;
#2621 = CARTESIAN_POINT ( 'NONE',  ( -12.66016841254346836, 0.7302652995185175966, 23.38480715356515915 ) ) ;
#2622 = CARTESIAN_POINT ( 'NONE',  ( -31.61798611810476345, -20.18040355355296711, 1.696882658393807253 ) ) ;
#2623 = ADVANCED_FACE ( 'NONE', ( #3397 ), #1681, .T. ) ;
#2624 = CARTESIAN_POINT ( 'NONE',  ( 4.164968133350159363, 37.26835880659527334, -0.9873556176578032195 ) ) ;
#2625 = CARTESIAN_POINT ( 'NONE',  ( -3.631102569635401345, -1.724715453423379952, 2.903581953971271723 ) ) ;
#2626 = CARTESIAN_POINT ( 'NONE',  ( -4.536115916991798613, -12.14739630618195854, 2.820994977207149645 ) ) ;
#2627 = DIRECTION ( 'NONE',  ( -0.8660254037844432595, -0.4999999999999920064, 0.000000000000000000 ) ) ;
#2628 = CARTESIAN_POINT ( 'NONE',  ( -17.91889419220676771, 5.057266443672714828, 16.23757157825027875 ) ) ;
#2629 = CARTESIAN_POINT ( 'NONE',  ( -15.86777582957108912, -18.96900083131669490, 11.73472342950920222 ) ) ;
#2630 = CARTESIAN_POINT ( 'NONE',  ( 11.27713465106391233, -4.243788930405021809, 14.00200852872435142 ) ) ;
#2631 = CARTESIAN_POINT ( 'NONE',  ( -3.219958504727264970, -2.800621788326623118, -3.334839579517711261 ) ) ;
#2632 = CARTESIAN_POINT ( 'NONE',  ( 10.43792168627177119, -4.292160895475145566, 15.49384619166456645 ) ) ;
#2633 = CARTESIAN_POINT ( 'NONE',  ( 1.628383676136993641, -4.415150194735231182, -12.20945901964173430 ) ) ;
#2634 = CARTESIAN_POINT ( 'NONE',  ( -4.598941409127147217, -12.36285149860596455, -18.43992883815386463 ) ) ;
#2635 = CARTESIAN_POINT ( 'NONE',  ( -26.81564974695051262, -2.043843786560267883, -0.5912491371118516748 ) ) ;
#2636 = ORIENTED_EDGE ( 'NONE', *, *, #3637, .T. ) ;
#2637 = CARTESIAN_POINT ( 'NONE',  ( -4.818103762128667533, -12.77218032047852780, -19.35297904647909917 ) ) ;
#2638 = ADVANCED_FACE ( 'NONE', ( #2804 ), #4150, .F. ) ;
#2639 = CARTESIAN_POINT ( 'NONE',  ( -25.37886387392059362, 0.001922479057969332184, -16.43984380953722635 ) ) ;
#2640 = ORIENTED_EDGE ( 'NONE', *, *, #4678, .T. ) ;
#2641 = CARTESIAN_POINT ( 'NONE',  ( 0.000000000000000000, 0.000000000000000000, 3.499999999999999556 ) ) ;
#2642 = CARTESIAN_POINT ( 'NONE',  ( 5.541023377203671885, -14.23021416462766453, -0.8870666001712588233 ) ) ;
#2643 = CARTESIAN_POINT ( 'NONE',  ( -6.965923051417219014, -0.08247206062623295419, 3.347373736543284295 ) ) ;
#2644 = CARTESIAN_POINT ( 'NONE',  ( -18.85912666730630960, -10.73684025311921530, 7.323948437342009399 ) ) ;
#2645 = CARTESIAN_POINT ( 'NONE',  ( -12.94773099993282450, -3.724715185970819409, -2.740437441163308119 ) ) ;
#2646 = EDGE_CURVE ( 'NONE', #1321, #2591, #3954, .T. ) ;
#2647 = CARTESIAN_POINT ( 'NONE',  ( -6.715470152318471442, 0.9468388815873616249, 1.838893455598060056 ) ) ;
#2648 = CARTESIAN_POINT ( 'NONE',  ( 6.657656506927505546, -2.043843786560247011, -22.92740933128904501 ) ) ;
#2649 = CARTESIAN_POINT ( 'NONE',  ( -7.970643996252609220, -3.040308570805174249, -4.651436130485881115 ) ) ;
#2650 = CARTESIAN_POINT ( 'NONE',  ( -6.277093821295040676, -13.74747051433090661, -15.30509981647277762 ) ) ;
#2651 = AXIS2_PLACEMENT_3D ( 'NONE', #4270, #3902, #4689 ) ;
#2652 = CARTESIAN_POINT ( 'NONE',  ( 5.983571316186993450, 37.01966354070777498, -1.956859862313749865 ) ) ;
#2653 = PRODUCT_DEFINITION_FORMATION_WITH_SPECIFIED_SOURCE ( 'ANY', '', #1767, .NOT_KNOWN. ) ;
#2654 = CARTESIAN_POINT ( 'NONE',  ( -0.9159948311321938208, -4.415264750706557884, 2.106981676415670357 ) ) ;
#2655 = CARTESIAN_POINT ( 'NONE',  ( -8.195642139286547945, -14.08445193188194189, 4.826814191385254915 ) ) ;
#2656 = AXIS2_PLACEMENT_3D ( 'NONE', #3529, #4696, #5152 ) ;
#2657 = VERTEX_POINT ( 'NONE', #4622 ) ;
#2658 = DIRECTION ( 'NONE',  ( 1.000000000000000000, 0.000000000000000000, 0.000000000000000000 ) ) ;
#2659 = CARTESIAN_POINT ( 'NONE',  ( -5.966511206689158797, -1.404854670714661635, -8.612588095793153542 ) ) ;
#2660 = CARTESIAN_POINT ( 'NONE',  ( -25.02886865922777915, -3.538554967268325857, -0.8357455651123212315 ) ) ;
#2661 = CARTESIAN_POINT ( 'NONE',  ( -4.468111432365527769, 0.2549848934012631241, -7.025861844642886211 ) ) ;
#2662 = LINE ( 'NONE', #3883, #1286 ) ;
#2663 = CARTESIAN_POINT ( 'NONE',  ( 10.37282115469717958, 0.08105148530187769595, -10.80523785777761603 ) ) ;
#2664 = DIRECTION ( 'NONE',  ( 0.4723368321173856410, -0.8181113915134604619, 0.3280116889704119965 ) ) ;
#2665 = CARTESIAN_POINT ( 'NONE',  ( -26.00995848857749593, -3.319143718693419398, 1.521086367246270443 ) ) ;
#2666 = ORIENTED_EDGE ( 'NONE', *, *, #980, .F. ) ;
#2667 = DIRECTION ( 'NONE',  ( -1.000000000000000000, 0.000000000000000000, -0.000000000000000000 ) ) ;
#2668 = CARTESIAN_POINT ( 'NONE',  ( 15.50817402695830616, -13.11465540383457018, 5.819950794432321217 ) ) ;
#2669 = VERTEX_POINT ( 'NONE', #508 ) ;
#2670 = CARTESIAN_POINT ( 'NONE',  ( -2.306385195094257323, -5.449492175272172112, -6.929403022513131560 ) ) ;
#2671 = ADVANCED_FACE ( 'NONE', ( #772 ), #52, .F. ) ;
#2672 = DIRECTION ( 'NONE',  ( 0.3535533905932682353, -0.6123724356957980230, -0.7071067811865472397 ) ) ;
#2673 = CARTESIAN_POINT ( 'NONE',  ( -11.32257119087397434, -11.53621533030515245, 4.978028223765519122 ) ) ;
#2674 = ORIENTED_EDGE ( 'NONE', *, *, #3008, .F. ) ;
#2675 = LINE ( 'NONE', #4810, #418 ) ;
#2676 = CARTESIAN_POINT ( 'NONE',  ( 31.42973172877004018, -20.45536515092179997, -12.21677847459941368 ) ) ;
#2677 = CARTESIAN_POINT ( 'NONE',  ( -3.631102569626045717, 3.500000000000000000, -2.096418046028730053 ) ) ;
#2678 = CARTESIAN_POINT ( 'NONE',  ( 13.13390052647879180, 0.3631538316631102714, -9.137870834586902191 ) ) ;
#2679 = CARTESIAN_POINT ( 'NONE',  ( -10.07907937803331144, -20.02740415589452994, -18.94648305178278846 ) ) ;
#2680 = CARTESIAN_POINT ( 'NONE',  ( 0.9413018178386656221, -11.10154648651284504, -4.124796287095578329 ) ) ;
#2681 = EDGE_CURVE ( 'NONE', #620, #3099, #1770, .T. ) ;
#2682 = VERTEX_POINT ( 'NONE', #1408 ) ;
#2683 = DIRECTION ( 'NONE',  ( 1.000000000000000000, 0.000000000000000000, 0.000000000000000000 ) ) ;
#2684 = CARTESIAN_POINT ( 'NONE',  ( -5.649493125190412357, 39.09407666782482238, -1.601695951957416986 ) ) ;
#2685 = CARTESIAN_POINT ( 'NONE',  ( 29.51537138493650403, -18.19540815270430301, -30.98735561765780844 ) ) ;
#2686 = CARTESIAN_POINT ( 'NONE',  ( -24.99937506924193897, -0.01498654008866341474, -16.86766123724716948 ) ) ;
#2687 = DIRECTION ( 'NONE',  ( -0.000000000000000000, -0.000000000000000000, 1.000000000000000000 ) ) ;
#2688 = CARTESIAN_POINT ( 'NONE',  ( 9.067563369081375058, -3.023416343109495585, 17.24317794393157399 ) ) ;
#2689 = CARTESIAN_POINT ( 'NONE',  ( 6.558622311334847410, 3.550353011081524457, -0.8217737451606001997 ) ) ;
#2690 = CARTESIAN_POINT ( 'NONE',  ( 1.080008703079533339, -12.14739630618195854, -3.771360008063957103 ) ) ;
#2691 = DIRECTION ( 'NONE',  ( 1.000000000000000000, 0.000000000000000000, 0.000000000000000000 ) ) ;
#2692 = ORIENTED_EDGE ( 'NONE', *, *, #556, .F. ) ;
#2693 = CARTESIAN_POINT ( 'NONE',  ( 8.954542816903220626, 1.003383371294499282, -6.557499060617759667 ) ) ;
#2694 = CARTESIAN_POINT ( 'NONE',  ( 3.556675082549159761, 0.8655084827299585060, 32.79952461844416689 ) ) ;
#2695 = ADVANCED_FACE ( 'NONE', ( #2574 ), #1464, .T. ) ;
#2696 = CARTESIAN_POINT ( 'NONE',  ( -10.84758194308480483, 0.4252315389462623108, -9.742814050099019241 ) ) ;
#2697 = ORIENTED_EDGE ( 'NONE', *, *, #2824, .T. ) ;
#2698 = CARTESIAN_POINT ( 'NONE',  ( -4.162221847776052641, 4.108061120071690553, -9.571007570612463766 ) ) ;
#2699 = CARTESIAN_POINT ( 'NONE',  ( 12.77047484010381417, -7.404486511135234039, 10.56598564517774363 ) ) ;
#2700 = CARTESIAN_POINT ( 'NONE',  ( 3.179770547380804668, -1.404854670714661635, -0.8608562290607340017 ) ) ;
#2701 = VERTEX_POINT ( 'NONE', #2661 ) ;
#2702 = PLANE ( 'NONE',  #4100 ) ;
#2703 = CARTESIAN_POINT ( 'NONE',  ( -17.10137355512215152, 1.011424674970058168, -12.38193793951359645 ) ) ;
#2704 = CARTESIAN_POINT ( 'NONE',  ( 4.329949908041399453, 37.24952937848188839, -5.970838218457816815 ) ) ;
#2705 = EDGE_CURVE ( 'NONE', #4300, #2247, #2430, .T. ) ;
#2706 = CARTESIAN_POINT ( 'NONE',  ( -0.4306528303199291807, -5.014769617100109933, 1.750156613533721650 ) ) ;
#2707 = VERTEX_POINT ( 'NONE', #4253 ) ;
#2708 = CARTESIAN_POINT ( 'NONE',  ( -4.967174664407264295, -9.653890077483916698, -6.926405550421598889 ) ) ;
#2709 = CARTESIAN_POINT ( 'NONE',  ( -7.394350975182234720, 0.2360025573386261288, 2.044580275344221043 ) ) ;
#2710 = CARTESIAN_POINT ( 'NONE',  ( -5.496998510493700252, 0.9468388815873615139, -6.735214478062974131 ) ) ;
#2711 = CARTESIAN_POINT ( 'NONE',  ( -29.02589399425740524, -0.001905624089773045194, -18.19057552703455727 ) ) ;
#2712 = CARTESIAN_POINT ( 'NONE',  ( -0.4651039195427359441, -10.25466261572535309, -4.516309707808085605 ) ) ;
#2713 = AXIS2_PLACEMENT_3D ( 'NONE', #4392, #4367, #4316 ) ;
#2714 = CARTESIAN_POINT ( 'NONE',  ( -7.101497631673987065, -4.709415628069576698, -0.2344399382045254110 ) ) ;
#2715 = FILL_AREA_STYLE ('',( #3602 ) ) ;
#2716 = CARTESIAN_POINT ( 'NONE',  ( 15.83339410259859292, 1.011057434406688715, -11.19560146710517579 ) ) ;
#2717 = CARTESIAN_POINT ( 'NONE',  ( -1.688455854502714404, 0.8101301852068490961, 22.47884575255354633 ) ) ;
#2718 = CARTESIAN_POINT ( 'NONE',  ( 12.85640646055097491, -9.732050807568937145, -5.987355617657803997 ) ) ;
#2719 = B_SPLINE_CURVE_WITH_KNOTS ( 'NONE', 3,
 ( #3016, #959, #1327, #135 ),
 .UNSPECIFIED., .F., .F.,
 ( 4, 4 ),
 ( 2.852921668569308494E-07, 0.001429674706846539335 ),
 .UNSPECIFIED. ) ;
#2720 = ORIENTED_EDGE ( 'NONE', *, *, #933, .T. ) ;
#2721 = CARTESIAN_POINT ( 'NONE',  ( -1.671974813152507178, 16.93827857938545733, 1.684712538120779479 ) ) ;
#2722 = CARTESIAN_POINT ( 'NONE',  ( 5.689329128457072393, -13.47093749989819322, -1.434120270585565571 ) ) ;
#2723 = CARTESIAN_POINT ( 'NONE',  ( -1.227983203428369308, 1.053434781489144267, -4.734970182336943445 ) ) ;
#2724 = VERTEX_POINT ( 'NONE', #2180 ) ;
#2725 = DIRECTION ( 'NONE',  ( 1.000000000000000000, 0.000000000000000000, 0.000000000000000000 ) ) ;
#2726 = CARTESIAN_POINT ( 'NONE',  ( 9.232763480651714261, -0.07851342996931752471, 24.55805784602009467 ) ) ;
#2727 = CARTESIAN_POINT ( 'NONE',  ( 4.164966725632677225, 37.26835895761335848, -5.987355617657803109 ) ) ;
#2728 = CARTESIAN_POINT ( 'NONE',  ( 3.224185478125838333, -5.367370474308287065, -17.84927959151883670 ) ) ;
#2729 = EDGE_LOOP ( 'NONE', ( #4831, #5072, #285, #523 ) ) ;
#2730 = CARTESIAN_POINT ( 'NONE',  ( -7.437200494965908071, -12.14739630618195854, -5.338889107229370268 ) ) ;
#2731 = CARTESIAN_POINT ( 'NONE',  ( -7.481621694383812304, 0.2549848934012616253, 1.093174791603475526 ) ) ;
#2732 = VECTOR ( 'NONE', #2840, 1000.000000000000114 ) ;
#2733 = CARTESIAN_POINT ( 'NONE',  ( -8.603623944390793810, -3.602152923981720267, -2.683812976188979960 ) ) ;
#2734 = CARTESIAN_POINT ( 'NONE',  ( -11.14173558570724865, -8.699585810882538794, 1.302379769343549931 ) ) ;
#2735 = CARTESIAN_POINT ( 'NONE',  ( -4.639565025615748795, -1.627644975634670255, -1.237603539200131886 ) ) ;
#2736 = CARTESIAN_POINT ( 'NONE',  ( 14.85640646055099268, -6.267949192431190752, -29.98735561765780488 ) ) ;
#2737 = CARTESIAN_POINT ( 'NONE',  ( -10.30877056338875875, -4.551884042834871913, 2.117167242109205372 ) ) ;
#2738 =( GEOMETRIC_REPRESENTATION_CONTEXT ( 3 ) GLOBAL_UNCERTAINTY_ASSIGNED_CONTEXT ( ( #103 ) ) GLOBAL_UNIT_ASSIGNED_CONTEXT ( ( #27, #4127, #2241 ) ) REPRESENTATION_CONTEXT ( 'NONE', 'WORKASPACE' ) );
#2739 = LINE ( 'NONE', #2336, #5096 ) ;
#2740 = DIRECTION ( 'NONE',  ( -0.000000000000000000, -0.000000000000000000, 1.000000000000000000 ) ) ;
#2741 = CARTESIAN_POINT ( 'NONE',  ( 3.174327906085345763, -14.76168375016576384, -4.652571520449096276 ) ) ;
#2742 = VECTOR ( 'NONE', #269, 1000.000000000000000 ) ;
#2743 = CARTESIAN_POINT ( 'NONE',  ( 3.985004144564861406, 0.2701837195478686837, 21.20852738248070324 ) ) ;
#2744 = ORIENTED_EDGE ( 'NONE', *, *, #4807, .T. ) ;
#2745 = LINE ( 'NONE', #796, #2962 ) ;
#2746 = CARTESIAN_POINT ( 'NONE',  ( 2.893919692919095787, -7.182922386825181249, 3.354691275799555061 ) ) ;
#2747 = CARTESIAN_POINT ( 'NONE',  ( -6.580468634288612506, 0.9646642075892412072, 3.677490829857540167 ) ) ;
#2748 = DIRECTION ( 'NONE',  ( -1.000000000000000000, 0.000000000000000000, -0.000000000000000000 ) ) ;
#2749 = CARTESIAN_POINT ( 'NONE',  ( 5.817914737409962456, -0.1013101764545620564, 30.47486817778902690 ) ) ;
#2750 = EDGE_CURVE ( 'NONE', #2064, #1059, #4407, .T. ) ;
#2751 = CARTESIAN_POINT ( 'NONE',  ( 13.00887079642826727, -0.1582507570217772386, -21.72302255378046709 ) ) ;
#2752 = ORIENTED_EDGE ( 'NONE', *, *, #435, .F. ) ;
#2753 = DIRECTION ( 'NONE',  ( -0.4723368321173969653, -0.8181113915134539116, 0.3280116889704119965 ) ) ;
#2754 = CARTESIAN_POINT ( 'NONE',  ( 33.98129043433324625, 0.000000000000000000, -40.32222875080931601 ) ) ;
#2755 = DIRECTION ( 'NONE',  ( 0.000000000000000000, 0.000000000000000000, 1.000000000000000000 ) ) ;
#2756 = CARTESIAN_POINT ( 'NONE',  ( -16.98405400017814060, 0.3905640236162107315, -13.67133426525483308 ) ) ;
#2757 = CARTESIAN_POINT ( 'NONE',  ( 4.057702215239512356, -13.75520635631227684, -2.272706334851219534 ) ) ;
#2758 = CARTESIAN_POINT ( 'NONE',  ( 3.507275570058758341, 2.615565840378736517, -0.6757251779592015062 ) ) ;
#2759 = DIRECTION ( 'NONE',  ( 0.8660254037844363761, -0.5000000000000039968, 0.000000000000000000 ) ) ;
#2760 = EDGE_LOOP ( 'NONE', ( #5021, #3830, #3495, #625 ) ) ;
#2761 = CARTESIAN_POINT ( 'NONE',  ( -13.31236587921079639, -10.57264936986109305, -0.6999999999999982903 ) ) ;
#2762 = CARTESIAN_POINT ( 'NONE',  ( -4.320014312733253981, 0.9224556014928617653, 27.03064843412592921 ) ) ;
#2763 = B_SPLINE_CURVE_WITH_KNOTS ( 'NONE', 3,
 ( #549, #1808, #3062, #4247, #1404, #2544, #918, #2979, #215, #4981, #4299, #3035, #1381, #951, #128, #4661, #2569, #1036, #1727, #4691, #1320, #2655, #4219, #2174, #1007, #3818, #1782, #2626 ),
 .UNSPECIFIED., .F., .F.,
 ( 4, 2, 2, 2, 2, 2, 2, 2, 2, 2, 2, 2, 2, 4 ),
 ( 4.201283418381329682E-19, 0.001398815899024450022, 0.002797631798048899610, 0.005595263596097791413, 0.006994079495122235146, 0.008392895394146679747, 0.01119052719219556027, 0.01398815899024443733, 0.01538697488926888020, 0.01608638283878109643, 0.01678579078829331786, 0.01958342258634219318, 0.02098223848536663258, 0.02238105438439106504 ),
 .UNSPECIFIED. ) ;
#2764 = EDGE_CURVE ( 'NONE', #1330, #1468, #4305, .T. ) ;
#2765 = CARTESIAN_POINT ( 'NONE',  ( 7.133759512407007009, -0.8125459360761587702, 19.17091145782550754 ) ) ;
#2766 = EDGE_LOOP ( 'NONE', ( #4203, #1484, #1308, #2565 ) ) ;
#2767 = DIRECTION ( 'NONE',  ( -0.000000000000000000, -0.000000000000000000, 1.000000000000000000 ) ) ;
#2768 = PRODUCT ( 'Blade2', 'Blade2', '', ( #4102 ) ) ;
#2769 = PLANE ( 'NONE',  #5046 ) ;
#2770 = CARTESIAN_POINT ( 'NONE',  ( -13.68327195417669273, 4.279232498061309009, -23.00678736732313823 ) ) ;
#2771 = CARTESIAN_POINT ( 'NONE',  ( 4.000000000000000000, 39.29694644625712385, -0.9873556176578029975 ) ) ;
#2772 = LINE ( 'NONE', #4003, #169 ) ;
#2773 = CARTESIAN_POINT ( 'NONE',  ( 13.83299213954929030, -9.917111952370609274, 1.684712538120761494 ) ) ;
#2774 = CARTESIAN_POINT ( 'NONE',  ( -13.62019151721353971, -10.17302231563581216, -5.987355617657804885 ) ) ;
#2775 = AXIS2_PLACEMENT_3D ( 'NONE', #4139, #2953, #4929 ) ;
#2776 = CARTESIAN_POINT ( 'NONE',  ( 21.94652515503758039, 0.03854513701023251637, -18.88492079719842565 ) ) ;
#2777 = B_SPLINE_CURVE_WITH_KNOTS ( 'NONE', 3,
 ( #835, #2848, #2410, #1193 ),
 .UNSPECIFIED., .F., .F.,
 ( 4, 4 ),
 ( 6.505213034913026604E-19, 0.0009999767145885570235 ),
 .UNSPECIFIED. ) ;
#2778 = AXIS2_PLACEMENT_3D ( 'NONE', #167, #1794, #2610 ) ;
#2779 = ORIENTED_EDGE ( 'NONE', *, *, #3878, .F. ) ;
#2780 = AXIS2_PLACEMENT_3D ( 'NONE', #3134, #286, #4764 ) ;
#2781 = CARTESIAN_POINT ( 'NONE',  ( -31.42973172877033150, -20.45536515092137719, -8.608009253327193022 ) ) ;
#2782 = CARTESIAN_POINT ( 'NONE',  ( -2.229051361678059617, -4.364170143333979901, 2.707190058719333603 ) ) ;
#2783 = CARTESIAN_POINT ( 'NONE',  ( -7.568545538559878771, -11.62946665751193542, -5.184712835956321264 ) ) ;
#2784 = CARTESIAN_POINT ( 'NONE',  ( -0.9430765155218627793, -11.37946927084077409, 3.898647769684747910 ) ) ;
#2785 = CARTESIAN_POINT ( 'NONE',  ( 12.22410932752970147, -6.691545131061752194, 12.16966097553824966 ) ) ;
#2786 = CARTESIAN_POINT ( 'NONE',  ( -14.85640646055107617, -6.267949192430983807, -29.98735561765780488 ) ) ;
#2787 = CARTESIAN_POINT ( 'NONE',  ( 4.103809246531580079, -0.1110852576897077282, -5.084060797330565151 ) ) ;
#2788 = CARTESIAN_POINT ( 'NONE',  ( -14.61072163919304678, -18.05662921419384759, 11.23558685562387538 ) ) ;
#2789 = CARTESIAN_POINT ( 'NONE',  ( -31.19527573201803250, -15.70119976456633282, -29.98735561765781199 ) ) ;
#2790 = CARTESIAN_POINT ( 'NONE',  ( -7.023681185768478663, -13.47889451932317684, -13.86902883692433974 ) ) ;
#2791 = ORIENTED_EDGE ( 'NONE', *, *, #2055, .T. ) ;
#2792 = CIRCLE ( 'NONE', #3926, 34.67318886162947678 ) ;
#2793 = CARTESIAN_POINT ( 'NONE',  ( 9.006002706656367707, -3.563374392741593066, 14.43379599764841359 ) ) ;
#2794 = CARTESIAN_POINT ( 'NONE',  ( -10.72180767025723291, -13.60426067912870529, 6.311974392296392011 ) ) ;
#2795 = CARTESIAN_POINT ( 'NONE',  ( 5.936046691555302068, -0.3254906047663659319, 20.04061968713498842 ) ) ;
#2796 = ORIENTED_EDGE ( 'NONE', *, *, #321, .T. ) ;
#2797 = FACE_OUTER_BOUND ( 'NONE', #2760, .T. ) ;
#2798 = SURFACE_STYLE_USAGE ( .BOTH. , #3899 ) ;
#2799 = CARTESIAN_POINT ( 'NONE',  ( -6.388562762714220078, 4.495655443616451308, -12.00713888527113049 ) ) ;
#2800 = CARTESIAN_POINT ( 'NONE',  ( 6.167833344881234581, 39.01558998053604199, -2.231539723720276758 ) ) ;
#2801 = CARTESIAN_POINT ( 'NONE',  ( -13.31236587921079639, -10.57264936986109305, -0.6999999999999982903 ) ) ;
#2802 = CARTESIAN_POINT ( 'NONE',  ( -7.820969152196259877, -10.92404410946210902, -5.253324566257180805 ) ) ;
#2803 = CARTESIAN_POINT ( 'NONE',  ( 8.023858773649926945, -15.62885479843210668, -0.08406044596246568801 ) ) ;
#2804 = FACE_OUTER_BOUND ( 'NONE', #1748, .T. ) ;
#2805 = ADVANCED_FACE ( 'NONE', ( #160 ), #4914, .F. ) ;
#2806 = CARTESIAN_POINT ( 'NONE',  ( -0.05788623724617924377, -7.828792674199419821, -20.11471303936142263 ) ) ;
#2807 = VERTEX_POINT ( 'NONE', #5282 ) ;
#2808 = CARTESIAN_POINT ( 'NONE',  ( 1.000000000000000000, 15.99999999999999645, -30.98735561765780488 ) ) ;
#2809 = CARTESIAN_POINT ( 'NONE',  ( -118.0000000000000000, 1.445083222993876641E-14, -66.49199074667276932 ) ) ;
#2810 = CARTESIAN_POINT ( 'NONE',  ( -8.505107233387086296, 1.335119160215840983, 2.084276453898931791 ) ) ;
#2811 = CARTESIAN_POINT ( 'NONE',  ( 0.6273388857330175483, -5.925405488545226973, -23.20206011289402781 ) ) ;
#2812 = CARTESIAN_POINT ( 'NONE',  ( -19.03527498271349927, 0.9962340921620218559, -22.74454188668451593 ) ) ;
#2813 = CARTESIAN_POINT ( 'NONE',  ( 9.655287305983906165, -13.14332175029724148, 2.171171759109709942 ) ) ;
#2814 = DIRECTION ( 'NONE',  ( 0.000000000000000000, 0.000000000000000000, -1.000000000000000000 ) ) ;
#2815 = CARTESIAN_POINT ( 'NONE',  ( 15.97936683490386578, 5.843054565218908536, 1.550724280678305478 ) ) ;
#2816 = B_SPLINE_SURFACE_WITH_KNOTS ( 'NONE', 3, 3, ( 
 ( #2312, #3965, #3531, #5154, #1493, #3122, #3146, #4752, #1923, #5178, #4778, #5254, #2478, #1996, #4542 ),
 ( #371, #3355, #2536, #2115, #4973, #2361, #1284, #1687, #460, #1340, #4133, #4040, #5227, #1568, #4424 ),
 ( #4602, #2788, #487, #1312, #4920, #757, #852, #879, #5000, #2506, #4155, #2383, #4823, #4945, #512 ),
 ( #3627, #2142, #2946, #87, #3749, #4569, #1657, #2971, #1966, #1747, #3196, #3298, #3718, #4015, #908 ),
 ( #345, #1255, #2889, #60, #4185, #3784, #3601, #1164, #121, #2087, #4517, #3325, #4314, #1397, #178 ),
 ( #999, #570, #3054, #2673, #4242, #231, #1058, #624, #1857, #1450, #145, #3488, #645, #1884, #1800 ),
 ( #208, #3027, #261, #3081, #2194, #1776, #2268, #3461, #3924, #3513, #2590, #4684, #972, #4709, #1423 ),
 ( #3436, #5111, #4654, #1476, #1029, #5135, #2645, #3404, #4292, #2618, #3840, #3108, #2246, #940, #4265 ),
 ( #598, #2564, #5024, #5052, #4213, #2223, #3868, #2168, #3810, #543, #1829, #1373, #3001, #3896, #5082 ),
 ( #4627, #5164, #3156, #5183, #4808, #2321, #1175, #742, #1577, #1529, #4024, #4785, #2394, #3541, #694 ),
 ( #4390, #2746, #671, #2294, #769, #1126, #1078, #3206, #1150, #4001, #1607, #4050, #1503, #715, #2343 ),
 ( #3587, #330, #1949, #3641, #5211, #1100, #3949, #284, #3132, #1929, #4737, #4762, #2770, #356, #3564 ),
 ( #1552, #3183, #384, #4409, #2369, #2723, #1910, #1979, #2799, #3612, #4365, #4435, #5237, #4837, #2008 ),
 ( #3977, #5266, #4342, #2700, #305, #2117, #3051, #2698, #644, #2243, #4734, #489, #3752, #4680, #3892 ) ),
 .UNSPECIFIED., .F., .F., .F.,
 ( 4, 1, 1, 1, 1, 1, 1, 1, 1, 1, 1, 4 ),
 ( 4, 1, 1, 1, 1, 1, 1, 1, 1, 1, 1, 1, 4 ),
 ( -0.01358241894323341907, -0.01115361894323341901, -0.008724818943233418958, -0.006296018943233418902, -0.002652818943233417950, -0.0002240189432334196290, 0.002204781056766582162, 0.004633581056766580483, 0.008276781056766583169, 0.01070558105676658149, 0.01313438105676657981, 0.01556318105676658160 ),
 ( -0.01434031437954671855, -0.01118695789437761448, -0.008033601409208512151, -0.004880244924039408086, -0.001726888438870304021, 0.001426468046298800044, 0.004579824531467902374, 0.007733181016637008173, 0.01088653750180611050, 0.01403989398697521283, 0.01719325047214431690, 0.02034660695731341923, 0.02349996344248252156 ),
 .UNSPECIFIED. ) ;
#2817 = AXIS2_PLACEMENT_3D ( 'NONE', #2895, #126, #1752 ) ;
#2818 =( LENGTH_UNIT ( ) NAMED_UNIT ( * ) SI_UNIT ( .MILLI., .METRE. ) );
#2819 = ORIENTED_EDGE ( 'NONE', *, *, #1665, .T. ) ;
#2820 = CARTESIAN_POINT ( 'NONE',  ( 0.000000000000000000, 39.50000000000000000, 8.699999999999999289 ) ) ;
#2821 = CARTESIAN_POINT ( 'NONE',  ( -2.541101421515937986, 0.4231799684349488722, 18.32903176989814398 ) ) ;
#2822 = CIRCLE ( 'NONE', #2310, 37.50000000000000000 ) ;
#2823 = CARTESIAN_POINT ( 'NONE',  ( -3.498084099781408884, -2.275965786303323135, -2.740215508532937605 ) ) ;
#2824 = EDGE_CURVE ( 'NONE', #3508, #4870, #74, .T. ) ;
#2825 = CARTESIAN_POINT ( 'NONE',  ( 0.000000000000000000, 0.000000000000000000, -35.37253856727842560 ) ) ;
#2826 = CARTESIAN_POINT ( 'NONE',  ( -8.215221449097739992, -15.63755055385204429, -16.74467351711046703 ) ) ;
#2827 = AXIS2_PLACEMENT_3D ( 'NONE', #2415, #3662, #3260 ) ;
#2828 =( BOUNDED_CURVE ( )  B_SPLINE_CURVE ( 3, ( #343, #3280, #3990, #2043 ),
 .UNSPECIFIED., .F., .T. ) 
 B_SPLINE_CURVE_WITH_KNOTS ( ( 4, 4 ),
 ( 4.645672831974464678, 4.712388980384689674 ),
 .UNSPECIFIED. ) 
 CURVE ( )  GEOMETRIC_REPRESENTATION_ITEM ( )  RATIONAL_B_SPLINE_CURVE ( ( 1.000000000000000000, 0.9996291140226467586, 0.9996291140226467586, 1.000000000000000000 ) ) 
 REPRESENTATION_ITEM ( '' )  );
#2829 = CARTESIAN_POINT ( 'NONE',  ( -5.252696099930893148, 37.13055121395642999, -1.317758084745368929 ) ) ;
#2830 = ORIENTED_EDGE ( 'NONE', *, *, #1870, .F. ) ;
#2831 = CARTESIAN_POINT ( 'NONE',  ( -4.715090743999200917, -12.07264538470568560, 2.788055989467292495 ) ) ;
#2832 = EDGE_CURVE ( 'NONE', #2445, #3161, #2516, .T. ) ;
#2833 = VECTOR ( 'NONE', #702, 1000.000000000000000 ) ;
#2834 = CARTESIAN_POINT ( 'NONE',  ( -5.322999663012471849, 1.005385068962629358, 21.60890206298035920 ) ) ;
#2835 = CARTESIAN_POINT ( 'NONE',  ( 8.541888196836703528, 0.07395567368357994220, 24.15237240910184013 ) ) ;
#2836 = CARTESIAN_POINT ( 'NONE',  ( 2.164974170186312108, 2.355527038099545223, 1.279034943621983444 ) ) ;
#2837 = ADVANCED_FACE ( 'NONE', ( #2048 ), #1700, .T. ) ;
#2838 = CARTESIAN_POINT ( 'NONE',  ( -5.885057928305000630, -13.91247437727667347, -20.35204870403931565 ) ) ;
#2839 = ORIENTED_EDGE ( 'NONE', *, *, #2057, .F. ) ;
#2840 = DIRECTION ( 'NONE',  ( 0.8660254037844363761, -0.5000000000000039968, 0.000000000000000000 ) ) ;
#2841 = CARTESIAN_POINT ( 'NONE',  ( 19.03960313843498753, 0.9784311214480615471, -14.62182548508171109 ) ) ;
#2842 = CARTESIAN_POINT ( 'NONE',  ( -14.92167503609278789, 5.013759982140840066, 9.891492167414885017 ) ) ;
#2843 = AXIS2_PLACEMENT_3D ( 'NONE', #1123, #765, #3997 ) ;
#2844 = CARTESIAN_POINT ( 'NONE',  ( -8.075038453397120009, -11.85750358133760685, -6.376186060492890384 ) ) ;
#2845 = CARTESIAN_POINT ( 'NONE',  ( -17.99222460494661746, 1.339530898883622312, -20.90670056886270700 ) ) ;
#2846 = CARTESIAN_POINT ( 'NONE',  ( 15.19693845669902821, -7.619255970454198668, -30.98735561765780488 ) ) ;
#2847 = DIRECTION ( 'NONE',  ( 0.000000000000000000, 1.000000000000000000, 0.000000000000000000 ) ) ;
#2848 = CARTESIAN_POINT ( 'NONE',  ( 19.65768864817118811, 0.6692271663100134438, -13.76798782958164225 ) ) ;
#2849 = ORIENTED_EDGE ( 'NONE', *, *, #4483, .F. ) ;
#2850 = CARTESIAN_POINT ( 'NONE',  ( -0.3665237207157367449, -10.42951623411398998, -5.641636784221491396 ) ) ;
#2851 = CARTESIAN_POINT ( 'NONE',  ( -32.47595264191662068, -18.74999999999969447, 6.500000000000000888 ) ) ;
#2852 = CARTESIAN_POINT ( 'NONE',  ( -5.115522450570613167, -11.85750358133760685, 3.892027329338337172 ) ) ;
#2853 = CARTESIAN_POINT ( 'NONE',  ( -13.06507237172801972, -13.30547984713860288, 6.955433366566399656 ) ) ;
#2854 = CARTESIAN_POINT ( 'NONE',  ( -15.62019151721350596, -6.708920700498040901, 3.500000000000000000 ) ) ;
#2855 = EDGE_LOOP ( 'NONE', ( #1122, #3104, #2697, #1611 ) ) ;
#2856 = CARTESIAN_POINT ( 'NONE',  ( -21.17427607163159919, 0.3309186017755120779, -22.67713068672123811 ) ) ;
#2857 = FACE_OUTER_BOUND ( 'NONE', #3514, .T. ) ;
#2858 = EDGE_CURVE ( 'NONE', #390, #3311, #3724, .T. ) ;
#2859 = CARTESIAN_POINT ( 'NONE',  ( -5.803488595766021163, 1.011424674970059279, 14.71193877001379136 ) ) ;
#2860 = ORIENTED_EDGE ( 'NONE', *, *, #2204, .T. ) ;
#2861 = CARTESIAN_POINT ( 'NONE',  ( 12.50716864272250994, -7.840692648202232995, 11.20288128883122170 ) ) ;
#2862 = ORIENTED_EDGE ( 'NONE', *, *, #2190, .F. ) ;
#2863 = CARTESIAN_POINT ( 'NONE',  ( 2.857757419647243502, -5.452596363941398572, -23.07916197858563834 ) ) ;
#2864 = CARTESIAN_POINT ( 'NONE',  ( 12.52313514304786501, 0.2182328625273877998, -20.48041693196880786 ) ) ;
#2865 = CARTESIAN_POINT ( 'NONE',  ( -1.351308915823167256, 1.024892904152625350, 23.33896860624420455 ) ) ;
#2866 = EDGE_CURVE ( 'NONE', #4560, #2724, #4093, .T. ) ;
#2867 = CARTESIAN_POINT ( 'NONE',  ( 1.974877270152476605, -4.913365498942090070, -23.11344688727549368 ) ) ;
#2868 = CARTESIAN_POINT ( 'NONE',  ( -13.71678268260105860, 3.335246140309811036, -26.84851235683850135 ) ) ;
#2869 = CARTESIAN_POINT ( 'NONE',  ( -3.631102569626045717, 3.500000000000000000, -2.096418046028730053 ) ) ;
#2870 = CARTESIAN_POINT ( 'NONE',  ( -25.59863885970789354, -0.009456656045663132046, -15.96832405446196823 ) ) ;
#2871 = AXIS2_PLACEMENT_3D ( 'NONE', #372, #1997, #3941 ) ;
#2872 = DIRECTION ( 'NONE',  ( -0.000000000000000000, -0.000000000000000000, 1.000000000000000000 ) ) ;
#2873 = ORIENTED_EDGE ( 'NONE', *, *, #556, .T. ) ;
#2874 = CARTESIAN_POINT ( 'NONE',  ( -6.178323786730399725, 1.142624927525199174, 19.84181951704873015 ) ) ;
#2875 = CARTESIAN_POINT ( 'NONE',  ( -33.65370349203944045, -16.54322342440829274, -0.6999999999999992895 ) ) ;
#2876 = ADVANCED_FACE ( 'NONE', ( #1642 ), #2129, .T. ) ;
#2877 = CARTESIAN_POINT ( 'NONE',  ( -2.524444039978262389, -5.256503714897189816, -0.3321145428809143541 ) ) ;
#2878 = CARTESIAN_POINT ( 'NONE',  ( -11.66195665873516063, -13.54036222266160117, 6.598807032453489541 ) ) ;
#2879 = CARTESIAN_POINT ( 'NONE',  ( 21.94342458177078115, 0.8345600004225358637, -25.77095992493040555 ) ) ;
#2880 = CARTESIAN_POINT ( 'NONE',  ( -4.164966725632678113, 37.26835895761336559, -0.9873556176578027754 ) ) ;
#2881 = ORIENTED_EDGE ( 'NONE', *, *, #1477, .T. ) ;
#2882 = CARTESIAN_POINT ( 'NONE',  ( -21.18395799056774464, 0.7302652995185175966, -22.65643103823459370 ) ) ;
#2883 = EDGE_CURVE ( 'NONE', #4907, #2213, #3130, .T. ) ;
#2884 = CARTESIAN_POINT ( 'NONE',  ( 4.804218842980064075, 39.20704871647424739, -5.860108675934107225 ) ) ;
#2885 = DIRECTION ( 'NONE',  ( 1.000000000000000000, 0.000000000000000000, 0.000000000000000000 ) ) ;
#2886 = CARTESIAN_POINT ( 'NONE',  ( 2.509550636771935572, -0.8498616469934857642, 20.71784684777847829 ) ) ;
#2887 = AXIS2_PLACEMENT_3D ( 'NONE', #4509, #841, #4123 ) ;
#2888 = CARTESIAN_POINT ( 'NONE',  ( -5.738850189602197283, -8.832254232929063420, -3.950721340432524986 ) ) ;
#2889 = CARTESIAN_POINT ( 'NONE',  ( -11.50574781004452696, -14.92663139307768283, 7.641718862262066203 ) ) ;
#2890 = ORIENTED_EDGE ( 'NONE', *, *, #3839, .T. ) ;
#2891 = CARTESIAN_POINT ( 'NONE',  ( 18.06548561142210119, -0.07289509847292657829, -15.80679138975001052 ) ) ;
#2892 = DIRECTION ( 'NONE',  ( 1.224646799147353207E-16, 1.000000000000000000, 0.000000000000000000 ) ) ;
#2893 = CARTESIAN_POINT ( 'NONE',  ( 7.384200207105140024, -0.7086306498076376803, 19.08425871464835666 ) ) ;
#2894 = CARTESIAN_POINT ( 'NONE',  ( -3.382625464364991785, -9.677251909584043688, -21.21867232204718690 ) ) ;
#2895 = CARTESIAN_POINT ( 'NONE',  ( 0.000000000000000000, 0.000000000000000000, 0.000000000000000000 ) ) ;
#2896 = CARTESIAN_POINT ( 'NONE',  ( -2.193805071206285096, -3.495071929382668863, -3.056275932660857286 ) ) ;
#2897 = CARTESIAN_POINT ( 'NONE',  ( -6.715470152318471442, 0.9468388815873616249, 1.838893455598060056 ) ) ;
#2898 = CARTESIAN_POINT ( 'NONE',  ( 12.75870955659536854, 5.415645845450854701, 0.6447689323130421091 ) ) ;
#2899 = CARTESIAN_POINT ( 'NONE',  ( 31.42973172877003307, -20.45536515092180707, -8.608009253327193022 ) ) ;
#2900 = CARTESIAN_POINT ( 'NONE',  ( -7.367631475889083958, -13.60426067912869996, -12.44134501308174556 ) ) ;
#2901 = ORIENTED_EDGE ( 'NONE', *, *, #4350, .F. ) ;
#2902 = CARTESIAN_POINT ( 'NONE',  ( -14.25151923038368906, 1.826428584039952785, 22.47102022618120998 ) ) ;
#2903 = CARTESIAN_POINT ( 'NONE',  ( 1.836731376489751044, 0.2360025573386250741, -0.9078484867522932378 ) ) ;
#2904 = CARTESIAN_POINT ( 'NONE',  ( 2.000000000000000000, 34.86650114427094849, -29.98735561765781910 ) ) ;
#2905 = CARTESIAN_POINT ( 'NONE',  ( -6.433284004969268111, 36.94426970423871381, -4.147386913816291987 ) ) ;
#2906 = EDGE_LOOP ( 'NONE', ( #3262, #5061 ) ) ;
#2907 = CARTESIAN_POINT ( 'NONE',  ( -24.70721261515026868, 0.3286711982047240133, -17.85414570380794785 ) ) ;
#2908 = AXIS2_PLACEMENT_3D ( 'NONE', #3907, #1916, #4397 ) ;
#2909 = EDGE_CURVE ( 'NONE', #4655, #2619, #2307, .T. ) ;
#2910 = CARTESIAN_POINT ( 'NONE',  ( -5.818407469325406645, 0.6936454409448066238, 15.93484517412919388 ) ) ;
#2911 = CARTESIAN_POINT ( 'NONE',  ( 0.000000000000000000, 0.000000000000000000, 3.499999999999999556 ) ) ;
#2912 = ORIENTED_EDGE ( 'NONE', *, *, #1251, .T. ) ;
#2913 = CARTESIAN_POINT ( 'NONE',  ( 12.27851385757541181, -10.06495062809470120, 8.472537034432210845 ) ) ;
#2914 = CARTESIAN_POINT ( 'NONE',  ( 6.686265276308829719, -0.3569074569755199544, 27.33980222349805445 ) ) ;
#2915 = CARTESIAN_POINT ( 'NONE',  ( -12.85474873788159655, -5.516306411026378420, 4.605958014891991859 ) ) ;
#2916 = CARTESIAN_POINT ( 'NONE',  ( 3.300727067141737692, -4.446767901705481307, -12.07249408546372393 ) ) ;
#2917 = EDGE_LOOP ( 'NONE', ( #1285, #3234, #5199, #172, #2499 ) ) ;
#2918 = CARTESIAN_POINT ( 'NONE',  ( 1.271488666845410842, 0.6890991462588677008, -1.057474069294722430 ) ) ;
#2919 = DIRECTION ( 'NONE',  ( 1.000000000000000000, 0.000000000000000000, 0.000000000000000000 ) ) ;
#2920 = CARTESIAN_POINT ( 'NONE',  ( -12.96837059560727567, 4.633830272691254137, 6.695631530359014150 ) ) ;
#2921 = CARTESIAN_POINT ( 'NONE',  ( -2.383116161579021952, -1.627644975634670255, -1.652471193793105142 ) ) ;
#2922 =( NAMED_UNIT ( * ) SI_UNIT ( $, .STERADIAN. ) SOLID_ANGLE_UNIT ( ) );
#2923 = EDGE_CURVE ( 'NONE', #439, #1473, #1223, .T. ) ;
#2924 = CARTESIAN_POINT ( 'NONE',  ( -10.28411743898631769, 3.653019492943300861, -17.05355960716505592 ) ) ;
#2925 = B_SPLINE_CURVE_WITH_KNOTS ( 'NONE', 3,
 ( #2121, #3728, #3412, #1348 ),
 .UNSPECIFIED., .F., .F.,
 ( 4, 4 ),
 ( 2.864663411365882038E-07, 0.001429675881020814072 ),
 .UNSPECIFIED. ) ;
#2926 = CARTESIAN_POINT ( 'NONE',  ( 1.224940245370737646, -1.934404643131445223, -3.359640478007925424 ) ) ;
#2927 = DIRECTION ( 'NONE',  ( 1.000000000000000000, 0.000000000000000000, 0.000000000000000000 ) ) ;
#2928 = PRODUCT_DEFINITION_CONTEXT ( 'detailed design', #3606, 'design' ) ;
#2929 = EDGE_LOOP ( 'NONE', ( #2231, #1000 ) ) ;
#2930 = CARTESIAN_POINT ( 'NONE',  ( 0.4694744888109501635, -3.724715185970819409, 6.294028549804552952 ) ) ;
#2931 = CARTESIAN_POINT ( 'NONE',  ( 10.89713632639115914, -5.445510564175578772, 14.03480591442813719 ) ) ;
#2932 = CARTESIAN_POINT ( 'NONE',  ( -24.63816357550082259, -4.894202770923486767, 3.563140777490401145 ) ) ;
#2933 = CARTESIAN_POINT ( 'NONE',  ( -2.605865049118610610, -0.07289509847292727218, 23.54856516606880135 ) ) ;
#2934 = CARTESIAN_POINT ( 'NONE',  ( 39.50000000000000000, 0.000000000000000000, -8.608009253327187693 ) ) ;
#2935 = CARTESIAN_POINT ( 'NONE',  ( -7.443939766184304752, -13.85014745895052179, -8.624941402612458674 ) ) ;
#2936 = CARTESIAN_POINT ( 'NONE',  ( -6.483837474295003567, 36.93522593473016258, -3.159448603033609526 ) ) ;
#2937 = VERTEX_POINT ( 'NONE', #45 ) ;
#2938 = CARTESIAN_POINT ( 'NONE',  ( -27.69850860579325769, -0.1599461933649824752, -6.404902421589692807 ) ) ;
#2939 = PLANE ( 'NONE',  #1338 ) ;
#2940 = EDGE_CURVE ( 'NONE', #2445, #1530, #5090, .T. ) ;
#2941 = CARTESIAN_POINT ( 'NONE',  ( -26.52403929875871214, -2.532202457151816244, 0.2802203299048886542 ) ) ;
#2942 = DIRECTION ( 'NONE',  ( 1.000000000000000000, 0.000000000000000000, 0.000000000000000000 ) ) ;
#2943 = CARTESIAN_POINT ( 'NONE',  ( 0.000000000000000000, 0.000000000000000000, 3.500000000000000000 ) ) ;
#2944 = CARTESIAN_POINT ( 'NONE',  ( 0.9662997896655198815, -7.841323994031269784, 1.494005698071221078 ) ) ;
#2945 = CARTESIAN_POINT ( 'NONE',  ( -7.839391287280606413, -10.95022010241090271, -2.443392991176456697 ) ) ;
#2946 = CARTESIAN_POINT ( 'NONE',  ( -14.02480448897147802, -15.63755055385204429, 9.197673093102382680 ) ) ;
#2947 = ORIENTED_EDGE ( 'NONE', *, *, #4710, .F. ) ;
#2948 = CARTESIAN_POINT ( 'NONE',  ( 0.8520693935398627739, -1.460103092278755232, -4.339649285923597333 ) ) ;
#2949 = CARTESIAN_POINT ( 'NONE',  ( 1.436064363783550846, -5.434128493737319765, -23.23428504170135511 ) ) ;
#2950 = CARTESIAN_POINT ( 'NONE',  ( 11.24535556270461711, -4.747391397615595032, 14.49231209473287052 ) ) ;
#2951 = CARTESIAN_POINT ( 'NONE',  ( 32.47595264191636488, -18.75000000000014921, 6.500000000000000888 ) ) ;
#2952 = CARTESIAN_POINT ( 'NONE',  ( -3.008869064068517396, 2.884036426199836800, -8.985952277725642645 ) ) ;
#2953 = DIRECTION ( 'NONE',  ( 0.000000000000000000, 0.000000000000000000, 1.000000000000000000 ) ) ;
#2954 = CARTESIAN_POINT ( 'NONE',  ( -27.15462764009784280, -0.2181037848966622950, -11.04621665617597159 ) ) ;
#2955 = ORIENTED_EDGE ( 'NONE', *, *, #1730, .T. ) ;
#2956 = DIRECTION ( 'NONE',  ( 0.000000000000000000, -1.000000000000000000, 1.879283765641540937E-16 ) ) ;
#2957 = CARTESIAN_POINT ( 'NONE',  ( -1.733259911580143919, -2.682747546397719063, 4.855544619403854512 ) ) ;
#2958 = CARTESIAN_POINT ( 'NONE',  ( -24.57472065417565332, -5.329920848792025545, 3.427501739500418587 ) ) ;
#2959 = CARTESIAN_POINT ( 'NONE',  ( 1.813745958378939482, -0.3836310392159796301, 22.21160074297947773 ) ) ;
#2960 = CARTESIAN_POINT ( 'NONE',  ( -9.247511652301657392, -14.76168375016576384, -6.712016984473402559 ) ) ;
#2961 = DIRECTION ( 'NONE',  ( -0.3535533905932682353, 0.6123724356957980230, -0.7071067811865472397 ) ) ;
#2962 = VECTOR ( 'NONE', #3946, 1000.000000000000114 ) ;
#2963 = ORIENTED_EDGE ( 'NONE', *, *, #3400, .T. ) ;
#2964 = CARTESIAN_POINT ( 'NONE',  ( -26.78580007259194673, -0.1747761131046802197, -12.86731126480565912 ) ) ;
#2965 = CARTESIAN_POINT ( 'NONE',  ( 16.04872582392138014, -10.22695668533829938, 8.833415388064262075 ) ) ;
#2966 = CARTESIAN_POINT ( 'NONE',  ( 0.1874196937802705132, 0.2678498834482009872, 0.2683310113060031199 ) ) ;
#2967 = SHAPE_DEFINITION_REPRESENTATION ( #1667, #3068 ) ;
#2968 = CARTESIAN_POINT ( 'NONE',  ( 10.36469683128240327, -12.99038720864116847, 4.177371059545860632 ) ) ;
#2969 = CARTESIAN_POINT ( 'NONE',  ( 2.442701982364257063, -6.447695287019660881, 5.789793966779917866 ) ) ;
#2970 = AXIS2_PLACEMENT_3D ( 'NONE', #855, #804, #2919 ) ;
#2971 = CARTESIAN_POINT ( 'NONE',  ( -24.26524049958595342, -3.563374392741593066, 0.5825291316915379713 ) ) ;
#2972 = ORIENTED_EDGE ( 'NONE', *, *, #590, .T. ) ;
#2973 = CARTESIAN_POINT ( 'NONE',  ( -2.000000000000000000, 16.88194301613413018, 3.500000000000000000 ) ) ;
#2974 = CARTESIAN_POINT ( 'NONE',  ( -4.050712577997175323, -0.1165335012889780614, 23.82771100712280443 ) ) ;
#2975 = CARTESIAN_POINT ( 'NONE',  ( -13.35640646055109926, -8.866025403784313141, -30.98735561765780488 ) ) ;
#2976 = CARTESIAN_POINT ( 'NONE',  ( -15.62019151721350596, -6.708920700498041789, -29.98735561765780488 ) ) ;
#2977 = CARTESIAN_POINT ( 'NONE',  ( 6.483837474295005343, 36.93522593473017679, -3.815262632281998023 ) ) ;
#2978 = CARTESIAN_POINT ( 'NONE',  ( 0.000000000000000000, 0.000000000000000000, -8.608009253327193022 ) ) ;
#2979 = CARTESIAN_POINT ( 'NONE',  ( -18.90039331246544307, -11.40745860900288022, 6.803715104465026364 ) ) ;
#2980 = ORIENTED_EDGE ( 'NONE', *, *, #4742, .F. ) ;
#2981 = CARTESIAN_POINT ( 'NONE',  ( 12.82802108609435798, 2.483694480030478324, -2.551547241412968958 ) ) ;
#2982 = CARTESIAN_POINT ( 'NONE',  ( 1.160316135238761204, -12.03088351629443586, -3.530549438555423247 ) ) ;
#2983 = CARTESIAN_POINT ( 'NONE',  ( -5.551958466604561160, -1.599516079845846095, -4.657619828338297019 ) ) ;
#2984 = CARTESIAN_POINT ( 'NONE',  ( -24.86527176152653240, -5.445510564175578772, 2.419793929942823940 ) ) ;
#2985 = CARTESIAN_POINT ( 'NONE',  ( -6.265028344355128453, 1.018174116893292291, 7.943652767604431730 ) ) ;
#2986 = CARTESIAN_POINT ( 'NONE',  ( -2.978123451606156991, -10.47908885925271960, 1.555425599047593588 ) ) ;
#2987 = CARTESIAN_POINT ( 'NONE',  ( 4.117271551319105605, -0.7740830754164099714, 21.10342826644324177 ) ) ;
#2988 = CARTESIAN_POINT ( 'NONE',  ( -10.14263216776078558, -15.24549686135345894, -6.488672338953855423 ) ) ;
#2989 = DIRECTION ( 'NONE',  ( 1.000000000000000000, 0.000000000000000000, 0.000000000000000000 ) ) ;
#2990 = ORIENTED_EDGE ( 'NONE', *, *, #2360, .T. ) ;
#2991 = CARTESIAN_POINT ( 'NONE',  ( 12.17547643223229237, -0.9569314095396771469, -20.72557438018063536 ) ) ;
#2992 = CARTESIAN_POINT ( 'NONE',  ( 11.34671822919096407, -15.63755055385204429, 1.257746285921867102 ) ) ;
#2993 = EDGE_CURVE ( 'NONE', #1059, #2064, #2349, .T. ) ;
#2994 = DIRECTION ( 'NONE',  ( 1.000000000000000000, 0.000000000000000000, 0.000000000000000000 ) ) ;
#2995 = CARTESIAN_POINT ( 'NONE',  ( -3.487076552459740686, 0.2565398272011903957, -6.597177386352734096 ) ) ;
#2996 = ORIENTED_EDGE ( 'NONE', *, *, #1645, .T. ) ;
#2997 = CARTESIAN_POINT ( 'NONE',  ( -33.42973172877028532, -16.99126353578359883, -8.608009253327193022 ) ) ;
#2998 = CARTESIAN_POINT ( 'NONE',  ( 3.129003728553386932, -13.44732498921503883, -2.918789727352288921 ) ) ;
#2999 = AXIS2_PLACEMENT_3D ( 'NONE', #4359, #3152, #1572 ) ;
#3000 = CARTESIAN_POINT ( 'NONE',  ( 0.000000000000000000, 0.000000000000000000, -66.49199074667275511 ) ) ;
#3001 = CARTESIAN_POINT ( 'NONE',  ( -20.47975779413818032, 1.614986683594986427, -19.41814260118878366 ) ) ;
#3002 = ORIENTED_EDGE ( 'NONE', *, *, #1357, .T. ) ;
#3003 = CARTESIAN_POINT ( 'NONE',  ( 5.310435524606156754, -2.786807788081214543, -23.18232631635362750 ) ) ;
#3004 = DIRECTION ( 'NONE',  ( -0.000000000000000000, -0.000000000000000000, 1.000000000000000000 ) ) ;
#3005 = CARTESIAN_POINT ( 'NONE',  ( 32.05889936327007206, -19.47235746807869461, 4.097773114997391275 ) ) ;
#3006 = CARTESIAN_POINT ( 'NONE',  ( 15.62019151721341359, -6.708920700498257617, -5.987355617657804885 ) ) ;
#3007 = CARTESIAN_POINT ( 'NONE',  ( -5.361127470625876690, -1.598534605631130479, 2.608687714495939947 ) ) ;
#3008 = EDGE_CURVE ( 'NONE', #2075, #3483, #4916, .T. ) ;
#3009 = EDGE_CURVE ( 'NONE', #2213, #2724, #2925, .T. ) ;
#3010 = CARTESIAN_POINT ( 'NONE',  ( 9.346698899245625469, -0.8129741707111102222, -25.74704996611883345 ) ) ;
#3011 = CARTESIAN_POINT ( 'NONE',  ( -2.000000000000000000, 36.89842849409843950, -18.52973403642339179 ) ) ;
#3012 = ORIENTED_EDGE ( 'NONE', *, *, #2681, .F. ) ;
#3013 = CARTESIAN_POINT ( 'NONE',  ( -16.59485517803685184, 5.843054565218908536, 13.06317547507809351 ) ) ;
#3014 = CARTESIAN_POINT ( 'NONE',  ( -27.18763842508531781, -3.354763097834782215, 0.4970279653569364409 ) ) ;
#3015 = CARTESIAN_POINT ( 'NONE',  ( -7.340827149667377149, 0.4901421452169905102, 0.006785809918023771002 ) ) ;
#3016 = CARTESIAN_POINT ( 'NONE',  ( 29.19527573201778381, -19.16530137970450909, -29.98735561765781199 ) ) ;
#3017 = CARTESIAN_POINT ( 'NONE',  ( 16.65923097119011587, 0.9065504792666613243, -13.26310612533331579 ) ) ;
#3018 = PLANE ( 'NONE',  #2402 ) ;
#3019 = EDGE_LOOP ( 'NONE', ( #5049, #4194, #2295, #3593, #2391, #4373, #2088, #50, #3859, #3076, #61, #1374 ) ) ;
#3020 = CARTESIAN_POINT ( 'NONE',  ( 17.26830608698489655, 0.2251135593144219793, -16.77184199135040288 ) ) ;
#3021 = CARTESIAN_POINT ( 'NONE',  ( 12.11002798431763061, -1.060382591049528589, 19.55258097617694801 ) ) ;
#3022 = CARTESIAN_POINT ( 'NONE',  ( -3.490646146887899981, 0.2640798646991974752, -6.589545701932522981 ) ) ;
#3023 = EDGE_CURVE ( 'NONE', #2545, #3047, #569, .T. ) ;
#3024 = ORIENTED_EDGE ( 'NONE', *, *, #429, .T. ) ;
#3025 = LINE ( 'NONE', #2558, #4940 ) ;
#3026 = CARTESIAN_POINT ( 'NONE',  ( -11.88931567111410281, 0.1398955016093276216, 23.89574048666017347 ) ) ;
#3027 = CARTESIAN_POINT ( 'NONE',  ( -4.820123962661879702, -14.76168375016576384, 5.075334366836329103 ) ) ;
#3028 = VERTEX_POINT ( 'NONE', #2897 ) ;
#3029 = DIRECTION ( 'NONE',  ( 0.000000000000000000, 0.000000000000000000, 1.000000000000000000 ) ) ;
#3030 = B_SPLINE_CURVE_WITH_KNOTS ( 'NONE', 3,
 ( #1549, #3178, #4803, #2364, #3663, #868, #4096, #1735, #3289, #2904 ),
 .UNSPECIFIED., .F., .F.,
 ( 4, 2, 2, 2, 4 ),
 ( 0.3252304708977817316, 0.3305917467951906552, 0.3332723847438950893, 0.3359530226925995233, 0.3466755744874173151 ),
 .UNSPECIFIED. ) ;
#3031 = CARTESIAN_POINT ( 'NONE',  ( 0.000000000000000000, 0.000000000000000000, -5.987355617657804885 ) ) ;
#3032 = CARTESIAN_POINT ( 'NONE',  ( -7.309789548174769891, -10.25466261572535309, -3.628307474458421389 ) ) ;
#3033 = CARTESIAN_POINT ( 'NONE',  ( -3.631102569626043941, -3.082171308400447618, 2.903581953971269058 ) ) ;
#3034 = CARTESIAN_POINT ( 'NONE',  ( 5.820787598730707835, -3.017285129003974387, -26.33759145676212299 ) ) ;
#3035 = CARTESIAN_POINT ( 'NONE',  ( -16.06226301349395769, -12.99038720864116492, 6.887405228641655164 ) ) ;
#3036 =( BOUNDED_CURVE ( )  B_SPLINE_CURVE ( 3, ( #1924, #1596, #5156, #2761 ),
 .UNSPECIFIED., .F., .T. ) 
 B_SPLINE_CURVE_WITH_KNOTS ( ( 4, 4 ),
 ( 4.712388980384689674, 4.859983086043722089 ),
 .UNSPECIFIED. ) 
 CURVE ( )  GEOMETRIC_REPRESENTATION_ITEM ( )  RATIONAL_B_SPLINE_CURVE ( ( 1.000000000000000000, 0.9981854887086412109, 0.9981854887086412109, 1.000000000000000000 ) ) 
 REPRESENTATION_ITEM ( '' )  );
#3037 = ORIENTED_EDGE ( 'NONE', *, *, #3563, .T. ) ;
#3038 = EDGE_CURVE ( 'NONE', #3437, #3670, #3823, .T. ) ;
#3039 = DIRECTION ( 'NONE',  ( -0.000000000000000000, -0.000000000000000000, 1.000000000000000000 ) ) ;
#3040 = CARTESIAN_POINT ( 'NONE',  ( 2.000000000000000000, 16.88194301613413018, -29.98735561765797186 ) ) ;
#3041 = CARTESIAN_POINT ( 'NONE',  ( -25.43339719808122368, -7.639375190969937890, 6.684419720979867918 ) ) ;
#3042 = CARTESIAN_POINT ( 'NONE',  ( 11.77374964869135354, -4.894202770923486767, 13.26645103214867660 ) ) ;
#3043 = CARTESIAN_POINT ( 'NONE',  ( -17.18702516585440065, -12.06560287195379111, 7.392128456096673794 ) ) ;
#3044 = LINE ( 'NONE', #612, #4449 ) ;
#3045 = CARTESIAN_POINT ( 'NONE',  ( 16.68037682708853353, 0.8101301852068490961, -16.06643135119515620 ) ) ;
#3046 = CARTESIAN_POINT ( 'NONE',  ( 3.759899037054501125, -12.78950312691054414, -2.816382757246620905 ) ) ;
#3047 = VERTEX_POINT ( 'NONE', #950 ) ;
#3048 = CARTESIAN_POINT ( 'NONE',  ( 10.57465952336364090, 0.8940433275433044003, 22.27990238158829683 ) ) ;
#3049 = AXIS2_PLACEMENT_3D ( 'NONE', #553, #659, #3448 ) ;
#3050 = ORIENTED_EDGE ( 'NONE', *, *, #698, .F. ) ;
#3051 = CARTESIAN_POINT ( 'NONE',  ( -2.457002013879760138, 2.979329600615873819, -7.114938763573452896 ) ) ;
#3052 = CARTESIAN_POINT ( 'NONE',  ( -7.481621694383812304, 0.2549848934012616253, 1.093174791603475526 ) ) ;
#3053 = CARTESIAN_POINT ( 'NONE',  ( 0.4679371600480848881, -5.609896519307518759, 4.564291340056558788 ) ) ;
#3054 = CARTESIAN_POINT ( 'NONE',  ( -8.951034550358746955, -14.12896190303402122, 6.009531945235128347 ) ) ;
#3055 = ORIENTED_EDGE ( 'NONE', *, *, #3400, .F. ) ;
#3056 = VECTOR ( 'NONE', #3497, 1000.000000000000000 ) ;
#3057 = PLANE ( 'NONE',  #5019 ) ;
#3058 = DIRECTION ( 'NONE',  ( 0.000000000000000000, 1.000000000000000000, 0.000000000000000000 ) ) ;
#3059 = CARTESIAN_POINT ( 'NONE',  ( -6.469365129573764861, -7.808785057625740933, -2.160582097148201708 ) ) ;
#3060 = APPLICATION_CONTEXT ( 'automotive_design' ) ;
#3061 = CARTESIAN_POINT ( 'NONE',  ( -10.17853294805080289, -20.11152528675367179, -19.89847191435384133 ) ) ;
#3062 = CARTESIAN_POINT ( 'NONE',  ( -22.65308110447313084, -8.289202204452360334, 5.384778243544610987 ) ) ;
#3063 = ORIENTED_EDGE ( 'NONE', *, *, #967, .T. ) ;
#3064 = DIRECTION ( 'NONE',  ( -0.000000000000000000, -0.000000000000000000, 1.000000000000000000 ) ) ;
#3065 = CARTESIAN_POINT ( 'NONE',  ( -14.88369261916570530, 4.576213710045494487, 14.31142942607087853 ) ) ;
#3066 = CARTESIAN_POINT ( 'NONE',  ( -32.87687988032229924, -0.3747472192043024286, -8.695766166368768424 ) ) ;
#3067 = CARTESIAN_POINT ( 'NONE',  ( 4.706337976721274075, -13.22255998276052402, -2.328689627064170153 ) ) ;
#3068 = SHAPE_REPRESENTATION ( 'Body1', ( #2817 ), #2302 ) ;
#3069 = CARTESIAN_POINT ( 'NONE',  ( -20.30290230677079322, -9.730129753595335274, 7.222162445259546537 ) ) ;
#3070 = CARTESIAN_POINT ( 'NONE',  ( 4.393715325096112068, -2.176233095845388377, -10.33619880637361987 ) ) ;
#3071 = CARTESIAN_POINT ( 'NONE',  ( -6.638214108123085211, -9.816225344745552306, -6.096661880285659585 ) ) ;
#3072 = EDGE_LOOP ( 'NONE', ( #616, #1351, #4396, #646, #853 ) ) ;
#3073 = CARTESIAN_POINT ( 'NONE',  ( 20.55754430872715233, -0.07126396996545512896, -12.46427494364049693 ) ) ;
#3074 = CARTESIAN_POINT ( 'NONE',  ( 12.29681576387075381, -5.418304270609361595, 12.95090659201166972 ) ) ;
#3075 = CARTESIAN_POINT ( 'NONE',  ( -3.809195229414856332, 0.9369495913722551972, -5.908497443055920506 ) ) ;
#3076 = ORIENTED_EDGE ( 'NONE', *, *, #101, .T. ) ;
#3077 = CARTESIAN_POINT ( 'NONE',  ( -0.2126071822703130831, -3.081130498770315196, -5.762238440963467490 ) ) ;
#3078 = FACE_OUTER_BOUND ( 'NONE', #3811, .T. ) ;
#3079 = CARTESIAN_POINT ( 'NONE',  ( -15.06174779488496362, 2.301422764456280579, 18.31754526214355039 ) ) ;
#3080 = AXIS2_PLACEMENT_3D ( 'NONE', #518, #3304, #2068 ) ;
#3081 = CARTESIAN_POINT ( 'NONE',  ( -8.843034371579781450, -10.62277323233955073, 3.506566251952992541 ) ) ;
#3082 = ORIENTED_EDGE ( 'NONE', *, *, #1154, .T. ) ;
#3083 = CARTESIAN_POINT ( 'NONE',  ( 0.8371266383794795374, 17.00000000000000000, 4.089075281467098755 ) ) ;
#3084 = CARTESIAN_POINT ( 'NONE',  ( -6.005149221549697103, -0.8288217137564675152, -6.507860929590226995 ) ) ;
#3085 = CARTESIAN_POINT ( 'NONE',  ( 15.64195748502452865, -16.96119526290398127, 3.678913588188749806 ) ) ;
#3086 = AXIS2_PLACEMENT_3D ( 'NONE', #4976, #740, #3928 ) ;
#3087 = CARTESIAN_POINT ( 'NONE',  ( 6.712115556121933224, 0.1182810667354115275, -4.361084184565357624 ) ) ;
#3088 = CARTESIAN_POINT ( 'NONE',  ( -3.631102569626045717, 3.500000000000000000, 2.903581953971269947 ) ) ;
#3089 = AXIS2_PLACEMENT_3D ( 'NONE', #1161, #3194, #2814 ) ;
#3090 = VERTEX_POINT ( 'NONE', #3758 ) ;
#3091 = CARTESIAN_POINT ( 'NONE',  ( -3.631102569626080356, -8.263943228631113413, -7.096418046028730942 ) ) ;
#3092 = CARTESIAN_POINT ( 'NONE',  ( 4.500000000000000000, 5.510910596163088569E-16, 28.00000000000000000 ) ) ;
#3093 = EDGE_CURVE ( 'NONE', #2669, #2365, #2518, .T. ) ;
#3094 = CARTESIAN_POINT ( 'NONE',  ( -10.83530848968167781, 4.495655443616451308, 5.246972950731207952 ) ) ;
#3095 = CARTESIAN_POINT ( 'NONE',  ( -33.40667007056626403, -0.04761255925500457176, -14.45010853370929560 ) ) ;
#3096 = CARTESIAN_POINT ( 'NONE',  ( 12.96378486239345840, -7.765842334275833814, 10.00062586981847446 ) ) ;
#3097 = CARTESIAN_POINT ( 'NONE',  ( -13.00391385122524923, -6.045991801445197211, 2.773196542734190917 ) ) ;
#3098 = CARTESIAN_POINT ( 'NONE',  ( -7.469861855776137816, -12.43260053629965789, -5.702820887940609929 ) ) ;
#3099 = VERTEX_POINT ( 'NONE', #4551 ) ;
#3100 = FACE_OUTER_BOUND ( 'NONE', #764, .T. ) ;
#3101 = CARTESIAN_POINT ( 'NONE',  ( 14.86670055527788215, -19.29799089895972841, 0.6857062279884587053 ) ) ;
#3102 = CARTESIAN_POINT ( 'NONE',  ( -18.19428311038656787, 1.024136606814753048, -12.91801238621421888 ) ) ;
#3103 = AXIS2_PLACEMENT_3D ( 'NONE', #1076, #910, #4157 ) ;
#3104 = ORIENTED_EDGE ( 'NONE', *, *, #301, .T. ) ;
#3105 = DIRECTION ( 'NONE',  ( 0.000000000000000000, 1.000000000000000000, 0.000000000000000000 ) ) ;
#3106 = EDGE_CURVE ( 'NONE', #968, #1194, #3900, .T. ) ;
#3107 = CARTESIAN_POINT ( 'NONE',  ( 0.000000000000000000, 0.000000000000000000, -40.32222875080931601 ) ) ;
#3108 = CARTESIAN_POINT ( 'NONE',  ( -21.35656300495690019, 1.142624927525199174, -15.27149511063863052 ) ) ;
#3109 = ORIENTED_EDGE ( 'NONE', *, *, #2072, .T. ) ;
#3110 = DIRECTION ( 'NONE',  ( -0.8660254037844432595, -0.4999999999999920064, 0.000000000000000000 ) ) ;
#3111 = CARTESIAN_POINT ( 'NONE',  ( 12.63642433743447313, -3.017285129003974387, 18.20974565891536656 ) ) ;
#3112 = CARTESIAN_POINT ( 'NONE',  ( 6.710291807441852718, 0.1232348233808063104, -4.363695256900942177 ) ) ;
#3113 = CARTESIAN_POINT ( 'NONE',  ( 0.7091225402073297879, -6.830422604736996028, 0.4165865552850055442 ) ) ;
#3114 = ORIENTED_EDGE ( 'NONE', *, *, #4969, .T. ) ;
#3115 = PRODUCT_RELATED_PRODUCT_CATEGORY ( 'part', '', ( #1767 ) ) ;
#3116 = CARTESIAN_POINT ( 'NONE',  ( -1.000000000000000000, 34.65876549783945393, -30.98735561765780488 ) ) ;
#3117 = CARTESIAN_POINT ( 'NONE',  ( 0.000000000000000000, 0.000000000000000000, -5.987355617657803109 ) ) ;
#3118 = CARTESIAN_POINT ( 'NONE',  ( -4.732568231773500500, -10.38501301470770422, 2.783920729793239790 ) ) ;
#3119 = CARTESIAN_POINT ( 'NONE',  ( -21.29072563448283972, 0.1526292418310629118, -15.41225340814937184 ) ) ;
#3120 = CARTESIAN_POINT ( 'NONE',  ( 1.619445533714671148, -12.35158026142597620, -3.746594308743266044 ) ) ;
#3121 = CARTESIAN_POINT ( 'NONE',  ( -1.252953254104907321, -4.357663737978920260, -6.557605377943928282 ) ) ;
#3122 = CARTESIAN_POINT ( 'NONE',  ( -24.93187407876865080, -7.513469308481466769, 7.646104196842938627 ) ) ;
#3123 = CARTESIAN_POINT ( 'NONE',  ( -2.000000000000000000, 15.99999999999999645, -29.98735561765780488 ) ) ;
#3124 = EDGE_LOOP ( 'NONE', ( #4956, #3477, #1313, #4816 ) ) ;
#3125 = CARTESIAN_POINT ( 'NONE',  ( 7.426201545893703404, 0.9971183760207631419, -5.526391853450346225 ) ) ;
#3126 = CARTESIAN_POINT ( 'NONE',  ( 8.739693998693887522, -14.92663139307768283, -0.1458436761815622429 ) ) ;
#3127 = DIRECTION ( 'NONE',  ( -0.000000000000000000, -0.000000000000000000, 1.000000000000000000 ) ) ;
#3128 = ORIENTED_EDGE ( 'NONE', *, *, #4434, .T. ) ;
#3129 = CARTESIAN_POINT ( 'NONE',  ( -5.161900917975136949, 1.002503667588226399, 23.90782884264815422 ) ) ;
#3130 = CIRCLE ( 'NONE', #4664, 34.67318886162947678 ) ;
#3131 = CARTESIAN_POINT ( 'NONE',  ( 6.820668574686406416, -13.60585342774449025, -0.4922330760436741670 ) ) ;
#3132 = CARTESIAN_POINT ( 'NONE',  ( -7.622090664765549306, 3.550353011081524457, -11.55830080094932910 ) ) ;
#3133 = VERTEX_POINT ( 'NONE', #186 ) ;
#3134 = CARTESIAN_POINT ( 'NONE',  ( -13.35640646055109926, -8.866025403784313141, -30.98735561765780488 ) ) ;
#3135 = CARTESIAN_POINT ( 'NONE',  ( 0.000000000000000000, 0.000000000000000000, 28.00000000000000000 ) ) ;
#3136 = CARTESIAN_POINT ( 'NONE',  ( -8.042894251983323528, -16.75875482108200032, -18.92675061331821240 ) ) ;
#3137 = ORIENTED_EDGE ( 'NONE', *, *, #3976, .T. ) ;
#3138 = CARTESIAN_POINT ( 'NONE',  ( 12.61985465965337028, -6.765175019058486505, 11.30941267296892327 ) ) ;
#3139 = CARTESIAN_POINT ( 'NONE',  ( -1.482402618991506937, -5.128656325648497827, 2.422564398810919339 ) ) ;
#3140 = CARTESIAN_POINT ( 'NONE',  ( -7.756212092197307229, -10.56492800640694973, -4.921921793467863182 ) ) ;
#3141 = CARTESIAN_POINT ( 'NONE',  ( -27.45648171562806539, 0.1024074905126835799, -15.44415429354084424 ) ) ;
#3142 = CARTESIAN_POINT ( 'NONE',  ( 0.2114078363424209406, -9.794439744850343743, -4.574698957313383829 ) ) ;
#3143 = AXIS2_PLACEMENT_3D ( 'NONE', #3927, #1886, #2725 ) ;
#3144 = DIRECTION ( 'NONE',  ( -0.8660254037844432595, -0.4999999999999920064, 0.000000000000000000 ) ) ;
#3145 = CARTESIAN_POINT ( 'NONE',  ( 19.50389315740502383, 4.279232498061309009, -0.3466674355467848079 ) ) ;
#3146 = CARTESIAN_POINT ( 'NONE',  ( -26.80650062004943379, -5.092091075743252482, 5.552221782528658167 ) ) ;
#3147 = CARTESIAN_POINT ( 'NONE',  ( -39.50000000000000000, 4.837354856632045452E-15, 8.699999999999999289 ) ) ;
#3148 = ORIENTED_EDGE ( 'NONE', *, *, #2360, .F. ) ;
#3149 = CYLINDRICAL_SURFACE ( 'NONE', #1547, 39.50000000000000000 ) ;
#3150 = CARTESIAN_POINT ( 'NONE',  ( 4.907888353629842548, -5.055142149062294976, 8.935495749348591588 ) ) ;
#3151 = CARTESIAN_POINT ( 'NONE',  ( -4.480072880767511201, -0.2173890190775322195, 3.109137369786248328 ) ) ;
#3152 = DIRECTION ( 'NONE',  ( -0.000000000000000000, -0.000000000000000000, 1.000000000000000000 ) ) ;
#3153 = VERTEX_POINT ( 'NONE', #5059 ) ;
#3154 = CARTESIAN_POINT ( 'NONE',  ( 29.19527573201778381, -19.16530137970450909, -29.98735561765781199 ) ) ;
#3155 = ADVANCED_FACE ( 'NONE', ( #3520 ), #1508, .T. ) ;
#3156 = CARTESIAN_POINT ( 'NONE',  ( -0.4888875351874689135, -7.948874572465675747, 2.689466603576724957 ) ) ;
#3157 = EDGE_LOOP ( 'NONE', ( #3109, #3378, #979, #426 ) ) ;
#3158 = FACE_OUTER_BOUND ( 'NONE', #2855, .T. ) ;
#3159 = CARTESIAN_POINT ( 'NONE',  ( 4.765783940029372445, -0.1971861231145795867, 32.29554673567754719 ) ) ;
#3160 = CARTESIAN_POINT ( 'NONE',  ( 21.95529097366542004, -0.04761255925500457176, -21.70597067010124803 ) ) ;
#3161 = VERTEX_POINT ( 'NONE', #5117 ) ;
#3162 = FACE_OUTER_BOUND ( 'NONE', #88, .T. ) ;
#3163 = CARTESIAN_POINT ( 'NONE',  ( -5.178983417391266109, 0.002673960150332530244, 23.90930336807550560 ) ) ;
#3164 = ADVANCED_FACE ( 'NONE', ( #2200 ), #3384, .F. ) ;
#3165 = VECTOR ( 'NONE', #391, 1000.000000000000000 ) ;
#3166 = CARTESIAN_POINT ( 'NONE',  ( -6.139597004578685180, -9.307188623068796574, 2.238131312797433825 ) ) ;
#3167 = CARTESIAN_POINT ( 'NONE',  ( -4.468192235245246557, -15.31028005158636951, 4.322915027564858903 ) ) ;
#3168 = CARTESIAN_POINT ( 'NONE',  ( -3.326859269865277469, -5.725760012155329370, -3.879105980388167119 ) ) ;
#3169 = PLANE ( 'NONE',  #3089 ) ;
#3170 = CARTESIAN_POINT ( 'NONE',  ( 9.943191228695985373, 2.997405764194845279, -2.919544147869033601 ) ) ;
#3171 = CIRCLE ( 'NONE', #355, 37.50000000000000000 ) ;
#3172 =( NAMED_UNIT ( * ) SI_UNIT ( $, .STERADIAN. ) SOLID_ANGLE_UNIT ( ) );
#3173 = EDGE_CURVE ( 'NONE', #2707, #2807, #2588, .T. ) ;
#3174 = CARTESIAN_POINT ( 'NONE',  ( 4.000000000000000000, 37.28605637500431413, -0.9873556176578029975 ) ) ;
#3175 = EDGE_CURVE ( 'NONE', #3483, #842, #3561, .T. ) ;
#3176 = CARTESIAN_POINT ( 'NONE',  ( 0.7379734520242030582, 1.182198194872635444, 23.89802273437039304 ) ) ;
#3177 = CYLINDRICAL_SURFACE ( 'NONE', #4575, 5.000000000000000000 ) ;
#3178 = CARTESIAN_POINT ( 'NONE',  ( 2.000000000000000000, 37.44662868670559419, -10.39624787134927786 ) ) ;
#3179 = ORIENTED_EDGE ( 'NONE', *, *, #4600, .T. ) ;
#3180 = CARTESIAN_POINT ( 'NONE',  ( -23.31756854973203730, 1.185071883108493429, -20.17516131576669380 ) ) ;
#3181 = PRODUCT_DEFINITION ( 'UNKNOWN', '', #1118, #4171 ) ;
#3182 = CARTESIAN_POINT ( 'NONE',  ( 0.000000000000000000, 0.000000000000000000, -0.6999999999999988454 ) ) ;
#3183 = CARTESIAN_POINT ( 'NONE',  ( 5.785751062894325614, -4.438631768982002512, 2.643061398611725732 ) ) ;
#3184 = CARTESIAN_POINT ( 'NONE',  ( -5.611432429917448061, 1.012124725757540755, 17.47073677033251826 ) ) ;
#3185 = DIRECTION ( 'NONE',  ( -0.000000000000000000, 1.000000000000000000, -0.000000000000000000 ) ) ;
#3186 = CARTESIAN_POINT ( 'NONE',  ( 0.000000000000000000, 0.000000000000000000, -66.49199074667276932 ) ) ;
#3187 = CARTESIAN_POINT ( 'NONE',  ( -3.010527538830893413, -10.62454526031189594, -19.07489703402558234 ) ) ;
#3188 = ORIENTED_EDGE ( 'NONE', *, *, #3435, .F. ) ;
#3189 = CARTESIAN_POINT ( 'NONE',  ( 8.131727263289102225, -2.378326127620678410, -22.40640059525060579 ) ) ;
#3190 = CARTESIAN_POINT ( 'NONE',  ( -0.6485565895700714512, -6.101234512752600203, 1.934341017654334083 ) ) ;
#3191 = CARTESIAN_POINT ( 'NONE',  ( -2.400935446205904711, -1.601675760653962666, -1.677983276158829362 ) ) ;
#3192 = CARTESIAN_POINT ( 'NONE',  ( -15.46392560901272439, -2.400074534799310655, -6.513555319672000188 ) ) ;
#3193 = CARTESIAN_POINT ( 'NONE',  ( 12.57694070921004226, -10.07802700681211938, 7.699581667958149467 ) ) ;
#3194 = DIRECTION ( 'NONE',  ( 1.000000000000000000, -0.000000000000000000, 0.000000000000000000 ) ) ;
#3195 = CARTESIAN_POINT ( 'NONE',  ( 21.95450646779841719, 0.9493333104244193743, -10.77749385650924374 ) ) ;
#3196 = CARTESIAN_POINT ( 'NONE',  ( -29.21328055836927007, 0.9582418146822412330, -7.144042565003344336 ) ) ;
#3197 = DIRECTION ( 'NONE',  ( 0.8660254037844363761, -0.5000000000000039968, 0.000000000000000000 ) ) ;
#3198 = VERTEX_POINT ( 'NONE', #4241 ) ;
#3199 = DIRECTION ( 'NONE',  ( -0.000000000000000000, -0.000000000000000000, 1.000000000000000000 ) ) ;
#3200 = CARTESIAN_POINT ( 'NONE',  ( 8.187406898707960679, -7.520588871293226063, 7.686238361200739000 ) ) ;
#3201 = CARTESIAN_POINT ( 'NONE',  ( -4.559417988003594324, -11.26235323636110586, 3.331719982408973380 ) ) ;
#3202 = CARTESIAN_POINT ( 'NONE',  ( 15.50496695270181569, -7.021166627014986616, 1.684712538120781922 ) ) ;
#3203 = ORIENTED_EDGE ( 'NONE', *, *, #4967, .F. ) ;
#3204 = CARTESIAN_POINT ( 'NONE',  ( -26.79869039247542162, 1.024892904152625350, -12.83975215258546498 ) ) ;
#3205 = CARTESIAN_POINT ( 'NONE',  ( -5.776725472872819900, -11.27994097618103631, 2.422173925820648055 ) ) ;
#3206 = CARTESIAN_POINT ( 'NONE',  ( -7.853343737697696447, 1.298414857384379895, -8.244722393239921843 ) ) ;
#3207 = CARTESIAN_POINT ( 'NONE',  ( 6.433364710782273121, 38.97278484724877501, -4.147051892851746580 ) ) ;
#3208 = DIRECTION ( 'NONE',  ( 1.000000000000000000, 0.000000000000000000, 0.000000000000000000 ) ) ;
#3209 = CARTESIAN_POINT ( 'NONE',  ( -3.277891669984776435, 0.1024074905126835799, 25.21083367296107269 ) ) ;
#3210 = CARTESIAN_POINT ( 'NONE',  ( -6.644836069817310786, 0.4252315389462623108, 7.976434419308125356 ) ) ;
#3211 = AXIS2_PLACEMENT_3D ( 'NONE', #1245, #5232, #379 ) ;
#3212 = CARTESIAN_POINT ( 'NONE',  ( -5.554390403230370588, -13.10270458194504606, -14.61622806387196327 ) ) ;
#3213 = VECTOR ( 'NONE', #3199, 1000.000000000000000 ) ;
#3214 = B_SPLINE_CURVE_WITH_KNOTS ( 'NONE', 3,
 ( #234, #2831, #1977, #4462, #2420, #1061, #3205, #4713, #3236, #5236, #1453, #1887, #4075, #2271, #264, #1861, #408, #3516, #3491, #4023, #1480, #5114, #2649, #2029, #4687, #3084, #2367, #1575, #4317, #648 ),
 .UNSPECIFIED., .F., .F.,
 ( 4, 2, 2, 2, 2, 2, 2, 2, 2, 2, 2, 2, 2, 2, 4 ),
 ( 0.0005376391219406362115, 0.001125414334030848482, 0.001713189546121060645, 0.002300964758211273241, 0.002888739970301485403, 0.004064290394481913198, 0.005239840818662340992, 0.007590941667023200050, 0.009942042515384059975, 0.01111759293956449124, 0.01229314336374492077, 0.01464424421210578156, 0.01699534506046664409, 0.01817089548464707535, 0.01934644590882750662 ),
 .UNSPECIFIED. ) ;
#3215 = ORIENTED_EDGE ( 'NONE', *, *, #455, .T. ) ;
#3216 = CIRCLE ( 'NONE', #483, 39.50000000000000000 ) ;
#3217 = CARTESIAN_POINT ( 'NONE',  ( 0.07364781994471035487, -7.687912673259001295, -22.55736069780791198 ) ) ;
#3218 = CARTESIAN_POINT ( 'NONE',  ( 14.64887542325906011, 0.6129510009669361104, -19.02417320622130603 ) ) ;
#3219 = CARTESIAN_POINT ( 'NONE',  ( 11.35969539411898310, -4.363723551616716989, 14.48244350503465938 ) ) ;
#3220 = CARTESIAN_POINT ( 'NONE',  ( -8.633862597468143107, -4.371945833020125960, -1.890771493533924597 ) ) ;
#3221 = CARTESIAN_POINT ( 'NONE',  ( -21.51368755018183521, -0.6369587703592635153, -11.09943840993582498 ) ) ;
#3222 = CARTESIAN_POINT ( 'NONE',  ( 2.264568532239001897, -11.88132852553822261, -3.802274416878494989 ) ) ;
#3223 = CARTESIAN_POINT ( 'NONE',  ( -0.07347736380543867796, -7.073368753695588929, -22.77022870210378613 ) ) ;
#3224 = CARTESIAN_POINT ( 'NONE',  ( -26.66461616074919405, -0.1122089501053973176, -13.04340397864106649 ) ) ;
#3225 = CARTESIAN_POINT ( 'NONE',  ( -30.51537138493674561, -16.46335734513501237, -30.98735561765780488 ) ) ;
#3226 = CARTESIAN_POINT ( 'NONE',  ( 13.35640646055097847, -8.866025403784499659, -30.98735561765780488 ) ) ;
#3227 = PLANE ( 'NONE',  #4617 ) ;
#3228 = VECTOR ( 'NONE', #3416, 1000.000000000000000 ) ;
#3229 = CARTESIAN_POINT ( 'NONE',  ( 3.216348923843064700, -6.294764317469483395, 4.858086100595250478 ) ) ;
#3230 = CARTESIAN_POINT ( 'NONE',  ( -3.870626521683358412, -1.627644975634670255, -3.399179405092958905 ) ) ;
#3231 = EDGE_CURVE ( 'NONE', #1221, #691, #4250, .T. ) ;
#3232 = CARTESIAN_POINT ( 'NONE',  ( -6.306770750528112757, -12.59352958356012309, 4.448443568522685965 ) ) ;
#3233 = DIRECTION ( 'NONE',  ( 1.000000000000000000, 0.000000000000000000, 0.000000000000000000 ) ) ;
#3234 = ORIENTED_EDGE ( 'NONE', *, *, #3106, .T. ) ;
#3235 = CARTESIAN_POINT ( 'NONE',  ( -17.25761949064690626, -12.63621330608420124, 8.441829691520622347 ) ) ;
#3236 = CARTESIAN_POINT ( 'NONE',  ( -6.160938779731409021, -10.88507893696850992, 2.218628420559828562 ) ) ;
#3237 = EDGE_CURVE ( 'NONE', #3399, #289, #1463, .T. ) ;
#3238 = CARTESIAN_POINT ( 'NONE',  ( 6.246422513521319608, 39.00302888768277398, -2.378065364138693738 ) ) ;
#3239 = CARTESIAN_POINT ( 'NONE',  ( 5.297613180962523316, -14.77813779661201998, -1.477360496911047871 ) ) ;
#3240 = CARTESIAN_POINT ( 'NONE',  ( 9.495363621014751843, -1.984931895348547970, -18.65260491054783287 ) ) ;
#3241 = ORIENTED_EDGE ( 'NONE', *, *, #723, .F. ) ;
#3242 = CARTESIAN_POINT ( 'NONE',  ( 1.667749076946570597, 37.47218097155891314, 1.696882658393875865 ) ) ;
#3243 = CARTESIAN_POINT ( 'NONE',  ( -6.433364710782272233, 38.97278484724877501, -2.827659342463858305 ) ) ;
#3244 = CARTESIAN_POINT ( 'NONE',  ( -8.601942781646314984, 1.523599569533094611, -2.330581232762411581 ) ) ;
#3245 = CARTESIAN_POINT ( 'NONE',  ( -3.121940674527905024, -2.301265300480935583, -1.633370483181164845 ) ) ;
#3246 = CARTESIAN_POINT ( 'NONE',  ( 6.135992879595061567, -5.003428837486813663, 1.894255037100394778 ) ) ;
#3247 = EDGE_CURVE ( 'NONE', #3321, #1797, #4751, .T. ) ;
#3248 = CARTESIAN_POINT ( 'NONE',  ( 32.07177430784081906, 0.000000000000000000, -39.72746143272154740 ) ) ;
#3249 = CARTESIAN_POINT ( 'NONE',  ( -13.50033221916863191, -4.402843613547662294, 4.491268443598078974 ) ) ;
#3250 = B_SPLINE_SURFACE_WITH_KNOTS ( 'NONE', 3, 3, ( 
 ( #4370, #3519, #2325, #1482, #3981, #1556, #334, #1153, #4413, #2274 ),
 ( #746, #309, #1533, #4715, #2678, #360, #4394, #5116, #3590, #2348 ),
 ( #3087, #3112, #4005, #5216, #2497, #2135, #1983, #900, #1306, #80 ),
 ( #3742, #3712, #4842, #2966, #2108, #1181, #873, #4053, #114, #1333 ) ),
 .UNSPECIFIED., .F., .F., .F.,
 ( 4, 4 ),
 ( 4, 3, 3, 4 ),
 ( -0.02400000000000000744, 0.000000000000000000 ),
 ( -0.001016959739034572693, -0.001000000000000000238, 0.000000000000000000, 1.000000000000000251E-05 ),
 .UNSPECIFIED. ) ;
#3251 = ADVANCED_FACE ( 'NONE', ( #4802 ), #4095, .T. ) ;
#3252 = AXIS2_PLACEMENT_3D ( 'NONE', #1107, #1085, #2683 ) ;
#3253 = CARTESIAN_POINT ( 'NONE',  ( -3.631102569626045717, -16.50000000000000000, -2.096418046028730053 ) ) ;
#3254 =( NAMED_UNIT ( * ) PLANE_ANGLE_UNIT ( ) SI_UNIT ( $, .RADIAN. ) );
#3255 = ORIENTED_EDGE ( 'NONE', *, *, #3555, .T. ) ;
#3256 = CARTESIAN_POINT ( 'NONE',  ( -8.214483486120595757, 2.270683655261011680, 7.347343366393775277 ) ) ;
#3257 = CARTESIAN_POINT ( 'NONE',  ( 6.372165711025407298, -14.51597135009212991, -0.2080221806646221361 ) ) ;
#3258 = AXIS2_PLACEMENT_3D ( 'NONE', #3318, #1365, #388 ) ;
#3259 = CARTESIAN_POINT ( 'NONE',  ( -7.592019214757947942, -13.23540239228920434, 5.225934411394624668 ) ) ;
#3260 = DIRECTION ( 'NONE',  ( 1.000000000000000000, 0.000000000000000000, 0.000000000000000000 ) ) ;
#3261 = CARTESIAN_POINT ( 'NONE',  ( 19.84464318549168382, 0.8752176089487451183, -25.76601155554320854 ) ) ;
#3262 = ORIENTED_EDGE ( 'NONE', *, *, #2993, .F. ) ;
#3263 = CARTESIAN_POINT ( 'NONE',  ( -22.19111988509244426, -8.612407060607068843, 5.986709611231039396 ) ) ;
#3264 = ADVANCED_FACE ( 'NONE', ( #22 ), #3177, .T. ) ;
#3265 = CARTESIAN_POINT ( 'NONE',  ( -3.992029600949978274, -7.199015552059140788, -7.086755265141667870 ) ) ;
#3266 = APPLICATION_PROTOCOL_DEFINITION ( 'draft international standard', 'automotive_design', 1998, #2032 ) ;
#3267 = CARTESIAN_POINT ( 'NONE',  ( -7.934287269279005628, -11.87256941414155342, -6.402294598025209282 ) ) ;
#3268 = CARTESIAN_POINT ( 'NONE',  ( -0.007502189883209359200, -0.8510883190935211173, 19.30649151766565907 ) ) ;
#3269 = CARTESIAN_POINT ( 'NONE',  ( -5.880793088493768472, -7.370275612279164612, -1.320342682005953172 ) ) ;
#3270 = ORIENTED_EDGE ( 'NONE', *, *, #1959, .T. ) ;
#3271 = ADVANCED_BREP_SHAPE_REPRESENTATION ( '', ( #1989, #2817 ), #689 ) ;
#3272 = CARTESIAN_POINT ( 'NONE',  ( 12.14501970957088517, -0.8794203299686175201, -20.66525089147704719 ) ) ;
#3273 = CARTESIAN_POINT ( 'NONE',  ( -2.000000000000000000, 15.99999999999999645, -5.987355617657803997 ) ) ;
#3274 = CARTESIAN_POINT ( 'NONE',  ( -6.520078727365083537, -1.885942433471459845, -4.141594581866868907 ) ) ;
#3275 = AXIS2_PLACEMENT_3D ( 'NONE', #1448, #693, #5133 ) ;
#3276 = EDGE_CURVE ( 'NONE', #991, #3886, #5177, .T. ) ;
#3277 = CARTESIAN_POINT ( 'NONE',  ( -3.131003760827830718, -2.288615543392129581, -1.646346211949902827 ) ) ;
#3278 = CARTESIAN_POINT ( 'NONE',  ( 7.359779161936883973, -4.962222410502532099, 2.405966361281822952 ) ) ;
#3279 = VECTOR ( 'NONE', #2759, 1000.000000000000114 ) ;
#3280 = CARTESIAN_POINT ( 'NONE',  ( -1.667749076946573483, 37.47218097155892025, 1.696882658393868093 ) ) ;
#3281 = CARTESIAN_POINT ( 'NONE',  ( -0.2127369352251128887, -4.421902046993533730, -5.765726623829555919 ) ) ;
#3282 = PRODUCT_RELATED_PRODUCT_CATEGORY ( 'part', '', ( #2768 ) ) ;
#3283 = CARTESIAN_POINT ( 'NONE',  ( -14.01280738457724517, -9.630850328558965501, -30.65319826536848780 ) ) ;
#3284 = ORIENTED_EDGE ( 'NONE', *, *, #3782, .T. ) ;
#3285 = CARTESIAN_POINT ( 'NONE',  ( 1.692950816321964425, -7.477725013166695689, 0.9988214898157474764 ) ) ;
#3286 = DIRECTION ( 'NONE',  ( 0.3280116889704119409, 0.000000000000000000, 0.9446736642347863810 ) ) ;
#3287 = CARTESIAN_POINT ( 'NONE',  ( -20.30716790548527939, -9.712503805591572004, 7.231282165694849162 ) ) ;
#3288 = CARTESIAN_POINT ( 'NONE',  ( -8.864885117071320764, -13.47093749989819500, 5.644163691027368479 ) ) ;
#3289 = CARTESIAN_POINT ( 'NONE',  ( 2.000000000000000000, 35.71774720048595242, -26.51217702859305803 ) ) ;
#3290 = ORIENTED_EDGE ( 'NONE', *, *, #1645, .F. ) ;
#3291 = CARTESIAN_POINT ( 'NONE',  ( -23.31300725293533560, 0.7851648687032459772, -20.18491322971658519 ) ) ;
#3292 = CARTESIAN_POINT ( 'NONE',  ( 5.252955678383843363, 39.14939428050751502, -1.317905329981794216 ) ) ;
#3293 = ITEM_DEFINED_TRANSFORMATION ( 'NONE', 'NONE', #7,  #2817 ) ;
#3294 = CARTESIAN_POINT ( 'NONE',  ( 5.462964926857063475, -9.622372417584951876, 4.130445271639905158 ) ) ;
#3295 = PRODUCT_DEFINITION_SHAPE ( 'NONE', 'NONE',  #3181 ) ;
#3296 = CARTESIAN_POINT ( 'NONE',  ( -10.14881555579154160, -4.023261444342855597, 3.965376734581915752 ) ) ;
#3297 = CARTESIAN_POINT ( 'NONE',  ( -8.868757974119002796, -8.542899406347080671, -1.083549555990059421 ) ) ;
#3298 = CARTESIAN_POINT ( 'NONE',  ( -30.78473605381675426, 0.8494777323297515448, -9.886095463025698749 ) ) ;
#3299 = ORIENTED_EDGE ( 'NONE', *, *, #1990, .F. ) ;
#3300 = FACE_OUTER_BOUND ( 'NONE', #433, .T. ) ;
#3301 = CARTESIAN_POINT ( 'NONE',  ( -4.839235044158904486, 0.4538153484491682654, -6.962845860500766371 ) ) ;
#3302 = CARTESIAN_POINT ( 'NONE',  ( 12.90546865254272468, -10.44501274297908644, 7.446515404435239738 ) ) ;
#3303 = CARTESIAN_POINT ( 'NONE',  ( -6.578456323249713300, -13.14332175029724148, -15.73656410546051987 ) ) ;
#3304 = DIRECTION ( 'NONE',  ( 0.000000000000000000, 0.000000000000000000, 1.000000000000000000 ) ) ;
#3305 = AXIS2_PLACEMENT_3D ( 'NONE', #2825, #4481, #3635 ) ;
#3306 = CARTESIAN_POINT ( 'NONE',  ( -10.71349494206021724, -0.3749814041341239523, -9.010406929851978219 ) ) ;
#3307 = CARTESIAN_POINT ( 'NONE',  ( 6.203948762864382793, 4.989527592543676171, 1.099235904610166736 ) ) ;
#3308 = AXIS2_PLACEMENT_3D ( 'NONE', #4170, #2872, #1619 ) ;
#3309 = LINE ( 'NONE', #424, #4844 ) ;
#3310 = CARTESIAN_POINT ( 'NONE',  ( -6.106564405436868626, -12.75627400925724153, -16.57388342666921943 ) ) ;
#3311 = VERTEX_POINT ( 'NONE', #1548 ) ;
#3312 = CARTESIAN_POINT ( 'NONE',  ( -3.091005237831985664, 0.08105148530187769595, 14.38574555776921926 ) ) ;
#3313 = CARTESIAN_POINT ( 'NONE',  ( 4.171862851964013075, 0.1848779656271097305, -2.569970669517016137 ) ) ;
#3314 = FACE_OUTER_BOUND ( 'NONE', #1718, .T. ) ;
#3315 = CARTESIAN_POINT ( 'NONE',  ( -10.34674727442881625, -19.03249620488767846, -17.71050637205012634 ) ) ;
#3316 = ORIENTED_EDGE ( 'NONE', *, *, #3335, .F. ) ;
#3317 = CARTESIAN_POINT ( 'NONE',  ( 22.92464777029162448, 1.528958695004528634, -7.055099477415770259 ) ) ;
#3318 = CARTESIAN_POINT ( 'NONE',  ( 0.000000000000000000, 0.000000000000000000, -34.00000000000000000 ) ) ;
#3319 = EDGE_CURVE ( 'NONE', #2006, #3161, #1565, .T. ) ;
#3320 = CARTESIAN_POINT ( 'NONE',  ( -25.60773368394348282, 0.9901636062991158171, -15.94887392637547485 ) ) ;
#3321 = VERTEX_POINT ( 'NONE', #404 ) ;
#3322 = CARTESIAN_POINT ( 'NONE',  ( 3.724437978312807207, 0.01583181340710041601, 29.25961149407454798 ) ) ;
#3323 = AXIS2_PLACEMENT_3D ( 'NONE', #480, #3375, #4209 ) ;
#3324 = CARTESIAN_POINT ( 'NONE',  ( -7.470502198178652797, -2.517762600264875417, 3.285251822092428942 ) ) ;
#3325 = CARTESIAN_POINT ( 'NONE',  ( -28.32748665344695027, 1.182198194872635444, -11.30990761041383763 ) ) ;
#3326 = ORIENTED_EDGE ( 'NONE', *, *, #575, .F. ) ;
#3327 = CARTESIAN_POINT ( 'NONE',  ( -33.42822569215917383, 4.093776959507805017E-15, -35.37253856727842560 ) ) ;
#3328 = CARTESIAN_POINT ( 'NONE',  ( -4.000000000000000000, 39.29694644625712385, -5.987355617657803109 ) ) ;
#3329 = CARTESIAN_POINT ( 'NONE',  ( -13.25785969488994809, 3.653019492943300861, 11.14383262316108691 ) ) ;
#3330 = CARTESIAN_POINT ( 'NONE',  ( 2.866956815293317362, -4.301737325913458143, -23.04146524536656315 ) ) ;
#3331 =( NAMED_UNIT ( * ) PLANE_ANGLE_UNIT ( ) SI_UNIT ( $, .RADIAN. ) );
#3332 = CARTESIAN_POINT ( 'NONE',  ( -19.55505374683879793, 0.8301961266466068023, -23.66719634866235467 ) ) ;
#3333 = CARTESIAN_POINT ( 'NONE',  ( 0.9954411125927234982, -10.53117685699629824, -3.997441528269297439 ) ) ;
#3334 = CARTESIAN_POINT ( 'NONE',  ( 21.55651448382346658, 5.005996344732171366, 2.011096272405601404 ) ) ;
#3335 = EDGE_CURVE ( 'NONE', #4021, #1382, #4440, .T. ) ;
#3336 = CARTESIAN_POINT ( 'NONE',  ( 13.31236587921064896, -10.57264936986127601, -0.6999999999999992895 ) ) ;
#3337 =( REPRESENTATION_RELATIONSHIP ('NONE','NONE', #4337, #4169 ) REPRESENTATION_RELATIONSHIP_WITH_TRANSFORMATION ( #1711 )SHAPE_REPRESENTATION_RELATIONSHIP( ) );
#3338 = EDGE_LOOP ( 'NONE', ( #4029, #3128, #1536, #1417 ) ) ;
#3339 = CARTESIAN_POINT ( 'NONE',  ( -4.911183957645073761, -0.1110852576897077282, 6.096033458447116082 ) ) ;
#3340 = CARTESIAN_POINT ( 'NONE',  ( -3.484672564588647159, -2.301265300480935583, -2.768888963246527890 ) ) ;
#3341 = CARTESIAN_POINT ( 'NONE',  ( 0.000000000000000000, 0.000000000000000000, -8.608009253327193022 ) ) ;
#3342 = CARTESIAN_POINT ( 'NONE',  ( -10.56299342429625021, -19.37059880769710674, -20.44890856440557059 ) ) ;
#3343 = CARTESIAN_POINT ( 'NONE',  ( -7.132297143052616306, -14.25198311117192773, -10.87233955753795733 ) ) ;
#3344 = EDGE_LOOP ( 'NONE', ( #5181, #267, #599, #593 ) ) ;
#3345 = CARTESIAN_POINT ( 'NONE',  ( -26.79439361918092999, 0.6250032317335225684, -12.84893852332553088 ) ) ;
#3346 = B_SPLINE_SURFACE_WITH_KNOTS ( 'NONE', 3, 3, ( 
 ( #1053, #3890, #1366, #2639, #3455, #2585, #4677, #4236, #1022, #3918 ),
 ( #1880, #3507, #966, #1796, #256, #226, #3102, #591, #4649, #1472 ),
 ( #2165, #4310, #1851, #5075, #2696, #1074, #563, #4261, #993, #5104 ),
 ( #2995, #538, #3022, #1445, #642, #3806, #141, #3075, #2216, #2188 ) ),
 .UNSPECIFIED., .F., .F., .F.,
 ( 4, 4 ),
 ( 4, 3, 3, 4 ),
 ( -0.02400000000000000744, 0.000000000000000000 ),
 ( -0.001016959739034572693, -0.001000000000000000238, 0.000000000000000000, 1.000000000000000251E-05 ),
 .UNSPECIFIED. ) ;
#3347 = CARTESIAN_POINT ( 'NONE',  ( -5.179282728747610420, -0.01503476669558441274, 23.90943360645183802 ) ) ;
#3348 = AXIS2_PLACEMENT_3D ( 'NONE', #4749, #1875, #3963 ) ;
#3349 = CARTESIAN_POINT ( 'NONE',  ( -26.36280384071191563, -2.786807788081237636, 0.7029369506221634367 ) ) ;
#3350 =( NAMED_UNIT ( * ) PLANE_ANGLE_UNIT ( ) SI_UNIT ( $, .RADIAN. ) );
#3351 = CARTESIAN_POINT ( 'NONE',  ( 12.23621835740582320, -7.687912673259001295, 11.34246123190950684 ) ) ;
#3352 = CARTESIAN_POINT ( 'NONE',  ( -2.799643570975485662, -2.759637998482888488, 6.244985857821776953 ) ) ;
#3353 = CARTESIAN_POINT ( 'NONE',  ( 22.84767995689103515, 3.335246140309811036, 1.545173917096041016 ) ) ;
#3354 = CARTESIAN_POINT ( 'NONE',  ( 23.00551711334897220, 0.05167601718269224792, -13.20644874317103934 ) ) ;
#3355 = CARTESIAN_POINT ( 'NONE',  ( -16.14798199221070263, -18.20954950090496283, 12.33379569077000504 ) ) ;
#3356 = ORIENTED_EDGE ( 'NONE', *, *, #541, .T. ) ;
#3357 = CARTESIAN_POINT ( 'NONE',  ( -1.050733232580243204, -4.086680192614154272, -6.393203993763499682 ) ) ;
#3358 = CARTESIAN_POINT ( 'NONE',  ( 2.000000000000000000, 34.86650114427094849, -29.98735561765781910 ) ) ;
#3359 = CARTESIAN_POINT ( 'NONE',  ( 9.512911108781594294, -2.898480563934476617, 16.93965397662622507 ) ) ;
#3360 = CARTESIAN_POINT ( 'NONE',  ( -6.126412570317698147, -14.04954489634774895, -15.08936767197890028 ) ) ;
#3361 = CARTESIAN_POINT ( 'NONE',  ( -6.539536932213794174, 2.342147058210956700, -10.82187928802101240 ) ) ;
#3362 = CARTESIAN_POINT ( 'NONE',  ( -2.000000000000000000, 37.44662868670557998, -10.40682214302825592 ) ) ;
#3363 = ORIENTED_EDGE ( 'NONE', *, *, #2126, .F. ) ;
#3364 = CARTESIAN_POINT ( 'NONE',  ( -4.000000000000000000, 12.99999999999999822, -0.9873556176578029975 ) ) ;
#3365 = PRODUCT_DEFINITION_CONTEXT ( 'detailed design', #5035, 'design' ) ;
#3366 = CARTESIAN_POINT ( 'NONE',  ( -3.161906869334397019, -6.045991801445197211, -12.64831801515248166 ) ) ;
#3367 = CARTESIAN_POINT ( 'NONE',  ( -2.517400957105398795, -5.268097280857439557, -0.3471724400490264761 ) ) ;
#3368 = CARTESIAN_POINT ( 'NONE',  ( -1.282088658974278150, -7.739030636412903341, -22.79131888465032674 ) ) ;
#3369 = CARTESIAN_POINT ( 'NONE',  ( 12.36622582769407153, -7.380988897718011366, 11.33250240995995384 ) ) ;
#3370 = EDGE_LOOP ( 'NONE', ( #2598, #544, #352, #5159 ) ) ;
#3371 = CARTESIAN_POINT ( 'NONE',  ( -24.71017176536453874, 0.7286063663748982844, -17.84781913056782798 ) ) ;
#3372 = LINE ( 'NONE', #1739, #4336 ) ;
#3373 = CARTESIAN_POINT ( 'NONE',  ( -5.161739202625446943, 1.011773997184294505, 23.90791943716352108 ) ) ;
#3374 = ADVANCED_FACE ( 'NONE', ( #2025 ), #320, .F. ) ;
#3375 = DIRECTION ( 'NONE',  ( -0.000000000000000000, -0.000000000000000000, -1.000000000000000000 ) ) ;
#3376 = CARTESIAN_POINT ( 'NONE',  ( -1.160082499629612629, -6.527710195331795084, 0.04893187115180595848 ) ) ;
#3377 = CARTESIAN_POINT ( 'NONE',  ( 6.139178666129936346, -3.001152142453944460, -12.52334716749412813 ) ) ;
#3378 = ORIENTED_EDGE ( 'NONE', *, *, #3807, .T. ) ;
#3379 = CARTESIAN_POINT ( 'NONE',  ( -4.536115916991798613, -12.14739630618195854, 2.820994977207149645 ) ) ;
#3380 = CARTESIAN_POINT ( 'NONE',  ( 12.02022210687781900, -6.966112921210897646, 12.29089628427054137 ) ) ;
#3381 = CARTESIAN_POINT ( 'NONE',  ( -32.05889936327034206, -19.47235746807827184, 4.097773114997343313 ) ) ;
#3382 = CARTESIAN_POINT ( 'NONE',  ( -8.367651119521704928, 5.013759982140840066, -17.86829573197987742 ) ) ;
#3383 = CARTESIAN_POINT ( 'NONE',  ( -26.86385231620303315, -2.799915184131516188, -1.212442629685867912 ) ) ;
#3384 = B_SPLINE_SURFACE_WITH_KNOTS ( 'NONE', 3, 3, ( 
 ( #3061, #3956, #4690, #1403, #2596, #2275, #629, #3034, #3873, #4660, #1063, #4319, #2229, #1006 ),
 ( #2679, #288, #4741, #4347, #4271, #604, #214, #1380, #3010, #4633, #1836, #4054, #1182, #4843 ),
 ( #4791, #2424, #3136, #2838, #1105, #310, #4814, #801, #389, #361, #4466, #3982, #1934, #1155 ),
 ( #1984, #414, #4768, #2011, #3187, #2806, #4079, #1610, #4006, #2751, #1131, #3592, #3160, #3617 ),
 ( #1535, #4439, #3645, #3212, #773, #5269, #2728, #2397, #3240, #3546, #4395, #2327, #2776, #335 ),
 ( #4868, #719, #4371, #1210, #748, #5169, #1509, #5188, #5242, #3570, #699, #2350, #1954, #5217 ),
 ( #2373, #1557, #4414, #4028, #1584, #4568, #2916, #3377, #3692, #59, #1655, #3783, #4999, #3354 ),
 ( #1686, #4919, #486, #878, #1283, #2535, #4541, #1254, #4601, #4184, #2505, #1717, #2114, #1339 ),
 ( #86, #3748, #2945, #2888, #3669, #4972, #825, #851, #459, #1311, #4212, #2086, #511, #2035 ),
 ( #8, #1631, #3297, #3269, #4896, #1233, #3415, #102, #525, #2153, #3794, #550, #1322, #130 ),
 ( #1384, #5033, #1758, #1729, #4983, #4582, #921, #1352, #2176, #2981, #2546, #4249, #3850, #981 ),
 ( #954, #3821, #189, #155, #2599, #3781, #6, #824, #2477, #119, #1716, #1685, #1209, #4104 ),
 ( #2915, #907, #3296, #3324, #4944, #4132, #2836, #1281, #4540, #877, #2533, #2504, #4154, #3353 ),
 ( #2113, #484, #3895, #4652, #3151, #1371, #4998, #623, #1119, #3434, #4683, #3867, #1420, #177 ) ),
 .UNSPECIFIED., .F., .F., .F.,
 ( 4, 1, 1, 1, 1, 1, 1, 1, 1, 1, 1, 4 ),
 ( 4, 1, 1, 1, 1, 1, 1, 1, 1, 1, 1, 4 ),
 ( -0.01358241894323341907, -0.01115361894323341901, -0.008724818943233418958, -0.006296018943233418902, -0.002652818943233417950, -0.0002240189432334196290, 0.002204781056766582162, 0.004633581056766580483, 0.008276781056766583169, 0.01070558105676658149, 0.01313438105676657981, 0.01556318105676658160 ),
 ( -0.01434031437954671855, -0.01118695789437761448, -0.008033601409208512151, -0.004880244924039408086, -0.0001502101962857528561, 0.003003146288883351209, 0.006156502774052453539, 0.009309859259221559338, 0.01403989398697521283, 0.01719325047214431690, 0.02034660695731341923, 0.02349996344248252156 ),
 .UNSPECIFIED. ) ;
#3385 = ORIENTED_EDGE ( 'NONE', *, *, #1524, .T. ) ;
#3386 = DIRECTION ( 'NONE',  ( 0.000000000000000000, 0.000000000000000000, 1.000000000000000000 ) ) ;
#3387 = ADVANCED_FACE ( 'NONE', ( #431 ), #4457, .F. ) ;
#3388 = CARTESIAN_POINT ( 'NONE',  ( -12.95938773691453605, 5.583057652843724128, 7.559791173951903254 ) ) ;
#3389 = CARTESIAN_POINT ( 'NONE',  ( -13.51193217883110265, -13.10270458194504606, 5.829103085583677846 ) ) ;
#3390 = CARTESIAN_POINT ( 'NONE',  ( -2.126759556823258457, -8.031482393057380875, 0.09268931312963590852 ) ) ;
#3391 = CARTESIAN_POINT ( 'NONE',  ( 6.608602760277570987, -1.617279016696868910, 19.48291489492865836 ) ) ;
#3392 = CARTESIAN_POINT ( 'NONE',  ( -1.068328338637793085, -7.520588871293226063, -17.22287568408764358 ) ) ;
#3393 = CARTESIAN_POINT ( 'NONE',  ( -14.35640646055108149, -7.133974596215427511, -30.98735561765780488 ) ) ;
#3394 = ORIENTED_EDGE ( 'NONE', *, *, #18, .T. ) ;
#3395 = CARTESIAN_POINT ( 'NONE',  ( 19.02965676557491292, -0.1165335012889780614, -14.69508964567300069 ) ) ;
#3396 = CARTESIAN_POINT ( 'NONE',  ( 11.09055285457533380, -17.51589207941778881, -0.4500141579074101172 ) ) ;
#3397 = FACE_OUTER_BOUND ( 'NONE', #99, .T. ) ;
#3398 = CARTESIAN_POINT ( 'NONE',  ( 33.65370349203922018, -16.54322342440876525, -0.6999999999999987343 ) ) ;
#3399 = VERTEX_POINT ( 'NONE', #4885 ) ;
#3400 = EDGE_CURVE ( 'NONE', #4502, #1500, #2719, .T. ) ;
#3401 = DIRECTION ( 'NONE',  ( -1.000000000000000000, 0.000000000000000000, 0.000000000000000000 ) ) ;
#3402 = CARTESIAN_POINT ( 'NONE',  ( -7.560840926147557539, 0.6816990638073945341, 10.64939820959597760 ) ) ;
#3403 = AXIS2_PLACEMENT_3D ( 'NONE', #1912, #1554, #4411 ) ;
#3404 = CARTESIAN_POINT ( 'NONE',  ( -14.77937097706002945, -2.176233095845388377, -4.926223823429732640 ) ) ;
#3405 = ORIENTED_EDGE ( 'NONE', *, *, #5221, .T. ) ;
#3406 = EDGE_CURVE ( 'NONE', #4510, #1269, #376, .T. ) ;
#3407 = CARTESIAN_POINT ( 'NONE',  ( 1.332648738426974067, 34.73460173277778296, -30.65470687923082949 ) ) ;
#3408 = CARTESIAN_POINT ( 'NONE',  ( -12.68293579345038147, 0.3309186017755120779, 23.38677219005239394 ) ) ;
#3409 = CARTESIAN_POINT ( 'NONE',  ( -7.628175098568818591, -13.75520635631227684, -8.666974170050384174 ) ) ;
#3410 = MECHANICAL_DESIGN_GEOMETRIC_PRESENTATION_REPRESENTATION (  '', ( #1265 ), #4099 ) ;
#3411 = PLANE ( 'NONE',  #2473 ) ;
#3412 = CARTESIAN_POINT ( 'NONE',  ( -29.30802116868362006, -18.84470475084209795, -30.32137316095273150 ) ) ;
#3413 = CARTESIAN_POINT ( 'NONE',  ( -7.437200494965908071, -12.14739630618195854, -5.338889107229370268 ) ) ;
#3414 = EDGE_LOOP ( 'NONE', ( #1106, #2579, #1784, #3522 ) ) ;
#3415 = CARTESIAN_POINT ( 'NONE',  ( 2.986894521619774423, -1.508436704305804898, -4.425811884580891586 ) ) ;
#3416 = DIRECTION ( 'NONE',  ( 0.000000000000000000, 1.000000000000000000, 0.000000000000000000 ) ) ;
#3417 = CARTESIAN_POINT ( 'NONE',  ( -19.17612021627088836, 4.605774040146421555, 18.07595175959108502 ) ) ;
#3418 = CARTESIAN_POINT ( 'NONE',  ( -26.86908408173588469, -4.996841961544669530, 3.729338367618443062 ) ) ;
#3419 = CARTESIAN_POINT ( 'NONE',  ( 12.80501685840097714, -9.677251909584043688, 7.679896577395470381 ) ) ;
#3420 = CARTESIAN_POINT ( 'NONE',  ( -24.96780740062647297, -4.682995072000833758, 2.639012010647567408 ) ) ;
#3421 = EDGE_CURVE ( 'NONE', #3399, #2657, #1842, .T. ) ;
#3422 = DIRECTION ( 'NONE',  ( 1.000000000000000000, 0.000000000000000000, 0.000000000000000000 ) ) ;
#3423 = CARTESIAN_POINT ( 'NONE',  ( 10.40938582276227642, -0.3541795859304930905, -13.18168778633029881 ) ) ;
#3424 = CARTESIAN_POINT ( 'NONE',  ( -7.169836468824935416, -14.23021416462766275, -10.64438784562236151 ) ) ;
#3425 = ORIENTED_EDGE ( 'NONE', *, *, #1039, .F. ) ;
#3426 = CARTESIAN_POINT ( 'NONE',  ( 12.13385736950151816, -0.1599461933649824752, -20.78516088876414258 ) ) ;
#3427 = CARTESIAN_POINT ( 'NONE',  ( 13.78944648393594008, -15.99019804966359715, 2.442859320923448152 ) ) ;
#3428 = DIRECTION ( 'NONE',  ( -0.000000000000000000, -0.000000000000000000, 1.000000000000000000 ) ) ;
#3429 = EDGE_LOOP ( 'NONE', ( #5130, #2202, #1670, #5076 ) ) ;
#3430 = TOROIDAL_SURFACE ( 'NONE', #3252, -52.50000000000000000, 90.00000000000000000 ) ;
#3431 = CARTESIAN_POINT ( 'NONE',  ( 12.39337808610961034, -8.886397952966367697, 9.920998762728576281 ) ) ;
#3432 = CARTESIAN_POINT ( 'NONE',  ( -8.893808134451928638, -0.05202472562022842500, 24.40086578257762895 ) ) ;
#3433 = PRESENTATION_LAYER_ASSIGNMENT (  '', '', ( #2562 ) ) ;
#3434 = CARTESIAN_POINT ( 'NONE',  ( 12.39601844673644315, 5.013759982140840066, 1.687549426478712089 ) ) ;
#3435 = EDGE_CURVE ( 'NONE', #3609, #1075, #1470, .T. ) ;
#3436 = CARTESIAN_POINT ( 'NONE',  ( -2.548858047761718648, -13.42491326364823578, 5.535973153531055679 ) ) ;
#3437 = VERTEX_POINT ( 'NONE', #1358 ) ;
#3438 = CARTESIAN_POINT ( 'NONE',  ( -13.16869772466291977, 0.1125369047058242117, -10.97441968824239034 ) ) ;
#3439 = CARTESIAN_POINT ( 'NONE',  ( 1.743861598902837207, 0.3828183844101030742, 22.32717705514233586 ) ) ;
#3440 = CARTESIAN_POINT ( 'NONE',  ( -5.139193632461011241, -5.954591377804275609, -1.199561277889553912 ) ) ;
#3441 = SHAPE_REPRESENTATION_RELATIONSHIP ( 'NONE' , 'NONE' ,  #3751, #986 ) ;
#3442 = CARTESIAN_POINT ( 'NONE',  ( -16.99999999999999645, 0.000000000000000000, 3.500000000000000000 ) ) ;
#3443 = CARTESIAN_POINT ( 'NONE',  ( 1.184450855878666165, -8.018807922989607206, -0.6918735780318989725 ) ) ;
#3444 = CARTESIAN_POINT ( 'NONE',  ( -26.26221751510715663, -3.757609887712814789, 0.4973297501478811111 ) ) ;
#3445 = ORIENTED_EDGE ( 'NONE', *, *, #4423, .F. ) ;
#3446 = CARTESIAN_POINT ( 'NONE',  ( -19.78212284252335351, 5.005996344732171366, 17.66294102383545805 ) ) ;
#3447 = CARTESIAN_POINT ( 'NONE',  ( -20.86824227524429176, -10.73088794819132552, 7.325607675433741584 ) ) ;
#3448 = DIRECTION ( 'NONE',  ( 0.000000000000000000, 0.000000000000000000, -1.000000000000000000 ) ) ;
#3449 = CARTESIAN_POINT ( 'NONE',  ( -17.28542701926994241, -11.73911222454284164, 7.602508628619110809 ) ) ;
#3450 = CARTESIAN_POINT ( 'NONE',  ( 10.41131084713628496, -0.6400748356717295140, -18.84613170597037168 ) ) ;
#3451 = CARTESIAN_POINT ( 'NONE',  ( 30.51537138493650403, -16.46335734513542803, -30.98735561765780488 ) ) ;
#3452 = DIRECTION ( 'NONE',  ( -0.000000000000000000, -0.000000000000000000, 1.000000000000000000 ) ) ;
#3453 = ORIENTED_EDGE ( 'NONE', *, *, #4965, .T. ) ;
#3454 = DIRECTION ( 'NONE',  ( -0.000000000000000000, 0.000000000000000000, 1.000000000000000000 ) ) ;
#3455 = CARTESIAN_POINT ( 'NONE',  ( -25.38128540799125687, 0.3352068084725979835, -16.43466664327591431 ) ) ;
#3456 = ORIENTED_EDGE ( 'NONE', *, *, #1959, .F. ) ;
#3457 = CARTESIAN_POINT ( 'NONE',  ( 33.42973172877005794, -16.99126353578406423, -8.608009253327193022 ) ) ;
#3458 = CARTESIAN_POINT ( 'NONE',  ( 2.463701579686766063, -13.13450379051610462, -3.053671727114889212 ) ) ;
#3459 = CARTESIAN_POINT ( 'NONE',  ( -0.9713550003631046259, -8.832254232929063420, -2.994629382492355774 ) ) ;
#3460 = DIRECTION ( 'NONE',  ( 1.000000000000000000, 0.000000000000000000, 0.000000000000000000 ) ) ;
#3461 = CARTESIAN_POINT ( 'NONE',  ( -16.83950712582478104, -2.802606222596214280, -3.804325969183192768 ) ) ;
#3462 = ORIENTED_EDGE ( 'NONE', *, *, #607, .F. ) ;
#3463 = CARTESIAN_POINT ( 'NONE',  ( -8.814934395051590599, 0.1769253356457944348, -9.007533467636241298 ) ) ;
#3464 = CARTESIAN_POINT ( 'NONE',  ( -1.371516949976611777, 0.2251135593144219793, 23.34071274732960433 ) ) ;
#3465 = LINE ( 'NONE', #2148, #4369 ) ;
#3466 = CARTESIAN_POINT ( 'NONE',  ( -2.000000000000000000, 37.12751932592647819, -16.26941072833060886 ) ) ;
#3467 = ORIENTED_EDGE ( 'NONE', *, *, #3247, .F. ) ;
#3468 = CARTESIAN_POINT ( 'NONE',  ( -7.516292045254572507, 1.604285171024244505, -3.289217925045528013 ) ) ;
#3469 = CARTESIAN_POINT ( 'NONE',  ( -13.73785605987481873, -16.38039058733591347, 8.584186071028783616 ) ) ;
#3470 = CARTESIAN_POINT ( 'NONE',  ( -4.255156761968967416, -2.275965786303323135, -1.889716688834612413 ) ) ;
#3471 = CARTESIAN_POINT ( 'NONE',  ( -3.603802009657643968, -2.153204484517838857, -3.969642103962398583 ) ) ;
#3472 = DIRECTION ( 'NONE',  ( 0.000000000000000000, 1.000000000000000000, 0.000000000000000000 ) ) ;
#3473 = CARTESIAN_POINT ( 'NONE',  ( -3.612573193760807211, -7.477725013166695689, -8.254803297286500197 ) ) ;
#3474 = ADVANCED_FACE ( 'NONE', ( #3314 ), #4708, .T. ) ;
#3475 = FACE_OUTER_BOUND ( 'NONE', #3019, .T. ) ;
#3476 = CARTESIAN_POINT ( 'NONE',  ( -6.473387417054921933, -9.651648508886989219, -6.214737064432596547 ) ) ;
#3477 = ORIENTED_EDGE ( 'NONE', *, *, #3903, .T. ) ;
#3478 = CARTESIAN_POINT ( 'NONE',  ( 20.55354491068943545, 0.3286711982047240133, -12.47000092951972583 ) ) ;
#3479 = AXIS2_PLACEMENT_3D ( 'NONE', #68, #3790, #2543 ) ;
#3480 = FACE_OUTER_BOUND ( 'NONE', #3760, .T. ) ;
#3481 = AXIS2_PLACEMENT_3D ( 'NONE', #1166, #664, #300 ) ;
#3482 = AXIS2_PLACEMENT_3D ( 'NONE', #2178, #1435, #3909 ) ;
#3483 = VERTEX_POINT ( 'NONE', #162 ) ;
#3484 = CARTESIAN_POINT ( 'NONE',  ( 31.94145695991997158, -16.13200769736033280, -26.46984268913923799 ) ) ;
#3485 = DIRECTION ( 'NONE',  ( 1.000000000000000000, 0.000000000000000000, 0.000000000000000000 ) ) ;
#3486 = CARTESIAN_POINT ( 'NONE',  ( -16.19014722088459735, 1.925528516409451996, 20.14480651123798793 ) ) ;
#3487 = EDGE_CURVE ( 'NONE', #1269, #5016, #1132, .T. ) ;
#3488 = CARTESIAN_POINT ( 'NONE',  ( -25.88522868146396760, 0.8101301852068490961, -12.70166853944477303 ) ) ;
#3489 = EDGE_LOOP ( 'NONE', ( #4214, #2318, #1585, #560, #1649, #667, #2143, #2830, #4117, #2990, #1604, #3445 ) ) ;
#3490 = CARTESIAN_POINT ( 'NONE',  ( -3.631102569635401345, -1.724715453423379952, 2.903581953971271723 ) ) ;
#3491 = CARTESIAN_POINT ( 'NONE',  ( -8.625129184588907094, -5.152151280149225521, -2.470624037823306640 ) ) ;
#3492 = CARTESIAN_POINT ( 'NONE',  ( -31.39663472814239498, -20.43625658869946449, -5.987355617657803997 ) ) ;
#3493 = CARTESIAN_POINT ( 'NONE',  ( -2.790340791365969242, -2.480344110054897744, 2.849427618183874689 ) ) ;
#3494 = CARTESIAN_POINT ( 'NONE',  ( 19.27784513386993837, 0.001127404517074968816, -13.47803925614976528 ) ) ;
#3495 = ORIENTED_EDGE ( 'NONE', *, *, #2909, .F. ) ;
#3496 = CARTESIAN_POINT ( 'NONE',  ( -2.000000000000000000, 16.88194301613413018, -5.987355617657806661 ) ) ;
#3497 = DIRECTION ( 'NONE',  ( -0.000000000000000000, -0.000000000000000000, 1.000000000000000000 ) ) ;
#3498 = CARTESIAN_POINT ( 'NONE',  ( -17.93963181458612510, 3.843287445401811997, 18.89986010787184156 ) ) ;
#3499 = CARTESIAN_POINT ( 'NONE',  ( -32.35769298354927770, -0.1715416931547250889, -12.62493834017188377 ) ) ;
#3500 = CARTESIAN_POINT ( 'NONE',  ( -4.624063148742949991, -1.614660368144316349, -1.238941495190773567 ) ) ;
#3501 = DIRECTION ( 'NONE',  ( 1.000000000000000000, 0.000000000000000000, 0.000000000000000000 ) ) ;
#3502 = CARTESIAN_POINT ( 'NONE',  ( 13.53135748694260876, 0.9582418146822412330, -21.72742180892831243 ) ) ;
#3503 = EDGE_CURVE ( 'NONE', #620, #9, #3777, .T. ) ;
#3504 = CARTESIAN_POINT ( 'NONE',  ( -24.47061583640001814, -5.434128493737360621, 4.084220162258228370 ) ) ;
#3505 = ORIENTED_EDGE ( 'NONE', *, *, #1, .F. ) ;
#3506 = CARTESIAN_POINT ( 'NONE',  ( 1.003014794392993236, -6.966112921210897646, -22.84451998390898808 ) ) ;
#3507 = CARTESIAN_POINT ( 'NONE',  ( -18.06897925385053938, 0.02145151092591614586, -13.18590409645912942 ) ) ;
#3508 = VERTEX_POINT ( 'NONE', #220 ) ;
#3509 = CARTESIAN_POINT ( 'NONE',  ( 1.314519651755348351, -0.2280103159913574040, -2.925556885410877328 ) ) ;
#3510 = CARTESIAN_POINT ( 'NONE',  ( 1.755585134535364578, -12.68534554863386887, -3.443003311291741753 ) ) ;
#3511 = PRODUCT_DEFINITION ( 'UNKNOWN', '', #4953, #2928 ) ;
#3512 = AXIS2_PLACEMENT_3D ( 'NONE', #3845, #184, #822 ) ;
#3513 = CARTESIAN_POINT ( 'NONE',  ( -20.25147196872422839, -0.3541795859304930905, -8.713202805226918812 ) ) ;
#3514 = EDGE_LOOP ( 'NONE', ( #4388, #2175, #4452, #3978, #3585 ) ) ;
#3515 = CARTESIAN_POINT ( 'NONE',  ( -1.000000000000000000, 15.99999999999999645, -30.98735561765780488 ) ) ;
#3516 = CARTESIAN_POINT ( 'NONE',  ( -8.637591054150160375, -5.426467744844923224, -2.193277943027196031 ) ) ;
#3517 = CARTESIAN_POINT ( 'NONE',  ( 13.31236587921064896, -10.57264936986127601, -0.6999999999999992895 ) ) ;
#3518 = AXIS2_PLACEMENT_3D ( 'NONE', #4858, #4335, #690 ) ;
#3519 = CARTESIAN_POINT ( 'NONE',  ( 19.66466018236014435, -0.009382351444399831750, -13.75865999296786590 ) ) ;
#3520 = FACE_OUTER_BOUND ( 'NONE', #2012, .T. ) ;
#3521 = AXIS2_PLACEMENT_3D ( 'NONE', #5225, #1964, #2433 ) ;
#3522 = ORIENTED_EDGE ( 'NONE', *, *, #4969, .F. ) ;
#3523 = CARTESIAN_POINT ( 'NONE',  ( -3.969391943017857471, -8.616114331617596989, -7.096418046028802884 ) ) ;
#3524 = CARTESIAN_POINT ( 'NONE',  ( 16.99999999999999645, 2.081899558550499885E-15, 3.500000000000000000 ) ) ;
#3525 = CARTESIAN_POINT ( 'NONE',  ( -8.500333993166302449, -5.425006567831663240, -0.8444938636587369096 ) ) ;
#3526 = CARTESIAN_POINT ( 'NONE',  ( -20.01474260215123024, -3.474504469951120722, -3.896369906619245871 ) ) ;
#3527 = CARTESIAN_POINT ( 'NONE',  ( -3.700976349725956460, -3.269395345652285734, -2.867327481222507135 ) ) ;
#3528 =( BOUNDED_CURVE ( )  B_SPLINE_CURVE ( 3, ( #1958, #1110, #1068, #1087 ),
 .UNSPECIFIED., .F., .T. ) 
 B_SPLINE_CURVE_WITH_KNOTS ( ( 4, 4 ),
 ( 1.423202221135863921, 1.570796326794896558 ),
 .UNSPECIFIED. ) 
 CURVE ( )  GEOMETRIC_REPRESENTATION_ITEM ( )  RATIONAL_B_SPLINE_CURVE ( ( 1.000000000000000000, 0.9981854887086412109, 0.9981854887086412109, 1.000000000000000000 ) ) 
 REPRESENTATION_ITEM ( '' )  );
#3529 = CARTESIAN_POINT ( 'NONE',  ( 0.000000000000000000, 0.000000000000000000, -66.49199074667276932 ) ) ;
#3530 = CARTESIAN_POINT ( 'NONE',  ( 16.36708720822928953, 3.508188989425394588, -2.751771835734128757 ) ) ;
#3531 = CARTESIAN_POINT ( 'NONE',  ( -18.52495746808282462, -16.17674562119043813, 12.25364215560450631 ) ) ;
#3532 = PRESENTATION_STYLE_ASSIGNMENT (( #299 ) ) ;
#3533 = EDGE_LOOP ( 'NONE', ( #3425, #1867, #1809, #2116 ) ) ;
#3534 = CARTESIAN_POINT ( 'NONE',  ( 0.000000000000000000, 0.000000000000000000, -66.49199074667275511 ) ) ;
#3535 = CARTESIAN_POINT ( 'NONE',  ( 8.820921825271822669, -12.34436210794521038, 2.441950451010509671 ) ) ;
#3536 = CIRCLE ( 'NONE', #1224, 37.50000000000000000 ) ;
#3537 = EDGE_LOOP ( 'NONE', ( #3793, #4156, #3915, #252 ) ) ;
#3538 = CARTESIAN_POINT ( 'NONE',  ( -26.76024410806049048, -2.115715308047650733, -0.07872603743111061814 ) ) ;
#3539 = CARTESIAN_POINT ( 'NONE',  ( 8.260566752227591181, -13.47889451932317861, 0.8518280835039485632 ) ) ;
#3540 = AXIS2_PLACEMENT_3D ( 'NONE', #1608, #4464, #386 ) ;
#3541 = CARTESIAN_POINT ( 'NONE',  ( -19.08391102455175670, 1.988803390393779624, -22.64055950710959308 ) ) ;
#3542 = EDGE_CURVE ( 'NONE', #1019, #2490, #1051, .T. ) ;
#3543 = ORIENTED_EDGE ( 'NONE', *, *, #1125, .F. ) ;
#3544 = CARTESIAN_POINT ( 'NONE',  ( -4.000000000000000000, 12.99999999999999822, -3.487355617657803553 ) ) ;
#3545 = CARTESIAN_POINT ( 'NONE',  ( -11.30105897875118082, 0.9913935670789769672, -9.554516601656620978 ) ) ;
#3546 = CARTESIAN_POINT ( 'NONE',  ( 13.05630379387941353, -0.8498616469934857642, -18.82151216550342809 ) ) ;
#3547 = ORIENTED_EDGE ( 'NONE', *, *, #4110, .F. ) ;
#3548 = CARTESIAN_POINT ( 'NONE',  ( 30.00000000000000000, 0.000000000000000000, 3.499999999999999556 ) ) ;
#3549 = LINE ( 'NONE', #3524, #4456 ) ;
#3550 = CARTESIAN_POINT ( 'NONE',  ( -7.673933063679042377, -11.10153856200177458, -5.042045507462535880 ) ) ;
#3551 = CARTESIAN_POINT ( 'NONE',  ( -30.95918630597562426, 0.03854513701023251637, -15.85304204854400645 ) ) ;
#3552 = CARTESIAN_POINT ( 'NONE',  ( 6.948864171559931080, -13.96235502292571695, -0.2577966154893554518 ) ) ;
#3553 = CARTESIAN_POINT ( 'NONE',  ( 9.657490012354577047, -3.502288341121532422, 16.55522330297146993 ) ) ;
#3554 = CARTESIAN_POINT ( 'NONE',  ( 0.5638056587054554036, 1.434632209869328934, -0.3752280665001258564 ) ) ;
#3555 = EDGE_CURVE ( 'NONE', #4733, #4655, #2662, .T. ) ;
#3556 = DIRECTION ( 'NONE',  ( -0.000000000000000000, -0.000000000000000000, 1.000000000000000000 ) ) ;
#3557 = CARTESIAN_POINT ( 'NONE',  ( -1.882172269263514774, 1.045394123634237005, 28.44884039071762416 ) ) ;
#3558 = DIRECTION ( 'NONE',  ( -1.000000000000000000, 4.440892098500626162E-15, 0.000000000000000000 ) ) ;
#3559 = VERTEX_POINT ( 'NONE', #5124 ) ;
#3560 = FACE_OUTER_BOUND ( 'NONE', #2133, .T. ) ;
#3561 = CIRCLE ( 'NONE', #998, 30.00000000000000000 ) ;
#3562 = B_SPLINE_CURVE_WITH_KNOTS ( 'NONE', 3,
 ( #2266, #595, #2699, #4341, #3923, #5108, #259, #1883, #2220, #4735, #1826, #3865, #2320, #1077, #670, #283, #1908, #3539, #1501, #1027, #3131, #1099, #2722, #4362, #205, #5079, #1418, #3046, #110, #533, #1391, #2159, #4177, #2607 ),
 .UNSPECIFIED., .F., .F.,
 ( 4, 2, 2, 2, 2, 2, 2, 2, 2, 2, 2, 2, 2, 2, 2, 2, 4 ),
 ( 2.776912483567713316E-18, 0.001484388987378807952, 0.002968777974757612868, 0.005937555949515218798, 0.007421944936894021329, 0.008906333924272823860, 0.01039072291165162726, 0.01187511189903042892, 0.01335950088640923232, 0.01484388987378803572, 0.01632827886116683738, 0.01781266784854564078, 0.01855486234223504075, 0.01929705683592444071, 0.02078144582330324064, 0.02226583481068204057, 0.02375022379806083703 ),
 .UNSPECIFIED. ) ;
#3563 = EDGE_CURVE ( 'NONE', #4570, #471, #1015, .T. ) ;
#3564 = CARTESIAN_POINT ( 'NONE',  ( -15.15300595258018035, 3.594167260197798530, -25.96631773507293062 ) ) ;
#3565 = ORIENTED_EDGE ( 'NONE', *, *, #564, .F. ) ;
#3566 = ADVANCED_FACE ( 'NONE', ( #1846 ), #3939, .T. ) ;
#3567 = DIRECTION ( 'NONE',  ( 0.000000000000000000, 1.000000000000000000, 0.000000000000000000 ) ) ;
#3568 = FACE_OUTER_BOUND ( 'NONE', #5243, .T. ) ;
#3569 = CARTESIAN_POINT ( 'NONE',  ( 5.106868763527224075, 37.15095004114616728, -5.734918008085874597 ) ) ;
#3570 = CARTESIAN_POINT ( 'NONE',  ( 13.09256063756272681, -0.8510883190935211173, -15.93600280989623386 ) ) ;
#3571 = EDGE_LOOP ( 'NONE', ( #2479, #3547, #2862, #4366 ) ) ;
#3572 = LINE ( 'NONE', #3548, #2056 ) ;
#3573 = CARTESIAN_POINT ( 'NONE',  ( -5.278804420851358259, 0.0001050152914905845959, 22.95896888476408293 ) ) ;
#3574 = CARTESIAN_POINT ( 'NONE',  ( -4.015505832111032625, -10.56492800640687335, 2.888783467630565038 ) ) ;
#3575 = CARTESIAN_POINT ( 'NONE',  ( -0.1233610636128469745, -12.14592290585943068, 4.180046707182277999 ) ) ;
#3576 = CARTESIAN_POINT ( 'NONE',  ( 11.36418104431874454, -12.06560287195379111, 4.899082042977759066 ) ) ;
#3577 = CARTESIAN_POINT ( 'NONE',  ( 15.34696473686642904, -7.320022009102518545, -30.65319826536850201 ) ) ;
#3578 = CARTESIAN_POINT ( 'NONE',  ( 19.73221163000209799, 2.326698961048855541, -5.282181154728989192 ) ) ;
#3579 = CARTESIAN_POINT ( 'NONE',  ( 14.30471551127149610, 1.012124725757538979, -10.16497948732419943 ) ) ;
#3580 = CARTESIAN_POINT ( 'NONE',  ( -6.782523788663630704, 1.051420188418202173, 25.61458550612381302 ) ) ;
#3581 = AXIS2_PLACEMENT_3D ( 'NONE', #3107, #4681, #3485 ) ;
#3582 = ADVANCED_FACE ( 'NONE', ( #296 ), #2390, .T. ) ;
#3583 = DIRECTION ( 'NONE',  ( -1.000000000000000000, 1.224646799147353207E-16, 0.000000000000000000 ) ) ;
#3584 = CARTESIAN_POINT ( 'NONE',  ( 11.59299274071417862, -4.490266471645493418, 13.99728211649130394 ) ) ;
#3585 = ORIENTED_EDGE ( 'NONE', *, *, #2136, .F. ) ;
#3586 = CARTESIAN_POINT ( 'NONE',  ( -20.24919761869330870, -10.09843939834163073, 7.635760047316628274 ) ) ;
#3587 = CARTESIAN_POINT ( 'NONE',  ( 5.272513011681504658, -6.045991801445197211, 3.585867334332183187 ) ) ;
#3588 = VERTEX_POINT ( 'NONE', #1490 ) ;
#3589 = CARTESIAN_POINT ( 'NONE',  ( -6.325539093607555508, 0.9526163696064900988, -7.139233233935405210 ) ) ;
#3590 = CARTESIAN_POINT ( 'NONE',  ( 13.02114693715668992, 1.030746430132152058, -9.299303526873709203 ) ) ;
#3591 = EDGE_CURVE ( 'NONE', #3886, #179, #3044, .T. ) ;
#3592 = CARTESIAN_POINT ( 'NONE',  ( 19.85015867632336750, -0.1715416931547250889, -21.71011496152541653 ) ) ;
#3593 = ORIENTED_EDGE ( 'NONE', *, *, #2519, .T. ) ;
#3594 = CARTESIAN_POINT ( 'NONE',  ( -1.665982456705069392, 34.80384324215313541, -30.32137316095273150 ) ) ;
#3595 = CARTESIAN_POINT ( 'NONE',  ( 0.000000000000000000, 0.000000000000000000, -5.987355617657804885 ) ) ;
#3596 = CARTESIAN_POINT ( 'NONE',  ( 2.000000000000000000, 37.44662868670556577, -8.608009253327193022 ) ) ;
#3597 = CARTESIAN_POINT ( 'NONE',  ( -22.51021685090145041, -3.697132103612916332, -2.390834194910486765 ) ) ;
#3598 = CARTESIAN_POINT ( 'NONE',  ( 12.77492473161209752, -9.730129753595335274, 7.682493807501135308 ) ) ;
#3599 = CARTESIAN_POINT ( 'NONE',  ( 0.07364781994471035487, -7.687912673259001295, -22.55736069780791198 ) ) ;
#3600 = CARTESIAN_POINT ( 'NONE',  ( 22.95513141039264227, 1.826428584039952785, -5.182586555142207452 ) ) ;
#3601 = CARTESIAN_POINT ( 'NONE',  ( -19.94311652280462255, -5.416708440419690795, 1.273448803181795430 ) ) ;
#3602 = FILL_AREA_STYLE_COLOUR ( '', #3975 ) ;
#3603 = EDGE_CURVE ( 'NONE', #1321, #3047, #810, .T. ) ;
#3604 = ORIENTED_EDGE ( 'NONE', *, *, #4548, .F. ) ;
#3605 = LINE ( 'NONE', #5230, #3213 ) ;
#3606 = APPLICATION_CONTEXT ( 'automotive_design' ) ;
#3607 = CARTESIAN_POINT ( 'NONE',  ( -9.319106280221237881, -13.53914941749846257, 5.819144009659309447 ) ) ;
#3608 = CARTESIAN_POINT ( 'NONE',  ( -0.04839714880464871666, 0.8177759055322080251, 22.89934889247224348 ) ) ;
#3609 = VERTEX_POINT ( 'NONE', #5277 ) ;
#3610 = CARTESIAN_POINT ( 'NONE',  ( -17.15758701392464758, -12.95909822123573640, 8.227963295917225750 ) ) ;
#3611 = DIRECTION ( 'NONE',  ( -0.000000000000000000, -0.000000000000000000, 1.000000000000000000 ) ) ;
#3612 = CARTESIAN_POINT ( 'NONE',  ( -7.947572038096200053, 5.104910816126150053, -14.77580142359899718 ) ) ;
#3613 = CARTESIAN_POINT ( 'NONE',  ( -5.483226909392072024, 1.011057434406689826, 19.30992225453368150 ) ) ;
#3614 = FACE_OUTER_BOUND ( 'NONE', #2729, .T. ) ;
#3615 = CARTESIAN_POINT ( 'NONE',  ( 4.143742749529239155, -1.984931895348547970, 17.54952856924333915 ) ) ;
#3616 = CARTESIAN_POINT ( 'NONE',  ( -6.014293740788227538, 0.02705657235490977267, 15.95175081237147197 ) ) ;
#3617 = CARTESIAN_POINT ( 'NONE',  ( 23.00509734956401076, -0.07988221825853891733, -21.70784972398919521 ) ) ;
#3618 = ORIENTED_EDGE ( 'NONE', *, *, #5221, .F. ) ;
#3619 = CARTESIAN_POINT ( 'NONE',  ( 14.69783495332192835, -0.3836310392159794080, -18.96580458554353754 ) ) ;
#3620 = LINE ( 'NONE', #4398, #2833 ) ;
#3621 = CARTESIAN_POINT ( 'NONE',  ( 12.35422618996757294, -12.11041746655944351, 5.465291065970937723 ) ) ;
#3622 = CARTESIAN_POINT ( 'NONE',  ( -5.361823218546700076, -10.01370693197952555, 2.605666401181424341 ) ) ;
#3623 = CARTESIAN_POINT ( 'NONE',  ( -18.84763346258936423, 0.6958342878753891458, -16.80579783124349191 ) ) ;
#3624 = CARTESIAN_POINT ( 'NONE',  ( 12.51044539690511215, -5.944333930277766243, 12.14494751261364414 ) ) ;
#3625 = CARTESIAN_POINT ( 'NONE',  ( -5.520567698086600750, 37.09167162104444060, -5.478435434481210287 ) ) ;
#3626 = CARTESIAN_POINT ( 'NONE',  ( -3.257454687991411024, -7.873519011953515445, -7.085859221919887041 ) ) ;
#3627 = CARTESIAN_POINT ( 'NONE',  ( -11.53308814287804829, -18.55472397796601669, 9.972236255876710587 ) ) ;
#3628 = CARTESIAN_POINT ( 'NONE',  ( -4.000000000000000000, 12.99999999999999822, -5.987355617657803997 ) ) ;
#3629 = CARTESIAN_POINT ( 'NONE',  ( -4.427002094044079961, -11.00683142184244190, -19.65823190852653468 ) ) ;
#3630 = VERTEX_POINT ( 'NONE', #3248 ) ;
#3631 = DIRECTION ( 'NONE',  ( 1.000000000000000000, 0.000000000000000000, 0.000000000000000000 ) ) ;
#3632 = CARTESIAN_POINT ( 'NONE',  ( 3.827190070408321709, -10.62277323233955073, -0.3842448517356830129 ) ) ;
#3633 = B_SPLINE_CURVE_WITH_KNOTS ( 'NONE', 3,
 ( #127, #2624, #5030, #4297, #1834, #4608, #1754, #1430, #2228, #1034, #2652, #1347, #213, #5007, #2251, #1864, #2977, #1378, #915, #2542, #4191, #5187, #4790, #1130, #1507, #1081, #3569, #266, #650, #2704, #2727, #675 ),
 .UNSPECIFIED., .F., .F.,
 ( 4, 2, 2, 2, 2, 2, 2, 2, 2, 2, 2, 2, 2, 2, 2, 4 ),
 ( 0.000000000000000000, 0.0004906528922364892858, 0.0009813057844729785716, 0.001471958676709467966, 0.001962611568945957143, 0.002453264461182446537, 0.002943917353418935932, 0.003925223137891912552, 0.004415876030128401512, 0.004906528922364889606, 0.005397181814601376831, 0.005887834706837864925, 0.006378487599074352150, 0.006869140491310839376, 0.007359793383547327469, 0.007850446275783814695 ),
 .UNSPECIFIED. ) ;
#3634 = CARTESIAN_POINT ( 'NONE',  ( 7.275724847023735009, 0.1345955473586070150, -4.800164185966104391 ) ) ;
#3635 = DIRECTION ( 'NONE',  ( 1.000000000000000000, 0.000000000000000000, 0.000000000000000000 ) ) ;
#3636 = CARTESIAN_POINT ( 'NONE',  ( 10.15906060722753779, -2.786807788081223869, 16.19013522764515756 ) ) ;
#3637 = EDGE_CURVE ( 'NONE', #3153, #842, #358, .T. ) ;
#3638 = CARTESIAN_POINT ( 'NONE',  ( -6.419595091888910865, 36.94644586558811028, -2.837331617901619474 ) ) ;
#3639 = EDGE_LOOP ( 'NONE', ( #3148, #1858, #406, #3137 ) ) ;
#3640 = CARTESIAN_POINT ( 'NONE',  ( -24.71313091557880171, 1.128541534545077774, -17.84149255732771877 ) ) ;
#3641 = CARTESIAN_POINT ( 'NONE',  ( 1.448526020761911282, -3.049775555039808683, -0.4421186691227554921 ) ) ;
#3642 = DIRECTION ( 'NONE',  ( 0.000000000000000000, 1.000000000000000000, 0.000000000000000000 ) ) ;
#3643 = CARTESIAN_POINT ( 'NONE',  ( -0.8656856767139111675, -0.2416012241247545989, 26.63123825884948914 ) ) ;
#3644 = EDGE_CURVE ( 'NONE', #1133, #3090, #809, .T. ) ;
#3645 = CARTESIAN_POINT ( 'NONE',  ( -7.715830438108012501, -15.62885479843210668, -13.19608944946443962 ) ) ;
#3646 = CIRCLE ( 'NONE', #4835, 30.00000000000000000 ) ;
#3647 = EDGE_LOOP ( 'NONE', ( #2980, #676, #2692, #1946 ) ) ;
#3648 = AXIS2_PLACEMENT_3D ( 'NONE', #4026, #1230, #3774 ) ;
#3649 = CARTESIAN_POINT ( 'NONE',  ( -3.631102569626043941, -3.082171308400447618, 2.903581953971269058 ) ) ;
#3650 = CARTESIAN_POINT ( 'NONE',  ( -4.805071792379271400, 39.20694398360425481, -5.859817034579930528 ) ) ;
#3651 = CARTESIAN_POINT ( 'NONE',  ( -6.372065575923888225, -2.517762600264875417, -8.112270593696418786 ) ) ;
#3652 = CARTESIAN_POINT ( 'NONE',  ( 2.863446275103394889, -4.282421194077312698, -23.04649132763354658 ) ) ;
#3653 = CARTESIAN_POINT ( 'NONE',  ( -3.605912901214512800, 2.355527038099545223, -8.803694239815675004 ) ) ;
#3654 = CARTESIAN_POINT ( 'NONE',  ( 1.949200050942612866E-05, -7.380988897718011366, -22.66497105878450213 ) ) ;
#3655 = CARTESIAN_POINT ( 'NONE',  ( 22.71879718977193008, 4.309425941502563084, 1.360650921975132599 ) ) ;
#3656 = CARTESIAN_POINT ( 'NONE',  ( -4.000000000000000000, 37.28605637500431413, -0.9873556176578029975 ) ) ;
#3657 = CARTESIAN_POINT ( 'NONE',  ( -3.018624295237371857, -3.027752212873709325, 0.7430782906964292778 ) ) ;
#3658 = DIRECTION ( 'NONE',  ( 0.000000000000000000, 0.000000000000000000, 1.000000000000000000 ) ) ;
#3659 = VECTOR ( 'NONE', #4057, 1000.000000000000000 ) ;
#3660 = EDGE_CURVE ( 'NONE', #4870, #1468, #2828, .T. ) ;
#3661 = CARTESIAN_POINT ( 'NONE',  ( -3.406103545723741188, -9.794439744850343743, 2.470434035488345614 ) ) ;
#3662 = DIRECTION ( 'NONE',  ( -0.000000000000000000, -0.000000000000000000, 1.000000000000000000 ) ) ;
#3663 = CARTESIAN_POINT ( 'NONE',  ( 2.000000000000000000, 37.16460761595837425, -15.77928460826301738 ) ) ;
#3664 = ORIENTED_EDGE ( 'NONE', *, *, #1928, .T. ) ;
#3665 = CARTESIAN_POINT ( 'NONE',  ( 21.86878136051690191, 1.185071883108493429, -10.10602606066989040 ) ) ;
#3666 = CARTESIAN_POINT ( 'NONE',  ( 1.000000000000002442, 34.65876549783944682, -30.98735561765780133 ) ) ;
#3667 = CARTESIAN_POINT ( 'NONE',  ( -3.631102569626043941, -6.833500317241389510, -7.096418046028726501 ) ) ;
#3668 = CARTESIAN_POINT ( 'NONE',  ( 5.183846455683600141, -16.29383997686098340, -3.197411267099022680 ) ) ;
#3669 = CARTESIAN_POINT ( 'NONE',  ( -3.008685076339092213, -6.527710195331795084, -5.309059158497113629 ) ) ;
#3670 = VERTEX_POINT ( 'NONE', #1617 ) ;
#3671 = CARTESIAN_POINT ( 'NONE',  ( 0.8341065572925727700, 37.49999999999998579, 4.097773114997390387 ) ) ;
#3672 = CARTESIAN_POINT ( 'NONE',  ( -6.245243925829329967, 39.00321734639158677, -2.375827182878552879 ) ) ;
#3673 = CARTESIAN_POINT ( 'NONE',  ( -7.314511596629976964, -0.7671895873294117818, -5.003656429408479767 ) ) ;
#3674 = CARTESIAN_POINT ( 'NONE',  ( -5.216933277132609348, -11.70602942712624461, -18.79016703926313880 ) ) ;
#3675 = CARTESIAN_POINT ( 'NONE',  ( -10.75099907158246992, 4.483156059740644572, -20.98571360488303483 ) ) ;
#3676 = CARTESIAN_POINT ( 'NONE',  ( 0.5608484927538608389, -3.333198199593682354, -4.851205474634241455 ) ) ;
#3677 = B_SPLINE_SURFACE_WITH_KNOTS ( 'NONE', 3, 3, ( 
 ( #2155, #5122, #4197, #2573, #1813, #3041, #5012, #159, #4225, #3853, #1436, #5065, #3910, #4613 ),
 ( #1787, #2629, #609, #218, #1843, #2206, #3418, #4277, #956, #1354, #2234, #984, #2179, #244 ),
 ( #3797, #1462, #528, #5037, #3447, #4666, #1386, #3014, #4640, #1407, #3066, #1011, #1873, #2602 ),
 ( #4252, #3879, #3469, #5092, #4693, #1041, #580, #2660, #4304, #635, #2256, #3499, #3095, #4722 ),
 ( #1069, #133, #1760, #3389, #1111, #725, #1540, #3597, #293, #4324, #704, #5149, #3551, #1920 ),
 ( #1590, #5174, #1159, #4774, #680, #5223, #4796, #3526, #1088, #1961, #1515, #3141, #2356, #2711 ),
 ( #2304, #3167, #271, #4352, #2734, #1563, #4010, #3961, #657, #3221, #2379, #2686, #2281, #4376 ),
 ( #4419, #2332, #3988, #1488, #4850, #4400, #4819, #3192, #316, #753, #3119, #341, #1938, #367 ),
 ( #3575, #2784, #5194, #4747, #4035, #3937, #1137, #1992, #1896, #2756, #3623, #5249, #1187, #2120 ),
 ( #395, #1291, #4163, #5276, #66, #421, #3725, #3306, #1693, #2457, #885, #2845, #2812, #3332 ),
 ( #1238, #2485, #1664, #94, #2896, #4951, #2093, #1216, #4549, #1616, #4138, #4472, #494, #808 ),
 ( #4928, #3756, #2431, #4522, #2017, #3698, #1262, #3361, #2404, #2924, #832, #467, #1724, #2511 ),
 ( #4447, #3246, #780, #2042, #4061, #860, #3653, #4111, #4876, #4085, #3675, #15, #1637, #2868 ),
 ( #3278, #4903, #4497, #444, #2069, #39, #2952, #628, #4979, #3382, #977, #3846, #519, #947 ) ),
 .UNSPECIFIED., .F., .F., .F.,
 ( 4, 1, 1, 1, 1, 1, 1, 1, 1, 1, 1, 4 ),
 ( 4, 1, 1, 1, 1, 1, 1, 1, 1, 1, 1, 4 ),
 ( -0.01358241894323341907, -0.01115361894323341901, -0.008724818943233418958, -0.006296018943233418902, -0.002652818943233417950, -0.0002240189432334196290, 0.002204781056766582162, 0.004633581056766580483, 0.008276781056766583169, 0.01070558105676658149, 0.01313438105676657981, 0.01556318105676658160 ),
 ( -0.01434031437954671855, -0.01118695789437761448, -0.008033601409208512151, -0.004880244924039408086, -0.0001502101962857528561, 0.003003146288883351209, 0.006156502774052453539, 0.009309859259221559338, 0.01403989398697521283, 0.01719325047214431690, 0.02034660695731341923, 0.02349996344248252156 ),
 .UNSPECIFIED. ) ;
#3678 = VERTEX_POINT ( 'NONE', #3006 ) ;
#3679 = CARTESIAN_POINT ( 'NONE',  ( -5.755292309381331073, 0.08878941365009479503, 2.438672879763347456 ) ) ;
#3680 = ORIENTED_EDGE ( 'NONE', *, *, #3878, .T. ) ;
#3681 = CARTESIAN_POINT ( 'NONE',  ( -13.69644674640026594, 1.988803390393779624, 21.55817736629238013 ) ) ;
#3682 = DIRECTION ( 'NONE',  ( -0.8660254037844432595, -0.4999999999999920064, 0.000000000000000000 ) ) ;
#3683 = VECTOR ( 'NONE', #1905, 1000.000000000000114 ) ;
#3684 = CARTESIAN_POINT ( 'NONE',  ( -20.31569910291425174, -9.677251909584043688, 7.249521606565452636 ) ) ;
#3685 = CARTESIAN_POINT ( 'NONE',  ( 1.528912134082647478, -5.492588117585770036, -20.85267361299257516 ) ) ;
#3686 = AXIS2_PLACEMENT_3D ( 'NONE', #3822, #3386, #4274 ) ;
#3687 = CARTESIAN_POINT ( 'NONE',  ( -5.522990665660953091, 37.09130927693833968, -1.498159698219149405 ) ) ;
#3688 = ORIENTED_EDGE ( 'NONE', *, *, #3807, .F. ) ;
#3689 = CARTESIAN_POINT ( 'NONE',  ( -5.203650262540095994, -11.77953603959990758, -19.90497057028436956 ) ) ;
#3690 = ADVANCED_FACE ( 'NONE', ( #4473 ), #3169, .T. ) ;
#3691 = CARTESIAN_POINT ( 'NONE',  ( 5.121309140271570470, -0.04109370410488265291, 30.06967732014684458 ) ) ;
#3692 = CARTESIAN_POINT ( 'NONE',  ( 9.561233543727432505, -1.601984032946086156, -12.89109815644105872 ) ) ;
#3693 = EDGE_LOOP ( 'NONE', ( #4343, #3688, #1495, #5083 ) ) ;
#3694 = CARTESIAN_POINT ( 'NONE',  ( 16.26272317567977410, -0.1813283365896055932, -17.65117913743328160 ) ) ;
#3695 = CARTESIAN_POINT ( 'NONE',  ( -5.107109391038729740, 39.16874525857782174, -5.734803628612175963 ) ) ;
#3696 = CARTESIAN_POINT ( 'NONE',  ( -16.99573114828233855, 3.318053518407177993, 17.08852281578202792 ) ) ;
#3697 = CARTESIAN_POINT ( 'NONE',  ( -6.593724623705157661, -13.11271301566960368, -15.75842391335742221 ) ) ;
#3698 = CARTESIAN_POINT ( 'NONE',  ( -2.718452781651669259, -0.1009009352118098446, -5.770724267357995707 ) ) ;
#3699 = CARTESIAN_POINT ( 'NONE',  ( 1.304793954151876045, -9.964447090686718411, -2.902422964298284835 ) ) ;
#3700 = CARTESIAN_POINT ( 'NONE',  ( -8.106567049569765260, -1.404854670714661635, 3.184190186767749342 ) ) ;
#3701 = PLANE ( 'NONE',  #4000 ) ;
#3702 = CARTESIAN_POINT ( 'NONE',  ( -4.899305400636319696, -11.51216099127785242, -18.95387025291178063 ) ) ;
#3703 = CARTESIAN_POINT ( 'NONE',  ( -0.9321178537652222706, -9.254573211784924425, -8.951291024660381623 ) ) ;
#3704 = DIRECTION ( 'NONE',  ( 0.8660254037844363761, -0.5000000000000039968, 0.000000000000000000 ) ) ;
#3705 = CARTESIAN_POINT ( 'NONE',  ( -6.268770292239855380, 1.012332312904709264, 7.943975739531856206 ) ) ;
#3706 = CARTESIAN_POINT ( 'NONE',  ( -2.563362814356313191, -7.340824806732156205, 1.026133810925601297 ) ) ;
#3707 = EDGE_CURVE ( 'NONE', #3099, #3609, #1974, .T. ) ;
#3708 = CARTESIAN_POINT ( 'NONE',  ( -5.161900917975136949, 1.002503667588226399, 23.90782884264815422 ) ) ;
#3709 = CARTESIAN_POINT ( 'NONE',  ( -9.687147963052510136, -18.05662921419384759, -18.27104953497606132 ) ) ;
#3710 = ORIENTED_EDGE ( 'NONE', *, *, #253, .F. ) ;
#3711 = CARTESIAN_POINT ( 'NONE',  ( 9.204250186101315734, -0.7086306498076376803, -22.22628846139380343 ) ) ;
#3712 = CARTESIAN_POINT ( 'NONE',  ( 0.1922441291477592074, 0.2603098459501939077, 0.2752382129721013260 ) ) ;
#3713 = CARTESIAN_POINT ( 'NONE',  ( -25.81377645862690073, 0.9784311214480615471, -15.46712139140417719 ) ) ;
#3714 = FACE_BOUND ( 'NONE', #4769, .T. ) ;
#3715 = CARTESIAN_POINT ( 'NONE',  ( 8.901464805860861418, -1.445245577369142831, 20.16343650540268229 ) ) ;
#3716 = PRODUCT_DEFINITION_SHAPE ( 'NONE', 'NONE',  #5288 ) ;
#3717 = EDGE_CURVE ( 'NONE', #5234, #1458, #4904, .T. ) ;
#3718 = CARTESIAN_POINT ( 'NONE',  ( -32.36494788202431039, 0.8838718278368916659, -12.60942758768332794 ) ) ;
#3719 = ORIENTED_EDGE ( 'NONE', *, *, #253, .T. ) ;
#3720 = CARTESIAN_POINT ( 'NONE',  ( 11.26493496814287987, -1.134431213468357624, -21.13952705329734982 ) ) ;
#3721 = CARTESIAN_POINT ( 'NONE',  ( -5.182608921450465367, 0.6890684903666483008, -6.861673628974575223 ) ) ;
#3722 = CARTESIAN_POINT ( 'NONE',  ( 12.99054049087450302, -7.888763823773502715, 9.905995127168036873 ) ) ;
#3723 = CARTESIAN_POINT ( 'NONE',  ( -5.514960882902398609, -5.496928646506384020, -1.737551732856509545 ) ) ;
#3724 = CIRCLE ( 'NONE', #4076, 16.99999999999999645 ) ;
#3725 = CARTESIAN_POINT ( 'NONE',  ( -8.957415354854033396, -1.508436704305804898, -6.663074729943099683 ) ) ;
#3726 = EDGE_CURVE ( 'NONE', #691, #2064, #4852, .T. ) ;
#3727 = CIRCLE ( 'NONE', #2778, 35.33774181865160102 ) ;
#3728 = CARTESIAN_POINT ( 'NONE',  ( -29.41472312170723313, -18.52140852818766703, -30.65470687923082949 ) ) ;
#3729 = CARTESIAN_POINT ( 'NONE',  ( 3.107641480599551365, 4.108061120071690553, 1.180913928945515279 ) ) ;
#3730 = CIRCLE ( 'NONE', #2871, 4.500000000000000000 ) ;
#3731 = CARTESIAN_POINT ( 'NONE',  ( -6.488623775129346960, 0.7366333722174491783, 2.016688176997906368 ) ) ;
#3732 = CARTESIAN_POINT ( 'NONE',  ( -7.642178539786543823, -13.53914941749845724, -10.98015478406828116 ) ) ;
#3733 = UNCERTAINTY_MEASURE_WITH_UNIT (LENGTH_MEASURE( 1.000000000000000082E-05 ), #4090, 'distance_accuracy_value', 'NONE');
#3734 = EDGE_LOOP ( 'NONE', ( #2666, #4492, #4581, #5165, #3543 ) ) ;
#3735 = CARTESIAN_POINT ( 'NONE',  ( -1.725842264908342694, -0.9134117776466698091, 11.67311446722862200 ) ) ;
#3736 = CARTESIAN_POINT ( 'NONE',  ( 11.36555220647186104, -6.086380636417476175, 13.30168226367397466 ) ) ;
#3737 = CARTESIAN_POINT ( 'NONE',  ( -24.63258318070973374, -4.932528226960693374, 3.551210062995276306 ) ) ;
#3738 = CARTESIAN_POINT ( 'NONE',  ( -5.178983417391266109, 0.002673960150332530244, 23.90930336807550560 ) ) ;
#3739 = CARTESIAN_POINT ( 'NONE',  ( -6.211585101278179977, -13.08736319620851951, -20.81954155271146334 ) ) ;
#3740 = EDGE_LOOP ( 'NONE', ( #2752, #1852, #1054, #3505 ) ) ;
#3741 = CARTESIAN_POINT ( 'NONE',  ( -27.45281935069516877, -0.4162884062351785985, -9.690174021651777991 ) ) ;
#3742 = CARTESIAN_POINT ( 'NONE',  ( 0.1946563468315035683, 0.2565398272011903957, 0.2786918138051504568 ) ) ;
#3743 = CARTESIAN_POINT ( 'NONE',  ( -27.06942443585371905, 0.8177759055322084691, -11.49158760657176437 ) ) ;
#3744 = PRODUCT_CONTEXT ( 'NONE', #304, 'mechanical' ) ;
#3745 = B_SPLINE_CURVE_WITH_KNOTS ( 'NONE', 3,
 ( #4116, #758, #1165, #2096, #4880, #373, #4932, #2489, #3629, #3702, #4066, #42, #1669, #3310, #2437, #4527, #786, #2790, #1268, #2900, #425, #3732, #863, #1594, #4142, #71, #1696, #4426, #1998, #4, #3267, #4893, #2802, #4970 ),
 .UNSPECIFIED., .F., .F.,
 ( 4, 2, 2, 2, 2, 2, 2, 2, 2, 2, 2, 2, 2, 2, 2, 2, 4 ),
 ( 2.776912483567713316E-18, 0.001484388987378810554, 0.002968777974757618072, 0.005937555949515235278, 0.007421944936894038676, 0.008906333924272842942, 0.01039072291165164634, 0.01187511189903044974, 0.01335950088640924967, 0.01484388987378804786, 0.01632827886116685126, 0.01781266784854565119, 0.01855486234223504768, 0.01929705683592444765, 0.02078144582330324411, 0.02226583481068204057, 0.02375022379806083356 ),
 .UNSPECIFIED. ) ;
#3746 = CARTESIAN_POINT ( 'NONE',  ( -31.19527573201803250, -15.70119976456633282, -29.98735561765781199 ) ) ;
#3747 = CARTESIAN_POINT ( 'NONE',  ( -7.327843590563510645, 0.05167601718269224792, 26.52658661894337655 ) ) ;
#3748 = CARTESIAN_POINT ( 'NONE',  ( -10.16699489044569304, -11.37946927084077409, -2.766052104996742589 ) ) ;
#3749 = CARTESIAN_POINT ( 'NONE',  ( -18.50684421060656604, -10.19305837129770431, 6.576583832050904022 ) ) ;
#3750 = ORIENTED_EDGE ( 'NONE', *, *, #1665, .F. ) ;
#3751 = SHAPE_REPRESENTATION ( 'Blade2', ( #2817 ), #4867 ) ;
#3752 = CARTESIAN_POINT ( 'NONE',  ( -11.71255423423133024, 5.477955848347395573, -23.93751133785889351 ) ) ;
#3753 = CARTESIAN_POINT ( 'NONE',  ( 18.04183459028613612, 0.9268877725419089053, -15.83748500051498631 ) ) ;
#3754 = CARTESIAN_POINT ( 'NONE',  ( 11.60285623306756975, -13.60486805153882983, 4.496275499169343881 ) ) ;
#3755 = CARTESIAN_POINT ( 'NONE',  ( -3.376860354149851418, -9.694877857587806957, -21.21041834498044309 ) ) ;
#3756 = CARTESIAN_POINT ( 'NONE',  ( 5.000878402522116239, -6.132290685929607577, 2.132688209250241052 ) ) ;
#3757 = CARTESIAN_POINT ( 'NONE',  ( -4.690791226268496317, -4.012938002519169878, -2.781897261735963411 ) ) ;
#3758 = CARTESIAN_POINT ( 'NONE',  ( 15.19693845669902821, -7.619255970454198668, -30.98735561765780488 ) ) ;
#3759 = CARTESIAN_POINT ( 'NONE',  ( -2.000000000000000000, 37.22960327424242877, -14.91503971919667570 ) ) ;
#3760 = EDGE_LOOP ( 'NONE', ( #306, #5089, #3316, #4067 ) ) ;
#3761 = DIRECTION ( 'NONE',  ( -1.084202172485486931E-16, 1.877893248421459143E-16, 1.000000000000000000 ) ) ;
#3762 = ORIENTED_EDGE ( 'NONE', *, *, #1823, .F. ) ;
#3763 = CARTESIAN_POINT ( 'NONE',  ( -6.844569740473383845, 1.298414857384379895, 4.634302240031415110 ) ) ;
#3764 = CARTESIAN_POINT ( 'NONE',  ( 0.000000000000000000, 0.000000000000000000, -30.98735561765780488 ) ) ;
#3765 = CARTESIAN_POINT ( 'NONE',  ( -20.13451532687294332, -10.42592426002889106, 6.862156198915336347 ) ) ;
#3766 = CARTESIAN_POINT ( 'NONE',  ( -0.1071971873249702029, -0.1813283365896060095, 22.90952097356931105 ) ) ;
#3767 = FACE_OUTER_BOUND ( 'NONE', #3803, .T. ) ;
#3768 = AXIS2_PLACEMENT_3D ( 'NONE', #1663, #5029, #1261 ) ;
#3769 = ADVANCED_FACE ( 'NONE', ( #4038, #1218, #4063 ), #369, .F. ) ;
#3770 = CARTESIAN_POINT ( 'NONE',  ( -7.490623469786346078, -12.68534554863385644, -6.088133807454244817 ) ) ;
#3771 = SURFACE_SIDE_STYLE ('',( #5100 ) ) ;
#3772 = ORIENTED_EDGE ( 'NONE', *, *, #779, .T. ) ;
#3773 = CARTESIAN_POINT ( 'NONE',  ( -19.99303768892305655, -11.13815943225397476, 7.088097901250887567 ) ) ;
#3774 = DIRECTION ( 'NONE',  ( 1.000000000000000000, 0.000000000000000000, 0.000000000000000000 ) ) ;
#3775 = AXIS2_PLACEMENT_3D ( 'NONE', #4605, #4574, #1376 ) ;
#3776 = CARTESIAN_POINT ( 'NONE',  ( -6.012646619476853971, 0.03266163378390340294, 15.95160866031101676 ) ) ;
#3777 = CIRCLE ( 'NONE', #3348, 90.00000000000000000 ) ;
#3778 = PRODUCT_CONTEXT ( 'NONE', #669, 'mechanical' ) ;
#3779 = CARTESIAN_POINT ( 'NONE',  ( 13.82050250584445727, -9.904835149275024619, -30.31976801101090402 ) ) ;
#3780 = CARTESIAN_POINT ( 'NONE',  ( -0.8788034249591772928, -1.601984032946086156, 14.72582021860442936 ) ) ;
#3781 = CARTESIAN_POINT ( 'NONE',  ( -0.9053849346588567215, -0.1009009352118098446, 0.5311129657801699766 ) ) ;
#3782 = EDGE_CURVE ( 'NONE', #5256, #4729, #687, .T. ) ;
#3783 = CARTESIAN_POINT ( 'NONE',  ( 19.84530552925488678, -0.01498654008866341474, -13.21626327007549939 ) ) ;
#3784 = CARTESIAN_POINT ( 'NONE',  ( -18.01238626894839712, -7.520588871293226063, 3.247383184800638034 ) ) ;
#3785 = VERTEX_POINT ( 'NONE', #16 ) ;
#3786 = CARTESIAN_POINT ( 'NONE',  ( -27.99999999999999645, 3.429011037612588881E-15, -66.49199074667275511 ) ) ;
#3787 = CARTESIAN_POINT ( 'NONE',  ( 12.64909998132677060, -8.612407060607068843, 9.935464615214279149 ) ) ;
#3788 = CARTESIAN_POINT ( 'NONE',  ( -1.846636583056470604, -2.409491935214245650, -0.8843869815824795255 ) ) ;
#3789 = CARTESIAN_POINT ( 'NONE',  ( -5.855837533273152928, -1.177913857047402146, 2.385022117074710568 ) ) ;
#3790 = DIRECTION ( 'NONE',  ( -0.000000000000000000, 0.000000000000000000, -1.000000000000000000 ) ) ;
#3791 = CARTESIAN_POINT ( 'NONE',  ( -27.59694590059405073, -0.7740830754164105265, -6.986052375500412026 ) ) ;
#3792 =( BOUNDED_CURVE ( )  B_SPLINE_CURVE ( 3, ( #2951, #3005, #4246, #4345 ),
 .UNSPECIFIED., .F., .F. ) 
 B_SPLINE_CURVE_WITH_KNOTS ( ( 4, 4 ),
 ( 1.570796326794896558, 1.637512475205121776 ),
 .UNSPECIFIED. ) 
 CURVE ( )  GEOMETRIC_REPRESENTATION_ITEM ( )  RATIONAL_B_SPLINE_CURVE ( ( 1.000000000000000000, 0.9996291140226467586, 0.9996291140226467586, 1.000000000000000000 ) ) 
 REPRESENTATION_ITEM ( '' )  );
#3793 = ORIENTED_EDGE ( 'NONE', *, *, #948, .F. ) ;
#3794 = CARTESIAN_POINT ( 'NONE',  ( 16.65900847255164052, 1.492571088790858758, -5.167424679287583089 ) ) ;
#3795 = CARTESIAN_POINT ( 'NONE',  ( 0.000000000000000000, 0.000000000000000000, -39.72746143272154740 ) ) ;
#3796 = CARTESIAN_POINT ( 'NONE',  ( -20.41399921054491529, 4.713067535161084010, 18.58241277244483669 ) ) ;
#3797 = CARTESIAN_POINT ( 'NONE',  ( -13.49666499627574723, -19.74241967913392770, 10.88769327072026982 ) ) ;
#3798 = CARTESIAN_POINT ( 'NONE',  ( -3.733918148390821479, -1.896917033821431620, -3.691457753114430584 ) ) ;
#3799 = CARTESIAN_POINT ( 'NONE',  ( 6.987416807347494263, -1.800126736770656821, 19.18686044284276448 ) ) ;
#3800 = CARTESIAN_POINT ( 'NONE',  ( 21.94740205157589585, 1.045394123634237005, -18.88366533396432345 ) ) ;
#3801 = ADVANCED_FACE ( 'NONE', ( #4450 ), #1994, .T. ) ;
#3802 = CARTESIAN_POINT ( 'NONE',  ( -31.42973172877033150, -20.45536515092137719, -8.608009253327193022 ) ) ;
#3803 = EDGE_LOOP ( 'NONE', ( #2239, #4091, #1200, #3680, #2495 ) ) ;
#3804 = CARTESIAN_POINT ( 'NONE',  ( -1.253167015083373581, -8.974228679023841693, -22.07094765896844635 ) ) ;
#3805 = DIRECTION ( 'NONE',  ( 0.000000000000000000, 0.000000000000000000, 1.000000000000000000 ) ) ;
#3806 = CARTESIAN_POINT ( 'NONE',  ( -3.702905552283293211, 0.7124344069857776462, -6.135741543000492904 ) ) ;
#3807 = EDGE_CURVE ( 'NONE', #2707, #303, #2592, .T. ) ;
#3808 = CARTESIAN_POINT ( 'NONE',  ( 8.113209873184125343, -14.10707128629930018, 1.442158305854267741 ) ) ;
#3809 = CARTESIAN_POINT ( 'NONE',  ( -11.38364494245221614, 0.4176581370845606211, 22.98716145721161652 ) ) ;
#3810 = CARTESIAN_POINT ( 'NONE',  ( -14.12810959292177238, -0.09048127575545888979, -8.590665466007369133 ) ) ;
#3811 = EDGE_LOOP ( 'NONE', ( #4543, #4485, #3932, #897 ) ) ;
#3812 = DIRECTION ( 'NONE',  ( -0.000000000000000000, -0.000000000000000000, -1.000000000000000000 ) ) ;
#3813 = CARTESIAN_POINT ( 'NONE',  ( -6.739640004417279506, 0.3286711982047240133, 24.03489249524127658 ) ) ;
#3814 = CARTESIAN_POINT ( 'NONE',  ( -3.694900655873512463, -4.012938002519169878, -0.8359611414205457836 ) ) ;
#3815 =( NAMED_UNIT ( * ) SI_UNIT ( $, .STERADIAN. ) SOLID_ANGLE_UNIT ( ) );
#3816 = EDGE_CURVE ( 'NONE', #3198, #2937, #4269, .T. ) ;
#3817 = CARTESIAN_POINT ( 'NONE',  ( -7.229665419770004320, 0.02009974674716594190, 1.397339775471262202 ) ) ;
#3818 = CARTESIAN_POINT ( 'NONE',  ( -5.158269373627202725, -12.68534554863387065, 3.241882980659828384 ) ) ;
#3819 = ORIENTED_EDGE ( 'NONE', *, *, #3707, .F. ) ;
#3820 = MANIFOLD_SOLID_BREP ( 'Boss-Extrude15', #542 ) ;
#3821 = CARTESIAN_POINT ( 'NONE',  ( -11.60960650807534300, -6.132290685929607577, 3.264543633196062444 ) ) ;
#3822 = CARTESIAN_POINT ( 'NONE',  ( 0.000000000000000000, 0.000000000000000000, 6.500000000000000888 ) ) ;
#3823 = CIRCLE ( 'NONE', #1163, 37.50000000000000000 ) ;
#3824 = CARTESIAN_POINT ( 'NONE',  ( -31.19527573201803250, -15.70119976456633282, -29.98735561765781199 ) ) ;
#3825 = DIRECTION ( 'NONE',  ( 1.000000000000000000, 0.000000000000000000, 0.000000000000000000 ) ) ;
#3826 = CARTESIAN_POINT ( 'NONE',  ( -13.97013869161243349, -13.14332175029724148, 7.276138208264587348 ) ) ;
#3827 = DIRECTION ( 'NONE',  ( -0.000000000000000000, -0.000000000000000000, 1.000000000000000000 ) ) ;
#3828 = CARTESIAN_POINT ( 'NONE',  ( -1.031479373058392435, -7.016919676438327258, -14.33651858049807970 ) ) ;
#3829 = CARTESIAN_POINT ( 'NONE',  ( -4.336923152441971574, -11.62946750211595237, 2.857654926201560031 ) ) ;
#3830 = ORIENTED_EDGE ( 'NONE', *, *, #871, .T. ) ;
#3831 = CARTESIAN_POINT ( 'NONE',  ( -4.000000000000000000, 12.99999999999999822, -5.987355617657803997 ) ) ;
#3832 = CARTESIAN_POINT ( 'NONE',  ( 14.58051285151387688, -5.092091075743252482, 14.14974549417550520 ) ) ;
#3833 = EDGE_CURVE ( 'NONE', #72, #1451, #2777, .T. ) ;
#3834 = CARTESIAN_POINT ( 'NONE',  ( 12.85640646055097491, -9.732050807568937145, -29.98735561765780488 ) ) ;
#3835 = EDGE_LOOP ( 'NONE', ( #2189, #1037, #1595, #3891 ) ) ;
#3836 = DIRECTION ( 'NONE',  ( 0.000000000000000000, 0.000000000000000000, -1.000000000000000000 ) ) ;
#3837 = CARTESIAN_POINT ( 'NONE',  ( 0.5137423151446934844, -3.001152142453944460, 11.57835826698709170 ) ) ;
#3838 = CIRCLE ( 'NONE', #919, 30.00000000000000000 ) ;
#3839 = EDGE_CURVE ( 'NONE', #1824, #1500, #452, .T. ) ;
#3840 = CARTESIAN_POINT ( 'NONE',  ( -19.78433627283435925, 0.7740686740763149665, -12.53109109319166770 ) ) ;
#3841 = ORIENTED_EDGE ( 'NONE', *, *, #1125, .T. ) ;
#3842 = CARTESIAN_POINT ( 'NONE',  ( -16.65454620266952190, 0.06866087018380757911, -12.54186271692831944 ) ) ;
#3843 = CARTESIAN_POINT ( 'NONE',  ( 12.13062221246930683, -12.44129889351899187, 5.484590166568884761 ) ) ;
#3844 = VECTOR ( 'NONE', #4476, 1000.000000000000114 ) ;
#3845 = CARTESIAN_POINT ( 'NONE',  ( 0.000000000000000000, 0.000000000000000000, 0.000000000000000000 ) ) ;
#3846 = CARTESIAN_POINT ( 'NONE',  ( -11.57405024124965109, 4.532012755455002484, -24.23362866621313216 ) ) ;
#3847 = CARTESIAN_POINT ( 'NONE',  ( -0.5874338450609383200, -4.813613546774148766, 1.875541162394622541 ) ) ;
#3848 = CARTESIAN_POINT ( 'NONE',  ( -26.42819409112678741, -3.502288341121527537, 0.08602003600773029668 ) ) ;
#3849 = ORIENTED_EDGE ( 'NONE', *, *, #651, .T. ) ;
#3850 = CARTESIAN_POINT ( 'NONE',  ( 21.90988523387050790, 1.925528516409451996, -2.340578609409228239 ) ) ;
#3851 = CARTESIAN_POINT ( 'NONE',  ( 1.223650445660320774, -11.89219771276452775, -3.298831958509297557 ) ) ;
#3852 = CARTESIAN_POINT ( 'NONE',  ( -11.40157515254280263, 4.198766530286908605, 8.821280652405910416 ) ) ;
#3853 = CARTESIAN_POINT ( 'NONE',  ( -33.14648884183907995, -0.07851342996931752471, -4.283221201632552599 ) ) ;
#3854 = DIRECTION ( 'NONE',  ( 0.000000000000000000, 1.000000000000000000, 0.000000000000000000 ) ) ;
#3855 = CARTESIAN_POINT ( 'NONE',  ( -4.964452612629375317, -12.11645439348209585, 3.569044606291434274 ) ) ;
#3856 = DIRECTION ( 'NONE',  ( -0.000000000000000000, -0.000000000000000000, 1.000000000000000000 ) ) ;
#3857 = CARTESIAN_POINT ( 'NONE',  ( 22.99498944811393386, 0.9644506383101553171, -18.88872132707201601 ) ) ;
#3858 = CARTESIAN_POINT ( 'NONE',  ( -6.771802686951422068, -14.26069493747989902, -12.70159081395670775 ) ) ;
#3859 = ORIENTED_EDGE ( 'NONE', *, *, #517, .F. ) ;
#3860 = DIRECTION ( 'NONE',  ( -0.8660254037844432595, -0.4999999999999920064, 0.000000000000000000 ) ) ;
#3861 = CARTESIAN_POINT ( 'NONE',  ( 0.000000000000000000, 0.000000000000000000, -66.49199074667275511 ) ) ;
#3862 = ORIENTED_EDGE ( 'NONE', *, *, #329, .T. ) ;
#3863 = CARTESIAN_POINT ( 'NONE',  ( -3.631102569626045717, -16.50000000000000000, 2.903581953971269947 ) ) ;
#3864 = AXIS2_PLACEMENT_3D ( 'NONE', #410, #3, #2885 ) ;
#3865 = CARTESIAN_POINT ( 'NONE',  ( 10.93459901536821732, -12.18798971736411119, 4.109854226625597740 ) ) ;
#3866 = CARTESIAN_POINT ( 'NONE',  ( -5.739238168891067637, -0.01498654008866341474, 23.79467036923627532 ) ) ;
#3867 = CARTESIAN_POINT ( 'NONE',  ( 19.51175803219215865, 4.532012755455002484, 2.093392799506758273 ) ) ;
#3868 = CARTESIAN_POINT ( 'NONE',  ( -10.60060017307458224, -2.682747546397719063, -3.928819424491519108 ) ) ;
#3869 = ORIENTED_EDGE ( 'NONE', *, *, #933, .F. ) ;
#3870 = CARTESIAN_POINT ( 'NONE',  ( -21.01547952546370013, 0.02707647111530428474, -14.49339158810999706 ) ) ;
#3871 = CARTESIAN_POINT ( 'NONE',  ( -11.57720725669562256, 1.014853048168251615, 23.58608055397835557 ) ) ;
#3872 = CARTESIAN_POINT ( 'NONE',  ( 0.000000000000000000, 15.99999999999999645, 6.500000000000000888 ) ) ;
#3873 = CARTESIAN_POINT ( 'NONE',  ( 9.334351501156589848, -0.4854902887119574295, -26.57432788325454354 ) ) ;
#3874 = CARTESIAN_POINT ( 'NONE',  ( -27.51574472770159474, -0.5233178665651068151, -8.520127149887173346 ) ) ;
#3875 = ORIENTED_EDGE ( 'NONE', *, *, #4500, .T. ) ;
#3876 = CARTESIAN_POINT ( 'NONE',  ( -13.62019151721353971, -10.17302231563581216, 3.500000000000000000 ) ) ;
#3877 = CARTESIAN_POINT ( 'NONE',  ( -6.761082391191843399, 0.07841672524776170661, -5.949204377541395417 ) ) ;
#3878 = EDGE_CURVE ( 'NONE', #5256, #606, #3745, .T. ) ;
#3879 = CARTESIAN_POINT ( 'NONE',  ( -12.11346229495472393, -18.21080945906489390, 9.179132892063089244 ) ) ;
#3880 = B_SPLINE_CURVE_WITH_KNOTS ( 'NONE', 3,
 ( #4294, #5026, #974, #1031, #572, #1721, #3870, #2196, #3842, #943, #3438, #2225, #210, #3463, #5084, #626, #2248, #90 ),
 .UNSPECIFIED., .F., .F.,
 ( 4, 2, 2, 2, 2, 2, 2, 2, 4 ),
 ( 7.757932592477991040E-18, 0.001433323859125631983, 0.002866647718251256159, 0.005733295436502504512, 0.01146659087300498994, 0.01433323859125623656, 0.01719988630950747971, 0.02006653402775872633, 0.02293318174600997295 ),
 .UNSPECIFIED. ) ;
#3881 = CARTESIAN_POINT ( 'NONE',  ( 12.79498614947135238, -9.694877857587806957, 7.680762320764025652 ) ) ;
#3882 = CARTESIAN_POINT ( 'NONE',  ( -24.03526091125670661, -5.944333930277766243, 4.761889770071015882 ) ) ;
#3883 = CARTESIAN_POINT ( 'NONE',  ( -13.85640646055109038, -7.999999999999870326, 6.500000000000000888 ) ) ;
#3884 = CARTESIAN_POINT ( 'NONE',  ( -8.177506630260360510, -12.81832133157318410, -8.189876761082576451 ) ) ;
#3885 = CARTESIAN_POINT ( 'NONE',  ( -26.82207716334642456, 0.8713591713746355882, -12.49818843009182245 ) ) ;
#3886 = VERTEX_POINT ( 'NONE', #5022 ) ;
#3887 = CARTESIAN_POINT ( 'NONE',  ( 14.83286915546874063, 0.3828183844101030742, -18.96307111099146070 ) ) ;
#3888 = CARTESIAN_POINT ( 'NONE',  ( 2.154845321165576699, 0.8918963236269038530, 31.98988676556954047 ) ) ;
#3889 = ADVANCED_FACE ( 'NONE', ( #3714, #56 ), #2501, .T. ) ;
#3890 = CARTESIAN_POINT ( 'NONE',  ( -25.37878173674878823, -0.009382351444399831750, -16.44001941631468711 ) ) ;
#3891 = ORIENTED_EDGE ( 'NONE', *, *, #3247, .T. ) ;
#3892 = CARTESIAN_POINT ( 'NONE',  ( -13.14804705852515987, 4.713067535161084010, -26.97024829538981550 ) ) ;
#3893 = CARTESIAN_POINT ( 'NONE',  ( 1.080008703079533339, -12.14739630618195854, -3.771360008063957103 ) ) ;
#3894 = CARTESIAN_POINT ( 'NONE',  ( -13.38875827473462365, 2.555759806511632704, 15.57834588078794091 ) ) ;
#3895 = CARTESIAN_POINT ( 'NONE',  ( -10.32748040799057421, -3.462634854778903648, 4.519180134404000349 ) ) ;
#3896 = CARTESIAN_POINT ( 'NONE',  ( -21.51092316910775892, 1.416123595922071043, -21.28139369385208113 ) ) ;
#3897 = ORIENTED_EDGE ( 'NONE', *, *, #4126, .F. ) ;
#3898 = DIRECTION ( 'NONE',  ( -0.000000000000000000, 1.000000000000000000, -0.000000000000000000 ) ) ;
#3899 = SURFACE_SIDE_STYLE ('',( #1032 ) ) ;
#3900 = B_SPLINE_CURVE_WITH_KNOTS ( 'NONE', 3,
 ( #1726, #861, #3333, #2486, #96, #4192, #2149, #2070, #3699, #576, #1865, #1035, #1807, #3904, #3443, #238, #3113, #1892, #1082, #2706, #3847, #2654, #1483, #1431, #4716, #3493, #652, #2625 ),
 .UNSPECIFIED., .F., .F.,
 ( 4, 2, 2, 2, 2, 2, 2, 2, 2, 2, 2, 2, 2, 4 ),
 ( 0.01046820171507376052, 0.01088815159838318197, 0.01130810148169260516, 0.01172805136500202662, 0.01214800124831144981, 0.01298790101493029273, 0.01382780078154913390, 0.01550760031478682320, 0.01718739984802451076, 0.01886719938126219659, 0.01970709914788103950, 0.02054699891449988242, 0.02222679844773757171, 0.02390659798097526101 ),
 .UNSPECIFIED. ) ;
#3901 = CARTESIAN_POINT ( 'NONE',  ( -6.997337918144999946, -14.51597135009212991, -11.70370043062600729 ) ) ;
#3902 = DIRECTION ( 'NONE',  ( -0.000000000000000000, -0.000000000000000000, 1.000000000000000000 ) ) ;
#3903 = EDGE_CURVE ( 'NONE', #4293, #1950, #3025, .T. ) ;
#3904 = CARTESIAN_POINT ( 'NONE',  ( 1.284377532284932011, -8.400256538736201151, -1.090079085792995173 ) ) ;
#3905 = CARTESIAN_POINT ( 'NONE',  ( 18.89134993970173682, 0.0001050152914905240839, -13.19715985040147288 ) ) ;
#3906 = EDGE_LOOP ( 'NONE', ( #2553, #880 ) ) ;
#3907 = CARTESIAN_POINT ( 'NONE',  ( -4.000000000000000000, 12.99999999999999822, -0.9873556176578029975 ) ) ;
#3908 = CARTESIAN_POINT ( 'NONE',  ( 13.62019151721339583, -10.17302231563600401, 3.500000000000000000 ) ) ;
#3909 = DIRECTION ( 'NONE',  ( 1.000000000000000000, 0.000000000000000000, 0.000000000000000000 ) ) ;
#3910 = CARTESIAN_POINT ( 'NONE',  ( -37.61386101147108008, -0.1971861231145795867, -12.02048340682558347 ) ) ;
#3911 = CARTESIAN_POINT ( 'NONE',  ( -6.845888531889333883, 0.9347266687545672248, -0.03593199090634751486 ) ) ;
#3912 = CARTESIAN_POINT ( 'NONE',  ( 2.000000000000000000, 15.99999999999999645, -29.98735561765780488 ) ) ;
#3913 = CARTESIAN_POINT ( 'NONE',  ( 4.431554592840784679, -3.551205883622560400, -18.37802387536095239 ) ) ;
#3914 = CARTESIAN_POINT ( 'NONE',  ( -27.62923148433188558, 0.2182328625273866063, -6.894398841007125966 ) ) ;
#3915 = ORIENTED_EDGE ( 'NONE', *, *, #3175, .T. ) ;
#3916 = CARTESIAN_POINT ( 'NONE',  ( 19.02204760816320928, 0.6833583297347890495, -14.70598376710861110 ) ) ;
#3917 = PRODUCT_DEFINITION ( 'UNKNOWN', '', #3948, #3365 ) ;
#3918 = CARTESIAN_POINT ( 'NONE',  ( -25.38620112215465596, 1.011773997184294505, -16.42415699576551091 ) ) ;
#3919 = TOROIDAL_SURFACE ( 'NONE', #4578, -52.50000000000000000, 90.00000000000000000 ) ;
#3920 = CIRCLE ( 'NONE', #1599, 33.42822569215917383 ) ;
#3921 = ORIENTED_EDGE ( 'NONE', *, *, #782, .F. ) ;
#3922 = CARTESIAN_POINT ( 'NONE',  ( -3.295109661079899777, -6.490584546018570045, -7.096418046028731830 ) ) ;
#3923 = CARTESIAN_POINT ( 'NONE',  ( 12.82200019106487332, -8.362979849295557599, 9.428430451796499412 ) ) ;
#3924 = CARTESIAN_POINT ( 'NONE',  ( -18.58287577012510994, -1.433833973925762617, -6.178833778784074582 ) ) ;
#3925 = ORIENTED_EDGE ( 'NONE', *, *, #4130, .T. ) ;
#3926 = AXIS2_PLACEMENT_3D ( 'NONE', #1434, #5062, #131 ) ;
#3927 = CARTESIAN_POINT ( 'NONE',  ( 0.000000000000000000, 0.000000000000000000, -30.98735561765780488 ) ) ;
#3928 = DIRECTION ( 'NONE',  ( 1.000000000000000000, 0.000000000000000000, 0.000000000000000000 ) ) ;
#3929 = CARTESIAN_POINT ( 'NONE',  ( -8.815954792509733906, 0.9806792778173165637, -8.341232170797601597 ) ) ;
#3930 = VECTOR ( 'NONE', #1802, 1000.000000000000000 ) ;
#3931 = DIRECTION ( 'NONE',  ( 1.084202172485512816E-16, 1.877893248421443612E-16, -1.000000000000000000 ) ) ;
#3932 = ORIENTED_EDGE ( 'NONE', *, *, #3009, .F. ) ;
#3933 = PLANE ( 'NONE',  #1046 ) ;
#3934 = CARTESIAN_POINT ( 'NONE',  ( -2.814199271713958783, -3.806751497183280097, 2.852749829149794358 ) ) ;
#3935 = EDGE_CURVE ( 'NONE', #1824, #3785, #2503, .T. ) ;
#3936 = CARTESIAN_POINT ( 'NONE',  ( -4.386931902104805658, -10.51228131650112907, 2.849252302048073560 ) ) ;
#3937 = CARTESIAN_POINT ( 'NONE',  ( -9.062991066313085042, -4.513727838352584065, -3.148329641389435718 ) ) ;
#3938 = CARTESIAN_POINT ( 'NONE',  ( 12.97237610376430261, -7.747485484793904753, 9.999884365873276337 ) ) ;
#3939 = PLANE ( 'NONE',  #1719 ) ;
#3940 = CARTESIAN_POINT ( 'NONE',  ( -11.92447450281399490, -9.610630658898891454, -0.9437572655637718189 ) ) ;
#3941 = DIRECTION ( 'NONE',  ( 1.000000000000000000, 0.000000000000000000, 0.000000000000000000 ) ) ;
#3942 = CARTESIAN_POINT ( 'NONE',  ( -15.34696473686653029, -7.320022009102308047, -30.65319826536849490 ) ) ;
#3943 = CARTESIAN_POINT ( 'NONE',  ( 3.729259713778339869, 1.004288057626111286, 29.25919533350862878 ) ) ;
#3944 = LINE ( 'NONE', #2718, #3683 ) ;
#3945 = ORIENTED_EDGE ( 'NONE', *, *, #4340, .F. ) ;
#3946 = DIRECTION ( 'NONE',  ( 0.8660254037844363761, -0.5000000000000039968, 0.000000000000000000 ) ) ;
#3947 = CARTESIAN_POINT ( 'NONE',  ( 3.929183104654665470, -13.85014745895052890, -2.134170240450511624 ) ) ;
#3948 = PRODUCT_DEFINITION_FORMATION_WITH_SPECIFIED_SOURCE ( 'ANY', '', #2472, .NOT_KNOWN. ) ;
#3949 = CARTESIAN_POINT ( 'NONE',  ( -4.237962436780765785, 1.434632209869328934, -6.589910128072489215 ) ) ;
#3950 = ORIENTED_EDGE ( 'NONE', *, *, #1730, .F. ) ;
#3951 = B_SPLINE_CURVE_WITH_KNOTS ( 'NONE', 3,
 ( #4947, #2918, #1720, #1314 ),
 .UNSPECIFIED., .F., .F.,
 ( 4, 4 ),
 ( 1.848419443769081977E-05, 0.001294476978037370409 ),
 .UNSPECIFIED. ) ;
#3952 = CARTESIAN_POINT ( 'NONE',  ( -4.500000000000000000, 0.000000000000000000, 28.00000000000000000 ) ) ;
#3953 = CARTESIAN_POINT ( 'NONE',  ( -23.72874413203566490, 1.001748935647408745, -15.61652024140968109 ) ) ;
#3954 = CIRCLE ( 'NONE', #4621, 16.99999999999999645 ) ;
#3955 = EDGE_CURVE ( 'NONE', #5044, #2507, #592, .T. ) ;
#3956 = CARTESIAN_POINT ( 'NONE',  ( -9.565074323490902586, -19.06336153784134879, -20.52507524900521929 ) ) ;
#3957 = VERTEX_POINT ( 'NONE', #1336 ) ;
#3958 = CARTESIAN_POINT ( 'NONE',  ( -6.689857972604110969, -11.50562767375185302, -6.056093028351365426 ) ) ;
#3959 = B_SPLINE_CURVE_WITH_KNOTS ( 'NONE', 3,
 ( #1220, #4501, #1240, #4141, #3679, #2513, #3731, #447 ),
 .UNSPECIFIED., .F., .F.,
 ( 4, 2, 2, 4 ),
 ( 0.02390659798097526101, 0.02603047745829828799, 0.02709241719695979975, 0.02815435693562131497 ),
 .UNSPECIFIED. ) ;
#3960 = CARTESIAN_POINT ( 'NONE',  ( -3.149129933427682104, -2.263316029214517133, -1.672297669487378791 ) ) ;
#3961 = CARTESIAN_POINT ( 'NONE',  ( -17.54622869015280173, -3.001152142453944460, -5.344265237579257644 ) ) ;
#3962 = CARTESIAN_POINT ( 'NONE',  ( 9.130947019917394769, -13.74747051433090661, 2.216427197056619836 ) ) ;
#3963 = DIRECTION ( 'NONE',  ( -1.000000000000000000, 1.224646799147353207E-16, 0.000000000000000000 ) ) ;
#3964 = CARTESIAN_POINT ( 'NONE',  ( 9.709138145541034604, 4.198766530286908605, -0.8258407390297176631 ) ) ;
#3965 = CARTESIAN_POINT ( 'NONE',  ( -16.89905932936871835, -18.29459877822634439, 12.84537267117947401 ) ) ;
#3966 = CARTESIAN_POINT ( 'NONE',  ( -30.74737186013418366, -16.21319320458956881, -30.65470687923082949 ) ) ;
#3967 = ORIENTED_EDGE ( 'NONE', *, *, #980, .T. ) ;
#3968 = CARTESIAN_POINT ( 'NONE',  ( 16.59756808074894963, 1.012505034823305783, -11.71116098496061220 ) ) ;
#3969 = CARTESIAN_POINT ( 'NONE',  ( 3.853368257617384440, -0.6400748356717295140, 18.43952553330174382 ) ) ;
#3970 = EDGE_CURVE ( 'NONE', #3437, #1458, #558, .T. ) ;
#3971 = ADVANCED_FACE ( 'NONE', ( #4624, #2191, #1712 ), #84, .T. ) ;
#3972 = AXIS2_PLACEMENT_3D ( 'NONE', #228, #89, #2538 ) ;
#3973 = ORIENTED_EDGE ( 'NONE', *, *, #2072, .F. ) ;
#3974 = PLANE ( 'NONE',  #2843 ) ;
#3975 = COLOUR_RGB ( '',0.7921568627450980005, 0.8196078431372548767, 0.9333333333333333481 ) ;
#3976 = EDGE_CURVE ( 'NONE', #5016, #4285, #1638, .T. ) ;
#3977 = CARTESIAN_POINT ( 'NONE',  ( 7.008616107329546985, -4.402843613547662294, 3.156742301444436016 ) ) ;
#3978 = ORIENTED_EDGE ( 'NONE', *, *, #4164, .F. ) ;
#3979 = CARTESIAN_POINT ( 'NONE',  ( 0.000000000000000000, 16.99999999999999645, 6.500000000000000888 ) ) ;
#3980 = CARTESIAN_POINT ( 'NONE',  ( 7.392783735668433387, -0.3012075743099737468, 27.74413750903777043 ) ) ;
#3981 = CARTESIAN_POINT ( 'NONE',  ( 19.66127638054910776, 0.3352068084725979835, -13.76350462238595362 ) ) ;
#3982 = CARTESIAN_POINT ( 'NONE',  ( 19.84624529994914610, 0.01583181340710041601, -24.14451778916203040 ) ) ;
#3983 = VERTEX_POINT ( 'NONE', #3052 ) ;
#3984 = CARTESIAN_POINT ( 'NONE',  ( -5.924290876313005327, -10.68838183873566727, -6.552864377565583709 ) ) ;
#3985 = CARTESIAN_POINT ( 'NONE',  ( -4.164985276855238006, 39.28015274681985147, -0.9873556176578029975 ) ) ;
#3986 = ADVANCED_FACE ( 'NONE', ( #3078 ), #5162, .T. ) ;
#3987 = CARTESIAN_POINT ( 'NONE',  ( -6.534480982897125756, 0.05294943730886429722, -6.177616052647241673 ) ) ;
#3988 = CARTESIAN_POINT ( 'NONE',  ( -4.108234831786432117, -12.53109955287810173, 2.768096337514597494 ) ) ;
#3989 = CARTESIAN_POINT ( 'NONE',  ( -4.052474526528889953, -3.533438546515097922, -2.836989923053767182 ) ) ;
#3990 = CARTESIAN_POINT ( 'NONE',  ( -0.8341065572925793203, 37.49999999999999289, 4.097773114997371735 ) ) ;
#3991 = CARTESIAN_POINT ( 'NONE',  ( 19.63177689939871584, 3.272220396851035051, -2.592374756613395892 ) ) ;
#3992 = DIRECTION ( 'NONE',  ( 0.000000000000000000, 0.000000000000000000, 1.000000000000000000 ) ) ;
#3993 = FACE_BOUND ( 'NONE', #4946, .T. ) ;
#3994 = CARTESIAN_POINT ( 'NONE',  ( 5.669323839816032162, -7.016919676438327258, 6.274971949700884899 ) ) ;
#3995 = CARTESIAN_POINT ( 'NONE',  ( 8.250479015786989834, -1.373092536296184996, 18.23018952903486323 ) ) ;
#3996 = ORIENTED_EDGE ( 'NONE', *, *, #207, .F. ) ;
#3997 = DIRECTION ( 'NONE',  ( -0.8660254037844432595, -0.4999999999999920064, 0.000000000000000000 ) ) ;
#3998 = ADVANCED_FACE ( 'NONE', ( #4289 ), #5192, .T. ) ;
#3999 = AXIS2_PLACEMENT_3D ( 'NONE', #621, #4761, #229 ) ;
#4000 = AXIS2_PLACEMENT_3D ( 'NONE', #888, #2095, #1695 ) ;
#4001 = CARTESIAN_POINT ( 'NONE',  ( -11.13109758349871647, 2.997405764194845279, -13.44053826288908304 ) ) ;
#4002 = ORIENTED_EDGE ( 'NONE', *, *, #4869, .T. ) ;
#4003 = CARTESIAN_POINT ( 'NONE',  ( 4.000000000000000000, 12.99999999999999822, -5.987355617657803997 ) ) ;
#4004 = FACE_OUTER_BOUND ( 'NONE', #4603, .T. ) ;
#4005 = CARTESIAN_POINT ( 'NONE',  ( 6.708468058761773101, 0.1281885800262010933, -4.366306329236527617 ) ) ;
#4006 = CARTESIAN_POINT ( 'NONE',  ( 9.442463986925735853, -1.952010737345864166, -21.56194194770993988 ) ) ;
#4007 = CARTESIAN_POINT ( 'NONE',  ( -2.000000000000000000, 34.86650114427094138, -29.98735561765780488 ) ) ;
#4008 = CARTESIAN_POINT ( 'NONE',  ( -0.9636828026980841511, -5.709935093251297111, 2.150619397355210793 ) ) ;
#4009 = CARTESIAN_POINT ( 'NONE',  ( -8.156667044156575841, -2.085285490725460544, -4.240126324757054199 ) ) ;
#4010 = CARTESIAN_POINT ( 'NONE',  ( -15.73655266824588317, -4.446767901705481307, -3.111520586458103033 ) ) ;
#4011 = CARTESIAN_POINT ( 'NONE',  ( 9.393117162950641585, -13.44539613231408559, 2.193799478083171994 ) ) ;
#4012 = CARTESIAN_POINT ( 'NONE',  ( 118.0000000000000000, 0.000000000000000000, -66.49199074667276932 ) ) ;
#4013 = CARTESIAN_POINT ( 'NONE',  ( 19.79427854475527582, 1.614986683594986427, -8.026919212481834265 ) ) ;
#4014 = EDGE_CURVE ( 'NONE', #3630, #2490, #2209, .T. ) ;
#4015 = CARTESIAN_POINT ( 'NONE',  ( -33.41408768104660965, 0.9216315180130481011, -14.43424990789635132 ) ) ;
#4016 =( NAMED_UNIT ( * ) PLANE_ANGLE_UNIT ( ) SI_UNIT ( $, .RADIAN. ) );
#4017 = CARTESIAN_POINT ( 'NONE',  ( 0.07364781994471035487, -7.687912673259001295, -22.55736069780791198 ) ) ;
#4018 = CARTESIAN_POINT ( 'NONE',  ( 6.341281928347813235, -11.53621533030515245, 1.027366037485678341 ) ) ;
#4019 = CARTESIAN_POINT ( 'NONE',  ( -8.198544890247994488, -13.31662784677689793, 5.367054680534297795 ) ) ;
#4020 = CARTESIAN_POINT ( 'NONE',  ( 0.000000000000000000, 0.000000000000000000, -5.987355617657803109 ) ) ;
#4021 = VERTEX_POINT ( 'NONE', #4313 ) ;
#4022 = CARTESIAN_POINT ( 'NONE',  ( -25.53284028687355800, -3.980055705617842499, 2.700518531561080682 ) ) ;
#4023 = CARTESIAN_POINT ( 'NONE',  ( -8.550849152471817760, -4.605167073594671479, -3.032594052893751169 ) ) ;
#4024 = CARTESIAN_POINT ( 'NONE',  ( -15.00669380359831528, 2.274702982684392971, -15.08612070978530006 ) ) ;
#4025 = CARTESIAN_POINT ( 'NONE',  ( 4.329993905941249999, 39.26228509215468421, -1.003876756252178204 ) ) ;
#4026 = CARTESIAN_POINT ( 'NONE',  ( 0.000000000000000000, 0.000000000000000000, -82.79999999999998295 ) ) ;
#4027 = CARTESIAN_POINT ( 'NONE',  ( 14.46535394149892717, -18.96900083131669490, 1.585281117124369699 ) ) ;
#4028 = CARTESIAN_POINT ( 'NONE',  ( -5.462101524995800261, -11.29436899910391823, -8.816896975993758545 ) ) ;
#4029 = ORIENTED_EDGE ( 'NONE', *, *, #4767, .F. ) ;
#4030 = CARTESIAN_POINT ( 'NONE',  ( 7.219727136788411492, -2.799915184131515300, -22.65855723450239978 ) ) ;
#4031 = CARTESIAN_POINT ( 'NONE',  ( -5.970010044209866251, 0.05056730988481120820, 16.30598382819015058 ) ) ;
#4032 = CARTESIAN_POINT ( 'NONE',  ( -6.012189735928593848, -3.462634854778903648, -11.20345045760791436 ) ) ;
#4033 = AXIS2_PLACEMENT_3D ( 'NONE', #3135, #4318, #2273 ) ;
#4034 = CARTESIAN_POINT ( 'NONE',  ( -8.009964374455014635, -13.20971757323184370, -9.213586430683129436 ) ) ;
#4035 = CARTESIAN_POINT ( 'NONE',  ( -6.724540132909451629, -6.527710195331795084, -1.029126850740898824 ) ) ;
#4036 = CARTESIAN_POINT ( 'NONE',  ( 11.49505677092821365, -5.708150742604745531, 13.29050481662987515 ) ) ;
#4037 = VECTOR ( 'NONE', #3472, 1000.000000000000000 ) ;
#4038 = FACE_OUTER_BOUND ( 'NONE', #1777, .T. ) ;
#4039 = CARTESIAN_POINT ( 'NONE',  ( 19.82112323964210887, 1.238729356175049867, -10.82208534258467125 ) ) ;
#4040 = CARTESIAN_POINT ( 'NONE',  ( -34.29420491965846196, 0.7492730597603750597, -7.853975387467791336 ) ) ;
#4041 = EDGE_LOOP ( 'NONE', ( #3565, #2374, #4273, #262 ) ) ;
#4042 = CARTESIAN_POINT ( 'NONE',  ( 3.932337192397216352, -3.306692914754587154, 11.61449972094378325 ) ) ;
#4043 = DIRECTION ( 'NONE',  ( 0.000000000000000000, 0.000000000000000000, 1.000000000000000000 ) ) ;
#4044 = CARTESIAN_POINT ( 'NONE',  ( 8.941298286405505280, -1.809997501198511882, 17.56666330135586662 ) ) ;
#4045 = CARTESIAN_POINT ( 'NONE',  ( -6.372071849049571135, 36.95471246773067264, -2.680988312908808791 ) ) ;
#4046 = ORIENTED_EDGE ( 'NONE', *, *, #2293, .T. ) ;
#4047 = CARTESIAN_POINT ( 'NONE',  ( -13.62019151721354149, -10.17302231563581572, -29.98735561765780488 ) ) ;
#4048 = CARTESIAN_POINT ( 'NONE',  ( 31.24217640360722115, -20.34708003345111038, -15.80261009972133301 ) ) ;
#4049 = ADVANCED_FACE ( 'NONE', ( #2292 ), #2582, .T. ) ;
#4050 = CARTESIAN_POINT ( 'NONE',  ( -14.19775048890483760, 3.508188989425394588, -19.08768152850112543 ) ) ;
#4051 = CARTESIAN_POINT ( 'NONE',  ( 4.164985276855237117, 39.28015274681983726, -5.987355617657803997 ) ) ;
#4052 = CARTESIAN_POINT ( 'NONE',  ( 13.14718091308003700, -10.73088794819132552, 8.120369966886782365 ) ) ;
#4053 = CARTESIAN_POINT ( 'NONE',  ( -0.2406986406628117137, 0.9369495913722551972, -0.3446111151198157363 ) ) ;
#4054 = CARTESIAN_POINT ( 'NONE',  ( 19.84934730308599882, -0.04109370410488265291, -25.75927661426835513 ) ) ;
#4055 = ORIENTED_EDGE ( 'NONE', *, *, #3038, .F. ) ;
#4056 = LINE ( 'NONE', #4493, #3165 ) ;
#4057 = DIRECTION ( 'NONE',  ( 0.000000000000000000, 1.000000000000000000, 0.000000000000000000 ) ) ;
#4058 = CARTESIAN_POINT ( 'NONE',  ( 12.44583373314297958, -5.843651726827313375, 12.25416204687974364 ) ) ;
#4059 = EDGE_CURVE ( 'NONE', #4912, #968, #3562, .T. ) ;
#4060 = CARTESIAN_POINT ( 'NONE',  ( -7.511313572770892399, -13.65749831194399988, -12.43956550654552906 ) ) ;
#4061 = CARTESIAN_POINT ( 'NONE',  ( 0.7283442387399940987, -0.7671895873294117818, -3.832724644253158619 ) ) ;
#4062 = CARTESIAN_POINT ( 'NONE',  ( 12.77703026506248385, -8.164879666051559681, 10.01674452656754610 ) ) ;
#4063 = FACE_BOUND ( 'NONE', #3157, .T. ) ;
#4064 = CARTESIAN_POINT ( 'NONE',  ( -25.80311225058367341, -0.02102109317228769911, -15.49060074499809581 ) ) ;
#4065 = FACE_OUTER_BOUND ( 'NONE', #3906, .T. ) ;
#4066 = CARTESIAN_POINT ( 'NONE',  ( -5.121042268646780471, -11.74875881345283091, -18.58481666793221621 ) ) ;
#4067 = ORIENTED_EDGE ( 'NONE', *, *, #1742, .F. ) ;
#4068 = CARTESIAN_POINT ( 'NONE',  ( -3.794009463545204852, -1.417981749266216340, 3.404806077507501527 ) ) ;
#4069 = CARTESIAN_POINT ( 'NONE',  ( -7.598669753045871111, -13.22255998276052402, 5.240153060168159627 ) ) ;
#4070 = CARTESIAN_POINT ( 'NONE',  ( -2.000000000000000000, 15.99999999999999645, -5.987355617657803997 ) ) ;
#4071 = CARTESIAN_POINT ( 'NONE',  ( -8.528909765650716679, -16.15220412008148188, -21.24178482189245543 ) ) ;
#4072 = CARTESIAN_POINT ( 'NONE',  ( -5.986117903671703822, 37.01924972676044945, -1.960294760457617969 ) ) ;
#4073 = ORIENTED_EDGE ( 'NONE', *, *, #1324, .T. ) ;
#4074 = CARTESIAN_POINT ( 'NONE',  ( 2.000000000000000000, 16.88194301613413018, -29.98735561765797186 ) ) ;
#4075 = CARTESIAN_POINT ( 'NONE',  ( -7.340527425299253395, -9.362706225089205248, 1.267283600469991223 ) ) ;
#4076 = AXIS2_PLACEMENT_3D ( 'NONE', #924, #2492, #2099 ) ;
#4077 = CARTESIAN_POINT ( 'NONE',  ( 5.523285111655474644, 39.11217121900887150, -1.498382276634700583 ) ) ;
#4078 = CARTESIAN_POINT ( 'NONE',  ( 0.03479550847541781206, -0.07988221825853891733, 30.77692358325112920 ) ) ;
#4079 = CARTESIAN_POINT ( 'NONE',  ( 3.126556515834348904, -5.465003610435458015, -20.82265614144250776 ) ) ;
#4080 = ORIENTED_EDGE ( 'NONE', *, *, #173, .T. ) ;
#4081 = CARTESIAN_POINT ( 'NONE',  ( 9.491497589068679019, -1.800126736770659708, -21.93396482150093973 ) ) ;
#4082 = CARTESIAN_POINT ( 'NONE',  ( -6.246422513521316944, 39.00302888768275977, -4.596645871176914255 ) ) ;
#4083 = CARTESIAN_POINT ( 'NONE',  ( -5.227364161073685622, -4.962222410502532099, -13.86599303920779924 ) ) ;
#4084 = CARTESIAN_POINT ( 'NONE',  ( -6.601358773932879842, -13.09740864835578478, -15.76935381730587160 ) ) ;
#4085 = CARTESIAN_POINT ( 'NONE',  ( -9.000799849577001410, 4.542608305762552590, -17.60884653012816869 ) ) ;
#4086 = CARTESIAN_POINT ( 'NONE',  ( 1.296884034452504109, -12.58670612936985300, -3.718754254675650905 ) ) ;
#4087 = CARTESIAN_POINT ( 'NONE',  ( -1.334157352289307763, 16.95087233766154355, -30.65319826536850201 ) ) ;
#4088 = ADVANCED_FACE ( 'NONE', ( #4559 ), #3018, .T. ) ;
#4089 = DIRECTION ( 'NONE',  ( -0.000000000000000000, -0.000000000000000000, 1.000000000000000000 ) ) ;
#4090 =( LENGTH_UNIT ( ) NAMED_UNIT ( * ) SI_UNIT ( .MILLI., .METRE. ) );
#4091 = ORIENTED_EDGE ( 'NONE', *, *, #4767, .T. ) ;
#4092 = CARTESIAN_POINT ( 'NONE',  ( -10.85525634324228328, 2.455759484058292141, 16.98828150033659412 ) ) ;
#4093 = LINE ( 'NONE', #2549, #816 ) ;
#4094 = CARTESIAN_POINT ( 'NONE',  ( -3.420318996631907194, -9.771698977209798187, 2.500826237573354316 ) ) ;
#4095 = PLANE ( 'NONE',  #901 ) ;
#4096 = CARTESIAN_POINT ( 'NONE',  ( 2.000000000000000000, 36.90740701861859918, -18.47971863149730609 ) ) ;
#4097 = EDGE_LOOP ( 'NONE', ( #4628, #1955, #1096, #2314 ) ) ;
#4098 = CARTESIAN_POINT ( 'NONE',  ( -27.68311165639788385, -0.5584388014523286037, -6.437820631538845539 ) ) ;
#4099 =( GEOMETRIC_REPRESENTATION_CONTEXT ( 3 ) GLOBAL_UNCERTAINTY_ASSIGNED_CONTEXT ( ( #3733 ) ) GLOBAL_UNIT_ASSIGNED_CONTEXT ( ( #4090, #3254, #2074 ) ) REPRESENTATION_CONTEXT ( 'NONE', 'WORKASPACE' ) );
#4100 = AXIS2_PLACEMENT_3D ( 'NONE', #3515, #5137, #2748 ) ;
#4101 = CARTESIAN_POINT ( 'NONE',  ( -5.450626753668091240, -8.628265469981108993, -6.769402023240092880 ) ) ;
#4102 = PRODUCT_CONTEXT ( 'NONE', #2032, 'mechanical' ) ;
#4103 = CARTESIAN_POINT ( 'NONE',  ( 14.75063134123639763, -10.67413890819997668, 8.912606083110695465 ) ) ;
#4104 = CARTESIAN_POINT ( 'NONE',  ( 22.91499034648381539, 2.613064119610380320, 0.02234300481865280491 ) ) ;
#4105 = EDGE_LOOP ( 'NONE', ( #4703, #199, #5270, #4080 ) ) ;
#4106 = CARTESIAN_POINT ( 'NONE',  ( 19.05460475109013174, -0.02102109317228758809, -14.60085033320806680 ) ) ;
#4107 = CARTESIAN_POINT ( 'NONE',  ( 10.75655984123766018, -0.3254906047663621571, -21.45033121459121261 ) ) ;
#4108 = FACE_OUTER_BOUND ( 'NONE', #3571, .T. ) ;
#4109 = CARTESIAN_POINT ( 'NONE',  ( -7.519710033620474299, -13.64347403824473659, -12.45158681970486469 ) ) ;
#4110 = EDGE_CURVE ( 'NONE', #4912, #5016, #2212, .T. ) ;
#4111 = CARTESIAN_POINT ( 'NONE',  ( -5.304932756365611013, 3.326152494950008975, -11.27301841301664176 ) ) ;
#4112 = CARTESIAN_POINT ( 'NONE',  ( 1.373495151672472270, -0.9424978569075292967, -2.098501120847758195 ) ) ;
#4113 = PRODUCT ( 'AssemRotor', 'AssemRotor', '', ( #2137 ) ) ;
#4114 = VECTOR ( 'NONE', #38, 1000.000000000000000 ) ;
#4115 = CARTESIAN_POINT ( 'NONE',  ( 30.97400362538843765, -15.95913849131091311, -30.32137316095273505 ) ) ;
#4116 = CARTESIAN_POINT ( 'NONE',  ( -0.1467912227800755309, -6.765175019058486505, -22.87307520189791532 ) ) ;
#4117 = ORIENTED_EDGE ( 'NONE', *, *, #3106, .F. ) ;
#4118 = CARTESIAN_POINT ( 'NONE',  ( -10.20782845949518425, 1.614986683594986427, 21.15580767558424213 ) ) ;
#4119 = CARTESIAN_POINT ( 'NONE',  ( -6.270641266182219731, 1.009411410910417750, 7.944137225495566668 ) ) ;
#4120 = CARTESIAN_POINT ( 'NONE',  ( -13.98143569034527722, -13.11271301566960368, 7.300290848280065248 ) ) ;
#4121 = CARTESIAN_POINT ( 'NONE',  ( -4.005503353342821704, -10.22695668533829938, -24.60456609400559103 ) ) ;
#4122 = CIRCLE ( 'NONE', #3686, 16.99999999999999645 ) ;
#4123 = DIRECTION ( 'NONE',  ( 0.000000000000000000, 0.000000000000000000, 1.000000000000000000 ) ) ;
#4124 = ORIENTED_EDGE ( 'NONE', *, *, #260, .T. ) ;
#4125 = CARTESIAN_POINT ( 'NONE',  ( -26.65312499904868915, -3.289863191877894000, -0.3077434375321746463 ) ) ;
#4126 = EDGE_CURVE ( 'NONE', #289, #909, #1250, .T. ) ;
#4127 =( NAMED_UNIT ( * ) PLANE_ANGLE_UNIT ( ) SI_UNIT ( $, .RADIAN. ) );
#4128 = CARTESIAN_POINT ( 'NONE',  ( 6.499729638997811421, 38.96156458222119312, -3.816711513285672375 ) ) ;
#4129 =( NAMED_UNIT ( * ) SI_UNIT ( $, .STERADIAN. ) SOLID_ANGLE_UNIT ( ) );
#4130 = EDGE_CURVE ( 'NONE', #2724, #3670, #942, .T. ) ;
#4131 = CARTESIAN_POINT ( 'NONE',  ( 13.03314123690753412, -4.996841961544669530, 15.11538606930785633 ) ) ;
#4132 = CARTESIAN_POINT ( 'NONE',  ( -1.185049465953220693, 0.9648849661769344221, 1.749913920220943941 ) ) ;
#4133 = CARTESIAN_POINT ( 'NONE',  ( -32.71213413823756611, 0.8558701678184998940, -5.134617648295010994 ) ) ;
#4134 = ORIENTED_EDGE ( 'NONE', *, *, #3603, .T. ) ;
#4135 = CARTESIAN_POINT ( 'NONE',  ( -6.499729638997812309, 38.96156458222120023, -3.157999722029935619 ) ) ;
#4136 = CARTESIAN_POINT ( 'NONE',  ( -18.22908619392119078, 4.105764657874368950, 16.26434402976402893 ) ) ;
#4137 = CARTESIAN_POINT ( 'NONE',  ( -7.502917111921311388, -13.67152258564326495, -12.42754419338619343 ) ) ;
#4138 = CARTESIAN_POINT ( 'NONE',  ( -14.05906928358771246, 2.555759806511632704, -19.38417773144329814 ) ) ;
#4139 = CARTESIAN_POINT ( 'NONE',  ( 0.000000000000000000, 0.000000000000000000, 0.000000000000000000 ) ) ;
#4140 = CARTESIAN_POINT ( 'NONE',  ( 12.66178231514822805, 5.874720167039020779, 1.315597044492080148 ) ) ;
#4141 = CARTESIAN_POINT ( 'NONE',  ( -5.496022292640197371, -0.1326751727407734505, 2.551197586901448044 ) ) ;
#4142 = CARTESIAN_POINT ( 'NONE',  ( -7.838469663523981446, -13.25671227888132009, -9.546023327719291629 ) ) ;
#4143 = ORIENTED_EDGE ( 'NONE', *, *, #1191, .T. ) ;
#4144 = CARTESIAN_POINT ( 'NONE',  ( -8.905874904283690441, 0.9493333104244193743, 24.40190725691780926 ) ) ;
#4145 = DIRECTION ( 'NONE',  ( 1.000000000000000000, 0.000000000000000000, 0.000000000000000000 ) ) ;
#4146 = CARTESIAN_POINT ( 'NONE',  ( -24.04451464866405885, -5.887548605080148434, 4.781673979459978518 ) ) ;
#4147 = CARTESIAN_POINT ( 'NONE',  ( 19.84347402659424375, 1.004288057626111286, -24.14848545428255022 ) ) ;
#4148 = ORIENTED_EDGE ( 'NONE', *, *, #176, .T. ) ;
#4149 = CARTESIAN_POINT ( 'NONE',  ( -1.547529385171017680, -7.888763823773502715, -22.49238977565791942 ) ) ;
#4150 = PLANE ( 'NONE',  #3258 ) ;
#4151 = ORIENTED_EDGE ( 'NONE', *, *, #3319, .T. ) ;
#4152 = CARTESIAN_POINT ( 'NONE',  ( -32.49803095857669177, -16.45334584530815292, -22.92914122119721299 ) ) ;
#4153 = CARTESIAN_POINT ( 'NONE',  ( -6.799250645728715625, 0.05243160670129667911, 25.61602918928545591 ) ) ;
#4154 = CARTESIAN_POINT ( 'NONE',  ( 21.75814727144427252, 3.638291428445112441, 1.490176339710208797 ) ) ;
#4155 = CARTESIAN_POINT ( 'NONE',  ( -31.31050549364605118, 1.120992989235949588, -5.942850012188891640 ) ) ;
#4156 = ORIENTED_EDGE ( 'NONE', *, *, #3008, .T. ) ;
#4157 = DIRECTION ( 'NONE',  ( 0.000000000000000000, 0.000000000000000000, 1.000000000000000000 ) ) ;
#4158 = CARTESIAN_POINT ( 'NONE',  ( -4.329993905941252663, 39.26228509215469842, -5.970834479063429789 ) ) ;
#4159 = CARTESIAN_POINT ( 'NONE',  ( -1.000000000000000000, 16.97056274847713553, -30.98735561765780488 ) ) ;
#4160 = CARTESIAN_POINT ( 'NONE',  ( 2.856425194723550387, -4.243788930405021809, -23.05654349216751342 ) ) ;
#4161 =( NAMED_UNIT ( * ) PLANE_ANGLE_UNIT ( ) SI_UNIT ( $, .RADIAN. ) );
#4162 = AXIS2_PLACEMENT_3D ( 'NONE', #1263, #1292, #917 ) ;
#4163 = CARTESIAN_POINT ( 'NONE',  ( -0.1351050243133303796, -8.542899406347080671, 1.933090345511728758 ) ) ;
#4164 = EDGE_CURVE ( 'NONE', #1797, #327, #2523, .T. ) ;
#4165 = CARTESIAN_POINT ( 'NONE',  ( -5.572985254897186103, -2.409491935214245650, -1.157040701693350826 ) ) ;
#4166 = CIRCLE ( 'NONE', #5264, 16.99999999999999645 ) ;
#4167 = CARTESIAN_POINT ( 'NONE',  ( 0.06737384430358349385, -4.057445314474437126, -5.485013581320193232 ) ) ;
#4168 = AXIS2_PLACEMENT_3D ( 'NONE', #3872, #212, #5005 ) ;
#4169 = SHAPE_REPRESENTATION ( 'Neck', ( #2817 ), #689 ) ;
#4170 = CARTESIAN_POINT ( 'NONE',  ( 0.000000000000000000, 0.000000000000000000, 3.499999999999999556 ) ) ;
#4171 = PRODUCT_DEFINITION_CONTEXT ( 'detailed design', #3060, 'design' ) ;
#4172 = VERTEX_POINT ( 'NONE', #3451 ) ;
#4173 = CARTESIAN_POINT ( 'NONE',  ( -0.4826501208606871485, -9.610630658898891454, -9.855019213434820458 ) ) ;
#4174 = CARTESIAN_POINT ( 'NONE',  ( 13.85640646055098202, -8.000000000000063949, 6.500000000000000888 ) ) ;
#4175 = CARTESIAN_POINT ( 'NONE',  ( -23.25955302857283868, -7.380988897718011366, 5.043214510738255107 ) ) ;
#4176 = CARTESIAN_POINT ( 'NONE',  ( 16.68761397828749082, 0.8142493255285838671, -26.58086983549225124 ) ) ;
#4177 = CARTESIAN_POINT ( 'NONE',  ( 1.197791965549679150, -10.92404410946214099, -4.146495684887763211 ) ) ;
#4178 = ORIENTED_EDGE ( 'NONE', *, *, #2484, .T. ) ;
#4179 = CARTESIAN_POINT ( 'NONE',  ( -26.68883136871928130, -2.898480563934476617, -0.2314043041651576149 ) ) ;
#4180 = CARTESIAN_POINT ( 'NONE',  ( -12.85640646055110636, -9.732050807568755957, -5.987355617657803997 ) ) ;
#4181 = DIRECTION ( 'NONE',  ( 0.000000000000000000, 0.000000000000000000, 1.000000000000000000 ) ) ;
#4182 = CARTESIAN_POINT ( 'NONE',  ( 12.31655278349700566, -7.989567031940175923, 10.99175980952565190 ) ) ;
#4183 = CARTESIAN_POINT ( 'NONE',  ( 2.597051484052439019, -15.79679460882298514, -5.467682149928974944 ) ) ;
#4184 = CARTESIAN_POINT ( 'NONE',  ( 13.10434328048212471, -0.2536125482323887681, -10.65673345947447181 ) ) ;
#4185 = CARTESIAN_POINT ( 'NONE',  ( -15.97721315155409627, -9.824498009751478023, 4.998021897819719506 ) ) ;
#4186 = ORIENTED_EDGE ( 'NONE', *, *, #2344, .T. ) ;
#4187 = CARTESIAN_POINT ( 'NONE',  ( 2.500000000000000000, 16.81517172080023670, -0.6999999999999992895 ) ) ;
#4188 = CARTESIAN_POINT ( 'NONE',  ( 1.000000000000002442, 34.65876549783944682, -30.98735561765780133 ) ) ;
#4189 = CARTESIAN_POINT ( 'NONE',  ( -9.455246573277429789, 0.7851648687032459772, 23.99285899642498876 ) ) ;
#4190 = CARTESIAN_POINT ( 'NONE',  ( -6.279096660670047569, -8.031482393057380875, -1.888172460515055162 ) ) ;
#4191 = CARTESIAN_POINT ( 'NONE',  ( 6.167620338550464432, 36.98944332168855453, -4.743540817690268696 ) ) ;
#4192 = CARTESIAN_POINT ( 'NONE',  ( 1.205361611693612112, -10.27153113057787692, -3.371139956122488179 ) ) ;
#4193 = CARTESIAN_POINT ( 'NONE',  ( -27.37222210529440147, -1.800126736770654823, -3.542149759428188549 ) ) ;
#4194 = ORIENTED_EDGE ( 'NONE', *, *, #4196, .T. ) ;
#4195 = CARTESIAN_POINT ( 'NONE',  ( -8.564319278311423034, 2.979329600615873819, -0.6039585951300556754 ) ) ;
#4196 = EDGE_CURVE ( 'NONE', #2937, #3198, #295, .T. ) ;
#4197 = CARTESIAN_POINT ( 'NONE',  ( -18.26921650746362857, -16.96119526290398127, 11.70687575285295878 ) ) ;
#4198 = CARTESIAN_POINT ( 'NONE',  ( -17.08862331243884825, -12.39209351936477610, 7.181748283574214575 ) ) ;
#4199 = CARTESIAN_POINT ( 'NONE',  ( 4.561917253560503482, -0.8794203299686144115, 20.85052104368966752 ) ) ;
#4200 = CARTESIAN_POINT ( 'NONE',  ( 10.38463500488565039, -0.5400347785242780585, -21.71792382753607242 ) ) ;
#4201 = AXIS2_PLACEMENT_3D ( 'NONE', #5120, #4349, #337 ) ;
#4202 = CARTESIAN_POINT ( 'NONE',  ( -2.432927192091086877, -10.06495062809470475, -21.15902757668188272 ) ) ;
#4203 = ORIENTED_EDGE ( 'NONE', *, *, #5146, .T. ) ;
#4204 = CARTESIAN_POINT ( 'NONE',  ( 21.88111087415243361, 0.3852578542979956389, -10.08837374891971983 ) ) ;
#4205 = VECTOR ( 'NONE', #1953, 1000.000000000000000 ) ;
#4206 = DIRECTION ( 'NONE',  ( 0.000000000000000000, 0.000000000000000000, 1.000000000000000000 ) ) ;
#4207 = VECTOR ( 'NONE', #4798, 1000.000000000000000 ) ;
#4208 = ADVANCED_FACE ( 'NONE', ( #557 ), #4635, .F. ) ;
#4209 = DIRECTION ( 'NONE',  ( -1.000000000000000000, 0.000000000000000000, 0.000000000000000000 ) ) ;
#4210 = CARTESIAN_POINT ( 'NONE',  ( -4.922786875643868854, -1.508436704305804898, 4.799632476437748707 ) ) ;
#4211 = CARTESIAN_POINT ( 'NONE',  ( -17.16550479440851618, -11.74875881345282380, 7.438106894381780521 ) ) ;
#4212 = CARTESIAN_POINT ( 'NONE',  ( 16.71585944476483476, 0.6958342878753891458, -7.919630464198482045 ) ) ;
#4213 = CARTESIAN_POINT ( 'NONE',  ( -6.680303381220059400, -6.176048413303225182, -0.1067408489255575882 ) ) ;
#4214 = ORIENTED_EDGE ( 'NONE', *, *, #3816, .T. ) ;
#4215 = CARTESIAN_POINT ( 'NONE',  ( 2.694402956835864504, -4.490266471645480095, -23.32772141567894408 ) ) ;
#4216 = CARTESIAN_POINT ( 'NONE',  ( 12.70467888718634875, -10.79158608761651905, 7.463845426575304920 ) ) ;
#4217 = CARTESIAN_POINT ( 'NONE',  ( -7.450763123477831762, -14.00868713355947648, -8.412971328973437579 ) ) ;
#4218 = CARTESIAN_POINT ( 'NONE',  ( -4.330941868702432807, -2.475339210820529434, 2.866967122064360218 ) ) ;
#4219 = CARTESIAN_POINT ( 'NONE',  ( -7.378551047348557823, -13.85014745895052890, 4.469857504976805451 ) ) ;
#4220 = CIRCLE ( 'NONE', #118, 37.50000000000000000 ) ;
#4221 = EDGE_LOOP ( 'NONE', ( #1101, #4743, #1632, #565, #2036 ) ) ;
#4222 = EDGE_CURVE ( 'NONE', #4729, #2322, #1909, .T. ) ;
#4223 = CARTESIAN_POINT ( 'NONE',  ( 0.6294374791806199854, -8.100574381582870132, 0.5477973122734561828 ) ) ;
#4224 = CIRCLE ( 'NONE', #2584, 16.99999999999999645 ) ;
#4225 = CARTESIAN_POINT ( 'NONE',  ( -31.31232135559994134, -0.4854902887119574295, -1.085875724314204094 ) ) ;
#4226 = CARTESIAN_POINT ( 'NONE',  ( -7.588296458556397006, 0.2678498834482009872, 0.02814471033020935972 ) ) ;
#4227 = CARTESIAN_POINT ( 'NONE',  ( -13.63567201544466734, -14.04954489634774895, 6.561058617862599363 ) ) ;
#4228 = CARTESIAN_POINT ( 'NONE',  ( 8.750817470536381038, -2.799915184131512635, 17.58174572610193565 ) ) ;
#4229 = CARTESIAN_POINT ( 'NONE',  ( 22.99549967309354059, 0.9979242336855373985, -16.05439083188228011 ) ) ;
#4230 = CARTESIAN_POINT ( 'NONE',  ( -5.195741526666691534, -12.99038720864115959, -17.35403042627374859 ) ) ;
#4231 = ORIENTED_EDGE ( 'NONE', *, *, #634, .F. ) ;
#4232 = CARTESIAN_POINT ( 'NONE',  ( 9.270503345904357317, -1.500711575219460414, -22.13143302217293495 ) ) ;
#4233 = CARTESIAN_POINT ( 'NONE',  ( 13.44612060147132659, -2.824142466592740597, 16.84245892741057915 ) ) ;
#4234 = ADVANCED_FACE ( 'NONE', ( #3475, #4330 ), #684, .T. ) ;
#4235 = CARTESIAN_POINT ( 'NONE',  ( -5.719345516055654777, 1.030746430132152058, 15.92629579742449053 ) ) ;
#4236 = CARTESIAN_POINT ( 'NONE',  ( -25.38615269147324227, 1.005108310596001919, -16.42426053909073502 ) ) ;
#4237 = PRODUCT_DEFINITION ( 'UNKNOWN', '', #2653, #4584 ) ;
#4238 = ORIENTED_EDGE ( 'NONE', *, *, #3487, .F. ) ;
#4239 = DIRECTION ( 'NONE',  ( -1.000000000000000000, 0.000000000000000000, 0.000000000000000000 ) ) ;
#4240 = CARTESIAN_POINT ( 'NONE',  ( -3.178358290687154142, -7.370275612279164612, -4.432744868032560071 ) ) ;
#4241 = CARTESIAN_POINT ( 'NONE',  ( -3.631102569626045717, -16.50000000000000000, 2.903581953971269947 ) ) ;
#4242 = CARTESIAN_POINT ( 'NONE',  ( -13.46941936960799069, -9.226922611244818384, 3.466147398485493802 ) ) ;
#4243 = ORIENTED_EDGE ( 'NONE', *, *, #4508, .T. ) ;
#4244 = CARTESIAN_POINT ( 'NONE',  ( 9.404514010349407371, -0.8125459360761559946, -22.05272682923236260 ) ) ;
#4245 = LINE ( 'NONE', #1002, #1628 ) ;
#4246 = CARTESIAN_POINT ( 'NONE',  ( 31.61798611810449344, -20.18040355355338633, 1.696882658393878085 ) ) ;
#4247 = CARTESIAN_POINT ( 'NONE',  ( -22.05073114174385296, -8.886397952966369473, 5.772480879911925378 ) ) ;
#4248 = ORIENTED_EDGE ( 'NONE', *, *, #2464, .T. ) ;
#4249 = CARTESIAN_POINT ( 'NONE',  ( 19.76323085980402183, 2.301422764456280579, -2.404170553393460974 ) ) ;
#4250 = CIRCLE ( 'NONE', #4488, 4.500000000000000000 ) ;
#4251 = CARTESIAN_POINT ( 'NONE',  ( -12.45353594468891600, 5.104910816126150053, 7.981445857111514108 ) ) ;
#4252 = CARTESIAN_POINT ( 'NONE',  ( -11.21933334827811102, -19.22688694462250325, 9.301438038906834294 ) ) ;
#4253 = CARTESIAN_POINT ( 'NONE',  ( -4.000000000000000000, 37.28605637500431413, -5.987355617657803109 ) ) ;
#4254 = CARTESIAN_POINT ( 'NONE',  ( -25.01907522017644325, -4.301737325913458143, 2.748621050999936699 ) ) ;
#4255 = CARTESIAN_POINT ( 'NONE',  ( 21.94304108041761125, 1.051420188418202173, -13.22270898839324538 ) ) ;
#4256 = CARTESIAN_POINT ( 'NONE',  ( -0.2702357340286340448, -7.989567031940177699, -22.45158164040939042 ) ) ;
#4257 = CARTESIAN_POINT ( 'NONE',  ( -23.94460817187966484, -6.089325633642332036, 4.710680761595789967 ) ) ;
#4258 = EDGE_LOOP ( 'NONE', ( #347, #4002, #1573, #2097 ) ) ;
#4259 = CARTESIAN_POINT ( 'NONE',  ( 2.500000000000000000, 37.41657386773944438, -0.6999999999999992895 ) ) ;
#4260 = CARTESIAN_POINT ( 'NONE',  ( 4.257808809657194438, 0.8543981835887536347, 33.20432465640265463 ) ) ;
#4261 = CARTESIAN_POINT ( 'NONE',  ( -11.00750479061398046, 1.012332312904709264, -9.400902193334861323 ) ) ;
#4262 = ORIENTED_EDGE ( 'NONE', *, *, #4571, .T. ) ;
#4263 = CARTESIAN_POINT ( 'NONE',  ( -11.11658833112228884, 1.492571088790858758, 17.01083687873369144 ) ) ;
#4264 = CARTESIAN_POINT ( 'NONE',  ( -21.83846552385512041, -8.362979849295566481, 6.389962666892788690 ) ) ;
#4265 = CARTESIAN_POINT ( 'NONE',  ( -24.47483773633605253, 1.058710223124748495, -20.80827248092259651 ) ) ;
#4266 = ORIENTED_EDGE ( 'NONE', *, *, #4777, .F. ) ;
#4267 = CARTESIAN_POINT ( 'NONE',  ( 5.757136585772621551, -2.532202457151794928, -23.11060200865433600 ) ) ;
#4268 = FACE_OUTER_BOUND ( 'NONE', #695, .T. ) ;
#4269 = CIRCLE ( 'NONE', #2887, 5.000000000000000000 ) ;
#4270 = CARTESIAN_POINT ( 'NONE',  ( 0.000000000000000000, 0.000000000000000000, -35.96730588536621553 ) ) ;
#4271 = CARTESIAN_POINT ( 'NONE',  ( -3.287874958346769905, -10.67413890819997668, -23.51997864301119634 ) ) ;
#4272 = CARTESIAN_POINT ( 'NONE',  ( -2.000000000000000000, 36.84675873640668442, -18.98411946891337365 ) ) ;
#4273 = ORIENTED_EDGE ( 'NONE', *, *, #4967, .T. ) ;
#4274 = DIRECTION ( 'NONE',  ( 1.000000000000000000, 0.000000000000000000, 0.000000000000000000 ) ) ;
#4275 = ADVANCED_FACE ( 'NONE', ( #5098 ), #4698, .T. ) ;
#4276 = CARTESIAN_POINT ( 'NONE',  ( -32.07177430784081906, 3.927659574907357442E-15, -39.72746143272154740 ) ) ;
#4277 = CARTESIAN_POINT ( 'NONE',  ( -28.62984100358684003, -3.164179050968521256, 1.392006167053250865 ) ) ;
#4278 = CARTESIAN_POINT ( 'NONE',  ( -1.460763214504200436, -7.340824806732156205, -4.582383727200073587 ) ) ;
#4279 = CARTESIAN_POINT ( 'NONE',  ( -3.258705030715159712, -10.03023637219798125, 2.155300489313095813 ) ) ;
#4280 = CARTESIAN_POINT ( 'NONE',  ( -10.78206950099779604, -13.42491326364823578, -4.975362396767505579 ) ) ;
#4281 = DIRECTION ( 'NONE',  ( 0.000000000000000000, 0.000000000000000000, 1.000000000000000000 ) ) ;
#4282 = CARTESIAN_POINT ( 'NONE',  ( -27.35716080239926029, 0.6757830390636231366, -9.972407347854769455 ) ) ;
#4283 = ORIENTED_EDGE ( 'NONE', *, *, #2832, .T. ) ;
#4284 = CARTESIAN_POINT ( 'NONE',  ( -5.075134762402954358, -12.11041746655944351, -19.72097339568261276 ) ) ;
#4285 = VERTEX_POINT ( 'NONE', #2690 ) ;
#4286 = CARTESIAN_POINT ( 'NONE',  ( 33.24217640360723891, -16.88297841831336754, -15.80261009972132591 ) ) ;
#4287 = ADVANCED_FACE ( 'NONE', ( #1901 ), #2816, .T. ) ;
#4288 = AXIS2_PLACEMENT_3D ( 'NONE', #2808, #2375, #416 ) ;
#4289 = FACE_OUTER_BOUND ( 'NONE', #1930, .T. ) ;
#4290 = CARTESIAN_POINT ( 'NONE',  ( -5.562643890842763561, -3.621788374099385699, -7.251502420209747335 ) ) ;
#4291 = CARTESIAN_POINT ( 'NONE',  ( -17.59598300836377405, -11.51216099127785242, 7.430603926218903865 ) ) ;
#4292 = CARTESIAN_POINT ( 'NONE',  ( -16.50849767670152346, -0.9134117776466698091, -7.331180477949851060 ) ) ;
#4293 = VERTEX_POINT ( 'NONE', #4544 ) ;
#4294 = CARTESIAN_POINT ( 'NONE',  ( -25.37877753409860659, 0.002673960150332530244, -16.43978288927701925 ) ) ;
#4295 = DIRECTION ( 'NONE',  ( 0.000000000000000000, 1.000000000000000000, -1.849521353063507926E-16 ) ) ;
#4296 = CARTESIAN_POINT ( 'NONE',  ( -7.500080241832901784, -12.58670612936985300, -5.553011530346682711 ) ) ;
#4297 = CARTESIAN_POINT ( 'NONE',  ( 4.645808485011240663, 37.21145295400790332, -1.066750438920964994 ) ) ;
#4298 = DIRECTION ( 'NONE',  ( 1.000000000000000000, 0.000000000000000000, 0.000000000000000000 ) ) ;
#4299 = CARTESIAN_POINT ( 'NONE',  ( -17.30107868288108719, -12.36285149860595389, 6.913510371810914990 ) ) ;
#4300 = VERTEX_POINT ( 'NONE', #204 ) ;
#4301 = CARTESIAN_POINT ( 'NONE',  ( -1.332648738426973178, 34.73460173277778296, -30.65470687923082949 ) ) ;
#4302 = LINE ( 'NONE', #3908, #495 ) ;
#4303 = CARTESIAN_POINT ( 'NONE',  ( -19.79996199825133374, 4.309425941502563084, 18.99473004878138127 ) ) ;
#4304 = CARTESIAN_POINT ( 'NONE',  ( -27.02552404473102854, -1.952010737345864166, -3.685696851228831061 ) ) ;
#4305 = LINE ( 'NONE', #2207, #1933 ) ;
#4306 = CARTESIAN_POINT ( 'NONE',  ( 13.48220622100591370, 0.7740686740763149665, -10.86819226269280314 ) ) ;
#4307 = CARTESIAN_POINT ( 'NONE',  ( -27.63330630021521372, 0.03848855602239399654, -6.128669979107623789 ) ) ;
#4308 = ORIENTED_EDGE ( 'NONE', *, *, #1680, .T. ) ;
#4309 = CARTESIAN_POINT ( 'NONE',  ( -3.519562263884802533, -10.79158608761651905, -21.02375151460104163 ) ) ;
#4310 = CARTESIAN_POINT ( 'NONE',  ( -10.76531942019678567, 0.1232348233808063104, -9.918689681687039794 ) ) ;
#4311 = ORIENTED_EDGE ( 'NONE', *, *, #2832, .F. ) ;
#4312 = CARTESIAN_POINT ( 'NONE',  ( -2.964115848011890098, -6.144077612787638643, -7.063081777196839717 ) ) ;
#4313 = CARTESIAN_POINT ( 'NONE',  ( -25.38604180732805915, 1.002503667588226399, -16.42425174810884059 ) ) ;
#4314 = CARTESIAN_POINT ( 'NONE',  ( -29.91392756502950689, 0.7455642059420704015, -14.01992214409220594 ) ) ;
#4315 = ORIENTED_EDGE ( 'NONE', *, *, #641, .T. ) ;
#4316 = DIRECTION ( 'NONE',  ( 1.000000000000000000, 0.000000000000000000, 0.000000000000000000 ) ) ;
#4317 = CARTESIAN_POINT ( 'NONE',  ( -4.798132050703743268, 0.05591353608245951817, -6.969825059617869911 ) ) ;
#4318 = DIRECTION ( 'NONE',  ( -0.000000000000000000, -0.000000000000000000, -1.000000000000000000 ) ) ;
#4319 = CARTESIAN_POINT ( 'NONE',  ( 19.85195008061612754, -0.1013101764545620564, -26.56515018662972238 ) ) ;
#4320 = ORIENTED_EDGE ( 'NONE', *, *, #3542, .F. ) ;
#4321 = PLANE ( 'NONE',  #2908 ) ;
#4322 = LINE ( 'NONE', #4794, #5141 ) ;
#4323 = CARTESIAN_POINT ( 'NONE',  ( -8.513029462596431785, -3.094809242858479692, -3.208978803094501231 ) ) ;
#4324 = CARTESIAN_POINT ( 'NONE',  ( -26.45916213952953555, -0.8498616469934857642, -8.185588820361417106 ) ) ;
#4325 = CARTESIAN_POINT ( 'NONE',  ( 0.000000000000000000, 0.000000000000000000, 28.00000000000000000 ) ) ;
#4326 = CARTESIAN_POINT ( 'NONE',  ( -24.46457599589859200, -6.086380636417476175, 3.192015807005838202 ) ) ;
#4327 = CARTESIAN_POINT ( 'NONE',  ( 11.10131037474191373, -5.151172642456649520, 14.39149736954656333 ) ) ;
#4328 = CARTESIAN_POINT ( 'NONE',  ( 16.59239312512561426, 1.674112148573285497, -8.096398666849614401 ) ) ;
#4329 =( REPRESENTATION_RELATIONSHIP ('NONE','NONE', #4337, #3751 ) REPRESENTATION_RELATIONSHIP_WITH_TRANSFORMATION ( #2557 )SHAPE_REPRESENTATION_RELATIONSHIP( ) );
#4330 = FACE_BOUND ( 'NONE', #738, .T. ) ;
#4331 = CARTESIAN_POINT ( 'NONE',  ( -7.609456114431790930, -10.55117948224379631, -5.136178979261533328 ) ) ;
#4332 = SURFACE_STYLE_USAGE ( .BOTH. , #3771 ) ;
#4333 = CARTESIAN_POINT ( 'NONE',  ( 19.65463501642507183, 1.002503667588226399, -13.77283123262570541 ) ) ;
#4334 = CARTESIAN_POINT ( 'NONE',  ( 15.12426881977317983, -18.20954950090496283, 1.528410641636822165 ) ) ;
#4335 = DIRECTION ( 'NONE',  ( 2.168404344971009361E-16, -0.000000000000000000, 1.000000000000000000 ) ) ;
#4336 = VECTOR ( 'NONE', #932, 1000.000000000000000 ) ;
#4337 = SHAPE_REPRESENTATION ( 'AssemRotor', ( #949, #196, #7, #3864 ), #1971 ) ;
#4338 = EDGE_LOOP ( 'NONE', ( #3762, #1731, #3467, #3710 ) ) ;
#4339 = DIRECTION ( 'NONE',  ( 1.000000000000000000, 0.000000000000000000, 0.000000000000000000 ) ) ;
#4340 = EDGE_CURVE ( 'NONE', #216, #3609, #971, .T. ) ;
#4341 = CARTESIAN_POINT ( 'NONE',  ( 12.82462081132289811, -8.042550386304807120, 9.811112059049607481 ) ) ;
#4342 = CARTESIAN_POINT ( 'NONE',  ( 5.095936590537586852, -2.909643240723243540, 1.144215992479507005 ) ) ;
#4343 = ORIENTED_EDGE ( 'NONE', *, *, #374, .F. ) ;
#4344 = CARTESIAN_POINT ( 'NONE',  ( 0.000000000000000000, 15.99999999999999645, -0.6999999999999992895 ) ) ;
#4345 = CARTESIAN_POINT ( 'NONE',  ( 31.15370349203920597, -20.87335044333094558, -0.6999999999999992895 ) ) ;
#4346 = AXIS2_PLACEMENT_3D ( 'NONE', #3544, #3185, #744 ) ;
#4347 = CARTESIAN_POINT ( 'NONE',  ( -6.032676753593751329, -13.97338217709140906, -22.18259633714211532 ) ) ;
#4348 = ORIENTED_EDGE ( 'NONE', *, *, #2858, .T. ) ;
#4349 = DIRECTION ( 'NONE',  ( -0.000000000000000000, -0.000000000000000000, 1.000000000000000000 ) ) ;
#4350 = EDGE_CURVE ( 'NONE', #5280, #9, #4220, .T. ) ;
#4351 = CARTESIAN_POINT ( 'NONE',  ( -6.821230478660774033, -8.559155386388244580, 1.763494380846204690 ) ) ;
#4352 = CARTESIAN_POINT ( 'NONE',  ( -8.535708570888990820, -11.29436899910391823, 2.849513028606715626 ) ) ;
#4353 = CARTESIAN_POINT ( 'NONE',  ( 12.78495544054172584, -9.712503805591572004, 7.681628064132580924 ) ) ;
#4354 = CARTESIAN_POINT ( 'NONE',  ( -10.62927893044772709, -10.79495500925457740, -3.427909679632578754 ) ) ;
#4355 = CARTESIAN_POINT ( 'NONE',  ( -4.015505832111032625, -10.56492800640687335, 2.888783467630565038 ) ) ;
#4356 = CARTESIAN_POINT ( 'NONE',  ( 17.74425539631110738, 1.005385068962630246, -12.48385223707168912 ) ) ;
#4357 = EDGE_CURVE ( 'NONE', #3133, #216, #2338, .T. ) ;
#4358 = CARTESIAN_POINT ( 'NONE',  ( 10.03228387938353450, -5.492588117585770036, 11.75041355476622051 ) ) ;
#4359 = CARTESIAN_POINT ( 'NONE',  ( 0.000000000000000000, 0.000000000000000000, -8.608009253327193022 ) ) ;
#4360 = EDGE_CURVE ( 'NONE', #2365, #2669, #1740, .T. ) ;
#4361 = ORIENTED_EDGE ( 'NONE', *, *, #2764, .F. ) ;
#4362 = CARTESIAN_POINT ( 'NONE',  ( 5.116175572340842415, -13.31662784677689793, -1.872633329331510943 ) ) ;
#4363 = ADVANCED_FACE ( 'NONE', ( #1882, #2264 ), #5107, .T. ) ;
#4364 = CARTESIAN_POINT ( 'NONE',  ( 10.37133745940436391, 0.1100384973160246777, -24.16576208202678799 ) ) ;
#4365 = CARTESIAN_POINT ( 'NONE',  ( -9.452071072969530974, 5.415645845450854701, -17.66100519976166083 ) ) ;
#4366 = ORIENTED_EDGE ( 'NONE', *, *, #3406, .T. ) ;
#4367 = DIRECTION ( 'NONE',  ( -0.000000000000000000, -0.000000000000000000, 1.000000000000000000 ) ) ;
#4368 = DIRECTION ( 'NONE',  ( 0.000000000000000000, -0.000000000000000000, 1.000000000000000000 ) ) ;
#4369 = VECTOR ( 'NONE', #2199, 1000.000000000000000 ) ;
#4370 = CARTESIAN_POINT ( 'NONE',  ( 19.66471568803237346, -0.01503476669558441274, -13.75858052483481231 ) ) ;
#4371 = CARTESIAN_POINT ( 'NONE',  ( -7.559340880979922517, -14.77813779661201998, -10.13844148376749388 ) ) ;
#4372 = VECTOR ( 'NONE', #2177, 1000.000000000000000 ) ;
#4373 = ORIENTED_EDGE ( 'NONE', *, *, #385, .F. ) ;
#4374 = CARTESIAN_POINT ( 'NONE',  ( -4.306076280843613269, -8.962762388032080807, -7.062128309848952235 ) ) ;
#4375 = CARTESIAN_POINT ( 'NONE',  ( -8.615781182761825363, -4.633553264022046037, -1.625078118433517682 ) ) ;
#4376 = CARTESIAN_POINT ( 'NONE',  ( -26.57098123166356629, 0.05167601718269224792, -19.60939201385875563 ) ) ;
#4377 = CARTESIAN_POINT ( 'NONE',  ( -4.961039686624761025, -1.896917033821431620, -1.209857289370776856 ) ) ;
#4378 = DIRECTION ( 'NONE',  ( 0.3535533905932767285, 0.6123724356957930270, -0.7071067811865473507 ) ) ;
#4379 = CARTESIAN_POINT ( 'NONE',  ( -10.91708906676696422, -9.254573211784924425, -1.006370885074268529 ) ) ;
#4380 = EDGE_CURVE ( 'NONE', #3957, #25, #5148, .T. ) ;
#4381 = SURFACE_STYLE_FILL_AREA ( #2715 ) ;
#4382 = CARTESIAN_POINT ( 'NONE',  ( 18.12647017454034071, 1.001748935647408301, -12.74143509753917947 ) ) ;
#4383 = CARTESIAN_POINT ( 'NONE',  ( 1.494008059696893875, -2.802606222596214280, 10.19634980467871088 ) ) ;
#4384 =( BOUNDED_CURVE ( )  B_SPLINE_CURVE ( 3, ( #913, #2622, #3381, #602 ),
 .UNSPECIFIED., .F., .F. ) 
 B_SPLINE_CURVE_WITH_KNOTS ( ( 4, 4 ),
 ( 4.645672831974463790, 4.712388980384689674 ),
 .UNSPECIFIED. ) 
 CURVE ( )  GEOMETRIC_REPRESENTATION_ITEM ( )  RATIONAL_B_SPLINE_CURVE ( ( 1.000000000000000000, 0.9996291140226466476, 0.9996291140226466476, 1.000000000000000000 ) ) 
 REPRESENTATION_ITEM ( '' )  );
#4385 = B_SPLINE_CURVE_WITH_KNOTS ( 'NONE', 3,
 ( #158, #190, #1010, #2255, #3596 ),
 .UNSPECIFIED., .F., .F.,
 ( 4, 1, 4 ),
 ( 0.3226090165744258109, 0.3239197437361037712, 0.3252304708977817316 ),
 .UNSPECIFIED. ) ;
#4386 = CARTESIAN_POINT ( 'NONE',  ( -23.09488561775583904, -7.085522166364193630, 5.541825366792192398 ) ) ;
#4387 = CARTESIAN_POINT ( 'NONE',  ( 4.212788632405830569, 0.2182328625273853850, 21.08556163488956514 ) ) ;
#4388 = ORIENTED_EDGE ( 'NONE', *, *, #559, .F. ) ;
#4389 = DIRECTION ( 'NONE',  ( 0.000000000000000000, 1.000000000000000000, -1.877893248421459143E-16 ) ) ;
#4390 = CARTESIAN_POINT ( 'NONE',  ( 3.550726840526250427, -7.713055078895869165, 3.984383217694448476 ) ) ;
#4391 = CARTESIAN_POINT ( 'NONE',  ( -6.446844132145899131, 0.9806792778173161196, 5.516202756241210814 ) ) ;
#4392 = CARTESIAN_POINT ( 'NONE',  ( 0.000000000000000000, 0.000000000000000000, -66.49199074667276932 ) ) ;
#4393 = CARTESIAN_POINT ( 'NONE',  ( 4.240757498983901641, -0.1444175817484975866, 33.20579634292493409 ) ) ;
#4394 = CARTESIAN_POINT ( 'NONE',  ( 13.02226330880468197, 1.024136606814753048, -9.297705184133951306 ) ) ;
#4395 = CARTESIAN_POINT ( 'NONE',  ( 16.68138760737698334, 0.1662571977442573457, -18.89858420499911773 ) ) ;
#4396 = ORIENTED_EDGE ( 'NONE', *, *, #575, .T. ) ;
#4397 = DIRECTION ( 'NONE',  ( 1.000000000000000000, 0.000000000000000000, 0.000000000000000000 ) ) ;
#4398 = CARTESIAN_POINT ( 'NONE',  ( -37.50000000000000000, 4.592425496802574367E-15, 3.499999999999999556 ) ) ;
#4399 = CARTESIAN_POINT ( 'NONE',  ( -7.025521730180258828, -8.308940068822831648, 1.584570809597906527 ) ) ;
#4400 = CARTESIAN_POINT ( 'NONE',  ( -11.44896597003842409, -5.609896519307518759, -1.876900202051914102 ) ) ;
#4401 = CARTESIAN_POINT ( 'NONE',  ( -4.655066902488549374, -1.640629583125023938, -1.236265583209490204 ) ) ;
#4402 = CARTESIAN_POINT ( 'NONE',  ( 16.64157908280918718, 1.142624927525199174, -10.85957854449646476 ) ) ;
#4403 = CARTESIAN_POINT ( 'NONE',  ( 2.843932228359194792, 0.9646642075892406520, -2.429146546914374483 ) ) ;
#4404 = CARTESIAN_POINT ( 'NONE',  ( -5.208508699388327834, -11.87256941414155698, 3.783187497045475745 ) ) ;
#4405 = CARTESIAN_POINT ( 'NONE',  ( 10.93730590009534254, -3.597859430732776254, 15.11216391256362890 ) ) ;
#4406 = VERTEX_POINT ( 'NONE', #4187 ) ;
#4407 = CIRCLE ( 'NONE', #479, 4.500000000000000000 ) ;
#4408 = CIRCLE ( 'NONE', #247, 37.50000000000000000 ) ;
#4409 = CARTESIAN_POINT ( 'NONE',  ( 2.599831147294086708, -1.947158219776080390, -0.7151669578407188199 ) ) ;
#4410 = CARTESIAN_POINT ( 'NONE',  ( 4.645926275384266724, 39.22615341019764656, -5.907931930386786767 ) ) ;
#4411 = DIRECTION ( 'NONE',  ( 0.000000000000000000, 1.000000000000000000, 1.849521353063507926E-16 ) ) ;
#4412 = CARTESIAN_POINT ( 'NONE',  ( 14.72243186433541595, -8.500000000000065725, 6.500000000000000888 ) ) ;
#4413 = CARTESIAN_POINT ( 'NONE',  ( 19.65466534380664143, 1.008441153890148101, -13.77296972255288310 ) ) ;
#4414 = CARTESIAN_POINT ( 'NONE',  ( -7.723350486094909151, -13.44732498921503883, -7.539655991873500440 ) ) ;
#4415 = EDGE_LOOP ( 'NONE', ( #5119, #415, #2470, #3604 ) ) ;
#4416 = CARTESIAN_POINT ( 'NONE',  ( 10.82392794407491188, -1.284139644821963300, -21.35675212030468373 ) ) ;
#4417 = LINE ( 'NONE', #2754, #2742 ) ;
#4418 = CARTESIAN_POINT ( 'NONE',  ( -7.717824693125331592, -9.771698977209798187, -4.212496258916358371 ) ) ;
#4419 = CARTESIAN_POINT ( 'NONE',  ( -2.198893562198367402, -13.98825530142149631, 4.787759717564291861 ) ) ;
#4420 = CARTESIAN_POINT ( 'NONE',  ( 2.280910863664275201, -11.86941605343791473, -3.803684911905058641 ) ) ;
#4421 = CARTESIAN_POINT ( 'NONE',  ( 4.500000000000000000, 5.510910596163088569E-16, 28.00000000000000000 ) ) ;
#4422 = CARTESIAN_POINT ( 'NONE',  ( -6.352224809620348189, -6.858433774416201167, -1.995297100829898751 ) ) ;
#4423 = EDGE_CURVE ( 'NONE', #3198, #5170, #1474, .T. ) ;
#4424 = CARTESIAN_POINT ( 'NONE',  ( -37.44576423215234939, 0.8655084827299585060, -13.31959133472753720 ) ) ;
#4425 = CARTESIAN_POINT ( 'NONE',  ( 4.000000000000000000, 12.99999999999999822, -3.487355617657803553 ) ) ;
#4426 = CARTESIAN_POINT ( 'NONE',  ( -7.950111102709374933, -12.78950312691052638, -8.137230841216673838 ) ) ;
#4427 = DIRECTION ( 'NONE',  ( 1.000000000000000000, 0.000000000000000000, 0.000000000000000000 ) ) ;
#4428 = CARTESIAN_POINT ( 'NONE',  ( 6.105378815527750191, -9.226922611244818384, 3.642531510977703668 ) ) ;
#4429 = CARTESIAN_POINT ( 'NONE',  ( -25.38604180732805915, 1.002503667588226399, -16.42425174810884059 ) ) ;
#4430 = CARTESIAN_POINT ( 'NONE',  ( 7.888045260258791380, -1.174913615523079269, 18.55137885906779971 ) ) ;
#4431 = VERTEX_POINT ( 'NONE', #2291 ) ;
#4432 = CARTESIAN_POINT ( 'NONE',  ( 33.39663472814211786, -16.97215497356215153, -5.987355617657803997 ) ) ;
#4433 = CARTESIAN_POINT ( 'NONE',  ( 29.94145695991995026, -19.59610931249806498, -26.46984268913925220 ) ) ;
#4434 = EDGE_CURVE ( 'NONE', #3957, #3588, #3951, .T. ) ;
#4435 = CARTESIAN_POINT ( 'NONE',  ( -10.91867450913550464, 5.403298513085940336, -20.62722861445172384 ) ) ;
#4436 = CARTESIAN_POINT ( 'NONE',  ( 4.164983847486852575, 39.28015289231393581, -0.9873556176578023313 ) ) ;
#4437 = CARTESIAN_POINT ( 'NONE',  ( 0.000000000000000000, 0.000000000000000000, -8.608009253327193022 ) ) ;
#4438 = CARTESIAN_POINT ( 'NONE',  ( 2.657678728112330191, -0.2095791755656137290, 31.08155262334429381 ) ) ;
#4439 = CARTESIAN_POINT ( 'NONE',  ( -8.912118218064879471, -17.50530890134257689, -11.89903020378380383 ) ) ;
#4440 = B_SPLINE_CURVE_WITH_KNOTS ( 'NONE', 3,
 ( #4429, #5260, #4857, #1198 ),
 .UNSPECIFIED., .F., .F.,
 ( 4, 4 ),
 ( 6.505213034913026604E-19, 0.0009999767145885570235 ),
 .UNSPECIFIED. ) ;
#4441 = EDGE_LOOP ( 'NONE', ( #3179, #2260, #2195, #4619 ) ) ;
#4442 = CARTESIAN_POINT ( 'NONE',  ( 2.500000000000000000, 37.41657386773944438, -0.6999999999999992895 ) ) ;
#4443 = DIRECTION ( 'NONE',  ( -0.000000000000000000, -0.000000000000000000, -1.000000000000000000 ) ) ;
#4444 = CARTESIAN_POINT ( 'NONE',  ( -5.058626026048056445, -5.003428837486813663, -12.55030736780615008 ) ) ;
#4445 = MECHANICAL_DESIGN_GEOMETRIC_PRESENTATION_REPRESENTATION (  '', ( #2562 ), #2738 ) ;
#4446 = CARTESIAN_POINT ( 'NONE',  ( -6.659633598477470606, -7.586087722194113425, -2.432991733781338706 ) ) ;
#4447 = CARTESIAN_POINT ( 'NONE',  ( 6.785148448975710345, -5.516306411026378420, 2.540305820739309439 ) ) ;
#4448 = CARTESIAN_POINT ( 'NONE',  ( -3.733316176659092989, -3.293688818513063055, -2.864536253712666181 ) ) ;
#4449 = VECTOR ( 'NONE', #3856, 1000.000000000000000 ) ;
#4450 = FACE_OUTER_BOUND ( 'NONE', #4415, .T. ) ;
#4451 = CARTESIAN_POINT ( 'NONE',  ( 6.330563543517816250, 4.495655443616451308, 0.4709117964536760348 ) ) ;
#4452 = ORIENTED_EDGE ( 'NONE', *, *, #1918, .F. ) ;
#4453 = DIRECTION ( 'NONE',  ( 0.000000000000000000, 0.000000000000000000, -1.000000000000000000 ) ) ;
#4454 = CARTESIAN_POINT ( 'NONE',  ( 6.048822034981057527, -14.12896190303402122, -1.542196799940916963 ) ) ;
#4455 = CARTESIAN_POINT ( 'NONE',  ( -24.63537337810527461, -4.913365498942090070, 3.557175420242839614 ) ) ;
#4456 = VECTOR ( 'NONE', #1561, 1000.000000000000000 ) ;
#4457 = CYLINDRICAL_SURFACE ( 'NONE', #2827, 27.99999999999999645 ) ;
#4458 = CARTESIAN_POINT ( 'NONE',  ( 1.368318318564969216, -5.237463721993309562, -25.13059769438547875 ) ) ;
#4459 = CARTESIAN_POINT ( 'NONE',  ( -4.804925919691181768, 37.19120708492680194, -1.114848626656862240 ) ) ;
#4460 = EDGE_LOOP ( 'NONE', ( #5184, #3772, #2839, #2269 ) ) ;
#4461 = CARTESIAN_POINT ( 'NONE',  ( 33.42973172877005084, -16.99126353578406068, -7.735807271117630890 ) ) ;
#4462 = CARTESIAN_POINT ( 'NONE',  ( -5.202978703704856045, -11.76647081611415935, 2.652964180470664513 ) ) ;
#4463 = VECTOR ( 'NONE', #2319, 1000.000000000000000 ) ;
#4464 = DIRECTION ( 'NONE',  ( -0.000000000000000000, -0.000000000000000000, 1.000000000000000000 ) ) ;
#4465 = CARTESIAN_POINT ( 'NONE',  ( 10.92423129268214943, -13.61246115986110716, 3.889015676811025113 ) ) ;
#4466 = CARTESIAN_POINT ( 'NONE',  ( 16.70698920635343754, -0.3747472192043024286, -24.12433009034439735 ) ) ;
#4467 = ORIENTED_EDGE ( 'NONE', *, *, #3503, .T. ) ;
#4468 = CARTESIAN_POINT ( 'NONE',  ( -31.39663472814239498, -20.43625658869946449, -5.987355617657803997 ) ) ;
#4469 = CARTESIAN_POINT ( 'NONE',  ( 15.05273336207623203, 0.6757830390636219153, -18.70579255636640781 ) ) ;
#4470 = CARTESIAN_POINT ( 'NONE',  ( -18.83101549982052347, 4.532012755455002484, 15.85098172862004695 ) ) ;
#4471 = CARTESIAN_POINT ( 'NONE',  ( -1.442323379938286854, -7.802556033239691935, -22.50239513041514527 ) ) ;
#4472 = CARTESIAN_POINT ( 'NONE',  ( -15.59479077379710787, 2.301422764456280579, -22.20262884683643989 ) ) ;
#4473 = FACE_OUTER_BOUND ( 'NONE', #1147, .T. ) ;
#4474 = CARTESIAN_POINT ( 'NONE',  ( 16.06083610510017934, 5.403298513085940336, 0.8577648066607606037 ) ) ;
#4475 = DIRECTION ( 'NONE',  ( 0.000000000000000000, -0.000000000000000000, 1.000000000000000000 ) ) ;
#4476 = DIRECTION ( 'NONE',  ( 0.8660254037844363761, -0.5000000000000039968, 0.000000000000000000 ) ) ;
#4477 = ORIENTED_EDGE ( 'NONE', *, *, #4483, .T. ) ;
#4478 = CARTESIAN_POINT ( 'NONE',  ( -6.934970976876845050, 1.391165980791498669, 15.68371998261939737 ) ) ;
#4479 = CARTESIAN_POINT ( 'NONE',  ( -32.89300592056289929, -18.02764253192114197, 4.097773114997387722 ) ) ;
#4480 = CARTESIAN_POINT ( 'NONE',  ( -2.928538524681167932, -3.269395345652285734, -1.771475797056807577 ) ) ;
#4481 = DIRECTION ( 'NONE',  ( -0.000000000000000000, -0.000000000000000000, 1.000000000000000000 ) ) ;
#4482 = CARTESIAN_POINT ( 'NONE',  ( 16.68743386551243546, 0.6392039749995118703, -24.15232770510128901 ) ) ;
#4483 = EDGE_CURVE ( 'NONE', #1405, #620, #2508, .T. ) ;
#4484 = CARTESIAN_POINT ( 'NONE',  ( -5.882612924966468704, 37.03591255203397736, -1.834189568401140447 ) ) ;
#4485 = ORIENTED_EDGE ( 'NONE', *, *, #2866, .T. ) ;
#4486 = CARTESIAN_POINT ( 'NONE',  ( -23.30844595613863035, 0.3852578542979956389, -20.19466514366645882 ) ) ;
#4487 = B_SPLINE_SURFACE_WITH_KNOTS ( 'NONE', 3, 3, ( 
 ( #2077, #4909, #2517, #4959, #790, #4094, #815, #450, #2002, #4506, #1244, #3684, #1271, #4146, #2932, #5259 ),
 ( #2049, #2823, #4480, #2414, #3706, #4935, #2852, #4069, #21, #4120, #4556, #1673, #867, #403, #4455, #1621 ),
 ( #3230, #2024, #2493, #2877, #1225, #3661, #473, #3259, #893, #2441, #1644, #3287, #838, #2100, #3737, #75 ),
 ( #1701, #3340, #2208, #3367, #1389, #987, #1043, #107, #1013, #3826, #3449, #3069, #2236, #3882, #2575, #4254 ),
 ( #3798, #2604, #611, #2156, #5067, #4279, #3855, #1409, #4668, #4987, #3043, #1845, #1438, #5013, #2958, #3420 ),
 ( #3471, #2631, #134, #1326, #4695, #4642, #502, #2130, #529, #582, #4198, #3765, #193, #926, #1356, #1733 ),
 ( #4587, #2550, #1761, #1816, #3390, #2986, #161, #4615, #958, #4227, #554, #2181, #1789, #5039, #4326, #2984 ) ),
 .UNSPECIFIED., .F., .F., .F.,
 ( 4, 3, 4 ),
 ( 4, 1, 1, 1, 1, 1, 1, 1, 1, 1, 1, 1, 1, 4 ),
 ( -0.05066423445654776037, 0.000000000000000000, 1.000000000000000000 ),
 ( 0.000000000000000000, 0.07547820191944100421, 0.1133852450234320852, 0.1891270525913288370, 0.2649876782291051835, 0.3413232437502762839, 0.4203125869419977456, 0.5041872106849611956, 0.5936629732079360400, 0.6872577682256519882, 0.7816445893033762138, 0.8729534005875740910, 0.9168135972314199744, 1.000000000000000000 ),
 .UNSPECIFIED. ) ;
#4488 = AXIS2_PLACEMENT_3D ( 'NONE', #997, #2193, #3460 ) ;
#4489 = EDGE_CURVE ( 'NONE', #216, #3321, #5078, .T. ) ;
#4490 = CARTESIAN_POINT ( 'NONE',  ( 6.372170397086566851, 38.98268206603205499, -2.681287020704611113 ) ) ;
#4491 = CARTESIAN_POINT ( 'NONE',  ( 10.39315548730709793, -3.354763097834782215, 17.00741742426510328 ) ) ;
#4492 = ORIENTED_EDGE ( 'NONE', *, *, #814, .T. ) ;
#4493 = CARTESIAN_POINT ( 'NONE',  ( 2.000000000000000000, 16.88194301613413018, 3.500000000000000000 ) ) ;
#4494 = CARTESIAN_POINT ( 'NONE',  ( 12.08248556602206847, 0.1023687767832380385, -20.74142744847714681 ) ) ;
#4495 = CARTESIAN_POINT ( 'NONE',  ( -9.444520519662956914, 1.185071883108493429, 23.99193323835018887 ) ) ;
#4496 = CARTESIAN_POINT ( 'NONE',  ( -7.870862129225643322, -12.11645439348209585, -6.083864381566730373 ) ) ;
#4497 = CARTESIAN_POINT ( 'NONE',  ( 5.446362435041046446, -3.462634854778903648, 0.3950161851177975691 ) ) ;
#4498 = DIRECTION ( 'NONE',  ( 0.000000000000000000, 1.000000000000000000, 0.000000000000000000 ) ) ;
#4499 = CARTESIAN_POINT ( 'NONE',  ( -26.18005129023049804, -0.05259223409247576475, -14.52239845143220265 ) ) ;
#4500 = EDGE_CURVE ( 'NONE', #3508, #1330, #2140, .T. ) ;
#4501 = CARTESIAN_POINT ( 'NONE',  ( -4.162402935644453628, -1.256296460472692500, 2.903581953970276519 ) ) ;
#4502 = VERTEX_POINT ( 'NONE', #3154 ) ;
#4503 = CARTESIAN_POINT ( 'NONE',  ( -2.778559092736600622, -1.266628304405165828, 7.540568493096157177 ) ) ;
#4504 = ADVANCED_FACE ( 'NONE', ( #2797 ), #3974, .T. ) ;
#4505 = CARTESIAN_POINT ( 'NONE',  ( 12.43788603588387431, -8.889526931675316490, 10.04601582428487205 ) ) ;
#4506 = CARTESIAN_POINT ( 'NONE',  ( -13.98708418971169820, -13.09740864835578478, 7.312367168287805974 ) ) ;
#4507 = CARTESIAN_POINT ( 'NONE',  ( 22.99578144072499697, 0.8655084827299585060, -25.76918742180309607 ) ) ;
#4508 = EDGE_CURVE ( 'NONE', #1473, #2006, #3536, .T. ) ;
#4509 = CARTESIAN_POINT ( 'NONE',  ( -3.631102569626045717, -16.50000000000000000, -2.096418046028730053 ) ) ;
#4510 = VERTEX_POINT ( 'NONE', #3129 ) ;
#4511 = CARTESIAN_POINT ( 'NONE',  ( -25.87225189645587164, -0.1165335012889780614, -15.42187549953619552 ) ) ;
#4512 = AXIS2_PLACEMENT_3D ( 'NONE', #2943, #903, #4239 ) ;
#4513 = CARTESIAN_POINT ( 'NONE',  ( -5.996593342623492973, 1.005065943049477273, 11.95321720084827888 ) ) ;
#4514 = DIRECTION ( 'NONE',  ( 0.000000000000000000, -1.000000000000000000, -3.491481338843133355E-15 ) ) ;
#4515 = CARTESIAN_POINT ( 'NONE',  ( 4.646454332536325005, -17.33100612497764459, -4.015964282108251737 ) ) ;
#4516 = ADVANCED_FACE ( 'NONE', ( #3560 ), #5182, .T. ) ;
#4517 = CARTESIAN_POINT ( 'NONE',  ( -26.76805835381235354, 0.2714858184318486023, -8.542140933205493170 ) ) ;
#4518 = CARTESIAN_POINT ( 'NONE',  ( 5.877396369893976846, -3.502288341121528426, -22.93049747706553987 ) ) ;
#4519 = CARTESIAN_POINT ( 'NONE',  ( -5.496998510493700252, 0.9468388815873615139, -6.735214478062974131 ) ) ;
#4520 = CARTESIAN_POINT ( 'NONE',  ( 12.81982023610064481, -8.250585442190281782, 9.920729871191161564 ) ) ;
#4521 = CARTESIAN_POINT ( 'NONE',  ( -1.457136725755200590, -7.747485484793904753, -22.52360357432893068 ) ) ;
#4522 = CARTESIAN_POINT ( 'NONE',  ( 1.799102117675274837, -3.621788374099385699, -1.191639711571230276 ) ) ;
#4523 = DIRECTION ( 'NONE',  ( 0.000000000000000000, 0.000000000000000000, 1.000000000000000000 ) ) ;
#4524 = CARTESIAN_POINT ( 'NONE',  ( 0.1280135833130842948, 2.979329600615873819, 1.429643220617307975 ) ) ;
#4525 = PRODUCT_DEFINITION_SHAPE ( 'NONE', 'NONE',  #4237 ) ;
#4526 = FACE_OUTER_BOUND ( 'NONE', #4041, .T. ) ;
#4527 = CARTESIAN_POINT ( 'NONE',  ( -6.605085343698099187, -13.19349105065374772, -15.24568692407494552 ) ) ;
#4528 = ORIENTED_EDGE ( 'NONE', *, *, #2286, .T. ) ;
#4529 = CARTESIAN_POINT ( 'NONE',  ( -1.955888904953445806, -7.713055078895869165, -11.35646539272842759 ) ) ;
#4530 = CARTESIAN_POINT ( 'NONE',  ( -2.500000000000000000, 15.99999999999999645, -0.6999999999999987343 ) ) ;
#4531 = ADVANCED_FACE ( 'NONE', ( #4784 ), #3919, .F. ) ;
#4532 = FACE_OUTER_BOUND ( 'NONE', #4754, .T. ) ;
#4533 = CARTESIAN_POINT ( 'NONE',  ( -5.178983417391266109, 0.002673960150332530244, 23.90930336807550560 ) ) ;
#4534 = CARTESIAN_POINT ( 'NONE',  ( -9.937094528887699951, -18.29459877822634439, -21.05770101488339563 ) ) ;
#4535 = ORIENTED_EDGE ( 'NONE', *, *, #5058, .T. ) ;
#4536 = CARTESIAN_POINT ( 'NONE',  ( -25.38696988788652931, -5.131059243614472187, 2.388652051005942134 ) ) ;
#4537 = CARTESIAN_POINT ( 'NONE',  ( 16.31924154034832952, -13.11023924495250448, 6.215262525320676801 ) ) ;
#4538 = CARTESIAN_POINT ( 'NONE',  ( -5.721287907296235709, 1.024136606814753048, 15.92646343226183525 ) ) ;
#4539 = CARTESIAN_POINT ( 'NONE',  ( 10.37499084709127928, -18.21080945906489390, -0.3882545089020782436 ) ) ;
#4540 = CARTESIAN_POINT ( 'NONE',  ( 8.760867096217246797, 4.141832404562623360, 0.9406076531249202288 ) ) ;
#4541 = CARTESIAN_POINT ( 'NONE',  ( 3.284128914131775545, -3.776997930133945580, -9.667457859126171726 ) ) ;
#4542 = CARTESIAN_POINT ( 'NONE',  ( -38.14689821203133135, 0.8543981835887536347, -12.91479173458115959 ) ) ;
#4543 = ORIENTED_EDGE ( 'NONE', *, *, #321, .F. ) ;
#4544 = CARTESIAN_POINT ( 'NONE',  ( 1.000000000000000000, 16.97056274847713908, -30.98735561765780488 ) ) ;
#4545 = CARTESIAN_POINT ( 'NONE',  ( -5.986392803199266588, 39.04384113922883870, -5.014057488372333005 ) ) ;
#4546 = CARTESIAN_POINT ( 'NONE',  ( 4.707550008174301581, 0.2385464147223671783, 20.89768421661007380 ) ) ;
#4547 = CARTESIAN_POINT ( 'NONE',  ( -7.494520651071729489, -13.68554685934253001, -12.41552288022685602 ) ) ;
#4548 = EDGE_CURVE ( 'NONE', #3090, #4172, #2745, .T. ) ;
#4549 = CARTESIAN_POINT ( 'NONE',  ( -10.38563528008529246, 1.945304946936090129, -13.00038835019536698 ) ) ;
#4550 = CARTESIAN_POINT ( 'NONE',  ( 11.01769444959573008, -5.064252818088201380, 14.02440062837886003 ) ) ;
#4551 = CARTESIAN_POINT ( 'NONE',  ( 33.42822569215917383, 0.000000000000000000, -35.37253856727842560 ) ) ;
#4552 = CARTESIAN_POINT ( 'NONE',  ( 22.66873856019207167, 4.713067535161084010, 2.098581384858626997 ) ) ;
#4553 = CARTESIAN_POINT ( 'NONE',  ( 0.000000000000000000, 0.000000000000000000, -0.6999999999999992895 ) ) ;
#4554 = EDGE_LOOP ( 'NONE', ( #4662, #4933, #2720, #4738, #1083, #4610, #43, #2127 ) ) ;
#4555 = CARTESIAN_POINT ( 'NONE',  ( -13.06264442820251759, 3.508188989425394588, 15.55019922614892991 ) ) ;
#4556 = CARTESIAN_POINT ( 'NONE',  ( -17.29539792841474721, -11.70602942712624461, 7.623826129390480766 ) ) ;
#4557 = CARTESIAN_POINT ( 'NONE',  ( -1.594713686577517331, -0.1122089501053973454, 23.32468282860421738 ) ) ;
#4558 = CARTESIAN_POINT ( 'NONE',  ( -3.844443367774956322, -10.31914108975963096, -21.94517459139125393 ) ) ;
#4559 = FACE_OUTER_BOUND ( 'NONE', #759, .T. ) ;
#4560 = VERTEX_POINT ( 'NONE', #4047 ) ;
#4561 = CARTESIAN_POINT ( 'NONE',  ( -18.07731065908175694, -12.44129889351899187, 7.763131916425716206 ) ) ;
#4562 = DIRECTION ( 'NONE',  ( -0.5000000000000039968, -0.8660254037844363761, 0.000000000000000000 ) ) ;
#4563 = CARTESIAN_POINT ( 'NONE',  ( -5.161910032361559431, 1.001775467301855516, 23.90793418135679360 ) ) ;
#4564 = CARTESIAN_POINT ( 'NONE',  ( 0.000000000000000000, 0.000000000000000000, -30.98735561765780488 ) ) ;
#4565 = APPLICATION_PROTOCOL_DEFINITION ( 'draft international standard', 'automotive_design', 1998, #5035 ) ;
#4566 = CARTESIAN_POINT ( 'NONE',  ( -7.881665139625837924, 0.2403421282323012775, 22.58363854354783840 ) ) ;
#4567 = ADVANCED_FACE ( 'NONE', ( #1976 ), #1581, .F. ) ;
#4568 = CARTESIAN_POINT ( 'NONE',  ( 0.1616550971010572157, -6.447695287019660881, -11.29959309207823459 ) ) ;
#4569 = CARTESIAN_POINT ( 'NONE',  ( -20.54432384017738400, -7.749503158487250687, 4.830876371978537698 ) ) ;
#4570 = VERTEX_POINT ( 'NONE', #4074 ) ;
#4571 = EDGE_CURVE ( 'NONE', #179, #5032, #5093, .T. ) ;
#4572 = CARTESIAN_POINT ( 'NONE',  ( 1.007035208822311567, -1.142966259026596099, -4.000503274077178872 ) ) ;
#4573 = FACE_OUTER_BOUND ( 'NONE', #4338, .T. ) ;
#4574 = DIRECTION ( 'NONE',  ( -0.3535533905932767285, -0.6123724356957930270, -0.7071067811865473507 ) ) ;
#4575 = AXIS2_PLACEMENT_3D ( 'NONE', #4829, #4910, #4043 ) ;
#4576 = CARTESIAN_POINT ( 'NONE',  ( -5.022326326723135281, -1.885455242007313625, 2.719125934568566549 ) ) ;
#4577 = ADVANCED_FACE ( 'NONE', ( #1305 ), #98, .F. ) ;
#4578 = AXIS2_PLACEMENT_3D ( 'NONE', #328, #2767, #5235 ) ;
#4579 = CARTESIAN_POINT ( 'NONE',  ( -23.78940271193543765, -7.021695351009814345, 4.387735442623804438 ) ) ;
#4580 = AXIS2_PLACEMENT_3D ( 'NONE', #2677, #1952, #4368 ) ;
#4581 = ORIENTED_EDGE ( 'NONE', *, *, #1191, .F. ) ;
#4582 = CARTESIAN_POINT ( 'NONE',  ( -0.5867875158829363169, -1.536299407499047920, -1.441547309224459728 ) ) ;
#4583 = CARTESIAN_POINT ( 'NONE',  ( 1.316410163365272723, -11.57848043406297656, -2.853524822248668880 ) ) ;
#4584 = PRODUCT_DEFINITION_CONTEXT ( 'detailed design', #939, 'design' ) ;
#4585 = CARTESIAN_POINT ( 'NONE',  ( -11.86377866464215636, 1.139926026898211431, 23.89353640575609106 ) ) ;
#4586 = DIRECTION ( 'NONE',  ( 0.000000000000000000, 1.000000000000000000, 0.000000000000000000 ) ) ;
#4587 = CARTESIAN_POINT ( 'NONE',  ( -3.473685870924466457, -2.409491935214245650, -4.247826454810366137 ) ) ;
#4588 = ADVANCED_FACE ( 'NONE', ( #3100 ), #4620, .F. ) ;
#4589 = CARTESIAN_POINT ( 'NONE',  ( 2.748123238949056191, -0.5233178665651063710, 21.80014337509466671 ) ) ;
#4590 = CARTESIAN_POINT ( 'NONE',  ( 7.380259763998779476, -1.433833973925762617, -13.00382560290671208 ) ) ;
#4591 = CARTESIAN_POINT ( 'NONE',  ( 12.49413004865402321, -7.073368753695588929, 11.32148108739336223 ) ) ;
#4592 = EDGE_LOOP ( 'NONE', ( #3012, #4467, #1520, #4650, #1256, #5025, #2253, #3925, #2955, #5218, #2963, #653, #3862, #534, #1361, #3819 ) ) ;
#4593 = CARTESIAN_POINT ( 'NONE',  ( -21.88379466895181125, 0.2157862929066043656, -21.85330028153706650 ) ) ;
#4594 = CIRCLE ( 'NONE', #1783, 16.99999999999999645 ) ;
#4595 = APPLICATION_CONTEXT ( 'automotive_design' ) ;
#4596 = CARTESIAN_POINT ( 'NONE',  ( -6.017587983410974672, 0.01584644949692251906, 15.95203511649239125 ) ) ;
#4597 = SHAPE_DEFINITION_REPRESENTATION ( #2561, #4337 ) ;
#4598 = CARTESIAN_POINT ( 'NONE',  ( 9.864235683125494702, -13.34976334848264479, 3.483524381828253969 ) ) ;
#4599 = CARTESIAN_POINT ( 'NONE',  ( -5.318267034089068090, -0.3508789735508044405, 12.08444362174686404 ) ) ;
#4600 = EDGE_CURVE ( 'NONE', #4300, #991, #3727, .T. ) ;
#4601 = CARTESIAN_POINT ( 'NONE',  ( 9.551765179762895741, -1.130351673670672463, -10.47585412607561040 ) ) ;
#4602 = CARTESIAN_POINT ( 'NONE',  ( -13.79547736449335815, -19.03249620488767846, 11.52654503413152298 ) ) ;
#4603 = EDGE_LOOP ( 'NONE', ( #3462, #2418, #4238, #188, #138 ) ) ;
#4604 = CARTESIAN_POINT ( 'NONE',  ( 7.111424965873111681, -1.809997501198506997, -22.81597724760561618 ) ) ;
#4605 = CARTESIAN_POINT ( 'NONE',  ( 13.35640646055097847, -8.866025403784499659, -30.98735561765780488 ) ) ;
#4606 = CARTESIAN_POINT ( 'NONE',  ( -5.327077257681705369, -5.725760012155329370, -1.468556505373033616 ) ) ;
#4607 = CARTESIAN_POINT ( 'NONE',  ( -2.000000000000000000, 37.44662868670557287, -8.608009253327193022 ) ) ;
#4608 = CARTESIAN_POINT ( 'NONE',  ( 5.106130723812825956, 37.15105176788308228, -1.239426243167154995 ) ) ;
#4609 = CARTESIAN_POINT ( 'NONE',  ( -27.20358320149626863, -2.180747122671457205, -2.598426921862589278 ) ) ;
#4610 = ORIENTED_EDGE ( 'NONE', *, *, #4500, .F. ) ;
#4611 = CARTESIAN_POINT ( 'NONE',  ( 1.119120095276998406, -9.284043813955648261, -0.4894849642182227401 ) ) ;
#4612 = CARTESIAN_POINT ( 'NONE',  ( -9.829839355447386851, 3.550353011081524457, 6.090820408023676080 ) ) ;
#4613 = CARTESIAN_POINT ( 'NONE',  ( -38.13964707460937831, -0.1444175817484975866, -12.93029444605318901 ) ) ;
#4614 = CARTESIAN_POINT ( 'NONE',  ( -6.838464452622663003, 0.9413954366076310309, -0.03657275791871310300 ) ) ;
#4615 = CARTESIAN_POINT ( 'NONE',  ( -7.191567900088323917, -14.00868713355947648, 4.369781668912577466 ) ) ;
#4616 = CARTESIAN_POINT ( 'NONE',  ( 16.69620549254457842, 1.182198194872635444, -18.87736926204294718 ) ) ;
#4617 = AXIS2_PLACEMENT_3D ( 'NONE', #2820, #4453, #788 ) ;
#4618 = CARTESIAN_POINT ( 'NONE',  ( 0.07364781994471035487, -7.687912673259001295, -22.55736069780791198 ) ) ;
#4619 = ORIENTED_EDGE ( 'NONE', *, *, #2705, .F. ) ;
#4620 = PLANE ( 'NONE',  #2104 ) ;
#4621 = AXIS2_PLACEMENT_3D ( 'NONE', #140, #4206, #2994 ) ;
#4622 = CARTESIAN_POINT ( 'NONE',  ( -23.20317388622879662, -7.687912673259001295, 4.925645327812108398 ) ) ;
#4623 = ORIENTED_EDGE ( 'NONE', *, *, #1502, .T. ) ;
#4624 = FACE_OUTER_BOUND ( 'NONE', #4860, .T. ) ;
#4625 = CARTESIAN_POINT ( 'NONE',  ( -5.181012632682197250, -3.495071929382668863, -2.861225249139995874 ) ) ;
#4626 = DIRECTION ( 'NONE',  ( -0.000000000000000000, -0.000000000000000000, 1.000000000000000000 ) ) ;
#4627 = CARTESIAN_POINT ( 'NONE',  ( 1.513816914796518809, -9.610630658898891454, 4.509522340912463179 ) ) ;
#4628 = ORIENTED_EDGE ( 'NONE', *, *, #176, .F. ) ;
#4629 = CARTESIAN_POINT ( 'NONE',  ( 3.987762334760735161, -3.597859430732766040, -23.31732085281204547 ) ) ;
#4630 = CARTESIAN_POINT ( 'NONE',  ( 12.16209264896620290, -6.591959189749702297, 12.27865153847360524 ) ) ;
#4631 = CARTESIAN_POINT ( 'NONE',  ( -5.070463587342595169, -12.06560287195379111, -18.58046463716067720 ) ) ;
#4632 = DIRECTION ( 'NONE',  ( -0.000000000000000000, -0.000000000000000000, -1.000000000000000000 ) ) ;
#4633 = CARTESIAN_POINT ( 'NONE',  ( 13.01452139990004042, 0.07395567368357994220, -25.76293251738423606 ) ) ;
#4634 = CARTESIAN_POINT ( 'NONE',  ( -27.40488862057904029, -0.3836310392159802962, -9.535050295522310648 ) ) ;
#4635 = CONICAL_SURFACE ( 'NONE', #4889, 33.42822569215917383, 0.3019511618302511136 ) ;
#4636 = VERTEX_POINT ( 'NONE', #4259 ) ;
#4637 = CARTESIAN_POINT ( 'NONE',  ( 0.1722033786580596249, -7.297001122732984513, 1.154834931805217124 ) ) ;
#4638 = PRESENTATION_LAYER_ASSIGNMENT (  '', '', ( #1648 ) ) ;
#4639 = FACE_OUTER_BOUND ( 'NONE', #336, .T. ) ;
#4640 = CARTESIAN_POINT ( 'NONE',  ( -29.17498578345575666, -1.445245577369142831, -2.372823599932823324 ) ) ;
#4641 = CARTESIAN_POINT ( 'NONE',  ( -7.596690488352044746, 0.2603098459501939077, 0.02886919308432155801 ) ) ;
#4642 = CARTESIAN_POINT ( 'NONE',  ( -3.118414241160656797, -10.25466261572535309, 1.855363044180337040 ) ) ;
#4643 = CARTESIAN_POINT ( 'NONE',  ( -5.167622243925120706, 0.6692271663100134438, 23.90805166379206170 ) ) ;
#4644 = CARTESIAN_POINT ( 'NONE',  ( 19.84908742155943173, 0.9869730265624561127, -13.21084868974906534 ) ) ;
#4645 = CARTESIAN_POINT ( 'NONE',  ( -31.24217640360748049, -20.34708003345066274, -15.80261009972131880 ) ) ;
#4646 = ORIENTED_EDGE ( 'NONE', *, *, #194, .F. ) ;
#4647 = CARTESIAN_POINT ( 'NONE',  ( 17.27411333076713262, -0.1747761131046802197, -16.76352769115303687 ) ) ;
#4648 = CARTESIAN_POINT ( 'NONE',  ( 2.681018041599301682, 0.7966161984393176354, 31.07953822376211406 ) ) ;
#4649 = CARTESIAN_POINT ( 'NONE',  ( -18.19510912997915852, 1.030746430132152058, -12.91624640863711093 ) ) ;
#4650 = ORIENTED_EDGE ( 'NONE', *, *, #3970, .T. ) ;
#4651 = CARTESIAN_POINT ( 'NONE',  ( 0.2167636970893888348, -11.37946927084077409, -7.421849802774153737 ) ) ;
#4652 = CARTESIAN_POINT ( 'NONE',  ( -7.630643473129737231, -1.972615736267161024, 3.865575648427117539 ) ) ;
#4653 = EDGE_CURVE ( 'NONE', #2591, #2545, #588, .T. ) ;
#4654 = CARTESIAN_POINT ( 'NONE',  ( -4.453502227680502301, -11.97591980787239763, 3.506267538495979164 ) ) ;
#4655 = VERTEX_POINT ( 'NONE', #200 ) ;
#4656 = CARTESIAN_POINT ( 'NONE',  ( -15.10640646055106906, -5.834936490538761511, -0.6999999999999992895 ) ) ;
#4657 = CARTESIAN_POINT ( 'NONE',  ( -9.476698680506357775, -0.01464916010725123355, 23.99471051257457432 ) ) ;
#4658 = CARTESIAN_POINT ( 'NONE',  ( -3.023958536360201066, -10.77382151324567694, -20.70516460270167514 ) ) ;
#4659 = CARTESIAN_POINT ( 'NONE',  ( -6.496227100992477688, -0.6282125937812479410, 2.005672307655133046 ) ) ;
#4660 = CARTESIAN_POINT ( 'NONE',  ( 13.02041765230912951, -0.07851342996931752471, -26.56409078247394007 ) ) ;
#4661 = CARTESIAN_POINT ( 'NONE',  ( -11.24510153951199776, -14.26069493747989547, 5.926094425207727667 ) ) ;
#4662 = ORIENTED_EDGE ( 'NONE', *, *, #872, .F. ) ;
#4663 = CARTESIAN_POINT ( 'NONE',  ( -7.756212092197307229, -10.56492800640694973, -4.921921793467863182 ) ) ;
#4664 = AXIS2_PLACEMENT_3D ( 'NONE', #3764, #3658, #4145 ) ;
#4665 = CARTESIAN_POINT ( 'NONE',  ( -16.71392891210636478, 4.279232498061309009, 17.06420066478358422 ) ) ;
#4666 = CARTESIAN_POINT ( 'NONE',  ( -23.21776925232255451, -7.840692648202232995, 5.230085129598143645 ) ) ;
#4667 = CARTESIAN_POINT ( 'NONE',  ( -4.608561271870150300, -1.601675760653962666, -1.240279451181415027 ) ) ;
#4668 = CARTESIAN_POINT ( 'NONE',  ( -10.51337880700865490, -13.96235502292571695, 6.146791207763067533 ) ) ;
#4669 = CIRCLE ( 'NONE', #58, 32.07177430784081906 ) ;
#4670 = CARTESIAN_POINT ( 'NONE',  ( 9.930706385613444098, -3.757609887712812569, 16.20582851463523255 ) ) ;
#4671 = CARTESIAN_POINT ( 'NONE',  ( 19.83636737912635795, 0.7455642059420704015, -18.89626012623723028 ) ) ;
#4672 = EDGE_CURVE ( 'NONE', #1801, #994, #658, .T. ) ;
#4673 = CARTESIAN_POINT ( 'NONE',  ( 31.42973172877003307, -20.45536515092180352, -7.735807271117635331 ) ) ;
#4674 = CARTESIAN_POINT ( 'NONE',  ( -25.38604180732805915, 1.002503667588226399, -16.42425174810884059 ) ) ;
#4675 = ORIENTED_EDGE ( 'NONE', *, *, #4653, .T. ) ;
#4676 = CARTESIAN_POINT ( 'NONE',  ( -5.538641881465706795, -13.60486805153882983, -18.58576014196599857 ) ) ;
#4677 = CARTESIAN_POINT ( 'NONE',  ( -25.38612847613253365, 1.001775467301855516, -16.42431231075334708 ) ) ;
#4678 = EDGE_CURVE ( 'NONE', #3311, #5234, #5214, .T. ) ;
#4679 = ORIENTED_EDGE ( 'NONE', *, *, #3023, .F. ) ;
#4680 = CARTESIAN_POINT ( 'NONE',  ( -12.66769935017812543, 5.005996344732171366, -25.96329143432740238 ) ) ;
#4681 = DIRECTION ( 'NONE',  ( -0.000000000000000000, -0.000000000000000000, 1.000000000000000000 ) ) ;
#4682 = CARTESIAN_POINT ( 'NONE',  ( -4.228843503967571138, -0.08869733029911845701, 21.06950443443598431 ) ) ;
#4683 = CARTESIAN_POINT ( 'NONE',  ( 16.21431690638565826, 4.928985604884805305, 1.887105100727149543 ) ) ;
#4684 = CARTESIAN_POINT ( 'NONE',  ( -23.44690489284864299, 0.9065504792666613243, -14.08501830398287424 ) ) ;
#4685 = EDGE_LOOP ( 'NONE', ( #5143, #5101, #4315, #3394 ) ) ;
#4686 = CARTESIAN_POINT ( 'NONE',  ( -35.33774181865160102, 4.582490048681385106E-15, -35.96730588536621553 ) ) ;
#4687 = CARTESIAN_POINT ( 'NONE',  ( -6.798506953539393827, -1.532314685739468274, -6.014995945025717994 ) ) ;
#4688 = CARTESIAN_POINT ( 'NONE',  ( -2.022493228459507186, -2.153204484517838857, -1.136163038591734287 ) ) ;
#4689 = DIRECTION ( 'NONE',  ( 1.000000000000000000, 0.000000000000000000, 0.000000000000000000 ) ) ;
#4690 = CARTESIAN_POINT ( 'NONE',  ( -8.266048686439187776, -16.96119526290398127, -21.67504347912794316 ) ) ;
#4691 = CARTESIAN_POINT ( 'NONE',  ( -9.480676253498167227, -14.25198311117192951, 5.323666153905467269 ) ) ;
#4692 = CARTESIAN_POINT ( 'NONE',  ( 0.000000000000000000, 0.000000000000000000, 6.500000000000000888 ) ) ;
#4693 = CARTESIAN_POINT ( 'NONE',  ( -18.64518420624927586, -10.62454526031189594, 5.855387706346644627 ) ) ;
#4694 = CARTESIAN_POINT ( 'NONE',  ( -6.843413838800443294, 0.9369495913722551972, -0.03614557991046940533 ) ) ;
#4695 = CARTESIAN_POINT ( 'NONE',  ( -2.267538987931394967, -7.808785057625740933, 0.3936714590559980409 ) ) ;
#4696 = DIRECTION ( 'NONE',  ( -0.000000000000000000, -0.000000000000000000, 1.000000000000000000 ) ) ;
#4697 = CARTESIAN_POINT ( 'NONE',  ( 7.331147009226076428, -1.752292614494797007, -21.57494091977833861 ) ) ;
#4698 = PLANE ( 'NONE',  #1643 ) ;
#4699 = CYLINDRICAL_SURFACE ( 'NONE', #2405, 37.50000000000000000 ) ;
#4700 = EDGE_LOOP ( 'NONE', ( #795, #331, #941, #1241 ) ) ;
#4701 = DIRECTION ( 'NONE',  ( 0.000000000000000000, 0.000000000000000000, -1.000000000000000000 ) ) ;
#4702 = FACE_OUTER_BOUND ( 'NONE', #4441, .T. ) ;
#4703 = ORIENTED_EDGE ( 'NONE', *, *, #3237, .T. ) ;
#4704 = CARTESIAN_POINT ( 'NONE',  ( 1.373764662491617328, 0.6637917860483776300, -1.777166999020993954 ) ) ;
#4705 = AXIS2_PLACEMENT_3D ( 'NONE', #515, #3611, #2249 ) ;
#4706 = CARTESIAN_POINT ( 'NONE',  ( 1.411513550825107544, -12.43260053629966855, -3.617679685892152275 ) ) ;
#4707 = CARTESIAN_POINT ( 'NONE',  ( -16.73900376970323123, 1.653318398539258993, 21.05711287817397448 ) ) ;
#4708 = CONICAL_SURFACE ( 'NONE', #527, 33.98129043433324625, 0.3019511618302520017 ) ;
#4709 = CARTESIAN_POINT ( 'NONE',  ( -26.05382500063209150, 1.051420188418202173, -18.68113065581697541 ) ) ;
#4710 = EDGE_CURVE ( 'NONE', #842, #3483, #3646, .T. ) ;
#4711 = ORIENTED_EDGE ( 'NONE', *, *, #641, .F. ) ;
#4712 = CARTESIAN_POINT ( 'NONE',  ( 1.671974813152506734, 16.93827857938545733, 1.684712538120779701 ) ) ;
#4713 = CARTESIAN_POINT ( 'NONE',  ( -6.037060898839571088, -11.01869431417561351, 2.289096241838409540 ) ) ;
#4714 = PLANE ( 'NONE',  #4580 ) ;
#4715 = CARTESIAN_POINT ( 'NONE',  ( 13.18971907116953446, 0.03266163378390340294, -9.057953751796205211 ) ) ;
#4716 = CARTESIAN_POINT ( 'NONE',  ( -1.995480794291317528, -3.248384813886028954, 2.646261693321644515 ) ) ;
#4717 = CARTESIAN_POINT ( 'NONE',  ( 17.73123482405379292, 0.01076073640433163059, -12.35544144600755345 ) ) ;
#4718 = EDGE_LOOP ( 'NONE', ( #1625, #311, #2046, #643, #3945, #1248, #3950, #4055 ) ) ;
#4719 = LINE ( 'NONE', #2329, #5210 ) ;
#4720 = CARTESIAN_POINT ( 'NONE',  ( -5.106363331542417505, 39.16884273594905608, -1.239537742121148867 ) ) ;
#4721 = CARTESIAN_POINT ( 'NONE',  ( -9.384846194673640341, 3.594379357548584508, 2.526979736241772301 ) ) ;
#4722 = CARTESIAN_POINT ( 'NONE',  ( -33.93320056691759135, -0.07988221825853891733, -15.35832799734838083 ) ) ;
#4723 = CARTESIAN_POINT ( 'NONE',  ( -1.443990926081652360, -7.329542016716999342, -4.583831331509916396 ) ) ;
#4724 = AXIS2_PLACEMENT_3D ( 'NONE', #1360, #990, #4281 ) ;
#4725 = CARTESIAN_POINT ( 'NONE',  ( -12.08444430406403391, -5.568938928706191227, 2.584712696361306516 ) ) ;
#4726 = ADVANCED_FACE ( 'NONE', ( #1545 ), #2362, .T. ) ;
#4727 = DIRECTION ( 'NONE',  ( 0.8660254037844432595, 0.4999999999999920064, 0.000000000000000000 ) ) ;
#4728 = CARTESIAN_POINT ( 'NONE',  ( -7.756212092197307229, -10.56492800640694973, -4.921921793467863182 ) ) ;
#4729 = VERTEX_POINT ( 'NONE', #4017 ) ;
#4730 = CARTESIAN_POINT ( 'NONE',  ( 11.24740840056428226, 1.009289631151596422, -8.103656503119413657 ) ) ;
#4731 = CARTESIAN_POINT ( 'NONE',  ( 13.11670033009420067, -7.739030636412903341, 10.28533809374960839 ) ) ;
#4732 = CARTESIAN_POINT ( 'NONE',  ( -37.50000000000000000, 4.592425496802574367E-15, 8.699999999999999289 ) ) ;
#4733 = VERTEX_POINT ( 'NONE', #375 ) ;
#4734 = CARTESIAN_POINT ( 'NONE',  ( -8.822653265526152921, 5.874720167039020779, -17.91247780243920218 ) ) ;
#4735 = CARTESIAN_POINT ( 'NONE',  ( 11.60198070012183535, -11.51216099127785419, 5.234012188606636862 ) ) ;
#4736 = EDGE_CURVE ( 'NONE', #4733, #1274, #3036, .T. ) ;
#4737 = CARTESIAN_POINT ( 'NONE',  ( -10.72697112855442469, 4.548065466209970431, -17.12371470833765486 ) ) ;
#4738 = ORIENTED_EDGE ( 'NONE', *, *, #2464, .F. ) ;
#4739 = FACE_OUTER_BOUND ( 'NONE', #3429, .T. ) ;
#4740 = CARTESIAN_POINT ( 'NONE',  ( -12.13019907892820015, 0.9971183760207641411, -9.957337403728327985 ) ) ;
#4741 = CARTESIAN_POINT ( 'NONE',  ( -8.176139954317855896, -16.92669022882367003, -20.73672007483332891 ) ) ;
#4742 = EDGE_CURVE ( 'NONE', #1881, #4293, #4166, .T. ) ;
#4743 = ORIENTED_EDGE ( 'NONE', *, *, #3717, .T. ) ;
#4744 = FACE_OUTER_BOUND ( 'NONE', #3835, .T. ) ;
#4745 = CARTESIAN_POINT ( 'NONE',  ( -5.575901981301576882, 0.02298727445705238404, 20.10779893054695577 ) ) ;
#4746 = CARTESIAN_POINT ( 'NONE',  ( -6.769507503452552477, -0.1785435309675457716, -5.999579457060489673 ) ) ;
#4747 = CARTESIAN_POINT ( 'NONE',  ( -4.183102518912857448, -8.832254232929063420, 0.6560965848386983712 ) ) ;
#4748 = CARTESIAN_POINT ( 'NONE',  ( 6.660514941292653646, -14.23916318650893764, -0.2329093980769840200 ) ) ;
#4749 = CARTESIAN_POINT ( 'NONE',  ( 52.50000000000000000, -6.429395695523603956E-15, -8.608009253327193022 ) ) ;
#4750 = CARTESIAN_POINT ( 'NONE',  ( -8.333641483328749544, -10.42951623411398998, -3.151016892746016040 ) ) ;
#4751 = CIRCLE ( 'NONE', #3211, 37.46183732295519775 ) ;
#4752 = CARTESIAN_POINT ( 'NONE',  ( -28.57126273332133692, -2.824142466592740597, 3.223452559518070526 ) ) ;
#4753 = DIRECTION ( 'NONE',  ( -0.000000000000000000, 1.000000000000000000, -0.000000000000000000 ) ) ;
#4754 = EDGE_LOOP ( 'NONE', ( #3897, #4887, #2169, #146 ) ) ;
#4755 = CARTESIAN_POINT ( 'NONE',  ( 12.01155444201006262, 1.011424674970059723, -8.619254968586526289 ) ) ;
#4756 = CARTESIAN_POINT ( 'NONE',  ( 8.184253181678670330, -17.66265275503951671, -2.692708816735291943 ) ) ;
#4757 = EDGE_CURVE ( 'NONE', #2021, #1765, #1167, .T. ) ;
#4758 = CARTESIAN_POINT ( 'NONE',  ( 30.00000000000000000, 0.000000000000000000, -82.79999999999998295 ) ) ;
#4759 = EDGE_LOOP ( 'NONE', ( #4921, #2972, #2796, #4348, #2640, #1999 ) ) ;
#4760 = CARTESIAN_POINT ( 'NONE',  ( -25.88069690726982586, 1.083304245246670794, -15.40382032302959558 ) ) ;
#4761 = DIRECTION ( 'NONE',  ( 0.000000000000000000, -1.000000000000000000, 0.000000000000000000 ) ) ;
#4762 = CARTESIAN_POINT ( 'NONE',  ( -12.21442027711467659, 4.576213710045494487, -20.04537062335191067 ) ) ;
#4763 = ORIENTED_EDGE ( 'NONE', *, *, #3955, .F. ) ;
#4764 = DIRECTION ( 'NONE',  ( -1.000000000000000000, 0.000000000000000000, 0.000000000000000000 ) ) ;
#4765 = CARTESIAN_POINT ( 'NONE',  ( -5.496998510493700252, 0.9468388815873615139, -6.735214478062974131 ) ) ;
#4766 = VECTOR ( 'NONE', #3812, 1000.000000000000000 ) ;
#4767 = EDGE_CURVE ( 'NONE', #3957, #72, #1362, .T. ) ;
#4768 = CARTESIAN_POINT ( 'NONE',  ( -7.827400317638261384, -16.38039058733591347, -16.18942537689992633 ) ) ;
#4769 = EDGE_LOOP ( 'NONE', ( #4763, #3967, #477, #1304, #2411, #506 ) ) ;
#4770 = CARTESIAN_POINT ( 'NONE',  ( -6.841639120946770625, -11.65710955758220990, -5.934803560872319750 ) ) ;
#4771 = CARTESIAN_POINT ( 'NONE',  ( -6.454582963169455567, 0.1018018080785311613, 11.55303141210849915 ) ) ;
#4772 = AXIS2_PLACEMENT_3D ( 'NONE', #1057, #2672, #2244 ) ;
#4773 = PLANE ( 'NONE',  #1169 ) ;
#4774 = CARTESIAN_POINT ( 'NONE',  ( -11.02639107385600248, -12.26566048540133202, 4.344804133434453597 ) ) ;
#4775 = CARTESIAN_POINT ( 'NONE',  ( -3.717146263192524724, -3.281542082082674394, -2.865931867467586880 ) ) ;
#4776 = CARTESIAN_POINT ( 'NONE',  ( 22.80178863834959202, 3.594167260197798530, -0.1397292310950185301 ) ) ;
#4777 = EDGE_CURVE ( 'NONE', #2682, #5190, #1425, .T. ) ;
#4778 = CARTESIAN_POINT ( 'NONE',  ( -33.41428927693250728, 0.7163758090056611127, -4.727634841629777540 ) ) ;
#4779 = DIRECTION ( 'NONE',  ( -1.000000000000000000, 0.000000000000000000, 0.000000000000000000 ) ) ;
#4780 = DIRECTION ( 'NONE',  ( 0.4723368321173969098, 0.8181113915134538006, 0.3280116889704119965 ) ) ;
#4781 = CARTESIAN_POINT ( 'NONE',  ( -3.295339448292537110, 1.099619592173444849, 25.21233957832367878 ) ) ;
#4782 = CARTESIAN_POINT ( 'NONE',  ( 1.888774431701183643, 0.6129510009669334458, 22.19838485652655891 ) ) ;
#4783 = ORIENTED_EDGE ( 'NONE', *, *, #5047, .T. ) ;
#4784 = FACE_OUTER_BOUND ( 'NONE', #1446, .T. ) ;
#4785 = CARTESIAN_POINT ( 'NONE',  ( -16.54686031356357390, 2.455759484058292141, -17.89506850800832538 ) ) ;
#4786 = ORIENTED_EDGE ( 'NONE', *, *, #4126, .T. ) ;
#4787 = FACE_OUTER_BOUND ( 'NONE', #3647, .T. ) ;
#4788 = CYLINDRICAL_SURFACE ( 'NONE', #4033, 4.500000000000000000 ) ;
#4789 = COLOUR_RGB ( '',0.7921568627450980005, 0.8196078431372548767, 0.9333333333333333481 ) ;
#4790 = CARTESIAN_POINT ( 'NONE',  ( 5.882612924966468704, 37.03591255203395605, -5.140521666914465548 ) ) ;
#4791 = CARTESIAN_POINT ( 'NONE',  ( -9.942891602170986332, -19.74241967913392770, -17.13230138850306616 ) ) ;
#4792 = ORIENTED_EDGE ( 'NONE', *, *, #564, .T. ) ;
#4793 = CARTESIAN_POINT ( 'NONE',  ( -33.42973172877029242, -16.99126353578360238, -7.735807271117637995 ) ) ;
#4794 = CARTESIAN_POINT ( 'NONE',  ( -3.631102569626045273, -16.50000000000000000, -7.096418046028729165 ) ) ;
#4795 = CARTESIAN_POINT ( 'NONE',  ( -5.731401448239277663, -5.233316582976690334, -2.047432272158733912 ) ) ;
#4796 = CARTESIAN_POINT ( 'NONE',  ( -18.19445385030291717, -5.051607914587623149, -1.686314949628564541 ) ) ;
#4797 = CARTESIAN_POINT ( 'NONE',  ( -4.371632876398697576, -3.773188274517136342, -2.809443592394865519 ) ) ;
#4798 = DIRECTION ( 'NONE',  ( -0.000000000000000000, -0.000000000000000000, -1.000000000000000000 ) ) ;
#4799 = CARTESIAN_POINT ( 'NONE',  ( 7.241584186184812921, -0.09048127575545888979, -7.939969081917279681 ) ) ;
#4800 = DIRECTION ( 'NONE',  ( 0.000000000000000000, 0.000000000000000000, 1.000000000000000000 ) ) ;
#4801 = CARTESIAN_POINT ( 'NONE',  ( -15.62019151721350596, -6.708920700498041789, -29.98735561765780488 ) ) ;
#4802 = FACE_OUTER_BOUND ( 'NONE', #3734, .T. ) ;
#4803 = CARTESIAN_POINT ( 'NONE',  ( 1.999999999999999112, 37.39330624308149709, -12.18795046545018401 ) ) ;
#4804 = VERTEX_POINT ( 'NONE', #3174 ) ;
#4805 = CARTESIAN_POINT ( 'NONE',  ( -21.90772233505746414, 1.414386425799074587, -21.80214365847927738 ) ) ;
#4806 = PLANE ( 'NONE',  #953 ) ;
#4807 = EDGE_CURVE ( 'NONE', #2682, #1019, #3605, .T. ) ;
#4808 = CARTESIAN_POINT ( 'NONE',  ( -4.461332332456786176, -4.678345906337941784, -1.021121121003621957 ) ) ;
#4809 = CARTESIAN_POINT ( 'NONE',  ( 4.649640838488283023, 39.22571500885843676, -1.067742009253522806 ) ) ;
#4810 = CARTESIAN_POINT ( 'NONE',  ( -2.000000000000000000, 15.99999999999999645, -29.98735561765780488 ) ) ;
#4811 = DIRECTION ( 'NONE',  ( -0.000000000000000000, -0.000000000000000000, 1.000000000000000000 ) ) ;
#4812 = CARTESIAN_POINT ( 'NONE',  ( 13.85640646055098202, -8.000000000000063949, -0.6999999999999992895 ) ) ;
#4813 = EDGE_CURVE ( 'NONE', #5032, #179, #245, .T. ) ;
#4814 = CARTESIAN_POINT ( 'NONE',  ( 3.017751247190465058, -5.278511227137521189, -23.40723394249312861 ) ) ;
#4815 = B_SPLINE_CURVE_WITH_KNOTS ( 'NONE', 3,
 ( #1919, #2783, #3550, #3140 ),
 .UNSPECIFIED., .F., .F.,
 ( 4, 4 ),
 ( 3.139740802138622040E-05, 0.001699480926579771851 ),
 .UNSPECIFIED. ) ;
#4816 = ORIENTED_EDGE ( 'NONE', *, *, #3563, .F. ) ;
#4817 = CARTESIAN_POINT ( 'NONE',  ( 4.568000991548249345, -4.292160895475143789, -23.07568257694238767 ) ) ;
#4818 = CARTESIAN_POINT ( 'NONE',  ( -6.878821486335866986, -7.329542016716999342, -2.746805647510302428 ) ) ;
#4819 = CARTESIAN_POINT ( 'NONE',  ( -13.64543112271070946, -3.776997930133945580, -4.299664277464330553 ) ) ;
#4820 = CARTESIAN_POINT ( 'NONE',  ( 7.251822394834799290, -13.67152258564326495, -0.2839447247196661972 ) ) ;
#4821 = DIRECTION ( 'NONE',  ( -0.8660254037844432595, -0.4999999999999920064, 0.000000000000000000 ) ) ;
#4822 = CARTESIAN_POINT ( 'NONE',  ( 22.99570630626347878, 1.058710223124748495, -10.79169499270798482 ) ) ;
#4823 = CARTESIAN_POINT ( 'NONE',  ( -34.46604144925078117, 1.004288057626111286, -11.39996401731251652 ) ) ;
#4824 = CARTESIAN_POINT ( 'NONE',  ( 14.85640646055099268, -6.267949192431190752, -29.98735561765780488 ) ) ;
#4825 = ORIENTED_EDGE ( 'NONE', *, *, #3717, .F. ) ;
#4826 = DIRECTION ( 'NONE',  ( 0.000000000000000000, 0.000000000000000000, -1.000000000000000000 ) ) ;
#4827 = CARTESIAN_POINT ( 'NONE',  ( 7.443294705750642670, -5.416708440419690795, 10.34526699970483499 ) ) ;
#4828 = ADVANCED_FACE ( 'NONE', ( #1942 ), #3149, .T. ) ;
#4829 = CARTESIAN_POINT ( 'NONE',  ( -3.631102569626045717, -16.50000000000000000, -2.096418046028730053 ) ) ;
#4830 = CARTESIAN_POINT ( 'NONE',  ( 4.659155158869846325, 0.1023687767832343332, 20.83445316527253866 ) ) ;
#4831 = ORIENTED_EDGE ( 'NONE', *, *, #3276, .F. ) ;
#4832 = CARTESIAN_POINT ( 'NONE',  ( -22.26371934983710332, -8.250585442190281782, 6.141925060817325033 ) ) ;
#4833 = FACE_OUTER_BOUND ( 'NONE', #2906, .T. ) ;
#4834 = VECTOR ( 'NONE', #4986, 1000.000000000000114 ) ;
#4835 = AXIS2_PLACEMENT_3D ( 'NONE', #3534, #2315, #4427 ) ;
#4836 = CIRCLE ( 'NONE', #2527, 37.50000000000000000 ) ;
#4837 = CARTESIAN_POINT ( 'NONE',  ( -13.32837845250443465, 4.605774040146421555, -25.64498313311050026 ) ) ;
#4838 = CARTESIAN_POINT ( 'NONE',  ( 5.649500977650451894, 39.09407954499339155, -1.601529820094109935 ) ) ;
#4839 = DIRECTION ( 'NONE',  ( 1.000000000000000000, 0.000000000000000000, 0.000000000000000000 ) ) ;
#4840 = CARTESIAN_POINT ( 'NONE',  ( 12.72073750624199917, -18.78487274526555950, 0.8052289387839128842 ) ) ;
#4841 = PRODUCT_RELATED_PRODUCT_CATEGORY ( 'part', '', ( #4113 ) ) ;
#4842 = CARTESIAN_POINT ( 'NONE',  ( 0.1898319114640148741, 0.2640798646991974752, 0.2717846121390522507 ) ) ;
#4843 = CARTESIAN_POINT ( 'NONE',  ( 23.00543512498081355, -0.1333837896099458742, -25.75536612689571925 ) ) ;
#4844 = VECTOR ( 'NONE', #2045, 1000.000000000000000 ) ;
#4845 = ORIENTED_EDGE ( 'NONE', *, *, #5058, .F. ) ;
#4846 = CARTESIAN_POINT ( 'NONE',  ( 13.87431377987434367, -0.5233178665651069261, -19.56927036329387448 ) ) ;
#4847 = CARTESIAN_POINT ( 'NONE',  ( 13.82015172733632546, 0.4787457118009708079, -19.63499426941155335 ) ) ;
#4848 = CARTESIAN_POINT ( 'NONE',  ( -5.621914349079995432, -4.023261444342855597, -10.77182045692911494 ) ) ;
#4849 = CARTESIAN_POINT ( 'NONE',  ( -8.065645763159565718, -11.86941605343791473, -6.362738433834819851 ) ) ;
#4850 = CARTESIAN_POINT ( 'NONE',  ( -9.039201922013235802, -7.841323994031269784, 0.08983731648627875377 ) ) ;
#4851 = CARTESIAN_POINT ( 'NONE',  ( 12.51769889578121386, -5.925405488545226973, 12.14432146827372350 ) ) ;
#4852 = LINE ( 'NONE', #4421, #4207 ) ;
#4853 = CARTESIAN_POINT ( 'NONE',  ( -1.142536405937133237, -5.542622088268165825, -6.449446619989561924 ) ) ;
#4854 = EDGE_LOOP ( 'NONE', ( #930, #3841, #2425, #203 ) ) ;
#4855 = CARTESIAN_POINT ( 'NONE',  ( 0.3093082972481656645, -1.433833973925762617, 12.89340524360448192 ) ) ;
#4856 = CARTESIAN_POINT ( 'NONE',  ( 8.826269964889355890, 0.1125369047058244198, -5.917216920195326857 ) ) ;
#4857 = CARTESIAN_POINT ( 'NONE',  ( -25.38095082960819227, 0.3359506706790019170, -16.43449887881912019 ) ) ;
#4858 = CARTESIAN_POINT ( 'NONE',  ( 0.000000000000000000, 0.000000000000000000, -0.6999999999999992895 ) ) ;
#4859 = CARTESIAN_POINT ( 'NONE',  ( -6.246247766488161268, 36.97618777080379715, -2.377705195782267467 ) ) ;
#4860 = EDGE_LOOP ( 'NONE', ( #3050, #962, #1968, #33, #2614, #3326, #686, #3270, #4623, #2299, #4248, #3405 ) ) ;
#4861 = CARTESIAN_POINT ( 'NONE',  ( -24.03720663039140248, -6.217805458288505172, 4.522341294343501517 ) ) ;
#4862 = CARTESIAN_POINT ( 'NONE',  ( 30.49803095857645019, -19.91744746044635761, -22.92914122119721654 ) ) ;
#4863 = ADVANCED_FACE ( 'NONE', ( #3993, #1195 ), #3227, .F. ) ;
#4864 = CARTESIAN_POINT ( 'NONE',  ( 5.649493125190410581, 39.09407666782482238, -5.373015283358190786 ) ) ;
#4865 = CARTESIAN_POINT ( 'NONE',  ( 1.606892144892796859, -1.947742342664505077, 16.13988197129630464 ) ) ;
#4866 = B_SPLINE_SURFACE_WITH_KNOTS ( 'NONE', 3, 3, ( 
 ( #1129, #1454, #3085, #1913, #1481, #2372, #1506, #3111, #1104, #2726, #3980, #2749, #3159, #4393 ),
 ( #718, #4027, #1863, #2347, #4103, #387, #4131, #823, #2396, #2835, #2914, #3691, #458, #4918 ),
 ( #438, #4840, #2449, #1630, #4052, #2861, #2010, #4491, #3715, #2476, #1684, #3322, #4438, #1609 ),
 ( #32, #4539, #411, #4465, #4943, #2423, #1982, #2085, #2062, #4894, #2502, #1280, #771, #4078 ),
 ( #1653, #1180, #2803, #57, #1208, #1253, #876, #359, #3615, #2886, #2034, #3643, #800, #5268 ),
 ( #4515, #3668, #3239, #5, #3294, #5240, #848, #1580, #4865, #3268, #1232, #3209, #1337, #2192 ),
 ( #4183, #2138, #2998, #1713, #510, #2969, #1396, #3837, #3780, #482, #4682, #3866, #4153, #3747 ),
 ( #4971, #1798, #143, #1310, #2944, #3053, #567, #996, #5051, #117, #2221, #4566, #3432, #1746 ),
 ( #1419, #4651, #970, #3459, #3376, #175, #3352, #1370, #4599, #1028, #4996, #905, #3809, #3026 ),
 ( #206, #1827, #2559, #4240, #937, #596, #4210, #2112, #3402, #2616, #4263, #5080, #85, #2532 ),
 ( #539, #2167, #1774, #5023, #4625, #2587, #2643, #2245, #1449, #622, #3894, #3079, #3486, #4707 ),
 ( #230, #1855, #5109, #4290, #3274, #2091, #2810, #393, #64, #3329, #4949, #3696, #36, #419 ),
 ( #830, #4444, #4848, #3651, #3673, #1614, #1289, #1259, #12, #2066, #1635, #4136, #1214, #5247 ),
 ( #4083, #5273, #4032, #2039, #1185, #3244, #4873, #2455, #2920, #2842, #856, #4470, #2015, #777 ) ),
 .UNSPECIFIED., .F., .F., .F.,
 ( 4, 1, 1, 1, 1, 1, 1, 1, 1, 1, 1, 4 ),
 ( 4, 1, 1, 1, 1, 1, 1, 1, 1, 1, 1, 4 ),
 ( -0.01358241894323341907, -0.01115361894323341901, -0.008724818943233418958, -0.006296018943233418902, -0.002652818943233417950, -0.0002240189432334196290, 0.002204781056766582162, 0.004633581056766580483, 0.008276781056766583169, 0.01070558105676658149, 0.01313438105676657981, 0.01556318105676658160 ),
 ( -0.01434031437954671855, -0.01118695789437761448, -0.008033601409208512151, -0.004880244924039408086, -0.0001502101962857528561, 0.003003146288883351209, 0.006156502774052453539, 0.009309859259221559338, 0.01403989398697521283, 0.01719325047214431690, 0.02034660695731341923, 0.02349996344248252156 ),
 .UNSPECIFIED. ) ;
#4867 =( GEOMETRIC_REPRESENTATION_CONTEXT ( 3 ) GLOBAL_UNCERTAINTY_ASSIGNED_CONTEXT ( ( #889 ) ) GLOBAL_UNIT_ASSIGNED_CONTEXT ( ( #5006, #946, #3815 ) ) REPRESENTATION_CONTEXT ( 'NONE', 'WORKASPACE' ) );
#4868 = CARTESIAN_POINT ( 'NONE',  ( -9.432256824890925984, -17.33100612497764459, -8.305219486532774198 ) ) ;
#4869 = EDGE_CURVE ( 'NONE', #3886, #2247, #1203, .T. ) ;
#4870 = VERTEX_POINT ( 'NONE', #1956 ) ;
#4871 = DIRECTION ( 'NONE',  ( 1.000000000000000000, 0.000000000000000000, 0.000000000000000000 ) ) ;
#4872 = CARTESIAN_POINT ( 'NONE',  ( -5.882912190445241940, 39.05963723495464990, -5.140181711685621657 ) ) ;
#4873 = CARTESIAN_POINT ( 'NONE',  ( -9.908730987296829440, 2.884036426199836800, 0.8094790469210911832 ) ) ;
#4874 = AXIS2_PLACEMENT_3D ( 'NONE', #4180, #3805, #53 ) ;
#4875 = CARTESIAN_POINT ( 'NONE',  ( -6.849902067381187898, -7.363390386762469930, -2.705401370414488138 ) ) ;
#4876 = CARTESIAN_POINT ( 'NONE',  ( -7.196945995134321983, 4.141832404562623360, -14.34669142915203999 ) ) ;
#4877 = EDGE_CURVE ( 'NONE', #9, #3437, #767, .T. ) ;
#4878 = CARTESIAN_POINT ( 'NONE',  ( 15.62019151721341714, -6.708920700498260281, -29.98735561765780488 ) ) ;
#4879 = CARTESIAN_POINT ( 'NONE',  ( -10.80109355142449878, -2.909643240723243540, 3.841102547240535792 ) ) ;
#4880 = CARTESIAN_POINT ( 'NONE',  ( -1.876842376088027065, -8.362979849295566481, -22.10764725677556086 ) ) ;
#4881 = CARTESIAN_POINT ( 'NONE',  ( -9.705401354075357645, 2.997405764194845279, 10.07082827267183411 ) ) ;
#4882 = CARTESIAN_POINT ( 'NONE',  ( 12.18097266440595838, -10.77382151324567694, 7.733757388872183114 ) ) ;
#4883 = CARTESIAN_POINT ( 'NONE',  ( 2.619337206349011460, 0.2109865409626617005, -1.455735386021081990 ) ) ;
#4884 = EDGE_CURVE ( 'NONE', #2247, #5032, #4719, .T. ) ;
#4885 = CARTESIAN_POINT ( 'NONE',  ( -23.36637114575155394, -6.765175019058486505, 5.274408390842697969 ) ) ;
#4886 = CARTESIAN_POINT ( 'NONE',  ( -1.417988574316770611, -7.513469308481466769, -25.41468841458987882 ) ) ;
#4887 = ORIENTED_EDGE ( 'NONE', *, *, #3237, .F. ) ;
#4888 = CARTESIAN_POINT ( 'NONE',  ( -23.91654461014906730, -6.966112921210897646, 4.264369561552145527 ) ) ;
#4889 = AXIS2_PLACEMENT_3D ( 'NONE', #1017, #1792, #2989 ) ;
#4890 = CARTESIAN_POINT ( 'NONE',  ( -4.541805683788939341, -7.742735132136179921, -7.016366059934775912 ) ) ;
#4891 = CIRCLE ( 'NONE', #3540, 37.50000000000000000 ) ;
#4892 = DIRECTION ( 'NONE',  ( 1.000000000000000000, 0.000000000000000000, 0.000000000000000000 ) ) ;
#4893 = CARTESIAN_POINT ( 'NONE',  ( -7.867850288312729035, -11.26235323636110053, -5.614431795287265992 ) ) ;
#4894 = CARTESIAN_POINT ( 'NONE',  ( 5.046048841089867842, -0.1582507570217772386, 22.12752386114667402 ) ) ;
#4895 = EDGE_CURVE ( 'NONE', #2052, #4733, #1895, .T. ) ;
#4896 = CARTESIAN_POINT ( 'NONE',  ( -3.314395509552812147, -5.004961559799007809, -2.913148432534595766 ) ) ;
#4897 = EDGE_CURVE ( 'NONE', #1737, #227, #660, .T. ) ;
#4898 = ORIENTED_EDGE ( 'NONE', *, *, #2589, .F. ) ;
#4899 = CARTESIAN_POINT ( 'NONE',  ( 12.58636664039675424, -0.7740830754164109706, -20.40663002902921974 ) ) ;
#4900 = CARTESIAN_POINT ( 'NONE',  ( 15.84049134209972465, 0.7789473077319718497, -18.04225327032373016 ) ) ;
#4901 = CARTESIAN_POINT ( 'NONE',  ( 12.57783016746582483, -11.77953603959990758, 5.445991965372988908 ) ) ;
#4902 = CARTESIAN_POINT ( 'NONE',  ( -2.374206519265580795, -1.640629583125023938, -1.639715152610243143 ) ) ;
#4903 = CARTESIAN_POINT ( 'NONE',  ( 6.721885735262963735, -4.465275662684736524, 1.735837458751970930 ) ) ;
#4904 = LINE ( 'NONE', #2786, #4958 ) ;
#4905 = CARTESIAN_POINT ( 'NONE',  ( 1.056425417871231787, 0.2549848934012620139, -0.3565670850468081743 ) ) ;
#4906 = CARTESIAN_POINT ( 'NONE',  ( 31.19527573201776960, -15.70119976456674138, -29.98735561765780488 ) ) ;
#4907 = VERTEX_POINT ( 'NONE', #1537 ) ;
#4908 = CARTESIAN_POINT ( 'NONE',  ( -0.1808692487365063939, -8.234071421651178113, -3.062855646678532828 ) ) ;
#4909 = CARTESIAN_POINT ( 'NONE',  ( -3.504789867377789747, -2.263316029214517133, -2.725878781176142240 ) ) ;
#4910 = DIRECTION ( 'NONE',  ( 0.000000000000000000, 1.000000000000000000, 0.000000000000000000 ) ) ;
#4911 = CARTESIAN_POINT ( 'NONE',  ( -1.372693743848309111, -7.600924667052703754, -24.54023926548821777 ) ) ;
#4912 = VERTEX_POINT ( 'NONE', #3138 ) ;
#4913 = CARTESIAN_POINT ( 'NONE',  ( -21.89177055765369673, 0.6153196705374273101, -21.83624807385113797 ) ) ;
#4914 = B_SPLINE_SURFACE_WITH_KNOTS ( 'NONE', 3, 3, ( 
 ( #4667, #1788, #1815, #2282, #4723, #1874, #636, #2257, #246, #5066, #1897, #3419, #3938, #5038, #3042, #2630 ),
 ( #3500, #3470, #3527, #1012, #4278, #610, #1437, #3067, #1355, #2235, #5123, #3881, #3096, #1844, #1070, #317 ),
 ( #2735, #5195, #4775, #1962, #1591, #3142, #4420, #5250, #4820, #754, #368, #4353, #2380, #4851, #781, #705 ),
 ( #4401, #1939, #4448, #1993, #1112, #681, #3222, #2357, #1188, #2813, #1516, #3598, #5175, #3624, #342, #1921 ),
 ( #4377, #2333, #3989, #2406, #5224, #2305, #1564, #1138, #3552, #4011, #3576, #3193, #4062, #396, #2018, #5150 ),
 ( #1541, #1489, #4797, #3168, #1089, #2712, #3120, #2757, #4748, #3962, #1160, #726, #294, #2785, #4036, #4550 ),
 ( #4165, #1217, #3757, #1725, #520, #2432, #4086, #445, #3257, #1297, #449, #4882, #4505, #2440, #3736, #2931 ) ),
 .UNSPECIFIED., .F., .F., .F.,
 ( 4, 3, 4 ),
 ( 4, 1, 1, 1, 1, 1, 1, 1, 1, 1, 1, 1, 1, 4 ),
 ( -0.05066423445654776037, 0.000000000000000000, 1.000000000000000000 ),
 ( 0.000000000000000000, 0.07547820191944100421, 0.1133852450234320852, 0.1891270525913288370, 0.2649876782291051835, 0.3413232437502762839, 0.4203125869419977456, 0.5041872106849611956, 0.5936629732079360400, 0.6872577682256519882, 0.7816445893033762138, 0.8729534005875740910, 0.9168135972314199744, 1.000000000000000000 ),
 .UNSPECIFIED. ) ;
#4915 = ADVANCED_FACE ( 'NONE', ( #1038 ), #4321, .F. ) ;
#4916 = CIRCLE ( 'NONE', #4162, 88.00000000000000000 ) ;
#4917 = CARTESIAN_POINT ( 'NONE',  ( -5.291033751382787642, 1.001748935647408745, 22.06870120086247056 ) ) ;
#4918 = CARTESIAN_POINT ( 'NONE',  ( 3.539878647918266452, -0.1333837896099458742, 32.80097430679613524 ) ) ;
#4919 = CARTESIAN_POINT ( 'NONE',  ( -9.181712147737457030, -13.72783508102434524, -4.189011048869317300 ) ) ;
#4920 = CARTESIAN_POINT ( 'NONE',  ( -20.71395957236827812, -10.31914108975963096, 8.012718777512978008 ) ) ;
#4921 = ORIENTED_EDGE ( 'NONE', *, *, #2646, .T. ) ;
#4922 = CARTESIAN_POINT ( 'NONE',  ( 6.768145887253426807, -3.023416343109493365, -22.76358333810172851 ) ) ;
#4923 = CARTESIAN_POINT ( 'NONE',  ( -6.167006744848619881, 39.01572267136724292, -2.229954121564758474 ) ) ;
#4924 = CARTESIAN_POINT ( 'NONE',  ( -11.55845166729805840, 1.414386425799074587, 23.58446177236898222 ) ) ;
#4925 = ADVANCED_FACE ( 'NONE', ( #4744 ), #3430, .T. ) ;
#4926 = CARTESIAN_POINT ( 'NONE',  ( -4.254499240772096513, -3.281542082082674394, -1.637145110845284579 ) ) ;
#4927 = CARTESIAN_POINT ( 'NONE',  ( -0.1467912227800755309, -6.765175019058486505, -22.87307520189791532 ) ) ;
#4928 = CARTESIAN_POINT ( 'NONE',  ( 5.623545083501494624, -6.605837361671886399, 2.835371431388808094 ) ) ;
#4929 = DIRECTION ( 'NONE',  ( 1.000000000000000000, 0.000000000000000000, 0.000000000000000000 ) ) ;
#4930 = CARTESIAN_POINT ( 'NONE',  ( -2.000000000000000000, 16.88194301613413018, -29.98735561765780488 ) ) ;
#4931 = CARTESIAN_POINT ( 'NONE',  ( -3.631102569626045273, -16.50000000000000000, -7.096418046028729165 ) ) ;
#4932 = CARTESIAN_POINT ( 'NONE',  ( -3.389712807406422446, -9.900366440640935295, -20.92708920738390788 ) ) ;
#4933 = ORIENTED_EDGE ( 'NONE', *, *, #698, .T. ) ;
#4934 = CARTESIAN_POINT ( 'NONE',  ( -6.171582069115332025, 0.9801582820490081227, 8.799622368151272411 ) ) ;
#4935 = CARTESIAN_POINT ( 'NONE',  ( -3.413211271177824191, -9.783069361030070965, 2.485630136530849743 ) ) ;
#4936 = CARTESIAN_POINT ( 'NONE',  ( -6.408148101683188713, -13.11023924495250448, -23.52976314518247136 ) ) ;
#4937 = B_SPLINE_CURVE_WITH_KNOTS ( 'NONE', 3,
 ( #4905, #398, #833, #2044, #4112, #4952, #1293, #2926, #887, #2408, #3676, #4167, #3281, #1639, #4853, #1190, #496, #17, #5252, #3626, #40, #1239 ),
 .UNSPECIFIED., .F., .F.,
 ( 4, 2, 2, 2, 2, 2, 2, 2, 2, 2, 4 ),
 ( 0.0007817357203199234821, 0.002380006862535567758, 0.003179142433643389245, 0.003978278004751211600, 0.005576549146966853707, 0.007174820289182497549, 0.008773091431398139656, 0.01037136257361378176, 0.01196963371582942387, 0.01276876928693724753, 0.01356790485804506771 ),
 .UNSPECIFIED. ) ;
#4938 = ORIENTED_EDGE ( 'NONE', *, *, #2368, .T. ) ;
#4939 = CARTESIAN_POINT ( 'NONE',  ( -25.43559335421554479, -4.747391397615595032, 2.492607544524323870 ) ) ;
#4940 = VECTOR ( 'NONE', #875, 1000.000000000000000 ) ;
#4941 = CARTESIAN_POINT ( 'NONE',  ( -6.015940862099601993, 0.02145151092591614586, 15.95189296443193250 ) ) ;
#4942 = CARTESIAN_POINT ( 'NONE',  ( 14.19693845669902110, -9.351306778023070976, -30.98735561765780488 ) ) ;
#4943 = CARTESIAN_POINT ( 'NONE',  ( 10.76240403620191977, -10.62454526031189594, 6.930255189592676501 ) ) ;
#4944 = CARTESIAN_POINT ( 'NONE',  ( -4.307140350988126087, -0.7671895873294117818, 2.547126935575473095 ) ) ;
#4945 = CARTESIAN_POINT ( 'NONE',  ( -35.51838379971916027, 0.7966161984393176354, -13.21793937985178324 ) ) ;
#4946 = EDGE_LOOP ( 'NONE', ( #869, #2184 ) ) ;
#4947 = CARTESIAN_POINT ( 'NONE',  ( 1.319160953934058078, 0.9468388815873615139, -1.392933115621308282 ) ) ;
#4948 = CARTESIAN_POINT ( 'NONE',  ( 15.62019151721341359, -6.708920700498257617, 3.500000000000000000 ) ) ;
#4949 = CARTESIAN_POINT ( 'NONE',  ( -15.24814626709571463, 3.643708106506422517, 14.34288516175806194 ) ) ;
#4950 = CARTESIAN_POINT ( 'NONE',  ( -6.586090473477435481, -13.12801738298342258, -15.74749400940897104 ) ) ;
#4951 = CARTESIAN_POINT ( 'NONE',  ( -4.586125402230042170, -1.536299407499047920, -5.060307588095794173 ) ) ;
#4952 = CARTESIAN_POINT ( 'NONE',  ( 1.354932598535655952, -1.267154803471813640, -2.527064064333470306 ) ) ;
#4953 = PRODUCT_DEFINITION_FORMATION_WITH_SPECIFIED_SOURCE ( 'ANY', '', #4113, .NOT_KNOWN. ) ;
#4954 = CARTESIAN_POINT ( 'NONE',  ( -6.715470152318471442, 0.9468388815873616249, 1.838893455598060056 ) ) ;
#4955 = UNCERTAINTY_MEASURE_WITH_UNIT (LENGTH_MEASURE( 1.000000000000000082E-05 ), #1652, 'distance_accuracy_value', 'NONE');
#4956 = ORIENTED_EDGE ( 'NONE', *, *, #1422, .F. ) ;
#4957 = CARTESIAN_POINT ( 'NONE',  ( -11.34732743216526885, 3.405253260465397336, 12.80734659038998480 ) ) ;
#4958 = VECTOR ( 'NONE', #4821, 1000.000000000000000 ) ;
#4959 = CARTESIAN_POINT ( 'NONE',  ( -2.538530205723989575, -5.233316582976690334, -0.3019987485446892772 ) ) ;
#4960 = CARTESIAN_POINT ( 'NONE',  ( -4.144800209384602141, -0.02102109317228764707, 23.80219694011976728 ) ) ;
#4961 = CARTESIAN_POINT ( 'NONE',  ( 13.53919137188175270, 0.7163758090056611127, -26.57380594241076466 ) ) ;
#4962 = CARTESIAN_POINT ( 'NONE',  ( -4.160677678110937805, -11.10154648651284859, 2.877589430424557726 ) ) ;
#4963 = ORIENTED_EDGE ( 'NONE', *, *, #455, .F. ) ;
#4964 = CARTESIAN_POINT ( 'NONE',  ( -24.70425346493600571, -0.07126396996545512896, -17.86047227704807128 ) ) ;
#4965 = EDGE_CURVE ( 'NONE', #2398, #2322, #2058, .T. ) ;
#4966 = CARTESIAN_POINT ( 'NONE',  ( -5.173298681435976043, 0.3352068084725979835, 23.90891712757547793 ) ) ;
#4967 = EDGE_CURVE ( 'NONE', #2079, #842, #3572, .T. ) ;
#4968 = CARTESIAN_POINT ( 'NONE',  ( -26.94603096115682561, -1.809997501198524095, -1.039940191836575156 ) ) ;
#4969 = EDGE_CURVE ( 'NONE', #1221, #1059, #1134, .T. ) ;
#4970 = CARTESIAN_POINT ( 'NONE',  ( -7.756212092197307229, -10.56492800640694973, -4.921921793467863182 ) ) ;
#4971 = CARTESIAN_POINT ( 'NONE',  ( 1.614665754099595674, -13.98825530142149631, -6.778836311786532676 ) ) ;
#4972 = CARTESIAN_POINT ( 'NONE',  ( -0.004176157164776377224, -4.513727838352584065, -6.274615677003850145 ) ) ;
#4973 = CARTESIAN_POINT ( 'NONE',  ( -22.19194182107542446, -10.28696050355316238, 8.984192826893680817 ) ) ;
#4974 = ORIENTED_EDGE ( 'NONE', *, *, #1680, .F. ) ;
#4975 = CARTESIAN_POINT ( 'NONE',  ( 0.2680701538519691396, -2.423836880779544956, -5.246148503349949088 ) ) ;
#4976 = CARTESIAN_POINT ( 'NONE',  ( 0.000000000000000000, 0.000000000000000000, -82.79999999999998295 ) ) ;
#4977 = CARTESIAN_POINT ( 'NONE',  ( -3.137749068813327380, -10.42592426002889106, -20.86807986541677096 ) ) ;
#4978 = EDGE_CURVE ( 'NONE', #3047, #3437, #2560, .T. ) ;
#4979 = CARTESIAN_POINT ( 'NONE',  ( -6.576606841119370550, 4.633830272691254137, -14.57875414666653668 ) ) ;
#4980 = DIRECTION ( 'NONE',  ( 1.000000000000000000, 0.000000000000000000, 0.000000000000000000 ) ) ;
#4981 = CARTESIAN_POINT ( 'NONE',  ( -17.70783993796597500, -12.13847178065192267, 6.904960215338836527 ) ) ;
#4982 = VERTEX_POINT ( 'NONE', #290 ) ;
#4983 = CARTESIAN_POINT ( 'NONE',  ( -3.518490004989643705, -3.495071929382668863, -0.3717529562853302827 ) ) ;
#4984 = CARTESIAN_POINT ( 'NONE',  ( -14.19693845669915255, -9.351306778022875577, -30.98735561765780488 ) ) ;
#4985 = CARTESIAN_POINT ( 'NONE',  ( -3.458409843753087909, -5.568938928706191227, -11.75779210611825398 ) ) ;
#4986 = DIRECTION ( 'NONE',  ( 0.8660254037844363761, -0.5000000000000039968, 0.000000000000000000 ) ) ;
#4987 = CARTESIAN_POINT ( 'NONE',  ( -13.85864979955651322, -13.44539613231408559, 7.037778344797251506 ) ) ;
#4988 = CARTESIAN_POINT ( 'NONE',  ( 13.54057125200987066, 0.8558701678184998940, -25.76223035157054753 ) ) ;
#4989 = CARTESIAN_POINT ( 'NONE',  ( 12.23621835740582320, -7.687912673259001295, 11.34246123190950684 ) ) ;
#4990 = VERTEX_POINT ( 'NONE', #1893 ) ;
#4991 = CARTESIAN_POINT ( 'NONE',  ( -17.98222218172065112, -12.77218032047852780, 7.559835641226014147 ) ) ;
#4992 = CARTESIAN_POINT ( 'NONE',  ( 15.94284614937812883, -18.29459877822634439, 1.923074205617696375 ) ) ;
#4993 = ADVANCED_FACE ( 'NONE', ( #3162 ), #3933, .T. ) ;
#4994 = CARTESIAN_POINT ( 'NONE',  ( -5.720316711675944354, 1.027441518473452664, 15.92637961484316378 ) ) ;
#4995 = CARTESIAN_POINT ( 'NONE',  ( 11.20268835796127682, -12.13847178065192622, 5.593704986671510504 ) ) ;
#4996 = CARTESIAN_POINT ( 'NONE',  ( -8.761533691053566386, 0.6958342878753891458, 18.43617415735562304 ) ) ;
#4997 = B_SPLINE_SURFACE_WITH_KNOTS ( 'NONE', 3, 3, ( 
 ( #2401, #4901, #1236, #3722, #4058, #2377, #365, #2893, #4546, #1988, #2865, #442, #2428, #4495, #4924, #2482 ),
 ( #1661, #3621, #3302, #4520, #464, #3219, #1690, #1588, #546, #3439, #1779, #601, #1316, #4189, #3871, #1832 ),
 ( #2197, #3843, #4216, #3787, #4630, #2950, #3359, #2146, #2171, #124, #3464, #5055, #3813, #573, #148, #2621 ),
 ( #3754, #975, #2566, #1750, #3380, #2226, #182, #5085, #944, #5003, #211, #2974, #2509, #4657, #2593, #3408 ) ),
 .UNSPECIFIED., .F., .F., .F.,
 ( 4, 4 ),
 ( 4, 1, 1, 1, 1, 1, 1, 1, 1, 1, 1, 1, 1, 4 ),
 ( 0.000000000000000000, 1.000000000000000000 ),
 ( 0.000000000000000000, 0.09722584472561171531, 0.1907906832668594121, 0.2361128114755688678, 0.3236232858377472432, 0.4075240382250177040, 0.4886616098702014632, 0.5680596470140975018, 0.6466491649768620897, 0.7250743915661617134, 0.8036450302186227690, 0.8430214699481450857, 0.9215689236558987085, 1.000000000000000000 ),
 .UNSPECIFIED. ) ;
#4998 = CARTESIAN_POINT ( 'NONE',  ( 2.024292342487258534, 2.884036426199836800, 1.887219092718339652 ) ) ;
#4999 = CARTESIAN_POINT ( 'NONE',  ( 21.95265477524315401, 0.05243160670129667911, -13.20894494683023268 ) ) ;
#5000 = CARTESIAN_POINT ( 'NONE',  ( -28.11669717854202233, -1.565249428466628512, -0.5675611487138236821 ) ) ;
#5001 = ORIENTED_EDGE ( 'NONE', *, *, #2993, .T. ) ;
#5002 = CARTESIAN_POINT ( 'NONE',  ( 0.000000000000000000, 0.000000000000000000, -34.00000000000000000 ) ) ;
#5003 = CARTESIAN_POINT ( 'NONE',  ( 1.703370235879186012, -0.4162884062351785985, 22.33067183594669913 ) ) ;
#5004 = PRODUCT_RELATED_PRODUCT_CATEGORY ( 'part', '', ( #2472 ) ) ;
#5005 = DIRECTION ( 'NONE',  ( 0.3280116889704119409, 0.000000000000000000, -0.9446736642347862700 ) ) ;
#5006 =( LENGTH_UNIT ( ) NAMED_UNIT ( * ) SI_UNIT ( .MILLI., .METRE. ) );
#5007 = CARTESIAN_POINT ( 'NONE',  ( 6.433284004969265446, 36.94426970423869250, -2.827324321499317339 ) ) ;
#5008 = CARTESIAN_POINT ( 'NONE',  ( -25.27626264714730198, -5.151172642456645967, 2.418268115048875622 ) ) ;
#5009 = VERTEX_POINT ( 'NONE', #5219 ) ;
#5010 = CARTESIAN_POINT ( 'NONE',  ( 1.080008703079533339, -12.14739630618195854, -3.771360008063957103 ) ) ;
#5011 = CARTESIAN_POINT ( 'NONE',  ( -7.117715431977502227, 1.053434781489144267, -2.858304397328154334 ) ) ;
#5012 = CARTESIAN_POINT ( 'NONE',  ( -27.59862360074274079, -4.832795488081091939, 4.194868147277770909 ) ) ;
#5013 = CARTESIAN_POINT ( 'NONE',  ( -23.97437813726694600, -6.317939530669764103, 4.631724249290415152 ) ) ;
#5014 = CARTESIAN_POINT ( 'NONE',  ( 1.653319567902712617, -5.055142149062294976, -15.00735800594174840 ) ) ;
#5015 = CARTESIAN_POINT ( 'NONE',  ( 12.61985465965337028, -6.765175019058486505, 11.30941267296892327 ) ) ;
#5016 = VERTEX_POINT ( 'NONE', #2254 ) ;
#5017 = CARTESIAN_POINT ( 'NONE',  ( 19.02585218686906288, 0.2834124142229042520, -14.70053670639080678 ) ) ;
#5018 = CARTESIAN_POINT ( 'NONE',  ( 15.39817502105482738, -16.15220412008148188, 3.234639887307627859 ) ) ;
#5019 = AXIS2_PLACEMENT_3D ( 'NONE', #123, #545, #1399 ) ;
#5020 = DIRECTION ( 'NONE',  ( 0.8660254037844363761, -0.5000000000000039968, 0.000000000000000000 ) ) ;
#5021 = ORIENTED_EDGE ( 'NONE', *, *, #1502, .F. ) ;
#5022 = CARTESIAN_POINT ( 'NONE',  ( -39.50000000000000000, 4.837354856632045452E-15, -8.608009253327187693 ) ) ;
#5023 = CARTESIAN_POINT ( 'NONE',  ( -4.377138396954520339, -5.285392856438852149, -5.957879381015983355 ) ) ;
#5024 = CARTESIAN_POINT ( 'NONE',  ( -2.193142504833677453, -10.42951623411398998, 2.503399538881345698 ) ) ;
#5025 = ORIENTED_EDGE ( 'NONE', *, *, #2883, .T. ) ;
#5026 = CARTESIAN_POINT ( 'NONE',  ( -24.94234952559051166, 0.001127404517074983995, -16.24533812616510531 ) ) ;
#5027 = CARTESIAN_POINT ( 'NONE',  ( 14.19693845669902110, -9.351306778023070976, -30.98735561765780488 ) ) ;
#5028 = LINE ( 'NONE', #2975, #906 ) ;
#5029 = DIRECTION ( 'NONE',  ( 0.000000000000000000, 0.000000000000000000, 1.000000000000000000 ) ) ;
#5030 = CARTESIAN_POINT ( 'NONE',  ( 4.327069659196203233, 37.24986222245942002, -1.003523202080335741 ) ) ;
#5031 = CARTESIAN_POINT ( 'NONE',  ( -2.000000000000000888, 35.71614849768674560, -26.51870366997663808 ) ) ;
#5032 = VERTEX_POINT ( 'NONE', #2352 ) ;
#5033 = CARTESIAN_POINT ( 'NONE',  ( -11.12947758505175955, -7.750441083393034170, 1.523149939724702584 ) ) ;
#5034 = LINE ( 'NONE', #982, #3056 ) ;
#5035 = APPLICATION_CONTEXT ( 'automotive_design' ) ;
#5036 = CARTESIAN_POINT ( 'NONE',  ( -11.31614573882868235, 4.989527592543676171, 4.823159280112492731 ) ) ;
#5037 = CARTESIAN_POINT ( 'NONE',  ( -18.31396480222986511, -13.91247437727667347, 8.983379882588467424 ) ) ;
#5038 = CARTESIAN_POINT ( 'NONE',  ( 12.53220589353341907, -5.887548605080148434, 12.14306937959387866 ) ) ;
#5039 = CARTESIAN_POINT ( 'NONE',  ( -23.85261258928743544, -7.065150731453750055, 4.371393207729225239 ) ) ;
#5040 = CARTESIAN_POINT ( 'NONE',  ( -23.36637114575155394, -6.765175019058486505, 5.274408390842697969 ) ) ;
#5041 = CARTESIAN_POINT ( 'NONE',  ( 4.461180644759862091, -3.306692914754587154, -15.50200790342049650 ) ) ;
#5042 = CARTESIAN_POINT ( 'NONE',  ( -6.438761777069650805, -14.10707128629930729, -14.03657914742549018 ) ) ;
#5043 = FILL_AREA_STYLE ('',( #165 ) ) ;
#5044 = VERTEX_POINT ( 'NONE', #3496 ) ;
#5045 = CARTESIAN_POINT ( 'NONE',  ( 14.85614140593780519, -0.4162884062351785985, -18.92975195238130226 ) ) ;
#5046 = AXIS2_PLACEMENT_3D ( 'NONE', #2007, #5285, #766 ) ;
#5047 = EDGE_CURVE ( 'NONE', #802, #2006, #1459, .T. ) ;
#5048 = AXIS2_PLACEMENT_3D ( 'NONE', #3117, #5220, #655 ) ;
#5049 = ORIENTED_EDGE ( 'NONE', *, *, #710, .F. ) ;
#5050 = CARTESIAN_POINT ( 'NONE',  ( 6.255195177677738805, -14.28816703267372112, -0.2885774075609068290 ) ) ;
#5051 = CARTESIAN_POINT ( 'NONE',  ( -2.965731929612096529, -1.130351673670672463, 13.50999835969612839 ) ) ;
#5052 = CARTESIAN_POINT ( 'NONE',  ( -4.519259716735621879, -8.234071421651178113, 1.374790459170056822 ) ) ;
#5053 = VERTEX_POINT ( 'NONE', #2089 ) ;
#5054 = CARTESIAN_POINT ( 'NONE',  ( 4.425474669651054960, -3.319143718693392753, -23.28582798611000726 ) ) ;
#5055 = CARTESIAN_POINT ( 'NONE',  ( -4.044092995686673575, 0.2834124142229042520, 23.82713967567174151 ) ) ;
#5056 = CARTESIAN_POINT ( 'NONE',  ( 0.7960783268692366299, -6.691545131061752194, -22.96047384213437681 ) ) ;
#5057 = DIRECTION ( 'NONE',  ( 0.000000000000000000, 0.000000000000000000, -1.000000000000000000 ) ) ;
#5058 = EDGE_CURVE ( 'NONE', #1468, #4636, #1367, .T. ) ;
#5059 = CARTESIAN_POINT ( 'NONE',  ( 33.98129043433324625, 0.000000000000000000, -40.32222875080931601 ) ) ;
#5060 = CARTESIAN_POINT ( 'NONE',  ( -25.89923038669827093, -4.292160895475143789, 1.292582247191492284 ) ) ;
#5061 = ORIENTED_EDGE ( 'NONE', *, *, #2750, .F. ) ;
#5062 = DIRECTION ( 'NONE',  ( 0.000000000000000000, 0.000000000000000000, 1.000000000000000000 ) ) ;
#5063 = CARTESIAN_POINT ( 'NONE',  ( -6.259364735629114662, 0.01180497357556722395, -2.001759252077321083 ) ) ;
#5064 = ADVANCED_FACE ( 'NONE', ( #1633 ), #1612, .T. ) ;
#5065 = CARTESIAN_POINT ( 'NONE',  ( -36.56317252690430308, -0.1013101764545620564, -10.19897212924574781 ) ) ;
#5066 = CARTESIAN_POINT ( 'NONE',  ( 9.695135254766336530, -13.09740864835578478, 2.167732510931843493 ) ) ;
#5067 = CARTESIAN_POINT ( 'NONE',  ( -2.408318419039530145, -7.586087722194113425, 0.6946536049823428538 ) ) ;
#5068 = CARTESIAN_POINT ( 'NONE',  ( 12.06348914473930911, -7.021695351009812569, 12.11910522999633066 ) ) ;
#5069 = CARTESIAN_POINT ( 'NONE',  ( 7.394434787133475240, -1.840482897595309364, -15.81713105319126811 ) ) ;
#5070 = CARTESIAN_POINT ( 'NONE',  ( -1.235954653244017543, -8.886397952966367697, -21.98273378072678597 ) ) ;
#5071 = CARTESIAN_POINT ( 'NONE',  ( 16.99999999999999645, 2.081899558550499885E-15, -34.00000000000000000 ) ) ;
#5072 = ORIENTED_EDGE ( 'NONE', *, *, #2451, .T. ) ;
#5073 = CARTESIAN_POINT ( 'NONE',  ( 22.93773323226238148, 1.129611997261523282, -7.036364865416362413 ) ) ;
#5074 = CARTESIAN_POINT ( 'NONE',  ( 5.129493829305743269, 0.8752176089487451183, 30.06897090544520879 ) ) ;
#5075 = CARTESIAN_POINT ( 'NONE',  ( -10.76801818146417666, 0.1331423366715958623, -9.912919783977317323 ) ) ;
#5076 = ORIENTED_EDGE ( 'NONE', *, *, #541, .F. ) ;
#5077 = DIRECTION ( 'NONE',  ( -0.000000000000000000, -0.000000000000000000, 1.000000000000000000 ) ) ;
#5078 = B_SPLINE_CURVE_WITH_KNOTS ( 'NONE', 3,
 ( #713, #4461, #739, #4432 ),
 .UNSPECIFIED., .F., .F.,
 ( 4, 4 ),
 ( 0.02153238693270388346, 0.02413443924504352078 ),
 .UNSPECIFIED. ) ;
#5079 = CARTESIAN_POINT ( 'NONE',  ( 4.537434822248064492, -13.12002281525367309, -2.292892877814242780 ) ) ;
#5080 = CARTESIAN_POINT ( 'NONE',  ( -12.74072406910232580, 1.339530898883622312, 19.74581972482440406 ) ) ;
#5081 = CARTESIAN_POINT ( 'NONE',  ( -20.05963704678054071, -9.900366440640928190, 7.109867868353027198 ) ) ;
#5082 = CARTESIAN_POINT ( 'NONE',  ( -22.02272532056401744, 1.139926026898211431, -22.22110191133404200 ) ) ;
#5083 = ORIENTED_EDGE ( 'NONE', *, *, #747, .F. ) ;
#5084 = CARTESIAN_POINT ( 'NONE',  ( -7.942693882390640780, 0.1848779656271108962, -8.617208014233169067 ) ) ;
#5085 = CARTESIAN_POINT ( 'NONE',  ( 7.211289507174252655, -1.896752037925372170, 19.09918251443833981 ) ) ;
#5086 = FACE_OUTER_BOUND ( 'NONE', #2929, .T. ) ;
#5087 = CARTESIAN_POINT ( 'NONE',  ( -7.481621694383812304, 0.2549848934012616253, 1.093174791603475526 ) ) ;
#5088 = CARTESIAN_POINT ( 'NONE',  ( -27.55448481193773702, -0.5971510393450717435, -8.009976187851307827 ) ) ;
#5089 = ORIENTED_EDGE ( 'NONE', *, *, #1026, .F. ) ;
#5090 = CIRCLE ( 'NONE', #2101, 16.99999999999999645 ) ;
#5091 = CARTESIAN_POINT ( 'NONE',  ( 1.334157352289277121, 16.95087233766154711, -30.65319826536852332 ) ) ;
#5092 = CARTESIAN_POINT ( 'NONE',  ( -16.09230715742747719, -13.61246115986110716, 7.516153977874102665 ) ) ;
#5093 = CIRCLE ( 'NONE', #1597, 39.50000000000000000 ) ;
#5094 = DIRECTION ( 'NONE',  ( -1.000000000000000000, 0.000000000000000000, 0.000000000000000000 ) ) ;
#5095 = AXIS2_PLACEMENT_3D ( 'NONE', #4437, #1579, #3208 ) ;
#5096 = VECTOR ( 'NONE', #3197, 1000.000000000000114 ) ;
#5097 = CARTESIAN_POINT ( 'NONE',  ( -1.130494857568455025, -5.449913414606101902, -9.215880230822147468 ) ) ;
#5098 = FACE_OUTER_BOUND ( 'NONE', #5155, .T. ) ;
#5099 = CARTESIAN_POINT ( 'NONE',  ( -27.62183070162066301, 0.2701837195478676845, -7.153148867860993576 ) ) ;
#5100 = SURFACE_STYLE_FILL_AREA ( #5043 ) ;
#5101 = ORIENTED_EDGE ( 'NONE', *, *, #747, .T. ) ;
#5102 = CARTESIAN_POINT ( 'NONE',  ( 22.96390415620391323, 0.3309186017755120779, -6.998895641417547608 ) ) ;
#5103 = CARTESIAN_POINT ( 'NONE',  ( 11.38823284390658941, -1.297996083224192798, 19.14956421013640409 ) ) ;
#5104 = CARTESIAN_POINT ( 'NONE',  ( -11.00909606266248808, 1.018174116893292291, -9.397500085443336815 ) ) ;
#5105 = AXIS2_PLACEMENT_3D ( 'NONE', #4553, #3761, #2956 ) ;
#5106 = ORIENTED_EDGE ( 'NONE', *, *, #948, .T. ) ;
#5107 = CYLINDRICAL_SURFACE ( 'NONE', #2163, 39.50000000000000000 ) ;
#5108 = CARTESIAN_POINT ( 'NONE',  ( 12.72916539280669390, -9.302090668090512438, 8.285354018992045155 ) ) ;
#5109 = CARTESIAN_POINT ( 'NONE',  ( -4.767504482208370753, -5.102654168832019721, -9.914935181483180315 ) ) ;
#5110 = ADVANCED_FACE ( 'NONE', ( #3300, #1183 ), #775, .F. ) ;
#5111 = CARTESIAN_POINT ( 'NONE',  ( -3.027492286567587509, -13.18307608247488538, 4.525352946656326480 ) ) ;
#5112 = ORIENTED_EDGE ( 'NONE', *, *, #2909, .T. ) ;
#5113 = CYLINDRICAL_SURFACE ( 'NONE', #4346, 2.500000000000000444 ) ;
#5114 = CARTESIAN_POINT ( 'NONE',  ( -8.235021698271022927, -3.551204728718522219, -4.128646988117964156 ) ) ;
#5115 = CARTESIAN_POINT ( 'NONE',  ( -13.78733474986516150, 1.003383371294499282, -10.76536616649107891 ) ) ;
#5116 = CARTESIAN_POINT ( 'NONE',  ( 13.02170512298068594, 1.027441518473452664, -9.298504355503830254 ) ) ;
#5117 = CARTESIAN_POINT ( 'NONE',  ( 32.47595264191636488, -18.75000000000014921, 6.500000000000000888 ) ) ;
#5118 = CARTESIAN_POINT ( 'NONE',  ( 1.012160767935220251, -11.62946750211595059, -3.962195976911366824 ) ) ;
#5119 = ORIENTED_EDGE ( 'NONE', *, *, #3644, .F. ) ;
#5120 = CARTESIAN_POINT ( 'NONE',  ( 0.000000000000000000, 0.000000000000000000, -8.608009253327193022 ) ) ;
#5121 = CARTESIAN_POINT ( 'NONE',  ( -13.09718894992642824, 4.548065466209970431, 11.56243271907302983 ) ) ;
#5122 = CARTESIAN_POINT ( 'NONE',  ( -16.62380198810646803, -19.06336153784134879, 12.25688083964566388 ) ) ;
#5123 = CARTESIAN_POINT ( 'NONE',  ( 11.61902349666910084, -11.70602942712624461, 4.877086771786411923 ) ) ;
#5124 = CARTESIAN_POINT ( 'NONE',  ( -15.81236587921075554, -6.242522350938875420, -0.6999999999999992895 ) ) ;
#5125 = CARTESIAN_POINT ( 'NONE',  ( -4.399448585702498526, -3.221300918814675729, -0.8805821825292293736 ) ) ;
#5126 = EDGE_CURVE ( 'NONE', #3670, #2545, #2306, .T. ) ;
#5127 = FACE_BOUND ( 'NONE', #5229, .T. ) ;
#5128 = ORIENTED_EDGE ( 'NONE', *, *, #4653, .F. ) ;
#5129 = CARTESIAN_POINT ( 'NONE',  ( 21.88727563097019413, -0.01464916010725123355, -10.07954759304463366 ) ) ;
#5130 = ORIENTED_EDGE ( 'NONE', *, *, #2858, .F. ) ;
#5131 = CARTESIAN_POINT ( 'NONE',  ( -0.4813394087145532185, -3.417218377425414566, -5.995093132052443430 ) ) ;
#5132 = VECTOR ( 'NONE', #3428, 1000.000000000000000 ) ;
#5133 = DIRECTION ( 'NONE',  ( 1.000000000000000000, 0.000000000000000000, 0.000000000000000000 ) ) ;
#5134 = AXIS2_PLACEMENT_3D ( 'NONE', #1517, #2308, #3501 ) ;
#5135 = CARTESIAN_POINT ( 'NONE',  ( -11.04704153896861385, -5.449913414606101902, -0.7022767571732458913 ) ) ;
#5136 = ORIENTED_EDGE ( 'NONE', *, *, #3935, .F. ) ;
#5137 = DIRECTION ( 'NONE',  ( 0.000000000000000000, 0.000000000000000000, -1.000000000000000000 ) ) ;
#5138 = CARTESIAN_POINT ( 'NONE',  ( 4.000000000000000000, 37.28605637500431413, -5.987355617657803997 ) ) ;
#5139 = CARTESIAN_POINT ( 'NONE',  ( -24.55732909468646952, 0.9988448233131334009, -16.02050398851968893 ) ) ;
#5140 = PLANE ( 'NONE',  #1900 ) ;
#5141 = VECTOR ( 'NONE', #751, 1000.000000000000000 ) ;
#5142 = CARTESIAN_POINT ( 'NONE',  ( 0.000000000000000000, 0.000000000000000000, -8.608009253327193022 ) ) ;
#5143 = ORIENTED_EDGE ( 'NONE', *, *, #4672, .T. ) ;
#5144 = DIRECTION ( 'NONE',  ( 1.000000000000000000, 0.000000000000000000, 0.000000000000000000 ) ) ;
#5145 = CARTESIAN_POINT ( 'NONE',  ( -6.837047403792791300, 0.1488292886914965585, 7.750212913740254450 ) ) ;
#5146 = EDGE_CURVE ( 'NONE', #1451, #4729, #152, .T. ) ;
#5147 = DIRECTION ( 'NONE',  ( -0.000000000000000000, -0.000000000000000000, 1.000000000000000000 ) ) ;
#5148 = B_SPLINE_CURVE_WITH_KNOTS ( 'NONE', 3,
 ( #1447, #4704, #668, #3509, #2218, #4572, #2948, #1825, #4975, #3077, #5131, #3357, #1055, #258, #2670, #4312, #3922, #881 ),
 .UNSPECIFIED., .F., .F.,
 ( 4, 2, 2, 2, 2, 2, 2, 2, 4 ),
 ( 0.001208638387373715947, 0.002649655487892072989, 0.004090672588410430681, 0.005531689688928788373, 0.006972706789447145198, 0.008413723889965502023, 0.009854740990483860583, 0.01129575809100221741, 0.01273677519152057423 ),
 .UNSPECIFIED. ) ;
#5149 = CARTESIAN_POINT ( 'NONE',  ( -29.89269116729478526, -0.2416012241247545989, -14.06532491715141830 ) ) ;
#5150 = CARTESIAN_POINT ( 'NONE',  ( 11.13825257280030456, -4.682995072000833758, 14.01399534232958821 ) ) ;
#5151 = VECTOR ( 'NONE', #3105, 1000.000000000000000 ) ;
#5152 = DIRECTION ( 'NONE',  ( 1.000000000000000000, 0.000000000000000000, 0.000000000000000000 ) ) ;
#5153 = CARTESIAN_POINT ( 'NONE',  ( 21.88705006207396053, 1.988803390393779624, -5.206871997269160168 ) ) ;
#5154 = CARTESIAN_POINT ( 'NONE',  ( -20.80440114754343384, -13.11023924495250448, 11.02524648177554134 ) ) ;
#5155 = EDGE_LOOP ( 'NONE', ( #1550, #3255, #3290, #2328 ) ) ;
#5156 = CARTESIAN_POINT ( 'NONE',  ( -13.83299213954943419, -9.917111952370410322, 1.684712538120780145 ) ) ;
#5157 = CARTESIAN_POINT ( 'NONE',  ( 5.235532027472283190, -1.979012759982380798, 15.72542711604450361 ) ) ;
#5158 = CARTESIAN_POINT ( 'NONE',  ( 12.42077072497442636, -6.089325633642332036, 12.09204444162808656 ) ) ;
#5159 = ORIENTED_EDGE ( 'NONE', *, *, #3023, .T. ) ;
#5160 = CARTESIAN_POINT ( 'NONE',  ( -27.48175810208467595, -0.7086306498076376803, -3.147224391340909921 ) ) ;
#5161 = EDGE_CURVE ( 'NONE', #4570, #2507, #4056, .T. ) ;
#5162 = PLANE ( 'NONE',  #4772 ) ;
#5163 = B_SPLINE_CURVE_WITH_KNOTS ( 'NONE', 3,
 ( #882, #5271, #2841, #2118, #3753, #1587, #463, #2090, #4900, #4469, #3218, #4847, #2427, #1235, #2864, #4494, #828, #2454, #4107, #441, #4244, #1343, #1375, #4604, #2648, #4267, #3003, #5054, #4629, #1831, #4215, #2949, #181, #1778 ),
 .UNSPECIFIED., .F., .F.,
 ( 4, 2, 2, 2, 2, 2, 2, 2, 2, 2, 2, 2, 2, 2, 2, 2, 4 ),
 ( 0.000000000000000000, 0.001572013177281532045, 0.003144026354563064091, 0.004716039531844596136, 0.006288052709126128181, 0.007860065886407660227, 0.009432079063689192272, 0.01021808565232995569, 0.01100409224097071738, 0.01257610541825223902, 0.01414811859553376239, 0.01572013177281528576, 0.01729214495009681260, 0.01886415812737833944, 0.02043617130465986628, 0.02200818448194138618, 0.02515221083650443293 ),
 .UNSPECIFIED. ) ;
#5164 = CARTESIAN_POINT ( 'NONE',  ( 0.9558992116540285799, -9.254573211784924425, 3.668407771648514615 ) ) ;
#5165 = ORIENTED_EDGE ( 'NONE', *, *, #2344, .F. ) ;
#5166 = LINE ( 'NONE', #5185, #5272 ) ;
#5167 = CARTESIAN_POINT ( 'NONE',  ( -14.61569822082803682, 1.005065943049477495, -11.16981077130076905 ) ) ;
#5168 = CARTESIAN_POINT ( 'NONE',  ( 33.42822569215917383, 0.000000000000000000, -35.37253856727842560 ) ) ;
#5169 = CARTESIAN_POINT ( 'NONE',  ( 0.1336189497120522096, -7.163022031527931155, -14.17333277873707864 ) ) ;
#5170 = VERTEX_POINT ( 'NONE', #3649 ) ;
#5171 = CARTESIAN_POINT ( 'NONE',  ( 13.85640646055098202, -8.000000000000063949, 6.500000000000000888 ) ) ;
#5172 = CARTESIAN_POINT ( 'NONE',  ( -5.427696384065412438, 0.01076073640433176763, 21.53342052110166094 ) ) ;
#5173 = CARTESIAN_POINT ( 'NONE',  ( -7.872148213997063770, -7.022341128898641927, 0.5649674359243774813 ) ) ;
#5174 = CARTESIAN_POINT ( 'NONE',  ( -7.085088983439575827, -16.29383997686098340, 6.088048353489429410 ) ) ;
#5175 = CARTESIAN_POINT ( 'NONE',  ( 12.94660237965176997, -7.802556033239691935, 10.00210887770887602 ) ) ;
#5176 = CARTESIAN_POINT ( 'NONE',  ( 16.20480518740233222, 4.576213710045494487, -0.5553129408052867033 ) ) ;
#5177 = CIRCLE ( 'NONE', #1593, 92.00000000000000000 ) ;
#5178 = CARTESIAN_POINT ( 'NONE',  ( -31.84449635722678451, 0.8940433275433044003, -1.982027407190308343 ) ) ;
#5179 = DIRECTION ( 'NONE',  ( 1.000000000000000000, 0.000000000000000000, 0.000000000000000000 ) ) ;
#5180 = CARTESIAN_POINT ( 'NONE',  ( -33.98129043433324625, 4.161507856130277975E-15, -40.32222875080931601 ) ) ;
#5181 = ORIENTED_EDGE ( 'NONE', *, *, #1154, .F. ) ;
#5182 = PLANE ( 'NONE',  #1914 ) ;
#5183 = CARTESIAN_POINT ( 'NONE',  ( -2.182968142232033948, -6.858433774416201167, 0.2095824680097505555 ) ) ;
#5184 = ORIENTED_EDGE ( 'NONE', *, *, #413, .T. ) ;
#5185 = CARTESIAN_POINT ( 'NONE',  ( 4.000000000000000000, 12.99999999999999822, -0.9873556176578029975 ) ) ;
#5186 = FACE_OUTER_BOUND ( 'NONE', #4460, .T. ) ;
#5187 = CARTESIAN_POINT ( 'NONE',  ( 5.986117903671702933, 37.01924972676045655, -5.014416474857989137 ) ) ;
#5188 = CARTESIAN_POINT ( 'NONE',  ( 6.119521483496877856, -3.474504469951120722, -15.38509059036008075 ) ) ;
#5189 = B_SPLINE_CURVE_WITH_KNOTS ( 'NONE', 3,
 ( #1592, #2870, #4064, #4499, #1264, #3224, #784, #1756, #2954, #2230, #4634, #3874, #5088, #3791, #577, #2150, #605, #2597, #4193, #4609, #1432, #3383, #2201, #3848, #3444, #5060, #153, #5008, #187, #522, #4579, #1349 ),
 .UNSPECIFIED., .F., .F.,
 ( 4, 2, 2, 2, 2, 2, 2, 2, 2, 2, 2, 2, 2, 2, 2, 4 ),
 ( 1.736417541871315695E-20, 0.001559025754146078392, 0.003118051508292156784, 0.004677077262438235176, 0.006236103016584313569, 0.007795128770730392828, 0.009354154524876470353, 0.01091318027902254961, 0.01247220603316862714, 0.01403123178731470640, 0.01559025754146078566, 0.01714928329560686318, 0.01870830904975294071, 0.02026733480389901823, 0.02182636055804509922, 0.02494441206633726121 ),
 .UNSPECIFIED. ) ;
#5190 = VERTEX_POINT ( 'NONE', #2453 ) ;
#5191 = CARTESIAN_POINT ( 'NONE',  ( -33.42973172877028532, -16.99126353578359883, -8.608009253327193022 ) ) ;
#5192 = CONICAL_SURFACE ( 'NONE', #3581, 33.98129043433324625, 0.3019511618302520017 ) ;
#5193 = CARTESIAN_POINT ( 'NONE',  ( -7.568902992268499830, -7.545741743424193793, 0.9960192892500413508 ) ) ;
#5194 = CARTESIAN_POINT ( 'NONE',  ( -1.827447327773444430, -10.95022010241090271, 1.721554362493438184 ) ) ;
#5195 = CARTESIAN_POINT ( 'NONE',  ( -4.270925615865273528, -2.288615543392129581, -1.888355690246555474 ) ) ;
#5196 = CARTESIAN_POINT ( 'NONE',  ( -5.106130723812824179, 37.15105176788308228, -5.735284992148451444 ) ) ;
#5197 = CARTESIAN_POINT ( 'NONE',  ( -11.29619164253213803, -11.58894908193364337, -2.877837199741189345 ) ) ;
#5198 = CARTESIAN_POINT ( 'NONE',  ( 33.42973172877005794, -16.99126353578406423, -8.608009253327193022 ) ) ;
#5199 = ORIENTED_EDGE ( 'NONE', *, *, #385, .T. ) ;
#5200 = CARTESIAN_POINT ( 'NONE',  ( 2.083321751681884493, 0.9526163696064906539, -1.908460930728068883 ) ) ;
#5201 = CARTESIAN_POINT ( 'NONE',  ( 3.919189504839429627, -12.81832133157318410, -2.986990100879815646 ) ) ;
#5202 = VECTOR ( 'NONE', #4443, 1000.000000000000000 ) ;
#5203 = CARTESIAN_POINT ( 'NONE',  ( -7.978966444787922718, -13.25671227888132186, 5.272071381178839999 ) ) ;
#5204 = CARTESIAN_POINT ( 'NONE',  ( 12.61985465965337028, -6.765175019058486505, 11.30941267296892327 ) ) ;
#5205 = CARTESIAN_POINT ( 'NONE',  ( -5.983571316186994338, 37.01966354070778209, -5.017851373001858128 ) ) ;
#5206 = ORIENTED_EDGE ( 'NONE', *, *, #4600, .F. ) ;
#5207 = CARTESIAN_POINT ( 'NONE',  ( -22.33631881458175172, -7.888763823773502715, 6.297140510403597347 ) ) ;
#5208 = PRODUCT_DEFINITION_SHAPE ( 'NONE', 'NONE',  #5287 ) ;
#5209 = EDGE_CURVE ( 'NONE', #1881, #1737, #2013, .T. ) ;
#5210 = VECTOR ( 'NONE', #312, 1000.000000000000000 ) ;
#5211 = CARTESIAN_POINT ( 'NONE',  ( -0.4526088134387193374, -1.599516079845846095, -2.479327158666468467 ) ) ;
#5212 = CARTESIAN_POINT ( 'NONE',  ( -5.194158656660949447, 1.000676426396882146, 23.44803975233372739 ) ) ;
#5213 = CARTESIAN_POINT ( 'NONE',  ( -2.000000000000000000, 37.44025129438692545, -7.297026279081824995 ) ) ;
#5214 =( BOUNDED_CURVE ( )  B_SPLINE_CURVE ( 3, ( #2385, #3942, #1144, #4801 ),
 .UNSPECIFIED., .F., .F. ) 
 B_SPLINE_CURVE_WITH_KNOTS ( ( 4, 4 ),
 ( 1.629653832741977837, 1.688716478820145861 ),
 .UNSPECIFIED. ) 
 CURVE ( )  GEOMETRIC_REPRESENTATION_ITEM ( )  RATIONAL_B_SPLINE_CURVE ( ( 1.000000000000000000, 0.9997093214458155908, 0.9997093214458155908, 1.000000000000000000 ) ) 
 REPRESENTATION_ITEM ( '' )  );
#5215 = CARTESIAN_POINT ( 'NONE',  ( 0.000000000000000000, 0.000000000000000000, -8.608009253327193022 ) ) ;
#5216 = CARTESIAN_POINT ( 'NONE',  ( 6.706644310081692595, 0.1331423366715958623, -4.368917401572112169 ) ) ;
#5217 = CARTESIAN_POINT ( 'NONE',  ( 23.00424237374792114, -0.001905624089773045194, -16.04187380306403554 ) ) ;
#5218 = ORIENTED_EDGE ( 'NONE', *, *, #1918, .T. ) ;
#5219 = CARTESIAN_POINT ( 'NONE',  ( -1.999999999999999112, 37.40841156226174746, -5.987355617657804885 ) ) ;
#5220 = DIRECTION ( 'NONE',  ( 0.000000000000000000, 0.000000000000000000, -1.000000000000000000 ) ) ;
#5221 = EDGE_CURVE ( 'NONE', #4982, #129, #850, .T. ) ;
#5222 = CARTESIAN_POINT ( 'NONE',  ( 16.99999999999999645, 2.081899558550499885E-15, 6.500000000000000888 ) ) ;
#5223 = CARTESIAN_POINT ( 'NONE',  ( -15.97237828715910446, -7.163022031527931155, 0.6816948464045879952 ) ) ;
#5224 = CARTESIAN_POINT ( 'NONE',  ( -1.825355691361151278, -7.586087722194113425, -4.550916009287173658 ) ) ;
#5225 = CARTESIAN_POINT ( 'NONE',  ( -52.50000000000000000, 0.000000000000000000, -8.608009253327193022 ) ) ;
#5226 = CARTESIAN_POINT ( 'NONE',  ( 4.288500850740034842, -1.266628304405165828, -7.653235624408180726 ) ) ;
#5227 = CARTESIAN_POINT ( 'NONE',  ( -35.86744472367563930, 0.8752176089487451183, -10.59221348798844531 ) ) ;
#5228 = CARTESIAN_POINT ( 'NONE',  ( -30.97400362538865437, -15.95913849131047613, -30.32137316095273150 ) ) ;
#5229 = EDGE_LOOP ( 'NONE', ( #4151, #4308, #4243 ) ) ;
#5230 = CARTESIAN_POINT ( 'NONE',  ( -27.99999999999999645, 3.429011037612588881E-15, 3.499999999999999556 ) ) ;
#5231 = CARTESIAN_POINT ( 'NONE',  ( 0.5755141660859661723, 0.9216315180130481011, 29.86531959192898711 ) ) ;
#5232 = DIRECTION ( 'NONE',  ( 0.000000000000000000, -0.000000000000000000, -1.000000000000000000 ) ) ;
#5233 = CARTESIAN_POINT ( 'NONE',  ( -3.083656173475215923, 0.9468886310708661824, 23.64038470312634743 ) ) ;
#5234 = VERTEX_POINT ( 'NONE', #2976 ) ;
#5235 = DIRECTION ( 'NONE',  ( 1.000000000000000000, 0.000000000000000000, 0.000000000000000000 ) ) ;
#5236 = CARTESIAN_POINT ( 'NONE',  ( -6.518039819005101876, -10.47883291819513296, 1.995571977573760813 ) ) ;
#5237 = CARTESIAN_POINT ( 'NONE',  ( -12.36490752568152374, 5.057266443672714828, -23.63700336730166285 ) ) ;
#5238 = CARTESIAN_POINT ( 'NONE',  ( 5.520888715225694909, 39.11251114443967936, -5.478194247002694084 ) ) ;
#5239 = DIRECTION ( 'NONE',  ( -0.000000000000000000, -0.000000000000000000, 1.000000000000000000 ) ) ;
#5240 = CARTESIAN_POINT ( 'NONE',  ( 4.945451628568847013, -7.163022031527931155, 7.202383794246227211 ) ) ;
#5241 = CARTESIAN_POINT ( 'NONE',  ( -6.835106966809403772, 0.1281885800262010933, 7.992856923982438744 ) ) ;
#5242 = CARTESIAN_POINT ( 'NONE',  ( 9.542999159152548927, -1.947742342664505077, -15.75080454235324545 ) ) ;
#5243 = EDGE_LOOP ( 'NONE', ( #1234, #578, #3114, #5001 ) ) ;
#5244 =( BOUNDED_CURVE ( )  B_SPLINE_CURVE ( 3, ( #1525, #1603, #3202, #1945 ),
 .UNSPECIFIED., .F., .F. ) 
 B_SPLINE_CURVE_WITH_KNOTS ( ( 4, 4 ),
 ( 4.712388980384689674, 4.859983086043722089 ),
 .UNSPECIFIED. ) 
 CURVE ( )  GEOMETRIC_REPRESENTATION_ITEM ( )  RATIONAL_B_SPLINE_CURVE ( ( 1.000000000000000000, 0.9981854887086412109, 0.9981854887086412109, 1.000000000000000000 ) ) 
 REPRESENTATION_ITEM ( '' )  );
#5245 = CARTESIAN_POINT ( 'NONE',  ( 19.66445324261174932, 0.002673960150332530244, -13.75877461688487990 ) ) ;
#5246 = CARTESIAN_POINT ( 'NONE',  ( -4.645926275384265836, 39.22615341019764656, -1.066779304928819894 ) ) ;
#5247 = CARTESIAN_POINT ( 'NONE',  ( -20.02420498316798358, 3.335246140309811036, 19.01408430165610497 ) ) ;
#5248 = CARTESIAN_POINT ( 'NONE',  ( -8.005603567568742918, -6.754835222115936233, 0.3387548838017170882 ) ) ;
#5249 = CARTESIAN_POINT ( 'NONE',  ( -20.42874144482900434, 0.6205334141605021170, -19.52721400580744060 ) ) ;
#5250 = CARTESIAN_POINT ( 'NONE',  ( 4.690698996531942555, -13.23540239228920434, -2.327339837783585441 ) ) ;
#5251 = CARTESIAN_POINT ( 'NONE',  ( -5.879946093637137494, 37.03633177405525601, -5.143355777217673896 ) ) ;
#5252 = CARTESIAN_POINT ( 'NONE',  ( -2.890238287094757830, -7.483204947644391147, -7.044675931587807582 ) ) ;
#5253 = B_SPLINE_SURFACE_WITH_KNOTS ( 'NONE', 3, 3, ( 
 ( #3191, #3960, #703, #4795, #4818, #4418, #2378, #4034, #4109, #4084, #394, #2894, #4521, #5274, #2067, #4160 ),
 ( #1615, #831, #2119, #65, #1662, #492, #2844, #858, #4060, #3697, #3674, #3755, #420, #2016, #2867, #1723 ),
 ( #2921, #3277, #4926, #2040, #1290, #14, #4849, #443, #4137, #4950, #2483, #465, #1186, #2811, #1636, #3652 ),
 ( #4902, #3245, #37, #778, #4875, #2092, #2403, #1215, #4547, #3303, #884, #2510, #4471, #1260, #807, #3330 ),
 ( #2429, #1237, #92, #3723, #4446, #1692, #4496, #2456, #2541, #183, #4631, #125, #574, #1751, #2198, #1428 ),
 ( #4688, #1033, #2147, #4606, #3059, #3032, #2250, #3409, #2172, #2650, #149, #4977, #1833, #5056, #2594, #235 ),
 ( #3788, #1780, #3814, #3440, #4190, #516, #4296, #4217, #3901, #3360, #1317, #4658, #1003, #1377, #945, #1804 ) ),
 .UNSPECIFIED., .F., .F., .F.,
 ( 4, 3, 4 ),
 ( 4, 1, 1, 1, 1, 1, 1, 1, 1, 1, 1, 1, 1, 4 ),
 ( -0.05066423445654776037, 0.000000000000000000, 1.000000000000000000 ),
 ( 0.000000000000000000, 0.07547820191944100421, 0.1133852450234320852, 0.1891270525913288370, 0.2649876782291051835, 0.3413232437502762839, 0.4203125869419977456, 0.5041872106849611956, 0.5936629732079360400, 0.6872577682256519882, 0.7816445893033762138, 0.8729534005875740910, 0.9168135972314199744, 1.000000000000000000 ),
 .UNSPECIFIED. ) ;
#5254 = CARTESIAN_POINT ( 'NONE',  ( -34.99461809099353360, 0.8142493255285838671, -7.450716854085633223 ) ) ;
#5255 = LINE ( 'NONE', #4824, #3279 ) ;
#5256 = VERTEX_POINT ( 'NONE', #4927 ) ;
#5257 = CARTESIAN_POINT ( 'NONE',  ( 9.718983854573401970, 1.005065943049477051, -7.072660567633822559 ) ) ;
#5258 = CARTESIAN_POINT ( 'NONE',  ( 0.05146685841346618911, 0.9206084372531599946, 30.77548469087027172 ) ) ;
#5259 = CARTESIAN_POINT ( 'NONE',  ( -25.02686755466571356, -4.243788930405021809, 2.765280825356848826 ) ) ;
#5260 = CARTESIAN_POINT ( 'NONE',  ( -25.38337411312419079, 0.6692271663100134438, -16.42931797229681123 ) ) ;
#5261 = ORIENTED_EDGE ( 'NONE', *, *, #4813, .T. ) ;
#5262 = CARTESIAN_POINT ( 'NONE',  ( -20.16381097543655443, -10.44501274297908644, 7.453205998628043893 ) ) ;
#5263 = CARTESIAN_POINT ( 'NONE',  ( 0.000000000000000000, 0.000000000000000000, 0.000000000000000000 ) ) ;
#5264 = AXIS2_PLACEMENT_3D ( 'NONE', #1902, #4826, #2000 ) ;
#5265 = AXIS2_PLACEMENT_3D ( 'NONE', #3186, #4811, #649 ) ;
#5266 = CARTESIAN_POINT ( 'NONE',  ( 6.370300121873063937, -3.902293334915681200, 2.487516816751677240 ) ) ;
#5267 = CARTESIAN_POINT ( 'NONE',  ( 4.000000000000000000, 39.29694644625712385, -5.987355617657803997 ) ) ;
#5268 = CARTESIAN_POINT ( 'NONE',  ( -2.419789659891819600, -0.03525642407339891343, 29.36017671388691852 ) ) ;
#5269 = CARTESIAN_POINT ( 'NONE',  ( 0.07128585001980025648, -7.656410412856477166, -17.09617582113511958 ) ) ;
#5270 = ORIENTED_EDGE ( 'NONE', *, *, #1742, .T. ) ;
#5271 = CARTESIAN_POINT ( 'NONE',  ( 19.35379168471597566, 0.9901636062991158171, -14.20251094045398510 ) ) ;
#5272 = VECTOR ( 'NONE', #1531, 1000.000000000000000 ) ;
#5273 = CARTESIAN_POINT ( 'NONE',  ( -5.488766101137758646, -4.465275662684736524, -12.97849667553614950 ) ) ;
#5274 = CARTESIAN_POINT ( 'NONE',  ( 0.6190010462523791723, -5.887548605080148434, -23.21399749714015925 ) ) ;
#5275 = EDGE_CURVE ( 'NONE', #1330, #2052, #1806, .T. ) ;
#5276 = CARTESIAN_POINT ( 'NONE',  ( -1.834156329697218535, -7.370275612279164612, -0.5361665880476585988 ) ) ;
#5277 = CARTESIAN_POINT ( 'NONE',  ( 37.50000000000000000, 0.000000000000000000, -8.608009253327193022 ) ) ;
#5278 = CARTESIAN_POINT ( 'NONE',  ( -1.000000000000000000, 16.97056274847713553, -30.98735561765780488 ) ) ;
#5279 = CARTESIAN_POINT ( 'NONE',  ( -14.19693845669915255, -9.351306778022875577, -30.98735561765780488 ) ) ;
#5280 = VERTEX_POINT ( 'NONE', #4607 ) ;
#5281 = CARTESIAN_POINT ( 'NONE',  ( -4.744743510807000852, -1.389054348539606742, -0.7365419580348776529 ) ) ;
#5282 = CARTESIAN_POINT ( 'NONE',  ( -4.000000000000000000, 39.29694644625712385, -5.987355617657803109 ) ) ;
#5283 = CARTESIAN_POINT ( 'NONE',  ( 6.499302400307608529, 0.1488292886914953372, -4.243303856393379370 ) ) ;
#5284 = CARTESIAN_POINT ( 'NONE',  ( 52.50000000000000000, -6.429395695523603956E-15, -8.608009253327193022 ) ) ;
#5285 = DIRECTION ( 'NONE',  ( -0.4999999999999920064, 0.8660254037844432595, 0.000000000000000000 ) ) ;
#5286 = NEXT_ASSEMBLY_USAGE_OCCURRENCE ( 'NAUO1', ' ', ' ', #3511, #4237, $ ) ;
#5287 = NEXT_ASSEMBLY_USAGE_OCCURRENCE ( 'NAUO2', ' ', ' ', #3511, #3917, $ ) ;
#5288 = NEXT_ASSEMBLY_USAGE_OCCURRENCE ( 'NAUO3', ' ', ' ', #3511, #3181, $ ) ;
ENDSEC;
END-ISO-10303-21;
