ISO-10303-21;
HEADER;
FILE_DESCRIPTION (( 'STEP AP214' ),
    '1' );
FILE_NAME ('AssemRotor.SLDPRT.STEP',
    '2025-03-13T10:03:00',
    ( '' ),
    ( '' ),
    'SwSTEP 2.0',
    'SolidWorks 2023',
    '' );
FILE_SCHEMA (( 'AUTOMOTIVE_DESIGN' ));
ENDSEC;

DATA;
#1 = PLANE ( 'NONE',  #567 ) ;
#2 = CARTESIAN_POINT ( 'NONE',  ( -5.703160100046029690, 52.40729337474321170, -8.689364797902863202 ) ) ;
#3 = ORIENTED_EDGE ( 'NONE', *, *, #3347, .F. ) ;
#4 = CARTESIAN_POINT ( 'NONE',  ( -17.32575715354673562, 47.37095537841361192, 8.760755747417373840 ) ) ;
#5 = ORIENTED_EDGE ( 'NONE', *, *, #3035, .F. ) ;
#6 = CARTESIAN_POINT ( 'NONE',  ( -14.34761071132292720, 64.82648338477062566, -21.95918449876604583 ) ) ;
#7 = CARTESIAN_POINT ( 'NONE',  ( -5.599286127954769654, 58.41945342641531624, -0.8090497154186002682 ) ) ;
#8 = AXIS2_PLACEMENT_3D ( 'NONE', #1052, #4398, #206 ) ;
#9 = CARTESIAN_POINT ( 'NONE',  ( -29.56743291406128904, 60.30443032066107634, -7.730334773823850369 ) ) ;
#10 = CARTESIAN_POINT ( 'NONE',  ( -9.724069677797904987, 50.16953924465244796, -3.176339731433600821 ) ) ;
#11 = CARTESIAN_POINT ( 'NONE',  ( -4.110094357657430919, 57.47233391301020333, 4.606100941149567696 ) ) ;
#12 = CARTESIAN_POINT ( 'NONE',  ( -23.14097083361023977, 58.88023582930094335, -2.824617735947769770 ) ) ;
#13 = CARTESIAN_POINT ( 'NONE',  ( -1.236249975798933587, 53.65556799544250310, -20.88282580498815477 ) ) ;
#14 = ADVANCED_FACE ( 'NONE', ( #588 ), #162, .F. ) ;
#15 = CARTESIAN_POINT ( 'NONE',  ( 10.28241644198882021, 61.73405258436179821, -6.919617216864586418 ) ) ;
#16 = CARTESIAN_POINT ( 'NONE',  ( -5.745716132992168212, 44.22071872689625138, -0.1365787982008023760 ) ) ;
#17 = ORIENTED_EDGE ( 'NONE', *, *, #4780, .F. ) ;
#18 = CARTESIAN_POINT ( 'NONE',  ( -10.74619357222693239, 45.94258093028423673, 7.286387090420275214 ) ) ;
#19 = ORIENTED_EDGE ( 'NONE', *, *, #1666, .F. ) ;
#20 = CARTESIAN_POINT ( 'NONE',  ( -2.261404786146198109, 53.95554370783776221, -20.91323595406998948 ) ) ;
#21 = CARTESIAN_POINT ( 'NONE',  ( -10.07571003893342088, -11.80844679404046538, 39.12570629395384003 ) ) ;
#22 = CARTESIAN_POINT ( 'NONE',  ( -2.302627729605127183, 57.54034821845860392, -1.744379499762801711 ) ) ;
#23 = VECTOR ( 'NONE', #2786, 1000.000000000000000 ) ;
#24 = CARTESIAN_POINT ( 'NONE',  ( -41.08345795164377279, 18.18802461226245271, -0.1365787982007782286 ) ) ;
#25 = VERTEX_POINT ( 'NONE', #209 ) ;
#26 = AXIS2_PLACEMENT_3D ( 'NONE', #4415, #2809, #3987 ) ;
#27 = CARTESIAN_POINT ( 'NONE',  ( -0.5806529959279371766, 49.45836549053510822, -2.046703077379928182 ) ) ;
#28 = EDGE_CURVE ( 'NONE', #4513, #4649, #596, .T. ) ;
#29 = DIRECTION ( 'NONE',  ( 1.000000000000000000, 0.000000000000000000, 0.000000000000000000 ) ) ;
#30 = DIRECTION ( 'NONE',  ( 0.000000000000000000, -1.000000000000000000, -3.491481338843133355E-15 ) ) ;
#31 = CARTESIAN_POINT ( 'NONE',  ( 8.296697283770162912, 60.08064389122451843, -16.88629245814244584 ) ) ;
#32 = EDGE_CURVE ( 'NONE', #3906, #2907, #2953, .T. ) ;
#33 = CARTESIAN_POINT ( 'NONE',  ( -25.59165820694720850, 60.72849628883992068, -13.63245161907538616 ) ) ;
#34 = ORIENTED_EDGE ( 'NONE', *, *, #716, .T. ) ;
#35 = CARTESIAN_POINT ( 'NONE',  ( -26.74998694147139844, 55.80735322795415954, 5.517014668070768124 ) ) ;
#36 = EDGE_CURVE ( 'NONE', #3584, #2163, #545, .T. ) ;
#37 = CARTESIAN_POINT ( 'NONE',  ( -26.09148918363635516, 54.12875953714654997, 6.353194675775751143 ) ) ;
#38 = CARTESIAN_POINT ( 'NONE',  ( -7.745716132992169101, 0.7504527633194429947, 36.76184969589765927 ) ) ;
#39 = CARTESIAN_POINT ( 'NONE',  ( -0.8295761587539903781, 50.67473531750057703, -1.056291949120370166 ) ) ;
#40 = CARTESIAN_POINT ( 'NONE',  ( -6.293755131479287002, 45.47522186554279244, 7.698698397740717070 ) ) ;
#41 = CARTESIAN_POINT ( 'NONE',  ( -9.565376686843952925, 46.71203159333677490, -6.453132081145509069 ) ) ;
#42 = CARTESIAN_POINT ( 'NONE',  ( -29.43604799436000974, 59.30232235452006506, -2.822696148695711393 ) ) ;
#43 = B_SPLINE_CURVE_WITH_KNOTS ( 'NONE', 3,
 ( #330, #688, #1563, #3585 ),
 .UNSPECIFIED., .F., .F.,
 ( 4, 4 ),
 ( 2.864663411344072528E-07, 0.001429675881020817758 ),
 .UNSPECIFIED. ) ;
#44 = CARTESIAN_POINT ( 'NONE',  ( -11.99196389948032859, -15.40157607732162326, 36.83960897260293876 ) ) ;
#45 = CARTESIAN_POINT ( 'NONE',  ( -5.745716132992169101, 48.71270947356899228, -0.1365787982006284595 ) ) ;
#46 = ORIENTED_EDGE ( 'NONE', *, *, #4031, .T. ) ;
#47 = CARTESIAN_POINT ( 'NONE',  ( -38.15094742888933155, 60.61289644793097153, -12.18466429544321628 ) ) ;
#48 = VERTEX_POINT ( 'NONE', #2369 ) ;
#49 = CARTESIAN_POINT ( 'NONE',  ( -5.745716132992169101, -17.07928127310376354, -0.1365787982008581924 ) ) ;
#50 = CARTESIAN_POINT ( 'NONE',  ( 14.54439490918551670, 62.21328981568711214, -3.207585431459655467 ) ) ;
#51 = CARTESIAN_POINT ( 'NONE',  ( -26.81927807360831650, 55.59921983301696713, 5.694043262528538207 ) ) ;
#52 = CARTESIAN_POINT ( 'NONE',  ( -0.4216627470441580150, 53.24299371372955392, 2.958660737643675098 ) ) ;
#53 = ORIENTED_EDGE ( 'NONE', *, *, #4943, .F. ) ;
#54 = CARTESIAN_POINT ( 'NONE',  ( -5.745716132992169101, 13.20807434455404206, -0.1365787982007524159 ) ) ;
#55 = DIRECTION ( 'NONE',  ( 0.000000000000000000, -1.000000000000000000, -3.491481338843133355E-15 ) ) ;
#56 = B_SPLINE_CURVE_WITH_KNOTS ( 'NONE', 3,
 ( #4831, #2798, #2398, #3689, #4086, #702, #2371, #5266, #1991, #3299, #1496, #1524 ),
 .UNSPECIFIED., .F., .F.,
 ( 4, 2, 2, 2, 2, 4 ),
 ( 0.01617309552064209732, 0.01841787434960768730, 0.02066265317857327380, 0.02178504259305606705, 0.02290743200753885336, 0.02515221083650443293 ),
 .UNSPECIFIED. ) ;
#57 = AXIS2_PLACEMENT_3D ( 'NONE', #1272, #3788, #4964 ) ;
#58 = CARTESIAN_POINT ( 'NONE',  ( -11.78214317222958130, 47.53764264442136778, -2.924722455429133561 ) ) ;
#59 = VERTEX_POINT ( 'NONE', #3688 ) ;
#60 = CARTESIAN_POINT ( 'NONE',  ( -1.922369434218363260, 60.98102857284644074, 2.235077460800029225 ) ) ;
#61 = VERTEX_POINT ( 'NONE', #1964 ) ;
#62 = CARTESIAN_POINT ( 'NONE',  ( -16.09040075434498007, 47.59270134391282880, 9.248053776100254808 ) ) ;
#63 = CIRCLE ( 'NONE', #5041, 37.50000000000000000 ) ;
#64 = CARTESIAN_POINT ( 'NONE',  ( 4.167998987693329660, 57.82223816296177432, -21.03766456271948471 ) ) ;
#65 = CARTESIAN_POINT ( 'NONE',  ( -20.85212259354323550, -17.07928127310374222, -5.971515288739619010 ) ) ;
#66 = CARTESIAN_POINT ( 'NONE',  ( -8.566935189149736729, 43.97139684830249706, 8.728975883644629619 ) ) ;
#67 = CARTESIAN_POINT ( 'NONE',  ( -9.234795059286982521, 50.24162986764353178, -1.397004116392950746 ) ) ;
#68 = ADVANCED_FACE ( 'NONE', ( #4059 ), #2547, .T. ) ;
#69 = CARTESIAN_POINT ( 'NONE',  ( -20.27546854660688780, 63.58862192785478840, 20.87879297037645543 ) ) ;
#70 = CARTESIAN_POINT ( 'NONE',  ( 9.845622814267938949, 53.93956703235627259, 14.36408612099209137 ) ) ;
#71 = DIRECTION ( 'NONE',  ( 1.000000000000000000, 0.000000000000000000, 0.000000000000000000 ) ) ;
#72 = ORIENTED_EDGE ( 'NONE', *, *, #2944, .F. ) ;
#73 = CARTESIAN_POINT ( 'NONE',  ( -17.85116623161200522, 56.27395082519077363, -1.151681338630175411 ) ) ;
#74 = VERTEX_POINT ( 'NONE', #1623 ) ;
#75 = CARTESIAN_POINT ( 'NONE',  ( -4.823620552754351642, 53.43248560905627187, -5.054242402607092899 ) ) ;
#76 = CARTESIAN_POINT ( 'NONE',  ( -12.17908084377444311, -14.95162193064003908, 38.83620604904792373 ) ) ;
#77 = CARTESIAN_POINT ( 'NONE',  ( 10.87234700579271163, 62.02746670701528586, -3.197752439700601634 ) ) ;
#78 = ADVANCED_FACE ( 'NONE', ( #4905 ), #1160, .T. ) ;
#79 = CARTESIAN_POINT ( 'NONE',  ( 5.044690038588430347, 58.79426964247243603, 20.92222124127900074 ) ) ;
#80 = CARTESIAN_POINT ( 'NONE',  ( -1.093522372953928512, 49.92576371764167220, -5.531431490034165677 ) ) ;
#81 = VERTEX_POINT ( 'NONE', #2422 ) ;
#82 = AXIS2_PLACEMENT_3D ( 'NONE', #5385, #385, #1611 ) ;
#83 = DIRECTION ( 'NONE',  ( 1.000000000000000000, 0.000000000000000000, 0.000000000000000000 ) ) ;
#84 = CARTESIAN_POINT ( 'NONE',  ( -5.745716132992169101, -9.171272019776569806, -0.1365787982008305756 ) ) ;
#85 = CARTESIAN_POINT ( 'NONE',  ( -8.986776406216117508, 46.43229884163304177, -10.29014043450747096 ) ) ;
#86 = CARTESIAN_POINT ( 'NONE',  ( -15.11852741459137128, 54.67472692545105417, 4.733035790562118095 ) ) ;
#87 = ORIENTED_EDGE ( 'NONE', *, *, #5362, .T. ) ;
#88 = CARTESIAN_POINT ( 'NONE',  ( 10.90597518796657184, 61.75477006868710816, -7.340263450415661417 ) ) ;
#89 = ORIENTED_EDGE ( 'NONE', *, *, #2282, .T. ) ;
#90 = CARTESIAN_POINT ( 'NONE',  ( -20.46814799732770496, -24.27928127310373441, -8.636578798200746476 ) ) ;
#91 = CARTESIAN_POINT ( 'NONE',  ( 20.49059183219837266, 60.93650501980285838, -6.065432725918507018 ) ) ;
#92 = CARTESIAN_POINT ( 'NONE',  ( -20.18632501537977575, 63.04741768794511358, -18.77692085732648053 ) ) ;
#93 = CARTESIAN_POINT ( 'NONE',  ( 0.8216335555817971814, 56.03772365489542295, -20.98242224323554339 ) ) ;
#94 = CARTESIAN_POINT ( 'NONE',  ( -20.85366348563005090, 63.33378284650663659, 21.79363151294870704 ) ) ;
#95 = VECTOR ( 'NONE', #134, 1000.000000000000000 ) ;
#96 = DIRECTION ( 'NONE',  ( 0.8660254037844363761, 1.745740669421580877E-15, -0.5000000000000039968 ) ) ;
#97 = PRODUCT_RELATED_PRODUCT_CATEGORY ( 'part', '', ( #3519 ) ) ;
#98 = CARTESIAN_POINT ( 'NONE',  ( -24.79829880590833469, 60.73620685279243503, -13.27838088518117132 ) ) ;
#99 = ORIENTED_EDGE ( 'NONE', *, *, #4481, .F. ) ;
#100 = EDGE_CURVE ( 'NONE', #963, #1171, #345, .T. ) ;
#101 = CARTESIAN_POINT ( 'NONE',  ( -17.18312035260724357, 60.36983975334545249, -8.688136918675994025 ) ) ;
#102 = DIRECTION ( 'NONE',  ( 0.000000000000000000, -1.000000000000000000, -3.491481338843133355E-15 ) ) ;
#103 = CARTESIAN_POINT ( 'NONE',  ( -11.39520925818258235, -16.17758532114648773, 38.95749786962397820 ) ) ;
#104 = ADVANCED_FACE ( 'NONE', ( #1597, #3321 ), #1709, .T. ) ;
#105 = CARTESIAN_POINT ( 'NONE',  ( 0.6361560845237552719, 60.63824666627002102, 0.02956456480497767977 ) ) ;
#106 = DIRECTION ( 'NONE',  ( 0.000000000000000000, 0.000000000000000000, 1.000000000000000000 ) ) ;
#107 = CARTESIAN_POINT ( 'NONE',  ( -2.498004729173187943, 54.54467031359303064, 1.509267967328140614 ) ) ;
#108 = ORIENTED_EDGE ( 'NONE', *, *, #1104, .T. ) ;
#109 = CARTESIAN_POINT ( 'NONE',  ( -1.846543409514149525, 58.29688184611670465, -3.286309255522013473 ) ) ;
#110 = CARTESIAN_POINT ( 'NONE',  ( -7.310355090032814473, 47.73033151825508469, -15.39419117844581564 ) ) ;
#111 = CARTESIAN_POINT ( 'NONE',  ( 17.67966498138915554, 62.33570541049123648, -6.067079964653906643 ) ) ;
#112 = ORIENTED_EDGE ( 'NONE', *, *, #672, .T. ) ;
#113 = CARTESIAN_POINT ( 'NONE',  ( 10.96346832783823899, 61.41436416784105745, -7.257948799318019617 ) ) ;
#114 = CARTESIAN_POINT ( 'NONE',  ( -9.970732288664384768, 52.19792489830373938, 2.592253294560776133 ) ) ;
#115 = CARTESIAN_POINT ( 'NONE',  ( -5.634175827250924584, 49.92913263927973588, -19.06391226677311579 ) ) ;
#116 = CARTESIAN_POINT ( 'NONE',  ( -24.13733888393013771, 61.86064475379446037, -20.26126266350611616 ) ) ;
#117 = CARTESIAN_POINT ( 'NONE',  ( 0.3786496994843606134, 59.65502656757711009, 23.06885468514519388 ) ) ;
#118 = CARTESIAN_POINT ( 'NONE',  ( -19.11825811265201125, 65.64970433178105225, 15.05829704340579589 ) ) ;
#119 = DIRECTION ( 'NONE',  ( 0.000000000000000000, -1.000000000000000000, -3.491481338843133355E-15 ) ) ;
#120 = CARTESIAN_POINT ( 'NONE',  ( -10.53410796866242904, 60.90264465828470719, -6.869473781110587929 ) ) ;
#121 = ORIENTED_EDGE ( 'NONE', *, *, #2144, .F. ) ;
#122 = CARTESIAN_POINT ( 'NONE',  ( 1.593519282526473901, 55.61806455806422633, 2.788526844320941223 ) ) ;
#123 = CARTESIAN_POINT ( 'NONE',  ( -9.935582715562386369, 49.79667461743409262, -3.293485318429298481 ) ) ;
#124 = FACE_OUTER_BOUND ( 'NONE', #1248, .T. ) ;
#125 = CARTESIAN_POINT ( 'NONE',  ( -7.413465209938742362, -19.47616393149775860, 37.33560217335805476 ) ) ;
#126 = EDGE_CURVE ( 'NONE', #624, #2171, #4376, .T. ) ;
#127 = CARTESIAN_POINT ( 'NONE',  ( -11.55913408302907897, 61.90579061000474326, 25.95177248617811827 ) ) ;
#128 = CARTESIAN_POINT ( 'NONE',  ( -7.025797521011196700, 60.60963346920654260, 8.055872706275044592 ) ) ;
#129 = ORIENTED_EDGE ( 'NONE', *, *, #4251, .T. ) ;
#130 = EDGE_CURVE ( 'NONE', #1346, #181, #197, .T. ) ;
#131 = CARTESIAN_POINT ( 'NONE',  ( -5.078729411378021474, 54.57664111410860386, -5.103242529368912095 ) ) ;
#132 = CARTESIAN_POINT ( 'NONE',  ( -8.946547400861751598, 60.85386106356784808, 9.952422295291091459 ) ) ;
#133 = VECTOR ( 'NONE', #1409, 1000.000000000000114 ) ;
#134 = DIRECTION ( 'NONE',  ( 0.000000000000000000, -3.491481338843133355E-15, 1.000000000000000000 ) ) ;
#135 = CARTESIAN_POINT ( 'NONE',  ( 11.03256734971391495, 49.98983077870492764, 10.08020921471471176 ) ) ;
#136 = CARTESIAN_POINT ( 'NONE',  ( 7.594524582174912553, 64.91948525718316887, 1.133998508798209848 ) ) ;
#137 = ORIENTED_EDGE ( 'NONE', *, *, #2870, .T. ) ;
#138 = CARTESIAN_POINT ( 'NONE',  ( -28.90790865501013229, 57.80694486631340823, 0.9627375104067407152 ) ) ;
#139 = CARTESIAN_POINT ( 'NONE',  ( 10.90709155961456389, 61.74816024536970360, -7.338665107675902632 ) ) ;
#140 = VERTEX_POINT ( 'NONE', #1422 ) ;
#141 = AXIS2_PLACEMENT_3D ( 'NONE', #3327, #2935, #2879 ) ;
#142 = CARTESIAN_POINT ( 'NONE',  ( -8.632653382371218598, 50.24188580870111309, 3.955411225401695319 ) ) ;
#143 = COLOUR_RGB ( '',0.7921568627450980005, 0.8196078431372548767, 0.9333333333333333481 ) ;
#144 = CARTESIAN_POINT ( 'NONE',  ( -0.09621515534171573569, -16.17775145300979034, 38.95750074679255448 ) ) ;
#145 = EDGE_CURVE ( 'NONE', #140, #682, #3005, .T. ) ;
#146 = CARTESIAN_POINT ( 'NONE',  ( -2.249818641100436611, 50.69048235469827546, -2.584943794875361522 ) ) ;
#147 = CARTESIAN_POINT ( 'NONE',  ( -5.745716132992167324, 44.22071872689625138, -5.136578798200802431 ) ) ;
#148 = CARTESIAN_POINT ( 'NONE',  ( 27.14728978757048239, -21.87705438810106529, -18.16422133012247286 ) ) ;
#149 = CARTESIAN_POINT ( 'NONE',  ( -19.30483744454328132, 63.36336121098695884, -22.93357909131425743 ) ) ;
#150 = CARTESIAN_POINT ( 'NONE',  ( -18.60212259354327458, -11.79192565544592419, -9.868629605769596580 ) ) ;
#151 = AXIS2_PLACEMENT_3D ( 'NONE', #1382, #3050, #1798 ) ;
#152 = CARTESIAN_POINT ( 'NONE',  ( 10.12160479403970115, 53.03280605363725186, 13.30230047973743446 ) ) ;
#153 = CARTESIAN_POINT ( 'NONE',  ( -15.28456298674075242, 60.83361402617535418, -9.014947149008403215 ) ) ;
#154 = ORIENTED_EDGE ( 'NONE', *, *, #2420, .T. ) ;
#155 = CARTESIAN_POINT ( 'NONE',  ( -8.221177968802985347, 47.96444471763901163, -14.61404417884130957 ) ) ;
#156 = LINE ( 'NONE', #2682, #4850 ) ;
#157 = FACE_OUTER_BOUND ( 'NONE', #549, .T. ) ;
#158 = CARTESIAN_POINT ( 'NONE',  ( 1.215879395825972598, 59.90722208432237750, 22.84032012715669779 ) ) ;
#159 = CARTESIAN_POINT ( 'NONE',  ( -12.32244202286130630, 62.33570541049123648, 23.11564692341217153 ) ) ;
#160 = ORIENTED_EDGE ( 'NONE', *, *, #2224, .T. ) ;
#161 = CARTESIAN_POINT ( 'NONE',  ( -7.276352765991569882, 61.73249272408054367, 25.86775868499144693 ) ) ;
#162 = TOROIDAL_SURFACE ( 'NONE', #2981, 118.0000000000000000, 88.00000000000000000 ) ;
#163 = CARTESIAN_POINT ( 'NONE',  ( 20.89082156161469328, 60.58733493728630037, -23.79552687906779340 ) ) ;
#164 = CARTESIAN_POINT ( 'NONE',  ( 11.97114083468444434, 52.98956621473833906, 13.95710270514607743 ) ) ;
#165 = CARTESIAN_POINT ( 'NONE',  ( 1.689992205926846403, 62.01913358428063106, -0.7189947370498058765 ) ) ;
#166 = AXIS2_PLACEMENT_3D ( 'NONE', #54, #5031, #29 ) ;
#167 = VERTEX_POINT ( 'NONE', #4737 ) ;
#168 = CARTESIAN_POINT ( 'NONE',  ( -5.745716132992166436, 53.88721840965485654, -5.136578798200799767 ) ) ;
#169 = CARTESIAN_POINT ( 'NONE',  ( -6.745716132992169101, 13.20807434455398344, 16.83398395027638372 ) ) ;
#170 = EDGE_CURVE ( 'NONE', #3871, #1924, #2838, .T. ) ;
#171 = ORIENTED_EDGE ( 'NONE', *, *, #883, .T. ) ;
#172 = CARTESIAN_POINT ( 'NONE',  ( -21.55808201220292375, -17.07928127310374222, -6.379101149139733806 ) ) ;
#173 = CARTESIAN_POINT ( 'NONE',  ( -29.20301332478665302, 58.33321268545125093, -0.1585403402218853175 ) ) ;
#174 = CARTESIAN_POINT ( 'NONE',  ( 6.163641613983340761, 61.57658889471474595, 26.56743310960708016 ) ) ;
#175 = CARTESIAN_POINT ( 'NONE',  ( 27.54001906205891004, -19.47616393149756320, -17.42835621620669784 ) ) ;
#176 = CARTESIAN_POINT ( 'NONE',  ( -18.80525061335255899, 63.63270260737007078, -21.96775489028424388 ) ) ;
#177 = CARTESIAN_POINT ( 'NONE',  ( -27.87901716857955492, 60.37100964240767098, -9.441434653246389530 ) ) ;
#178 = CARTESIAN_POINT ( 'NONE',  ( -21.54642290464799004, 64.35901015534136604, 20.05785935432657396 ) ) ;
#179 = DIRECTION ( 'NONE',  ( 0.000000000000000000, -1.000000000000000000, -3.491481338843133355E-15 ) ) ;
#180 = CARTESIAN_POINT ( 'NONE',  ( -27.46019778434460079, 61.45139850674843984, -10.38404349131167415 ) ) ;
#181 = VERTEX_POINT ( 'NONE', #1015 ) ;
#182 = B_SPLINE_CURVE_WITH_KNOTS ( 'NONE', 3,
 ( #1049, #2630, #5366, #4658, #2141, #2039, #4953, #3828, #3421, #2166, #5061, #2602, #3007, #2189 ),
 .UNSPECIFIED., .F., .F.,
 ( 4, 2, 2, 2, 2, 2, 4 ),
 ( 0.001879397799819145258, 0.004386363829531563993, 0.006893329859243983379, 0.009400295888956402765, 0.01190726191866882042, 0.01692119397809366613, 0.02193512603751850837 ),
 .UNSPECIFIED. ) ;
#183 = CARTESIAN_POINT ( 'NONE',  ( -10.06472466607548988, 47.93121559998569836, -6.177391593388787960 ) ) ;
#184 = CARTESIAN_POINT ( 'NONE',  ( -38.63872205355507816, -21.87705438810108660, -18.16422133012201456 ) ) ;
#185 = EDGE_CURVE ( 'NONE', #4678, #1837, #1839, .T. ) ;
#186 = DIRECTION ( 'NONE',  ( 0.000000000000000000, -1.000000000000000000, -3.491481338843133355E-15 ) ) ;
#187 = AXIS2_PLACEMENT_3D ( 'NONE', #5234, #3916, #4692 ) ;
#188 = DIRECTION ( 'NONE',  ( -0.000000000000000000, 1.000000000000000000, -0.000000000000000000 ) ) ;
#189 = CARTESIAN_POINT ( 'NONE',  ( -2.597263684226809755, 51.11008806799735282, -7.895179965606891948 ) ) ;
#190 = ORIENTED_EDGE ( 'NONE', *, *, #3530, .F. ) ;
#191 = CARTESIAN_POINT ( 'NONE',  ( 24.19574082692777850, 8.690561416035555098, -19.73268811069884165 ) ) ;
#192 = CARTESIAN_POINT ( 'NONE',  ( -5.745716132992169101, 17.59325729417466633, -0.1365787982007371226 ) ) ;
#193 = CARTESIAN_POINT ( 'NONE',  ( -1.600871248221428900, 57.71956658444230470, 13.53819751481501932 ) ) ;
#194 = CARTESIAN_POINT ( 'NONE',  ( -9.216111195040110005, 56.01130309882667291, 1.725399309623402155 ) ) ;
#195 = EDGE_CURVE ( 'NONE', #1894, #457, #759, .T. ) ;
#196 = EDGE_LOOP ( 'NONE', ( #1494, #4758, #430, #789, #4306 ) ) ;
#197 = LINE ( 'NONE', #4583, #4487 ) ;
#198 = CARTESIAN_POINT ( 'NONE',  ( 3.890848589130562196, 60.87925494125242665, -1.930180761121683464 ) ) ;
#199 = VERTEX_POINT ( 'NONE', #988 ) ;
#200 = CARTESIAN_POINT ( 'NONE',  ( -6.650729480357921553, 48.57332242071429107, 4.780834225035076379 ) ) ;
#201 = EDGE_CURVE ( 'NONE', #2907, #3883, #289, .T. ) ;
#202 = CARTESIAN_POINT ( 'NONE',  ( 0.6739401663632530459, -14.94170185045182286, 38.83827298193680377 ) ) ;
#203 = CARTESIAN_POINT ( 'NONE',  ( 9.418118081580839629, 47.89536466512296187, 5.796335691110090060 ) ) ;
#204 = CARTESIAN_POINT ( 'NONE',  ( -24.16534470510998389, 51.83432077392989612, 7.732320127739857440 ) ) ;
#205 = CARTESIAN_POINT ( 'NONE',  ( -10.79829235123261988, 56.36305498891733379, 0.03447714652286956727 ) ) ;
#206 = DIRECTION ( 'NONE',  ( 1.000000000000000000, 0.000000000000000000, 0.000000000000000000 ) ) ;
#207 = CARTESIAN_POINT ( 'NONE',  ( -10.85258489651939229, -16.53948804587416532, 37.01437124294532310 ) ) ;
#208 = DIRECTION ( 'NONE',  ( 1.000000000000000000, 0.000000000000000000, 0.000000000000000000 ) ) ;
#209 = CARTESIAN_POINT ( 'NONE',  ( -38.22166877490879244, -24.27928127310369888, -18.88657879820058128 ) ) ;
#210 = CARTESIAN_POINT ( 'NONE',  ( -7.013918964002440859, 49.20855773561840607, -16.99403100508386544 ) ) ;
#211 = DIRECTION ( 'NONE',  ( 0.000000000000000000, -1.000000000000000000, -3.491481338843133355E-15 ) ) ;
#212 = CARTESIAN_POINT ( 'NONE',  ( -4.908589494612689563, -21.86835655457092287, 16.86342120179912740 ) ) ;
#213 = CARTESIAN_POINT ( 'NONE',  ( 2.484317002525894935, 59.76378731735658079, 22.86689833141018724 ) ) ;
#214 = CARTESIAN_POINT ( 'NONE',  ( -12.94992205304779986, 65.21637417051270802, 7.206812198559136462 ) ) ;
#215 = VERTEX_POINT ( 'NONE', #547 ) ;
#216 = CARTESIAN_POINT ( 'NONE',  ( -8.958027402166566233, 61.65766831826850591, 1.923693667917458106 ) ) ;
#217 = CARTESIAN_POINT ( 'NONE',  ( 3.861392517482959086, 57.18216375962792597, -19.29792405649141074 ) ) ;
#218 = CARTESIAN_POINT ( 'NONE',  ( 4.575138785560956656, 58.76870798955039277, 20.91822390868033921 ) ) ;
#219 = VERTEX_POINT ( 'NONE', #1264 ) ;
#220 = VECTOR ( 'NONE', #2869, 1000.000000000000000 ) ;
#221 = CARTESIAN_POINT ( 'NONE',  ( 8.087276006557122088, -19.46399381122448702, -10.05369075057147477 ) ) ;
#222 = CARTESIAN_POINT ( 'NONE',  ( 15.16170966229817019, 60.73620685279239950, -10.06569835715941608 ) ) ;
#223 = ORIENTED_EDGE ( 'NONE', *, *, #201, .F. ) ;
#224 = CARTESIAN_POINT ( 'NONE',  ( 0.6666345329846296019, 60.98890934476371939, 22.99282728433282230 ) ) ;
#225 = CARTESIAN_POINT ( 'NONE',  ( -13.77657022210129867, 47.18035650423464489, 8.558646280281413610 ) ) ;
#226 = CARTESIAN_POINT ( 'NONE',  ( -1.415722227050917548, -16.77540451685171874, 39.12570629395384003 ) ) ;
#227 = CARTESIAN_POINT ( 'NONE',  ( -7.745716132992168212, -11.79192565544608762, 37.27183276406091039 ) ) ;
#228 = CARTESIAN_POINT ( 'NONE',  ( -11.17760462967920709, 56.20699088854366465, -1.188490393561507874 ) ) ;
#229 = CARTESIAN_POINT ( 'NONE',  ( -5.534932559998029689, 50.94901974968644964, 4.460665485401282382 ) ) ;
#230 = CARTESIAN_POINT ( 'NONE',  ( -5.745716132992169101, -11.79192565544595972, -0.1365787982008397350 ) ) ;
#231 = CARTESIAN_POINT ( 'NONE',  ( -14.57184237332711518, 64.86255113145887208, 9.076668885768786055 ) ) ;
#232 = CARTESIAN_POINT ( 'NONE',  ( 9.110690327558822688, -11.79192565544593663, -6.404527990632030487 ) ) ;
#233 = CARTESIAN_POINT ( 'NONE',  ( -19.27220057729077141, 47.76162050566051676, 10.18780254374515337 ) ) ;
#234 = ORIENTED_EDGE ( 'NONE', *, *, #4877, .T. ) ;
#235 = CARTESIAN_POINT ( 'NONE',  ( -29.88589825425224689, 59.17623234259280451, -2.628425064563550961 ) ) ;
#236 = CARTESIAN_POINT ( 'NONE',  ( -7.235655832012897193, 48.97195991344342048, -16.62497742010428681 ) ) ;
#237 = DIRECTION ( 'NONE',  ( 0.000000000000000000, -1.000000000000000000, -3.491481338843133355E-15 ) ) ;
#238 =( BOUNDED_CURVE ( )  B_SPLINE_CURVE ( 3, ( #3573, #976, #5209, #1468 ),
 .UNSPECIFIED., .F., .T. ) 
 B_SPLINE_CURVE_WITH_KNOTS ( ( 4, 4 ),
 ( 4.645672831974463790, 4.712388980384689674 ),
 .UNSPECIFIED. ) 
 CURVE ( )  GEOMETRIC_REPRESENTATION_ITEM ( )  RATIONAL_B_SPLINE_CURVE ( ( 1.000000000000000000, 0.9996291140226466476, 0.9996291140226466476, 1.000000000000000000 ) ) 
 REPRESENTATION_ITEM ( '' )  );
#239 = CARTESIAN_POINT ( 'NONE',  ( -13.72933199885688005, 60.93650501980285838, 25.54915736502503876 ) ) ;
#240 = CARTESIAN_POINT ( 'NONE',  ( -3.745716132992169101, -9.171272019776701256, 37.31004988850473580 ) ) ;
#241 = AXIS2_PLACEMENT_3D ( 'NONE', #232, #4453, #2265 ) ;
#242 = ORIENTED_EDGE ( 'NONE', *, *, #3178, .F. ) ;
#243 = CARTESIAN_POINT ( 'NONE',  ( -9.551814058332031010, 48.57332242071429107, -3.379049859401443090 ) ) ;
#244 = CARTESIAN_POINT ( 'NONE',  ( -8.147290316959873380, 46.74733654980484232, -20.22275708931418947 ) ) ;
#245 = CARTESIAN_POINT ( 'NONE',  ( -0.5077214184733255253, 58.77297638423174675, 18.09972121912423049 ) ) ;
#246 = CARTESIAN_POINT ( 'NONE',  ( 10.81623880623666700, 65.26878419310622803, 1.231867099006254351 ) ) ;
#247 = ORIENTED_EDGE ( 'NONE', *, *, #570, .F. ) ;
#248 = FACE_OUTER_BOUND ( 'NONE', #5194, .T. ) ;
#249 = CARTESIAN_POINT ( 'NONE',  ( -7.079873485281477308, 12.87391699226467878, 16.81429353946078820 ) ) ;
#250 = ORIENTED_EDGE ( 'NONE', *, *, #3655, .F. ) ;
#251 = CYLINDRICAL_SURFACE ( 'NONE', #1097, 5.000000000000000000 ) ;
#252 = ADVANCED_FACE ( 'NONE', ( #2958 ), #4311, .F. ) ;
#253 = CARTESIAN_POINT ( 'NONE',  ( -8.459577909717609145, 47.60606332306167587, -20.66986296113033106 ) ) ;
#254 = CARTESIAN_POINT ( 'NONE',  ( 2.669936871695924197, 61.57322058680835397, 34.25376626063851404 ) ) ;
#255 = FILL_AREA_STYLE ('',( #694 ) ) ;
#256 = CIRCLE ( 'NONE', #4035, 92.00000000000000000 ) ;
#257 = CARTESIAN_POINT ( 'NONE',  ( -8.859656586460802785, 57.54034821845860392, -2.314480472228611418 ) ) ;
#258 = CARTESIAN_POINT ( 'NONE',  ( -5.043152088047290427, 57.45132338124396654, 0.1883634507711200723 ) ) ;
#259 = CARTESIAN_POINT ( 'NONE',  ( -5.745716132992168212, 44.22071872689625138, -0.1365787982008023760 ) ) ;
#260 = CARTESIAN_POINT ( 'NONE',  ( 15.24078057432461719, 60.61816704351261365, -11.79990978728605278 ) ) ;
#261 = ORIENTED_EDGE ( 'NONE', *, *, #2836, .T. ) ;
#262 = DIRECTION ( 'NONE',  ( 1.000000000000000000, 0.000000000000000000, 0.000000000000000000 ) ) ;
#263 = CARTESIAN_POINT ( 'NONE',  ( 10.50524109628724823, 53.95554370783776221, 13.26925192079685090 ) ) ;
#264 = CARTESIAN_POINT ( 'NONE',  ( -26.31183987992927342, 53.11979405984354230, 9.129492396274246246 ) ) ;
#265 = CARTESIAN_POINT ( 'NONE',  ( 0.7488327117372725050, 56.43829753281894313, -21.08665207980562073 ) ) ;
#266 = EDGE_CURVE ( 'NONE', #943, #4730, #2009, .T. ) ;
#267 = CARTESIAN_POINT ( 'NONE',  ( 2.520523483286653210, 60.16227992544391867, 22.86377337575278901 ) ) ;
#268 = CARTESIAN_POINT ( 'NONE',  ( -16.31455975587001461, 66.13636457234710520, 12.68682137719025604 ) ) ;
#269 = ORIENTED_EDGE ( 'NONE', *, *, #195, .T. ) ;
#270 = DIRECTION ( 'NONE',  ( 1.000000000000000000, 0.000000000000000000, 0.000000000000000000 ) ) ;
#271 = EDGE_CURVE ( 'NONE', #3871, #959, #2389, .T. ) ;
#272 = CARTESIAN_POINT ( 'NONE',  ( -20.94265458969130833, 13.20807434455406870, -7.755834768654742639 ) ) ;
#273 = CARTESIAN_POINT ( 'NONE',  ( -3.995260121306230428, 60.75926386390648304, 30.40854795548392886 ) ) ;
#274 = CARTESIAN_POINT ( 'NONE',  ( 0.9930279172334289806, 64.82877984696794726, 3.140753176773442679 ) ) ;
#275 = AXIS2_PLACEMENT_3D ( 'NONE', #3998, #1461, #3970 ) ;
#276 = ORIENTED_EDGE ( 'NONE', *, *, #2211, .F. ) ;
#277 = CARTESIAN_POINT ( 'NONE',  ( -5.745716132992169101, -17.07928127310376354, -0.1365787982008581924 ) ) ;
#278 = CARTESIAN_POINT ( 'NONE',  ( -5.745716132992169101, -17.07928127310376354, -0.1365787982008581924 ) ) ;
#279 = ORIENTED_EDGE ( 'NONE', *, *, #266, .F. ) ;
#280 = CARTESIAN_POINT ( 'NONE',  ( -35.74571613299217177, -21.27928127310376283, -0.1365787982008691559 ) ) ;
#281 = CARTESIAN_POINT ( 'NONE',  ( -3.396702222340400645, 52.98168809048335248, -20.83147963682240089 ) ) ;
#282 = CARTESIAN_POINT ( 'NONE',  ( 13.39356046359218411, 47.60606332306167587, 7.779790042260248839 ) ) ;
#283 =( NAMED_UNIT ( * ) PLANE_ANGLE_UNIT ( ) SI_UNIT ( $, .RADIAN. ) );
#284 = CARTESIAN_POINT ( 'NONE',  ( -0.1376203566907084064, 53.95353703547137059, 3.207040158180763711 ) ) ;
#285 = CARTESIAN_POINT ( 'NONE',  ( -10.06218560146232299, 65.82562954302240144, -12.81596217577106955 ) ) ;
#286 = CARTESIAN_POINT ( 'NONE',  ( 1.234443450850853718, 60.90753886619070556, 22.82594223464936789 ) ) ;
#287 = CIRCLE ( 'NONE', #542, 16.99999999999999289 ) ;
#288 = CARTESIAN_POINT ( 'NONE',  ( -3.575376777870322709, 53.37989392016409340, -2.622544479372145965 ) ) ;
#289 = CIRCLE ( 'NONE', #1242, 37.50000000000000000 ) ;
#290 = CARTESIAN_POINT ( 'NONE',  ( -25.43218211309816112, 61.90579061000474326, -18.21532206793876796 ) ) ;
#291 = CARTESIAN_POINT ( 'NONE',  ( 0.4993282840135220835, -15.40386254927530096, 36.83981193962882372 ) ) ;
#292 = CARTESIAN_POINT ( 'NONE',  ( 4.262774670716846792, 57.49848891583416588, -20.88968986086803525 ) ) ;
#293 = CARTESIAN_POINT ( 'NONE',  ( 10.12160479403970115, 53.03280605363725186, 13.30230047973743446 ) ) ;
#294 = CARTESIAN_POINT ( 'NONE',  ( -9.255229284327887385, 48.79068171269161525, -3.703659642326580848 ) ) ;
#295 = CARTESIAN_POINT ( 'NONE',  ( -6.387699991536051058, 57.46347011767435475, 0.2960826390594748503 ) ) ;
#296 = CARTESIAN_POINT ( 'NONE',  ( -8.854253567783402445, 61.04938992510097506, 25.99473174306920242 ) ) ;
#297 = CARTESIAN_POINT ( 'NONE',  ( -8.402723420333403581, 60.80346283600135138, 15.15652668981788587 ) ) ;
#298 = ORIENTED_EDGE ( 'NONE', *, *, #2473, .F. ) ;
#299 = CARTESIAN_POINT ( 'NONE',  ( -25.33238281568867833, 52.88002607869402283, 7.189924377426071267 ) ) ;
#300 = CARTESIAN_POINT ( 'NONE',  ( -11.72687356694719618, 42.42273435812178661, -9.436692936885020089 ) ) ;
#301 = CARTESIAN_POINT ( 'NONE',  ( 2.931435277723745347, 60.56246796987447567, 24.08736310897459987 ) ) ;
#302 = ORIENTED_EDGE ( 'NONE', *, *, #3370, .T. ) ;
#303 = CARTESIAN_POINT ( 'NONE',  ( 9.487367136755709751, 49.20855773561840607, 7.193851436434565372 ) ) ;
#305 = CARTESIAN_POINT ( 'NONE',  ( -19.36590765020570970, 12.20807434455407581, -10.30960111383657285 ) ) ;
#304 = B_SPLINE_CURVE_WITH_KNOTS ( 'NONE', 3,
 ( #1933, #2014, #3684, #5258 ),
 .UNSPECIFIED., .F., .F.,
 ( 4, 4 ),
 ( 0.02153238693270387652, 0.02413443924504351037 ),
 .UNSPECIFIED. ) ;
#306 = LINE ( 'NONE', #5311, #5214 ) ;
#307 = EDGE_CURVE ( 'NONE', #2541, #4678, #4435, .T. ) ;
#308 = CARTESIAN_POINT ( 'NONE',  ( 6.053279852751184187, 59.40699632865964475, -20.53429437575489658 ) ) ;
#309 = CARTESIAN_POINT ( 'NONE',  ( -18.40335637641097222, 48.53272900953214020, 9.374552662020278149 ) ) ;
#310 = CARTESIAN_POINT ( 'NONE',  ( -3.487307307214431162, 53.11979405984354230, -22.58040001766029192 ) ) ;
#311 = DIRECTION ( 'NONE',  ( 0.7071067811865477948, 0.7071067811865473507, 2.468850131082265344E-15 ) ) ;
#312 = CARTESIAN_POINT ( 'NONE',  ( -1.245716132992168435, 44.22071872689625138, -0.1365787982006924917 ) ) ;
#313 = CARTESIAN_POINT ( 'NONE',  ( -4.571615577245882633, 63.70004832751212120, -5.155099515745526162 ) ) ;
#314 = ADVANCED_FACE ( 'NONE', ( #4098 ), #1124, .F. ) ;
#315 = CARTESIAN_POINT ( 'NONE',  ( 10.41033883129119353, 54.81424168008356901, 14.10353467176172870 ) ) ;
#316 = CARTESIAN_POINT ( 'NONE',  ( -28.91330395584154189, 61.74561163104888095, -10.87991290475753736 ) ) ;
#317 = CARTESIAN_POINT ( 'NONE',  ( -0.6388473694649459134, -12.04436326501801346, 37.01437124294532310 ) ) ;
#318 = VECTOR ( 'NONE', #2385, 1000.000000000000000 ) ;
#319 = CARTESIAN_POINT ( 'NONE',  ( -9.404109684363801236, 48.66687990471253755, -3.552429143507053855 ) ) ;
#320 = CIRCLE ( 'NONE', #141, 4.500000000000000000 ) ;
#321 = CARTESIAN_POINT ( 'NONE',  ( -8.715972337299001893, 47.62331007854047016, -13.80951456947794398 ) ) ;
#322 = CARTESIAN_POINT ( 'NONE',  ( -7.611612073859823191, 61.66755760848361234, -4.775375230235046509 ) ) ;
#323 = CARTESIAN_POINT ( 'NONE',  ( -14.56814950805503805, 65.82562954302240144, 9.941285104939442618 ) ) ;
#324 = ORIENTED_EDGE ( 'NONE', *, *, #3904, .T. ) ;
#325 = CARTESIAN_POINT ( 'NONE',  ( -31.28959934682187694, 59.27547314952710877, -0.4129843521048959243 ) ) ;
#326 = CARTESIAN_POINT ( 'NONE',  ( -4.933844875391090845, 52.02113291601371259, -8.340376696315408012 ) ) ;
#327 = CARTESIAN_POINT ( 'NONE',  ( -14.00392923448022486, 60.86061422850557534, 25.85557973448809932 ) ) ;
#328 = AXIS2_PLACEMENT_3D ( 'NONE', #2998, #102, #458 ) ;
#329 = CARTESIAN_POINT ( 'NONE',  ( -27.49343636870081298, 60.71698879070303434, -14.48009236509802911 ) ) ;
#330 = CARTESIAN_POINT ( 'NONE',  ( 24.76965525194433582, 13.20807434455410068, -16.59993614333618339 ) ) ;
#331 = CARTESIAN_POINT ( 'NONE',  ( -19.75852351756941871, 12.87391699226475694, -9.767429126759722635 ) ) ;
#332 = CARTESIAN_POINT ( 'NONE',  ( -0.1929492171796941269, 61.10049702543267358, 23.21409089842310181 ) ) ;
#333 = CARTESIAN_POINT ( 'NONE',  ( -8.522761665049310764, 47.61047948194374868, -21.56992389735454552 ) ) ;
#334 = ADVANCED_FACE ( 'NONE', ( #248 ), #2003, .T. ) ;
#335 = CARTESIAN_POINT ( 'NONE',  ( 6.001951716201221920, 58.33321268545118699, -20.44021329940587606 ) ) ;
#336 =( BOUNDED_CURVE ( )  B_SPLINE_CURVE ( 3, ( #4045, #1483, #249, #169 ),
 .UNSPECIFIED., .F., .T. ) 
 B_SPLINE_CURVE_WITH_KNOTS ( ( 4, 4 ),
 ( 4.594468828359440593, 4.653531474437608395 ),
 .UNSPECIFIED. ) 
 CURVE ( )  GEOMETRIC_REPRESENTATION_ITEM ( )  RATIONAL_B_SPLINE_CURVE ( ( 1.000000000000000000, 0.9997093214458155908, 0.9997093214458155908, 1.000000000000000000 ) ) 
 REPRESENTATION_ITEM ( '' )  );
#337 = FACE_OUTER_BOUND ( 'NONE', #1951, .T. ) ;
#338 = B_SPLINE_CURVE_WITH_KNOTS ( 'NONE', 3,
 ( #529, #3488, #3130, #3046, #180, #5154, #5129, #4695, #2203, #1433, #1406, #3919 ),
 .UNSPECIFIED., .F., .F.,
 ( 4, 2, 2, 2, 2, 4 ),
 ( 0.005592490451992515772, 0.007785398429495800701, 0.009978306406999084763, 0.01217121438450236882, 0.01326766837325400912, 0.01436412236200564768 ),
 .UNSPECIFIED. ) ;
#339 = ADVANCED_FACE ( 'NONE', ( #4467 ), #3144, .T. ) ;
#340 = CARTESIAN_POINT ( 'NONE',  ( -9.444096038108609648, 66.30377637973997196, -13.04321533680853484 ) ) ;
#341 = CARTESIAN_POINT ( 'NONE',  ( 0.6694198069885932689, 60.08632297304215086, 22.99015964178608940 ) ) ;
#342 = CARTESIAN_POINT ( 'NONE',  ( 9.156413102678108373, 56.45761366465508502, 15.96237495240426441 ) ) ;
#343 = VECTOR ( 'NONE', #1752, 1000.000000000000000 ) ;
#344 = CARTESIAN_POINT ( 'NONE',  ( -28.80344493208540158, 57.82223816296177432, 1.728434943662769951 ) ) ;
#345 = LINE ( 'NONE', #5344, #4069 ) ;
#346 = B_SPLINE_SURFACE_WITH_KNOTS ( 'NONE', 3, 3, ( 
 ( #3680, #5315, #1259, #1569, #5143, #2635, #2606, #3037, #4276, #884 ),
 ( #910, #3832, #2983, #1813, #5090, #113, #1316, #139, #2146, #88 ),
 ( #1757, #2582, #492, #2558, #3012, #2527, #3884, #5037, #4686, #468 ),
 ( #4232, #60, #934, #1394, #2170, #1786, #3860, #1344, #4305, #2223 ) ),
 .UNSPECIFIED., .F., .F., .F.,
 ( 4, 4 ),
 ( 4, 3, 3, 4 ),
 ( -0.02400000000000000744, 0.000000000000000000 ),
 ( -0.001016959739034572693, -0.001000000000000000238, 0.000000000000000000, 1.000000000000000251E-05 ),
 .UNSPECIFIED. ) ;
#347 = CARTESIAN_POINT ( 'NONE',  ( -18.26259555557682290, 42.51116922599128856, 14.29363493859793266 ) ) ;
#348 = DIRECTION ( 'NONE',  ( 0.5000000000000039968, -3.023711536277448712E-15, 0.8660254037844363761 ) ) ;
#349 = CARTESIAN_POINT ( 'NONE',  ( 6.818515414721333379, 61.72368399642758163, -4.583011415054921045 ) ) ;
#350 = CARTESIAN_POINT ( 'NONE',  ( -13.62501540755253515, 61.71420468307994156, -7.695905675672964463 ) ) ;
#351 = ORIENTED_EDGE ( 'NONE', *, *, #185, .T. ) ;
#352 = CARTESIAN_POINT ( 'NONE',  ( -25.22008294452928467, 50.10866346783542014, 10.78595986274306107 ) ) ;
#353 = CARTESIAN_POINT ( 'NONE',  ( 20.88962881038180086, 60.71881310280647170, -14.08203455523610970 ) ) ;
#354 = CARTESIAN_POINT ( 'NONE',  ( -3.274696062995734902, 54.19300853156445896, 2.008771118979733483 ) ) ;
#355 = CYLINDRICAL_SURFACE ( 'NONE', #983, 24.00000000000000355 ) ;
#356 = ORIENTED_EDGE ( 'NONE', *, *, #3289, .F. ) ;
#357 = CARTESIAN_POINT ( 'NONE',  ( 8.110690327558813806, -17.07928127310373512, -8.136578798200924112 ) ) ;
#358 = CARTESIAN_POINT ( 'NONE',  ( 3.605052124306452832, 46.46873561572433431, 1.219258513374241071 ) ) ;
#359 = CARTESIAN_POINT ( 'NONE',  ( 8.903080886229608026, 55.65646590880805178, 15.98423987620678766 ) ) ;
#360 = DIRECTION ( 'NONE',  ( 0.000000000000000000, 0.6546536707079736450, 0.7559289460184575038 ) ) ;
#361 = AXIS2_PLACEMENT_3D ( 'NONE', #1401, #3511, #3539 ) ;
#362 = CARTESIAN_POINT ( 'NONE',  ( 5.173052259639851158, 59.15546929842962243, -22.10615420494689332 ) ) ;
#363 = CARTESIAN_POINT ( 'NONE',  ( -5.745716132992169101, -21.27928127310376283, -0.1365787982008728474 ) ) ;
#364 = CARTESIAN_POINT ( 'NONE',  ( -14.66762377071221657, 64.76333679954085198, -24.24865408888208762 ) ) ;
#365 = DIRECTION ( 'NONE',  ( 0.3535533905932682353, 0.7071067811865494601, -0.6123724356957954695 ) ) ;
#366 = EDGE_CURVE ( 'NONE', #2147, #3330, #43, .T. ) ;
#367 = CARTESIAN_POINT ( 'NONE',  ( -5.373318594081282207, 50.69048235469827546, 4.115139737141023879 ) ) ;
#368 = CARTESIAN_POINT ( 'NONE',  ( 0.1662973002981528170, 48.85130267345833488, -1.843845664077131241 ) ) ;
#369 = CARTESIAN_POINT ( 'NONE',  ( -27.99249546703128999, 61.40407705663103854, -13.44999946737053342 ) ) ;
#370 = CARTESIAN_POINT ( 'NONE',  ( 0.7381213413028345771, -13.96401864082189448, 36.79864713652931840 ) ) ;
#371 = CARTESIAN_POINT ( 'NONE',  ( -2.198934954075498993, 53.82510323427300136, 3.392744838278265895 ) ) ;
#372 = CARTESIAN_POINT ( 'NONE',  ( -39.17544786176245708, -9.171272019776511186, -17.12784233398442879 ) ) ;
#373 = CARTESIAN_POINT ( 'NONE',  ( -0.1397362932136457514, 55.80735322795415954, -21.15360763944756428 ) ) ;
#374 = CARTESIAN_POINT ( 'NONE',  ( 6.019725743467405188, 59.40699632865969448, 20.28050925338072474 ) ) ;
#375 = DIRECTION ( 'NONE',  ( 1.000000000000000000, 0.000000000000000000, 0.000000000000000000 ) ) ;
#376 = ORIENTED_EDGE ( 'NONE', *, *, #701, .F. ) ;
#377 = CARTESIAN_POINT ( 'NONE',  ( -15.68537170022823268, 51.09834630931130306, 4.625683018649557887 ) ) ;
#378 = ORIENTED_EDGE ( 'NONE', *, *, #3257, .T. ) ;
#379 = CARTESIAN_POINT ( 'NONE',  ( 3.948812871861367313, 57.02358662328333594, -16.33916329229410991 ) ) ;
#380 = CARTESIAN_POINT ( 'NONE',  ( -7.432880597455190141, 60.36983975334545249, 14.04428286957479166 ) ) ;
#381 = CARTESIAN_POINT ( 'NONE',  ( -13.12370962602861013, 61.73889284378954301, -7.437660837615408305 ) ) ;
#382 = CARTESIAN_POINT ( 'NONE',  ( 6.571304374967695594, 50.89622071714477158, 7.008246631756488654 ) ) ;
#383 = ORIENTED_EDGE ( 'NONE', *, *, #883, .F. ) ;
#384 = CARTESIAN_POINT ( 'NONE',  ( -29.01465617557410681, 60.27384557590934122, -6.016531120084843920 ) ) ;
#385 = DIRECTION ( 'NONE',  ( 0.000000000000000000, -1.000000000000000000, -3.491481338843133355E-15 ) ) ;
#386 = CARTESIAN_POINT ( 'NONE',  ( 1.634409751321838744, 46.71203159333677490, -0.2862252301974004265 ) ) ;
#387 = CARTESIAN_POINT ( 'NONE',  ( -2.040965743421412348, 53.03280605363725186, -20.59752144997998613 ) ) ;
#388 = CARTESIAN_POINT ( 'NONE',  ( -8.041385920270178289, 48.37635661895103567, -13.18953250124551246 ) ) ;
#389 = VERTEX_POINT ( 'NONE', #1070 ) ;
#390 = CARTESIAN_POINT ( 'NONE',  ( -9.551814058332031010, 48.57332242071429107, -3.379049859401443090 ) ) ;
#391 = CARTESIAN_POINT ( 'NONE',  ( -5.745716132992169101, 65.02071872689610643, 29.86342120179942583 ) ) ;
#392 = CARTESIAN_POINT ( 'NONE',  ( -4.677976377722435686, 53.37989392016409340, 2.985973058753528697 ) ) ;
#393 = CARTESIAN_POINT ( 'NONE',  ( -1.919919799292026719, 50.91490859822563664, -2.613417129770565950 ) ) ;
#394 = CARTESIAN_POINT ( 'NONE',  ( 16.90362946609123895, 61.80402297214292417, -12.75159157999849668 ) ) ;
#395 = AXIS2_PLACEMENT_3D ( 'NONE', #391, #4901, #772 ) ;
#396 = CARTESIAN_POINT ( 'NONE',  ( -0.9806145197750739673, 50.32391205353262364, -1.656482854704687480 ) ) ;
#397 = CARTESIAN_POINT ( 'NONE',  ( -22.36608553209035222, 60.36653914096575591, -6.753363557398991190 ) ) ;
#398 = CARTESIAN_POINT ( 'NONE',  ( -8.393710224036169620, 52.68923633383887051, 0.07166678731287240423 ) ) ;
#399 = DIRECTION ( 'NONE',  ( 1.000000000000000000, 0.000000000000000000, 0.000000000000000000 ) ) ;
#400 = DIRECTION ( 'NONE',  ( 0.000000000000000000, -1.000000000000000000, -3.491481338843133355E-15 ) ) ;
#401 = ORIENTED_EDGE ( 'NONE', *, *, #2022, .T. ) ;
#402 = CARTESIAN_POINT ( 'NONE',  ( -20.75979776961539969, 50.09617346658435366, 7.815226954174572249 ) ) ;
#403 = ORIENTED_EDGE ( 'NONE', *, *, #418, .T. ) ;
#404 = CYLINDRICAL_SURFACE ( 'NONE', #681, 24.00000000000000355 ) ;
#405 = CARTESIAN_POINT ( 'NONE',  ( -10.99867181137601158, -12.12247536777008605, 39.01281548230667795 ) ) ;
#406 = CARTESIAN_POINT ( 'NONE',  ( 17.72645211336857685, 60.82312621740893377, -14.09609426967870505 ) ) ;
#407 = CARTESIAN_POINT ( 'NONE',  ( -13.12291399000435632, 61.73597194179525616, -7.439361891561170559 ) ) ;
#408 = CARTESIAN_POINT ( 'NONE',  ( -5.409953011658659605, 61.82033831906969823, 27.17217882615160462 ) ) ;
#409 = VERTEX_POINT ( 'NONE', #4791 ) ;
#410 = FACE_BOUND ( 'NONE', #4810, .T. ) ;
#411 = DIRECTION ( 'NONE',  ( 0.000000000000000000, -0.6546536707079819717, 0.7559289460184501763 ) ) ;
#412 = CARTESIAN_POINT ( 'NONE',  ( 8.308361790875540720, 60.07986630025597208, -14.03599224417484237 ) ) ;
#413 =( BOUNDED_CURVE ( )  B_SPLINE_CURVE ( 3, ( #1884, #212, #2771, #562 ),
 .UNSPECIFIED., .F., .F. ) 
 B_SPLINE_CURVE_WITH_KNOTS ( ( 4, 4 ),
 ( 4.712388980384689674, 4.859983086043722089 ),
 .UNSPECIFIED. ) 
 CURVE ( )  GEOMETRIC_REPRESENTATION_ITEM ( )  RATIONAL_B_SPLINE_CURVE ( ( 1.000000000000000000, 0.9981854887086412109, 0.9981854887086412109, 1.000000000000000000 ) ) 
 REPRESENTATION_ITEM ( '' )  );
#414 = ORIENTED_EDGE ( 'NONE', *, *, #5175, .F. ) ;
#415 = CARTESIAN_POINT ( 'NONE',  ( -19.82245350133209527, 48.58224694624431805, 8.864799463166763260 ) ) ;
#416 = ORIENTED_EDGE ( 'NONE', *, *, #1732, .T. ) ;
#417 = CARTESIAN_POINT ( 'NONE',  ( -12.39873100235244152, 64.37373821983955224, -15.09372035933713008 ) ) ;
#418 = EDGE_CURVE ( 'NONE', #5308, #2550, #5003, .T. ) ;
#419 = CARTESIAN_POINT ( 'NONE',  ( -22.42604706756588939, 51.02584086930844620, 9.200241133958078521 ) ) ;
#420 = CARTESIAN_POINT ( 'NONE',  ( 7.553956392211929938, 47.59270134391282880, 4.129864590878348451 ) ) ;
#421 = CARTESIAN_POINT ( 'NONE',  ( -26.82478532873066257, 61.44932509327114900, -15.88797988273990214 ) ) ;
#422 = CARTESIAN_POINT ( 'NONE',  ( -7.745716132992169989, -0.1538923851391200970, 36.85767360878316623 ) ) ;
#423 = CARTESIAN_POINT ( 'NONE',  ( -29.46787273502131299, 60.46161140600914763, -3.382107457731186262 ) ) ;
#424 = CARTESIAN_POINT ( 'NONE',  ( -32.02854112839563072, 61.46628293283832534, -12.06008289626427832 ) ) ;
#425 = CARTESIAN_POINT ( 'NONE',  ( -8.583978692939888688, 52.91193366927051045, -0.2007428493202741138 ) ) ;
#426 = LINE ( 'NONE', #1243, #3681 ) ;
#427 = CARTESIAN_POINT ( 'NONE',  ( -3.606262404144089384, 60.43455202666081760, 23.77385419265527133 ) ) ;
#428 = ORIENTED_EDGE ( 'NONE', *, *, #3662, .T. ) ;
#429 = CARTESIAN_POINT ( 'NONE',  ( -8.222118779889722617, 43.38971260191861035, 7.991768878382781160 ) ) ;
#430 = ORIENTED_EDGE ( 'NONE', *, *, #4389, .F. ) ;
#431 = CARTESIAN_POINT ( 'NONE',  ( -5.004851850460876328, 53.23751377925185579, -5.084836683759885290 ) ) ;
#432 = CARTESIAN_POINT ( 'NONE',  ( -11.99213864651348693, -13.18263540192698535, 38.86645008948192270 ) ) ;
#433 = CARTESIAN_POINT ( 'NONE',  ( 10.71340752272823593, 63.20441320692672349, -0.5917079935850414474 ) ) ;
#434 = EDGE_CURVE ( 'NONE', #653, #4678, #2684, .T. ) ;
#435 = CARTESIAN_POINT ( 'NONE',  ( -28.68714439412110551, 58.26233798245114315, 2.124926658965232473 ) ) ;
#436 = CARTESIAN_POINT ( 'NONE',  ( 1.313852463629634482, 45.47522186554279244, -3.579601701217168142 ) ) ;
#437 = ORIENTED_EDGE ( 'NONE', *, *, #2596, .F. ) ;
#438 = LINE ( 'NONE', #1172, #3487 ) ;
#439 = CARTESIAN_POINT ( 'NONE',  ( 9.360690327558822688, -17.07928127310374222, -5.971515288739830396 ) ) ;
#440 = B_SPLINE_CURVE_WITH_KNOTS ( 'NONE', 3,
 ( #691, #2336, #4794, #3620, #1101, #1540, #744, #332, #1898, #224, #3234, #2414 ),
 .UNSPECIFIED., .F., .F.,
 ( 4, 2, 2, 2, 2, 4 ),
 ( 0.007261657568801633753, 0.009037273767102642005, 0.01081288996540364852, 0.01258850616370465678, 0.01347631426285515917, 0.01436412236200566156 ),
 .UNSPECIFIED. ) ;
#441 = CARTESIAN_POINT ( 'NONE',  ( 11.25428386700782823, 16.22071872689624072, -0.1365787982008105361 ) ) ;
#442 = CARTESIAN_POINT ( 'NONE',  ( 11.41674392357648671, 61.67896054157849761, -19.76758256110038658 ) ) ;
#443 = EDGE_LOOP ( 'NONE', ( #2335, #810, #1421, #4803 ) ) ;
#444 = DIRECTION ( 'NONE',  ( 0.000000000000000000, -1.000000000000000000, -3.491481338843133355E-15 ) ) ;
#445 = ORIENTED_EDGE ( 'NONE', *, *, #2490, .T. ) ;
#446 = CARTESIAN_POINT ( 'NONE',  ( -26.15295905375861452, 54.79531323835102796, 6.728323754361931641 ) ) ;
#447 = CARTESIAN_POINT ( 'NONE',  ( -5.864982071450196344, 50.62227932855461887, -19.39436031987014175 ) ) ;
#448 = CARTESIAN_POINT ( 'NONE',  ( -9.242695654521869031, 50.46222808930900783, -3.717942291290582624 ) ) ;
#449 = CARTESIAN_POINT ( 'NONE',  ( -25.37416659193895541, 53.33972982917823202, 7.003053758566182729 ) ) ;
#450 = CARTESIAN_POINT ( 'NONE',  ( -28.88267191717847737, 60.99220454532810010, -6.582301685377565548 ) ) ;
#451 = CARTESIAN_POINT ( 'NONE',  ( -25.97770098181711163, 60.66720581566616488, -13.06476825025414001 ) ) ;
#452 = CARTESIAN_POINT ( 'NONE',  ( 22.25428386700782468, -21.27928127310376283, -0.1365787982008728474 ) ) ;
#453 = CARTESIAN_POINT ( 'NONE',  ( 2.662872820305063115, 61.70177600624514724, -1.777615925946818276 ) ) ;
#454 = CARTESIAN_POINT ( 'NONE',  ( -4.673571959394717368, 60.51134019902282546, 23.84542643362087233 ) ) ;
#455 = ORIENTED_EDGE ( 'NONE', *, *, #985, .F. ) ;
#456 = CARTESIAN_POINT ( 'NONE',  ( -30.60901577403899054, 60.64199636115200320, -15.33312389691626620 ) ) ;
#457 = VERTEX_POINT ( 'NONE', #1925 ) ;
#458 = DIRECTION ( 'NONE',  ( 1.000000000000000000, 0.000000000000000000, 0.000000000000000000 ) ) ;
#459 = CARTESIAN_POINT ( 'NONE',  ( 0.8722809582536522610, 59.21228202259045048, -2.465972636752964409 ) ) ;
#460 = CARTESIAN_POINT ( 'NONE',  ( -20.26759569412319451, 61.41436416784105745, -11.04647201724164951 ) ) ;
#461 = CARTESIAN_POINT ( 'NONE',  ( -0.6206055036692285087, 57.91811250430004065, 12.15618905250663850 ) ) ;
#462 = ORIENTED_EDGE ( 'NONE', *, *, #4550, .F. ) ;
#463 = CARTESIAN_POINT ( 'NONE',  ( -28.96472331648707765, 59.99069943802963678, -6.209280455026411794 ) ) ;
#464 = CARTESIAN_POINT ( 'NONE',  ( -25.31778744959491689, 53.03280605363725186, 6.885484575640036020 ) ) ;
#465 = DIRECTION ( 'NONE',  ( 0.000000000000000000, 1.000000000000000000, 3.491481338843133355E-15 ) ) ;
#466 = CARTESIAN_POINT ( 'NONE',  ( 20.87961848906023121, 61.77225489383645396, -11.26276645168493751 ) ) ;
#467 = ORIENTED_EDGE ( 'NONE', *, *, #4761, .F. ) ;
#468 = CARTESIAN_POINT ( 'NONE',  ( 4.266203134773375538, 61.73889284378954301, -2.875567572419436058 ) ) ;
#469 = ORIENTED_EDGE ( 'NONE', *, *, #4424, .F. ) ;
#470 = CARTESIAN_POINT ( 'NONE',  ( -24.51220027195786955, 52.91816269365656211, 8.170871362447915232 ) ) ;
#471 = CARTESIAN_POINT ( 'NONE',  ( -7.788452938079053922, 47.43873559050894784, -16.81948475798471776 ) ) ;
#472 = DIRECTION ( 'NONE',  ( 0.000000000000000000, 1.000000000000000000, 3.491481338843133355E-15 ) ) ;
#473 = EDGE_CURVE ( 'NONE', #48, #4591, #2726, .T. ) ;
#474 = CARTESIAN_POINT ( 'NONE',  ( -24.56911728571054709, 55.22813060931048312, 4.772845167967984636 ) ) ;
#475 = CARTESIAN_POINT ( 'NONE',  ( -9.985475692591766261, 48.60426433341415020, -4.124025133738802751 ) ) ;
#476 = CARTESIAN_POINT ( 'NONE',  ( -9.996278702991959975, 60.96106085512855799, 24.54347779137576424 ) ) ;
#477 = CARTESIAN_POINT ( 'NONE',  ( -12.16531122488107997, -14.94194965520227214, 36.80986706738724479 ) ) ;
#478 = TOROIDAL_SURFACE ( 'NONE', #3563, -52.50000000000000000, 90.00000000000000000 ) ;
#479 = DIRECTION ( 'NONE',  ( 0.000000000000000000, -3.491481338843133355E-15, 1.000000000000000000 ) ) ;
#480 = VERTEX_POINT ( 'NONE', #4387 ) ;
#481 = CARTESIAN_POINT ( 'NONE',  ( -8.413574514702791163, 47.27339373768121078, 6.129030828967533928 ) ) ;
#482 = CARTESIAN_POINT ( 'NONE',  ( -10.39164240837643227, -16.71250196817507572, 39.08957461199679528 ) ) ;
#483 = EDGE_CURVE ( 'NONE', #2145, #1971, #5216, .T. ) ;
#484 = CARTESIAN_POINT ( 'NONE',  ( 17.72502740180475556, 62.06024962577986770, -3.168534046220129685 ) ) ;
#485 = CARTESIAN_POINT ( 'NONE',  ( 9.130741999338495063, 55.97332732928065724, 16.45215134256079637 ) ) ;
#486 = CARTESIAN_POINT ( 'NONE',  ( -1.805305266117956720, 59.28688475297048655, 14.85324449143240955 ) ) ;
#487 = ORIENTED_EDGE ( 'NONE', *, *, #2960, .T. ) ;
#488 = DIRECTION ( 'NONE',  ( -0.8660254037844363761, -1.745740669421580877E-15, 0.5000000000000039968 ) ) ;
#489 = CARTESIAN_POINT ( 'NONE',  ( -6.502769692239669830, 48.58224694624432516, -16.82808009226867085 ) ) ;
#490 = CARTESIAN_POINT ( 'NONE',  ( 2.337577793883587773, 57.91811250430004065, -10.72143872575387569 ) ) ;
#491 = EDGE_LOOP ( 'NONE', ( #3767, #1724, #3143, #3610 ) ) ;
#492 = CARTESIAN_POINT ( 'NONE',  ( 4.593854495395650162, 60.84890730692245597, -2.406467081408599551 ) ) ;
#493 = CARTESIAN_POINT ( 'NONE',  ( -10.34963526163713610, 57.16951399817772739, -2.168807740290034314 ) ) ;
#494 = EDGE_CURVE ( 'NONE', #2515, #5198, #1482, .T. ) ;
#495 = VECTOR ( 'NONE', #2586, 1000.000000000000000 ) ;
#496 = CARTESIAN_POINT ( 'NONE',  ( -6.932717325494789584, 47.94853840641772535, -17.39313979865116977 ) ) ;
#497 = EDGE_CURVE ( 'NONE', #1346, #4829, #1888, .T. ) ;
#498 = CARTESIAN_POINT ( 'NONE',  ( -8.749604146823390494, 47.90239739532306373, 6.847451971704136220 ) ) ;
#499 = CARTESIAN_POINT ( 'NONE',  ( -8.542388635638491934, 47.27532259458217112, -13.56099271313871668 ) ) ;
#500 = CARTESIAN_POINT ( 'NONE',  ( -17.17636135825108568, 63.02214149135253507, 20.27738450997147623 ) ) ;
#501 = EDGE_CURVE ( 'NONE', #3871, #5308, #3617, .T. ) ;
#502 = DIRECTION ( 'NONE',  ( -0.5000000000000039968, 3.023711536277448712E-15, -0.8660254037844363761 ) ) ;
#503 = CARTESIAN_POINT ( 'NONE',  ( -123.7457161329921576, 48.71270947356900649, -0.1365787982006140266 ) ) ;
#504 = ORIENTED_EDGE ( 'NONE', *, *, #3470, .F. ) ;
#505 = CARTESIAN_POINT ( 'NONE',  ( -16.17368284695383451, 63.27647853340788231, -17.42433848361537230 ) ) ;
#506 = B_SPLINE_CURVE_WITH_KNOTS ( 'NONE', 3,
 ( #3097, #3564, #3968, #2641 ),
 .UNSPECIFIED., .F., .F.,
 ( 4, 4 ),
 ( 0.0002424179751230866407, 0.001910459308459706764 ),
 .UNSPECIFIED. ) ;
#507 = ORIENTED_EDGE ( 'NONE', *, *, #2859, .F. ) ;
#508 = CARTESIAN_POINT ( 'NONE',  ( -5.745716132992201963, 52.45677549826513797, -5.136578798200803320 ) ) ;
#509 = CARTESIAN_POINT ( 'NONE',  ( -10.99537140107809030, -16.46330831245010629, 39.01325976846607801 ) ) ;
#510 = CARTESIAN_POINT ( 'NONE',  ( 19.79527167050438408, 62.64624724330569450, -0.3807393615813006726 ) ) ;
#511 = CARTESIAN_POINT ( 'NONE',  ( -0.3505062829514621892, 61.50309050662899324, 24.28526891256807474 ) ) ;
#512 = CARTESIAN_POINT ( 'NONE',  ( -4.893172656102723117, 59.45409042249108467, 9.500407740924085687 ) ) ;
#513 = ORIENTED_EDGE ( 'NONE', *, *, #2856, .F. ) ;
#514 = AXIS2_PLACEMENT_3D ( 'NONE', #439, #2139, #488 ) ;
#515 = CARTESIAN_POINT ( 'NONE',  ( 9.874475384221243601, -21.27928127310373796, -6.845499498699130214 ) ) ;
#516 = CARTESIAN_POINT ( 'NONE',  ( 9.385564900310917835, 55.44220749975873019, 16.27690546144369321 ) ) ;
#517 = CARTESIAN_POINT ( 'NONE',  ( 8.180215324999831950, 61.51871992188431904, -6.123461068022110432 ) ) ;
#518 = ORIENTED_EDGE ( 'NONE', *, *, #904, .T. ) ;
#519 = CARTESIAN_POINT ( 'NONE',  ( -0.9271979511000770779, 61.17453685559075183, 1.250356760207300910 ) ) ;
#520 = EDGE_LOOP ( 'NONE', ( #3461, #530, #2283, #1188 ) ) ;
#521 = CARTESIAN_POINT ( 'NONE',  ( -24.29586663121134293, 51.83119179522093845, 7.708356612136586072 ) ) ;
#522 = CARTESIAN_POINT ( 'NONE',  ( -0.1726065303892841962, 48.60426433341415020, -1.814595114982952007 ) ) ;
#523 = CARTESIAN_POINT ( 'NONE',  ( 15.15369252361877273, 60.94583228621067406, -14.81200274352247526 ) ) ;
#524 = EDGE_CURVE ( 'NONE', #3223, #3233, #3210, .T. ) ;
#525 = CARTESIAN_POINT ( 'NONE',  ( -12.84158469192054675, 65.26878419310622803, -15.16387546050972546 ) ) ;
#526 = CYLINDRICAL_SURFACE ( 'NONE', #3878, 4.500000000000000000 ) ;
#527 = AXIS2_PLACEMENT_3D ( 'NONE', #3486, #1377, #1431 ) ;
#528 = DIRECTION ( 'NONE',  ( 0.000000000000000000, -1.000000000000000000, -3.491481338843133355E-15 ) ) ;
#529 = CARTESIAN_POINT ( 'NONE',  ( -25.64188984594568410, 61.72438936800976705, -13.55828776479575559 ) ) ;
#530 = ORIENTED_EDGE ( 'NONE', *, *, #4943, .T. ) ;
#531 = CARTESIAN_POINT ( 'NONE',  ( 3.508931520135372129, 54.11488136522437031, 4.795210679216736160 ) ) ;
#532 = EDGE_CURVE ( 'NONE', #3845, #4380, #438, .T. ) ;
#533 = CARTESIAN_POINT ( 'NONE',  ( -9.260574898026849411, 47.18035650423465199, -11.43911499269652943 ) ) ;
#534 = CARTESIAN_POINT ( 'NONE',  ( 26.75231482558428908, 5.149859948093505224, -16.58992464350938789 ) ) ;
#535 = CARTESIAN_POINT ( 'NONE',  ( -14.96936230124771861, 55.20441231586987385, 6.565797262719918592 ) ) ;
#536 = CYLINDRICAL_SURFACE ( 'NONE', #1462, 24.00000000000000355 ) ;
#537 = CARTESIAN_POINT ( 'NONE',  ( -10.32909704948671781, 62.99140238215726839, 9.307182614221703787 ) ) ;
#538 = ORIENTED_EDGE ( 'NONE', *, *, #3607, .T. ) ;
#539 = CARTESIAN_POINT ( 'NONE',  ( -25.72032909395290545, 53.49109845138431041, 6.514955631946975245 ) ) ;
#540 = CARTESIAN_POINT ( 'NONE',  ( -9.711304051718167685, 60.98102857284644074, 1.988708440912249076 ) ) ;
#541 = FACE_OUTER_BOUND ( 'NONE', #2680, .T. ) ;
#542 = AXIS2_PLACEMENT_3D ( 'NONE', #3771, #3310, #1194 ) ;
#543 = CARTESIAN_POINT ( 'NONE',  ( 3.006695576905447975, 60.67962502279137027, 32.02951656797477398 ) ) ;
#544 = CARTESIAN_POINT ( 'NONE',  ( -13.41080520589826008, 49.13176964496260979, -0.9179979519132616117 ) ) ;
#545 = CIRCLE ( 'NONE', #725, 5.000000000000000000 ) ;
#546 = EDGE_LOOP ( 'NONE', ( #1474, #376, #974, #2756 ) ) ;
#547 = CARTESIAN_POINT ( 'NONE',  ( 9.874475384221243601, -11.79192565544593485, -6.845499498699097352 ) ) ;
#548 = CARTESIAN_POINT ( 'NONE',  ( -5.745716132992169101, -9.171272019776569806, -0.1365787982008305756 ) ) ;
#549 = EDGE_LOOP ( 'NONE', ( #5089, #1689, #687, #3066 ) ) ;
#550 = CARTESIAN_POINT ( 'NONE',  ( -26.57918955926471227, 54.63433809047877787, 5.151855054833766268 ) ) ;
#551 = LINE ( 'NONE', #4336, #1681 ) ;
#552 = CARTESIAN_POINT ( 'NONE',  ( 4.834250608193809029, 46.75836370397053088, 1.702042632338572004 ) ) ;
#553 = CARTESIAN_POINT ( 'NONE',  ( 7.122763202636715363, 59.61604761438270117, -20.21902149395543802 ) ) ;
#554 = CARTESIAN_POINT ( 'NONE',  ( -15.53983710674520680, 62.49182382411756720, -10.40563982670277632 ) ) ;
#555 = CARTESIAN_POINT ( 'NONE',  ( -28.13397046888681885, 60.31438518776759139, -8.810121129563757592 ) ) ;
#556 = CARTESIAN_POINT ( 'NONE',  ( -20.34369975728731106, 64.82648338477062566, 18.22418327759195478 ) ) ;
#557 = CYLINDRICAL_SURFACE ( 'NONE', #1992, 37.50000000000000000 ) ;
#558 = DIRECTION ( 'NONE',  ( 1.224646799147353207E-16, -3.491481338843133355E-15, 1.000000000000000000 ) ) ;
#559 = ORIENTED_EDGE ( 'NONE', *, *, #1914, .T. ) ;
#560 = CARTESIAN_POINT ( 'NONE',  ( -9.582336768772215407, 47.11486529915178778, -9.990170608709046718 ) ) ;
#561 = CARTESIAN_POINT ( 'NONE',  ( 26.19574082692780692, 8.690561416035535558, -16.26858649556110237 ) ) ;
#562 = CARTESIAN_POINT ( 'NONE',  ( -3.245716132992169101, -17.07928127310382393, 16.67859292259937831 ) ) ;
#563 = CARTESIAN_POINT ( 'NONE',  ( 9.958702609640434744, 47.76162050566051676, 6.415509683483776371 ) ) ;
#564 = CARTESIAN_POINT ( 'NONE',  ( -2.295482812102628944, 52.48664730524507860, -1.103016398850605428 ) ) ;
#565 = EDGE_LOOP ( 'NONE', ( #3559, #1117, #99, #1033, #2180 ) ) ;
#566 = CARTESIAN_POINT ( 'NONE',  ( -8.817709206589457338, 47.93121559998570547, 6.624198708205086383 ) ) ;
#567 = AXIS2_PLACEMENT_3D ( 'NONE', #2115, #2980, #360 ) ;
#568 = CARTESIAN_POINT ( 'NONE',  ( 19.84015579919737604, 60.52353260378166766, -24.60447821911049715 ) ) ;
#569 = CARTESIAN_POINT ( 'NONE',  ( 3.161969401724533668, 60.34597150769194940, 28.49068136645467675 ) ) ;
#570 = EDGE_CURVE ( 'NONE', #3013, #3629, #2397, .T. ) ;
#571 = CARTESIAN_POINT ( 'NONE',  ( 19.77243649870784026, 62.70952211729002812, -3.247032749441232991 ) ) ;
#572 = VERTEX_POINT ( 'NONE', #2552 ) ;
#573 = CARTESIAN_POINT ( 'NONE',  ( -9.079684402861269987, 50.60165922347944445, -3.868780040628468253 ) ) ;
#574 = CARTESIAN_POINT ( 'NONE',  ( 8.827005366057816715, 60.80346283600136559, -5.482095733332339016 ) ) ;
#575 = ORIENTED_EDGE ( 'NONE', *, *, #2413, .F. ) ;
#576 = CIRCLE ( 'NONE', #2505, 27.99999999999999645 ) ;
#577 = CARTESIAN_POINT ( 'NONE',  ( -22.16493540029014042, 49.94689721365057267, 8.641992323571152212 ) ) ;
#578 = CIRCLE ( 'NONE', #2508, 37.50000000000000000 ) ;
#579 = DIRECTION ( 'NONE',  ( 0.000000000000000000, 1.000000000000000000, 0.000000000000000000 ) ) ;
#580 = CARTESIAN_POINT ( 'NONE',  ( -1.539099397280156101, 61.64235024490930215, 31.82515883975691651 ) ) ;
#581 = CARTESIAN_POINT ( 'NONE',  ( -6.303528091203542516, 61.63345968063749325, 23.86342120179886095 ) ) ;
#582 = ADVANCED_FACE ( 'NONE', ( #4122 ), #2137, .T. ) ;
#583 = CARTESIAN_POINT ( 'NONE',  ( -13.24571114686483853, 63.71812449109109622, -11.48069901506115542 ) ) ;
#584 = CARTESIAN_POINT ( 'NONE',  ( 6.787764830949737593, 57.79734232330398669, 19.37082958643019381 ) ) ;
#585 = CIRCLE ( 'NONE', #3497, 4.500000000000000000 ) ;
#586 = CARTESIAN_POINT ( 'NONE',  ( -12.22955360728717267, -14.61983267007027898, 36.79864713652932551 ) ) ;
#587 = CARTESIAN_POINT ( 'NONE',  ( -7.421170203787914588, 61.72438936800976705, 23.80486755862257908 ) ) ;
#588 = FACE_OUTER_BOUND ( 'NONE', #5277, .T. ) ;
#589 = CARTESIAN_POINT ( 'NONE',  ( -1.058188145494890708, 60.97570362029751578, 1.603272162781119503 ) ) ;
#590 = CARTESIAN_POINT ( 'NONE',  ( -6.451536715808092737, 49.09125122478029368, 4.817494174029485876 ) ) ;
#591 = ADVANCED_FACE ( 'NONE', ( #1283, #1638, #410 ), #5004, .T. ) ;
#592 = CARTESIAN_POINT ( 'NONE',  ( -13.67306523066418045, 62.13510515269532419, 25.54430102019690807 ) ) ;
#593 = CARTESIAN_POINT ( 'NONE',  ( -5.623038944634421554, 56.01130309882667291, -4.073018137014495110 ) ) ;
#594 = ORIENTED_EDGE ( 'NONE', *, *, #2191, .T. ) ;
#595 = CARTESIAN_POINT ( 'NONE',  ( -8.421384313894265006, 48.12718914333609632, 6.408282816350624245 ) ) ;
#596 = CIRCLE ( 'NONE', #3692, 16.99999999999999645 ) ;
#597 = ADVANCED_FACE ( 'NONE', ( #3285 ), #2031, .F. ) ;
#598 = CARTESIAN_POINT ( 'NONE',  ( -11.82243366189949185, 41.49383178227374458, -12.40710746476018755 ) ) ;
#599 = CARTESIAN_POINT ( 'NONE',  ( 8.247431190925055944, 59.90774455618513628, 22.92784291915818429 ) ) ;
#600 = CARTESIAN_POINT ( 'NONE',  ( 8.044612077579785137, 62.49182382411756720, -3.484005854958057036 ) ) ;
#601 = TOROIDAL_SURFACE ( 'NONE', #4968, -52.50000000000000000, 90.00000000000000000 ) ;
#602 = ORIENTED_EDGE ( 'NONE', *, *, #2247, .F. ) ;
#603 = CARTESIAN_POINT ( 'NONE',  ( -7.745716132992169101, -7.372459130075642797, 37.31004988850475002 ) ) ;
#604 = CARTESIAN_POINT ( 'NONE',  ( -25.59972308343838066, 60.88702391677339421, -13.62059206217219298 ) ) ;
#605 = ORIENTED_EDGE ( 'NONE', *, *, #2642, .T. ) ;
#606 = CARTESIAN_POINT ( 'NONE',  ( -9.437448388915013808, 46.96551237058397277, 6.610265614643345167 ) ) ;
#607 = CARTESIAN_POINT ( 'NONE',  ( 0.5007063805291498415, -15.40121590896520054, 38.86645008948190139 ) ) ;
#608 = CARTESIAN_POINT ( 'NONE',  ( 2.143195246291072387, 61.57511691048500779, 35.16416390423058402 ) ) ;
#609 = DIRECTION ( 'NONE',  ( 1.000000000000000000, 0.000000000000000000, 0.000000000000000000 ) ) ;
#610 = CARTESIAN_POINT ( 'NONE',  ( -29.12192247429639735, 60.90753886619071267, -5.572843792548567876 ) ) ;
#611 = CARTESIAN_POINT ( 'NONE',  ( -9.736704228131671357, 64.27107173797777762, -9.598461553121401479 ) ) ;
#612 = PLANE ( 'NONE',  #3623 ) ;
#613 = APPLICATION_PROTOCOL_DEFINITION ( 'draft international standard', 'automotive_design', 1998, #651 ) ;
#614 = CARTESIAN_POINT ( 'NONE',  ( -1.869777582487052170, 50.94901974968644964, -2.617744868915237166 ) ) ;
#615 = CARTESIAN_POINT ( 'NONE',  ( -24.37833291320322715, 52.47013328470596605, 8.101764308645252655 ) ) ;
#616 = DIRECTION ( 'NONE',  ( 1.000000000000000000, 0.000000000000000000, 0.000000000000000000 ) ) ;
#617 = FACE_OUTER_BOUND ( 'NONE', #4820, .T. ) ;
#618 = DIRECTION ( 'NONE',  ( 1.000000000000000000, 0.000000000000000000, 0.000000000000000000 ) ) ;
#619 = DIRECTION ( 'NONE',  ( 0.8660254037844363761, 1.745740669421580877E-15, -0.5000000000000039968 ) ) ;
#620 = TOROIDAL_SURFACE ( 'NONE', #3445, -52.50000000000000000, 90.00000000000000000 ) ;
#621 =( BOUNDED_CURVE ( )  B_SPLINE_CURVE ( 3, ( #769, #4545, #5034, #1667 ),
 .UNSPECIFIED., .F., .F. ) 
 B_SPLINE_CURVE_WITH_KNOTS ( ( 4, 4 ),
 ( 4.712388980384689674, 4.859983086043722089 ),
 .UNSPECIFIED. ) 
 CURVE ( )  GEOMETRIC_REPRESENTATION_ITEM ( )  RATIONAL_B_SPLINE_CURVE ( ( 1.000000000000000000, 0.9981854887086412109, 0.9981854887086412109, 1.000000000000000000 ) ) 
 REPRESENTATION_ITEM ( '' )  );
#622 = CARTESIAN_POINT ( 'NONE',  ( 3.304651900158642963, 60.46161140600911210, 22.03017578147431266 ) ) ;
#623 = CARTESIAN_POINT ( 'NONE',  ( -11.82001491744148147, 63.71812449109109622, 12.03066752049976174 ) ) ;
#624 = VERTEX_POINT ( 'NONE', #4599 ) ;
#625 = CARTESIAN_POINT ( 'NONE',  ( -9.207971404144476679, 61.43315313388202981, 1.945266157333765511 ) ) ;
#626 = CARTESIAN_POINT ( 'NONE',  ( -11.26944982438092602, 42.50990926783135393, -13.12029327341928919 ) ) ;
#627 = CARTESIAN_POINT ( 'NONE',  ( 0.3949370734058132437, 59.87085707990276262, 22.67768609560640414 ) ) ;
#628 = CARTESIAN_POINT ( 'NONE',  ( 17.38927959403890355, 64.99995122495757016, 1.613171812281142703 ) ) ;
#629 = EDGE_LOOP ( 'NONE', ( #4296, #5109, #4038, #2559 ) ) ;
#630 = CARTESIAN_POINT ( 'NONE',  ( -5.745716132992169101, -9.171272019776569806, -0.1365787982008305756 ) ) ;
#632 = FACE_OUTER_BOUND ( 'NONE', #4277, .T. ) ;
#631 = B_SPLINE_CURVE_WITH_KNOTS ( 'NONE', 3,
 ( #4292, #561, #534, #3895, #2237, #2452 ),
 .UNSPECIFIED., .F., .F.,
 ( 4, 2, 4 ),
 ( 2.040474432124924221E-07, 0.01076629549007354809, 0.02153238693270388346 ),
 .UNSPECIFIED. ) ;
#633 = ORIENTED_EDGE ( 'NONE', *, *, #4581, .T. ) ;
#634 = CARTESIAN_POINT ( 'NONE',  ( 5.060698559643351579, 58.93656895130649076, -20.83266027335796267 ) ) ;
#635 = CARTESIAN_POINT ( 'NONE',  ( 9.601248603874260823, 12.87391699226476227, -7.456600807303271239 ) ) ;
#636 = CARTESIAN_POINT ( 'NONE',  ( 4.599644120592354390, 61.46999178665662100, 29.29722546648907411 ) ) ;
#637 = CARTESIAN_POINT ( 'NONE',  ( -5.745716132992169101, -26.47928127310376212, -0.1365787982008909995 ) ) ;
#638 = CARTESIAN_POINT ( 'NONE',  ( -24.99399082140303818, 60.96106085512855799, -16.15770225898426560 ) ) ;
#639 = CARTESIAN_POINT ( 'NONE',  ( -19.57870827254160062, -19.46399381122450833, -10.05369075057127759 ) ) ;
#640 = CARTESIAN_POINT ( 'NONE',  ( -21.05359962021307751, 62.39483087546953755, -14.65064951277066285 ) ) ;
#641 = FACE_OUTER_BOUND ( 'NONE', #1013, .T. ) ;
#642 = DIRECTION ( 'NONE',  ( 1.224646799147353207E-16, -3.491481338843133355E-15, 1.000000000000000000 ) ) ;
#643 = DIRECTION ( 'NONE',  ( 0.000000000000000000, 1.000000000000000000, 3.491432162673459096E-15 ) ) ;
#644 = ORIENTED_EDGE ( 'NONE', *, *, #2443, .F. ) ;
#645 = CARTESIAN_POINT ( 'NONE',  ( -29.12810964808492642, 59.37616709179397390, 0.8328265328823086788 ) ) ;
#646 = ADVANCED_FACE ( 'NONE', ( #4201 ), #5358, .T. ) ;
#647 = CARTESIAN_POINT ( 'NONE',  ( -7.436281696453113987, 61.55511324259474293, 23.80380644715531702 ) ) ;
#648 = CARTESIAN_POINT ( 'NONE',  ( 15.83935318346401466, 61.38168000343431885, -10.62871137588682480 ) ) ;
#649 = CARTESIAN_POINT ( 'NONE',  ( 10.28140488337032110, 65.73447870903709145, 3.647388674306639711 ) ) ;
#650 = CARTESIAN_POINT ( 'NONE',  ( 9.488242669701447696, 47.11585067535742155, 6.456114746997272391 ) ) ;
#651 = APPLICATION_CONTEXT ( 'automotive_design' ) ;
#652 = CARTESIAN_POINT ( 'NONE',  ( -21.29073377963700864, 65.32649276704268004, 20.03579100741901087 ) ) ;
#653 = VERTEX_POINT ( 'NONE', #4542 ) ;
#654 = CARTESIAN_POINT ( 'NONE',  ( -7.834930275042065517, 61.74816024536970360, 17.88621886267108962 ) ) ;
#655 = ADVANCED_FACE ( 'NONE', ( #790 ), #734, .T. ) ;
#656 = CARTESIAN_POINT ( 'NONE',  ( -10.29075351768397795, 43.79402849807258491, -18.77688082700539951 ) ) ;
#657 = CARTESIAN_POINT ( 'NONE',  ( -5.392505233350899374, 60.82312621740893377, 27.17067292078900209 ) ) ;
#658 = CARTESIAN_POINT ( 'NONE',  ( 1.135135610778529536, 64.31509808444484122, 2.534610456817896651 ) ) ;
#659 = VERTEX_POINT ( 'NONE', #5300 ) ;
#660 = VECTOR ( 'NONE', #4418, 1000.000000000000114 ) ;
#661 = DIRECTION ( 'NONE',  ( 0.000000000000000000, -1.000000000000000000, -3.491481338843133355E-15 ) ) ;
#662 = CARTESIAN_POINT ( 'NONE',  ( -0.3487235308986453841, 60.95844462645020911, 1.102039738659305268 ) ) ;
#663 = ORIENTED_EDGE ( 'NONE', *, *, #1335, .T. ) ;
#664 = CARTESIAN_POINT ( 'NONE',  ( -5.745716132992169101, 65.02071872689622012, -0.1365787982005715329 ) ) ;
#665 = FACE_OUTER_BOUND ( 'NONE', #5130, .T. ) ;
#666 = CARTESIAN_POINT ( 'NONE',  ( 11.75922572781470166, 47.63335553068773009, 6.990219528707916297 ) ) ;
#667 = SURFACE_SIDE_STYLE ('',( #3993 ) ) ;
#668 = EDGE_CURVE ( 'NONE', #4485, #1909, #4875, .T. ) ;
#669 = CARTESIAN_POINT ( 'NONE',  ( -27.14148111803183738, 56.47692979649122691, 4.725120073184776892 ) ) ;
#670 = CARTESIAN_POINT ( 'NONE',  ( 1.052964477934102083, 60.64668257288294484, 22.88032677032893858 ) ) ;
#671 = CARTESIAN_POINT ( 'NONE',  ( -28.96472331648707765, 59.99069943802963678, -6.209280455026411794 ) ) ;
#672 = EDGE_CURVE ( 'NONE', #624, #4019, #2667, .T. ) ;
#673 = CARTESIAN_POINT ( 'NONE',  ( -19.37223305401303008, 48.08450542081205015, 10.40166893934854997 ) ) ;
#674 = ORIENTED_EDGE ( 'NONE', *, *, #2695, .F. ) ;
#675 = CARTESIAN_POINT ( 'NONE',  ( -0.9834414148354576612, 53.93956703235625127, -20.88940686513824119 ) ) ;
#676 = CARTESIAN_POINT ( 'NONE',  ( -8.603237338495468123, 61.45735209911371300, 3.976527424825834878 ) ) ;
#677 = CARTESIAN_POINT ( 'NONE',  ( -38.15829596637176735, 61.61261505052316068, -12.16895334560154929 ) ) ;
#678 = CARTESIAN_POINT ( 'NONE',  ( -9.634323596986595462, 47.07724468865151835, -10.49174757187693707 ) ) ;
#679 = CARTESIAN_POINT ( 'NONE',  ( -9.683516555634632539, 53.17497698347207091, 2.955858537077967974 ) ) ;
#680 = CARTESIAN_POINT ( 'NONE',  ( -8.462972624078409112, 60.24593074083713162, -3.559672595117398419 ) ) ;
#681 = AXIS2_PLACEMENT_3D ( 'NONE', #1720, #2486, #3463 ) ;
#682 = VERTEX_POINT ( 'NONE', #4090 ) ;
#683 = DIRECTION ( 'NONE',  ( 0.000000000000000000, -1.000000000000000000, -3.491481338843133355E-15 ) ) ;
#684 = CARTESIAN_POINT ( 'NONE',  ( 14.58709886062731975, 60.64116928688171981, -19.74324567476726600 ) ) ;
#685 = CARTESIAN_POINT ( 'NONE',  ( 1.067747968843409945, 60.64116928688171981, 27.27548895500606818 ) ) ;
#686 = PLANE ( 'NONE',  #3104 ) ;
#687 = ORIENTED_EDGE ( 'NONE', *, *, #1136, .T. ) ;
#688 = CARTESIAN_POINT ( 'NONE',  ( 25.00165572714177031, 12.87542560612711995, -16.34977200279073983 ) ) ;
#689 = DIRECTION ( 'NONE',  ( 0.000000000000000000, 1.000000000000000000, 3.491481338843133355E-15 ) ) ;
#690 = ORIENTED_EDGE ( 'NONE', *, *, #201, .T. ) ;
#691 = CARTESIAN_POINT ( 'NONE',  ( -5.745716133006811610, 61.59285716271443079, 23.86342120179920201 ) ) ;
#692 = CARTESIAN_POINT ( 'NONE',  ( -10.64352332901683873, 44.56851460681476595, -19.28194557406452958 ) ) ;
#693 = CARTESIAN_POINT ( 'NONE',  ( 9.203194640985245201, 50.52766035559854885, 8.409690423982457474 ) ) ;
#694 = FILL_AREA_STYLE_COLOUR ( '', #143 ) ;
#695 = CARTESIAN_POINT ( 'NONE',  ( -10.56396850893371031, 61.74095824948062017, -8.061517791824444501 ) ) ;
#696 = CARTESIAN_POINT ( 'NONE',  ( -2.114594071365613726, 53.33972982917823202, -20.70513181095657629 ) ) ;
#697 = CARTESIAN_POINT ( 'NONE',  ( -10.99841223292306047, -16.46152318835852668, 36.99397241575557160 ) ) ;
#698 = FACE_OUTER_BOUND ( 'NONE', #1508, .T. ) ;
#699 = CARTESIAN_POINT ( 'NONE',  ( -1.096180309366607153, -11.87228601613614032, 37.07441046235706494 ) ) ;
#700 = CARTESIAN_POINT ( 'NONE',  ( -1.518807443166805937, 53.49109845138432462, -20.76086826822862719 ) ) ;
#701 = EDGE_CURVE ( 'NONE', #3556, #1219, #1275, .T. ) ;
#702 = CARTESIAN_POINT ( 'NONE',  ( 9.300548072376823683, 56.49144370560919270, 16.27819167120619781 ) ) ;
#703 = CARTESIAN_POINT ( 'NONE',  ( -16.72533520255917239, 42.66408951270240379, 13.19542610345180478 ) ) ;
#704 = CARTESIAN_POINT ( 'NONE',  ( -10.10660105401831999, 47.48531633460704882, -7.228009463869297768 ) ) ;
#705 = CARTESIAN_POINT ( 'NONE',  ( 9.016402167924114863, 55.58965948328178541, 16.46201993225900395 ) ) ;
#706 = CARTESIAN_POINT ( 'NONE',  ( -21.91457556161745757, 65.03014466839881891, 20.95456929660930712 ) ) ;
#707 = ORIENTED_EDGE ( 'NONE', *, *, #524, .F. ) ;
#708 = B_SPLINE_CURVE_WITH_KNOTS ( 'NONE', 3,
 ( #5240, #2769, #1966, #5294, #1550, #4431, #676, #4032 ),
 .UNSPECIFIED., .F., .F.,
 ( 4, 2, 2, 4 ),
 ( 0.02390659798097533387, 0.02603047745829838860, 0.02709241719695991424, 0.02815435693562144334 ),
 .UNSPECIFIED. ) ;
#709 = CARTESIAN_POINT ( 'NONE',  ( -36.39691460076417684, 60.36381126992073121, -5.919586278195998474 ) ) ;
#710 = CARTESIAN_POINT ( 'NONE',  ( 4.024565102763814295, 57.71956658444230470, -10.56350791966620051 ) ) ;
#711 = CARTESIAN_POINT ( 'NONE',  ( -2.993416988325299677, 59.11873469395016656, 16.68565946643235520 ) ) ;
#712 = ORIENTED_EDGE ( 'NONE', *, *, #1305, .T. ) ;
#713 = DIRECTION ( 'NONE',  ( 1.000000000000000000, 0.000000000000000000, 0.000000000000000000 ) ) ;
#714 = CARTESIAN_POINT ( 'NONE',  ( -28.01924753780423671, 56.43331309246414662, 3.254965658350792435 ) ) ;
#715 = CARTESIAN_POINT ( 'NONE',  ( 10.06635910103983633, 49.94689721365057267, 9.693596636700110736 ) ) ;
#716 = EDGE_CURVE ( 'NONE', #1362, #963, #1628, .T. ) ;
#717 = CARTESIAN_POINT ( 'NONE',  ( 9.808642690934608055, 60.72304971895196957, -18.40621564939186428 ) ) ;
#718 = CARTESIAN_POINT ( 'NONE',  ( -3.532602137682892884, 53.20724941841478994, -23.45484916676195297 ) ) ;
#719 = CARTESIAN_POINT ( 'NONE',  ( 3.120918464106161139, 58.74170596691387658, 17.68526636387242945 ) ) ;
#720 = CARTESIAN_POINT ( 'NONE',  ( -1.386269324626128396, 59.95352913956683949, -1.872885396425230997 ) ) ;
#721 = EDGE_CURVE ( 'NONE', #3719, #959, #3228, .T. ) ;
#722 = CARTESIAN_POINT ( 'NONE',  ( 2.410165811602039465, 57.24792134796826559, 3.230968467888397644 ) ) ;
#723 = AXIS2_PLACEMENT_3D ( 'NONE', #4060, #4030, #5265 ) ;
#724 = CARTESIAN_POINT ( 'NONE',  ( 9.639452336474802152, 55.76902777191695293, 15.22798917036960731 ) ) ;
#725 = AXIS2_PLACEMENT_3D ( 'NONE', #4958, #2821, #4883 ) ;
#726 = CARTESIAN_POINT ( 'NONE',  ( 11.60867414743213644, 60.08064551243330698, -16.72848954264292587 ) ) ;
#727 = CARTESIAN_POINT ( 'NONE',  ( 8.350904589430010461, 59.68288683883126566, -19.85639099009152631 ) ) ;
#728 = CARTESIAN_POINT ( 'NONE',  ( -8.956252684312891787, 49.06360916931405569, -3.974964313044393460 ) ) ;
#729 = CARTESIAN_POINT ( 'NONE',  ( -5.263743496793804155, 58.45740269768173647, 0.2875415783405487202 ) ) ;
#730 = CARTESIAN_POINT ( 'NONE',  ( -8.152739211881968373, 61.22619509826539286, -4.528847378054178030 ) ) ;
#731 = CARTESIAN_POINT ( 'NONE',  ( -9.516887552558131347, 60.95844462645023043, 3.918044630818794616 ) ) ;
#732 = ORIENTED_EDGE ( 'NONE', *, *, #36, .T. ) ;
#733 = CARTESIAN_POINT ( 'NONE',  ( 7.874475384221226726, 12.20807434455407581, -10.30960111383676114 ) ) ;
#734 = B_SPLINE_SURFACE_WITH_KNOTS ( 'NONE', 3, 3, ( 
 ( #818, #2464, #3336, #4974, #1225, #5256, #2787, #4023, #3209, #3538, #4796, #5201, #4051, #254, #608 ),
 ( #3593, #3095, #1457, #282, #1930, #5228, #3149, #2732, #3651, #3179, #174, #636, #1046, #1515, #4847 ),
 ( #4394, #2704, #1103, #666, #3992, #4337, #4448, #1427, #3941, #4743, #4422, #1845, #5174, #993, #1021 ),
 ( #4823, #3123, #4770, #203, #693, #4365, #2287, #3966, #1871, #1956, #2338, #1077, #2672, #580, #2258 ),
 ( #2760, #1129, #3851, #4198, #382, #4172, #5406, #2110, #719, #3002, #2815, #3417, #3364, #2057, #4655 ),
 ( #2942, #4628, #1662, #901, #3749, #1223, #2084, #4222, #3334, #2135, #5001, #1697, #408, #4597, #846 ),
 ( #436, #5057, #1308, #4972, #2575, #3796, #1723, #461, #486, #2913, #816, #2492, #1281, #3393, #2975 ),
 ( #3824, #5028, #876, #2549, #52, #5082, #3495, #3953, #2272, #1859, #4295, #1006, #5161, #1412, #3468 ),
 ( #4269, #80, #3137, #564, #107, #3029, #1441, #512, #3524, #2687, #979, #3876, #159, #3549, #1831 ),
 ( #189, #5188, #2657, #1750, #2186, #4782, #3899, #128, #4323, #3443, #1032, #1778, #1337, #2214, #2599 ),
 ( #5108, #2718, #2240, #593, #3110, #3081, #2625, #4379, #537, #623, #1802, #949, #3926, #4757, #4729 ),
 ( #1361, #5135, #2301, #3054, #4702, #1386, #4349, #4677, #927, #1501, #2826, #4507, #5327, #4809, #2747 ),
 ( #756, #4860, #1063, #1089, #680, #4460, #3164, #1580, #214, #323, #268, #4409, #3277, #652, #706 ),
 ( #5213, #4910, #3694, #2850, #1887, #4008, #4037, #2774, #1997, #2802, #1166, #3979, #2326, #3577, #2377 ) ),
 .UNSPECIFIED., .F., .F., .F.,
 ( 4, 1, 1, 1, 1, 1, 1, 1, 1, 1, 1, 4 ),
 ( 4, 1, 1, 1, 1, 1, 1, 1, 1, 1, 1, 1, 4 ),
 ( -0.01358241894323341907, -0.01115361894323341901, -0.008724818943233418958, -0.006296018943233418902, -0.002652818943233417950, -0.0002240189432334196290, 0.002204781056766582162, 0.004633581056766580483, 0.008276781056766583169, 0.01070558105676658149, 0.01313438105676657981, 0.01556318105676658160 ),
 ( -0.01434031437954671855, -0.01118695789437761448, -0.008033601409208512151, -0.004880244924039408086, -0.001726888438870304021, 0.001426468046298800044, 0.004579824531467902374, 0.007733181016637008173, 0.01088653750180611050, 0.01403989398697521283, 0.01719325047214431690, 0.02034660695731341923, 0.02349996344248252156 ),
 .UNSPECIFIED. ) ;
#735 = CARTESIAN_POINT ( 'NONE',  ( -5.123298639705214264, 54.19300853156445896, -3.349219910669186007 ) ) ;
#736 = CARTESIAN_POINT ( 'NONE',  ( -2.079818054890704815, 60.64083650863771169, 32.73676283107905505 ) ) ;
#737 = EDGE_CURVE ( 'NONE', #959, #3719, #5296, .T. ) ;
#738 = CARTESIAN_POINT ( 'NONE',  ( -7.517337060652670822, 60.79913545214401438, 4.500456406364202522 ) ) ;
#739 = ORIENTED_EDGE ( 'NONE', *, *, #4226, .T. ) ;
#740 = EDGE_CURVE ( 'NONE', #2171, #3119, #962, .T. ) ;
#741 = CARTESIAN_POINT ( 'NONE',  ( 10.65586127673769568, 53.31623221576102623, 12.52582489300567659 ) ) ;
#742 = CARTESIAN_POINT ( 'NONE',  ( -20.10212259354324971, 13.20807434455406693, -7.270553394416179316 ) ) ;
#743 = CARTESIAN_POINT ( 'NONE',  ( 10.10949576416357942, 54.02917359583450008, 14.12950022336617728 ) ) ;
#744 = CARTESIAN_POINT ( 'NONE',  ( -1.056245794430037410, 61.20665643512183607, 23.40820514118647822 ) ) ;
#745 = CARTESIAN_POINT ( 'NONE',  ( 5.144176522433832943, 59.42272264367205992, -23.76669594236193461 ) ) ;
#746 = PLANE ( 'NONE',  #1298 ) ;
#747 = PLANE ( 'NONE',  #395 ) ;
#748 = CARTESIAN_POINT ( 'NONE',  ( 2.981323027171463913, 57.81107548617301006, 3.104055240307434627 ) ) ;
#749 = EDGE_CURVE ( 'NONE', #48, #4916, #2417, .T. ) ;
#750 = CARTESIAN_POINT ( 'NONE',  ( -3.564022158507926363, 52.47013328470596605, -20.39206982226684417 ) ) ;
#751 = CARTESIAN_POINT ( 'NONE',  ( -0.6395854091793454765, -16.53985502993673862, 37.01447296968223100 ) ) ;
#752 = CARTESIAN_POINT ( 'NONE',  ( -5.745716132992162883, 57.63854741849579000, 4.863421201799197569 ) ) ;
#753 = CARTESIAN_POINT ( 'NONE',  ( -17.40400799322842218, 41.42272782793652652, 14.49192648516052273 ) ) ;
#754 = CARTESIAN_POINT ( 'NONE',  ( -0.1435073454349130584, 55.82651595597276639, -21.15900669989746063 ) ) ;
#755 = CARTESIAN_POINT ( 'NONE',  ( 10.78816850039925690, 60.64668257288241193, -17.53286170374424202 ) ) ;
#756 = CARTESIAN_POINT ( 'NONE',  ( -6.112301087319723436, 55.76348479502233602, -11.54697191685828628 ) ) ;
#757 = ORIENTED_EDGE ( 'NONE', *, *, #2716, .F. ) ;
#758 = CARTESIAN_POINT ( 'NONE',  ( -26.80963083157576321, 52.98956621473833906, 8.159828659348942637 ) ) ;
#759 = B_SPLINE_CURVE_WITH_KNOTS ( 'NONE', 3,
 ( #3532, #1680, #4359, #1812, #38, #422, #2928, #2507, #960, #603, #2280 ),
 .UNSPECIFIED., .F., .F.,
 ( 4, 2, 2, 1, 2, 4 ),
 ( 0.3257334656925821026, 0.3365120369324055560, 0.3378593583373835085, 0.3392066797423614055, 0.3419013225523173105, 0.3472906081722290095 ),
 .UNSPECIFIED. ) ;
#760 = CARTESIAN_POINT ( 'NONE',  ( -12.42369346414552922, 46.73246342547475507, -2.338338296035985753 ) ) ;
#761 = CARTESIAN_POINT ( 'NONE',  ( -1.897849866276733577, 49.34124945605547197, -5.462010554946226115 ) ) ;
#762 = AXIS2_PLACEMENT_3D ( 'NONE', #259, #3600, #1934 ) ;
#763 = CARTESIAN_POINT ( 'NONE',  ( 24.25428386700782823, 65.02071872689622012, -0.1365787982005715329 ) ) ;
#764 = ORIENTED_EDGE ( 'NONE', *, *, #3898, .T. ) ;
#765 = CARTESIAN_POINT ( 'NONE',  ( -0.9168215978164379054, 49.79667461743410684, -2.186656437059829372 ) ) ;
#766 = CARTESIAN_POINT ( 'NONE',  ( -5.745716132992169101, -9.171272019776569806, -0.1365787982008305756 ) ) ;
#767 = EDGE_CURVE ( 'NONE', #59, #3200, #576, .T. ) ;
#768 = CARTESIAN_POINT ( 'NONE',  ( -4.271017154739111810, 52.91193366927051045, -2.562504252166038832 ) ) ;
#769 = CARTESIAN_POINT ( 'NONE',  ( 8.976715731343247739, -24.27928127310373441, -8.636578798200950757 ) ) ;
#770 = CARTESIAN_POINT ( 'NONE',  ( -12.46136083779493831, 41.68822252200857292, -15.75066712422220228 ) ) ;
#771 = CARTESIAN_POINT ( 'NONE',  ( -11.37910818062304230, 46.49050456226859040, 7.202039555535362680 ) ) ;
#772 = DIRECTION ( 'NONE',  ( 1.000000000000000000, 0.000000000000000000, 0.000000000000000000 ) ) ;
#773 = FACE_OUTER_BOUND ( 'NONE', #2384, .T. ) ;
#774 = CARTESIAN_POINT ( 'NONE',  ( -4.653143769090112514, 55.48740214391956016, 1.657840499283238289 ) ) ;
#775 =( GEOMETRIC_REPRESENTATION_CONTEXT ( 3 ) GLOBAL_UNCERTAINTY_ASSIGNED_CONTEXT ( ( #1771 ) ) GLOBAL_UNIT_ASSIGNED_CONTEXT ( ( #3622, #1078, #2391 ) ) REPRESENTATION_CONTEXT ( 'NONE', 'WORKASPACE' ) );
#776 = CARTESIAN_POINT ( 'NONE',  ( -24.01436000972169893, 61.73557177506449989, -19.85935661833727650 ) ) ;
#777 = CARTESIAN_POINT ( 'NONE',  ( 10.56120046568121928, 61.07319139068395941, -17.74579431292239917 ) ) ;
#778 = CARTESIAN_POINT ( 'NONE',  ( -3.078296366064201095, 55.01078363364491963, 4.110458645183127757 ) ) ;
#779 = CARTESIAN_POINT ( 'NONE',  ( -26.74104069527505700, 55.30241445628688979, 6.133740788991025816 ) ) ;
#780 = CARTESIAN_POINT ( 'NONE',  ( -9.617530675287433439, 47.04919614125298466, -10.46770494555826403 ) ) ;
#781 = CARTESIAN_POINT ( 'NONE',  ( -8.452818911816882164, 59.95588750593348237, 4.071284633831149691 ) ) ;
#782 = CARTESIAN_POINT ( 'NONE',  ( -5.745716133013718085, 60.58958675186460852, 23.86342120179919846 ) ) ;
#783 = EDGE_LOOP ( 'NONE', ( #1927, #2725, #2499, #5002, #1538, #2456, #909, #2358 ) ) ;
#784 = CARTESIAN_POINT ( 'NONE',  ( -17.88903183328850233, 40.60919344014257604, 14.43468917318744182 ) ) ;
#785 = ORIENTED_EDGE ( 'NONE', *, *, #3339, .F. ) ;
#786 = CARTESIAN_POINT ( 'NONE',  ( -11.29632571110357908, 46.99288364587190614, -2.229171801041389234 ) ) ;
#787 = CARTESIAN_POINT ( 'NONE',  ( -7.037400439009991793, 59.21228202259045048, 6.759471724265676329 ) ) ;
#788 = CARTESIAN_POINT ( 'NONE',  ( -5.924861165821885933, 61.65989124088619633, -3.946408253644383635 ) ) ;
#789 = ORIENTED_EDGE ( 'NONE', *, *, #3302, .F. ) ;
#790 = FACE_OUTER_BOUND ( 'NONE', #783, .T. ) ;
#791 = CARTESIAN_POINT ( 'NONE',  ( 8.892098819763853967, 48.35786722829028861, 7.197003576084633814 ) ) ;
#792 = FACE_OUTER_BOUND ( 'NONE', #4491, .T. ) ;
#793 = VECTOR ( 'NONE', #4748, 1000.000000000000000 ) ;
#794 = CARTESIAN_POINT ( 'NONE',  ( 2.251316520685231470, 57.15734433415465787, -19.34574001959834533 ) ) ;
#795 = LINE ( 'NONE', #3373, #1480 ) ;
#796 = CARTESIAN_POINT ( 'NONE',  ( 4.956876405572251620, 58.18125433335783470, -20.77212398678121730 ) ) ;
#797 = DIRECTION ( 'NONE',  ( 0.000000000000000000, 0.6546536707079766426, 0.7559289460184548393 ) ) ;
#798 = CARTESIAN_POINT ( 'NONE',  ( -4.353984744697279474, 54.99495871474092468, 1.018247595502952851 ) ) ;
#799 = EDGE_CURVE ( 'NONE', #61, #4591, #320, .T. ) ;
#800 = CARTESIAN_POINT ( 'NONE',  ( 9.646013586091610748, 55.78819049993555979, 15.22742287357193902 ) ) ;
#801 = CARTESIAN_POINT ( 'NONE',  ( 4.071482099766472018, 58.60500341884859665, -21.17584894250982686 ) ) ;
#802 = CARTESIAN_POINT ( 'NONE',  ( 0.6875678719770976777, -14.95195695160457561, 36.80769090603786253 ) ) ;
#803 = CARTESIAN_POINT ( 'NONE',  ( -0.8302360310811901511, 52.32046218816005023, 0.8697601620349300067 ) ) ;
#804 = CARTESIAN_POINT ( 'NONE',  ( -6.934737526028002641, 45.95903497673048577, 7.035173614664257613 ) ) ;
#805 = CARTESIAN_POINT ( 'NONE',  ( -9.277679059153360441, 46.48155554038731196, -9.981135332665022730 ) ) ;
#806 = DIRECTION ( 'NONE',  ( 1.000000000000000000, 0.000000000000000000, 0.000000000000000000 ) ) ;
#807 = CARTESIAN_POINT ( 'NONE',  ( -9.115983926710169882, 61.68297183425016073, -5.503323684793333115 ) ) ;
#808 = ORIENTED_EDGE ( 'NONE', *, *, #3203, .F. ) ;
#809 = CARTESIAN_POINT ( 'NONE',  ( -4.313507125564489897, 46.73246342547475507, 6.747598965392219483 ) ) ;
#810 = ORIENTED_EDGE ( 'NONE', *, *, #5145, .T. ) ;
#811 = CIRCLE ( 'NONE', #4574, 39.50000000000000000 ) ;
#812 = CARTESIAN_POINT ( 'NONE',  ( -11.73210893619143746, -12.76522378473156927, 38.90726234102798031 ) ) ;
#813 = CARTESIAN_POINT ( 'NONE',  ( 17.75312112541852727, 60.96106085512855799, -8.795511926994100449 ) ) ;
#814 = CARTESIAN_POINT ( 'NONE',  ( -15.92542971294335530, 61.71695281905827102, 23.52788775613631245 ) ) ;
#815 = CARTESIAN_POINT ( 'NONE',  ( -13.12132271795584870, 61.73013013780666824, -7.442763999452694179 ) ) ;
#816 = CARTESIAN_POINT ( 'NONE',  ( -4.655714984882060925, 61.14389869533119537, 20.28887101772606982 ) ) ;
#817 = ORIENTED_EDGE ( 'NONE', *, *, #3521, .T. ) ;
#818 = CARTESIAN_POINT ( 'NONE',  ( 13.61395230597030981, 41.35011991919914465, 3.036472884582285037 ) ) ;
#819 = DIRECTION ( 'NONE',  ( -0.3535533905932681797, 0.7071067811865451302, 0.6123724356958004655 ) ) ;
#820 = CARTESIAN_POINT ( 'NONE',  ( -4.079733676287102817, 12.54209188784885143, 34.66726444395237650 ) ) ;
#821 = CARTESIAN_POINT ( 'NONE',  ( -12.25724573112690763, 45.47522186554279244, -4.528833091125927801 ) ) ;
#822 = ORIENTED_EDGE ( 'NONE', *, *, #4547, .F. ) ;
#823 = CARTESIAN_POINT ( 'NONE',  ( -6.949572967293246251, 48.28811819059660593, 4.991085683574521425 ) ) ;
#824 = EDGE_LOOP ( 'NONE', ( #3478, #1082, #234, #739 ) ) ;
#825 = CARTESIAN_POINT ( 'NONE',  ( -11.11541341294312346, 65.26332703265880752, -15.64900728230024107 ) ) ;
#826 = CARTESIAN_POINT ( 'NONE',  ( -27.13368878354256708, 56.41898140098279413, 4.708460298827864321 ) ) ;
#827 =( BOUNDED_CURVE ( )  B_SPLINE_CURVE ( 3, ( #3474, #2218, #5086, #2555 ),
 .UNSPECIFIED., .F., .T. ) 
 B_SPLINE_CURVE_WITH_KNOTS ( ( 4, 4 ),
 ( 1.423202221135864365, 1.570796326794896780 ),
 .UNSPECIFIED. ) 
 CURVE ( )  GEOMETRIC_REPRESENTATION_ITEM ( )  RATIONAL_B_SPLINE_CURVE ( ( 1.000000000000000000, 0.9981854887086412109, 0.9981854887086412109, 1.000000000000000000 ) ) 
 REPRESENTATION_ITEM ( '' )  );
#828 = CARTESIAN_POINT ( 'NONE',  ( 10.83198881628564791, 52.91816269365656211, 11.96194812553680364 ) ) ;
#829 = CARTESIAN_POINT ( 'NONE',  ( -22.10765125228917682, 49.58255929464227307, 9.047937149078816077 ) ) ;
#830 = CARTESIAN_POINT ( 'NONE',  ( -5.745716132992169101, -11.79192565544595972, -0.1365787982008397350 ) ) ;
#831 = CIRCLE ( 'NONE', #1176, 16.99999999999999645 ) ;
#832 = ADVANCED_FACE ( 'NONE', ( #3818 ), #4560, .F. ) ;
#833 = CARTESIAN_POINT ( 'NONE',  ( 12.66302053189461496, 61.26879184856201022, -15.55241142897835793 ) ) ;
#834 = CARTESIAN_POINT ( 'NONE',  ( -28.09573655928165437, 58.96842611240145260, 0.1090960207625938372 ) ) ;
#835 = CARTESIAN_POINT ( 'NONE',  ( -9.443406636795620201, 46.75836370397053088, -10.21840948253198711 ) ) ;
#836 = ADVANCED_FACE ( 'NONE', ( #2906 ), #1602, .T. ) ;
#837 = PLANE ( 'NONE',  #2253 ) ;
#838 = CARTESIAN_POINT ( 'NONE',  ( -25.64188984594568410, 61.72438936800976705, -13.55828776479575559 ) ) ;
#839 = ORIENTED_EDGE ( 'NONE', *, *, #3035, .T. ) ;
#840 = CARTESIAN_POINT ( 'NONE',  ( -32.00730473066090553, 60.47911750277149423, -12.10548566932349068 ) ) ;
#841 = AXIS2_PLACEMENT_3D ( 'NONE', #4140, #2050, #2103 ) ;
#842 = ORIENTED_EDGE ( 'NONE', *, *, #2661, .T. ) ;
#843 = CARTESIAN_POINT ( 'NONE',  ( 19.64353370807814869, 64.35901015534136604, 3.450015587538135975 ) ) ;
#844 = AXIS2_PLACEMENT_3D ( 'NONE', #5094, #1348, #3886 ) ;
#845 = CARTESIAN_POINT ( 'NONE',  ( -5.922756419740071721, 61.65544539565082260, -3.950908136811601690 ) ) ;
#846 = CARTESIAN_POINT ( 'NONE',  ( -6.971058236471074920, 61.71864296058178923, 29.90172155338484217 ) ) ;
#847 = ORIENTED_EDGE ( 'NONE', *, *, #2685, .F. ) ;
#848 = CARTESIAN_POINT ( 'NONE',  ( 1.260134379914056080, 48.12718914333612474, -1.091812988717637767 ) ) ;
#849 = CARTESIAN_POINT ( 'NONE',  ( -22.74571613299216466, -21.27928127310376283, -0.1365787982008728474 ) ) ;
#850 = EDGE_CURVE ( 'NONE', #167, #5281, #1842, .T. ) ;
#851 = AXIS2_PLACEMENT_3D ( 'NONE', #4167, #4996, #3792 ) ;
#852 = DIRECTION ( 'NONE',  ( 0.9446736642347863810, -0.3280116889704119965, -1.145246690962611293E-15 ) ) ;
#853 = AXIS2_PLACEMENT_3D ( 'NONE', #3628, #1134, #4476 ) ;
#854 = CARTESIAN_POINT ( 'NONE',  ( 20.88037588474781359, 61.68516936520640570, -16.92888207924409016 ) ) ;
#855 = CARTESIAN_POINT ( 'NONE',  ( -12.91842831231292266, 46.43229884163301335, 7.747042551760922713 ) ) ;
#856 = EDGE_LOOP ( 'NONE', ( #2030, #3949, #3424, #1217 ) ) ;
#857 = CARTESIAN_POINT ( 'NONE',  ( -9.713283316411994051, 47.49815874413572203, 7.199992307996087249 ) ) ;
#858 = B_SPLINE_CURVE_WITH_KNOTS ( 'NONE', 3,
 ( #3276, #1687, #4531, #1653, #1186, #3355, #3326, #781, #2454, #4617, #2481, #2102 ),
 .UNSPECIFIED., .F., .F.,
 ( 4, 2, 2, 2, 2, 4 ),
 ( 0.01379829799841333221, 0.01518533497601688015, 0.01657237195362042809, 0.01726589044242219859, 0.01795940893122396562, 0.01934644590882750662 ),
 .UNSPECIFIED. ) ;
#859 = CARTESIAN_POINT ( 'NONE',  ( -27.98968046342664096, 61.00413114111915291, -13.45601785953940066 ) ) ;
#860 = CARTESIAN_POINT ( 'NONE',  ( -5.925372806481205679, 53.70386005542233931, -5.136578798200803320 ) ) ;
#861 = CARTESIAN_POINT ( 'NONE',  ( -29.31015399519522191, 59.40699632865959501, -0.1559512722282014596 ) ) ;
#862 =( BOUNDED_CURVE ( )  B_SPLINE_CURVE ( 3, ( #1020, #4393, #635, #2314 ),
 .UNSPECIFIED., .F., .T. ) 
 B_SPLINE_CURVE_WITH_KNOTS ( ( 4, 4 ),
 ( 4.594468828359440593, 4.653531474437608395 ),
 .UNSPECIFIED. ) 
 CURVE ( )  GEOMETRIC_REPRESENTATION_ITEM ( )  RATIONAL_B_SPLINE_CURVE ( ( 1.000000000000000000, 0.9997093214458155908, 0.9997093214458155908, 1.000000000000000000 ) ) 
 REPRESENTATION_ITEM ( '' )  );
#863 = CARTESIAN_POINT ( 'NONE',  ( -28.16843856399821178, 61.77213891531445000, -16.72129140798904956 ) ) ;
#864 = CARTESIAN_POINT ( 'NONE',  ( -25.59165820694720850, 60.72849628883992068, -13.63245161907538616 ) ) ;
#865 = DIRECTION ( 'NONE',  ( -0.8660254037844432595, 1.745740669421538673E-15, -0.4999999999999920064 ) ) ;
#866 = AXIS2_PLACEMENT_3D ( 'NONE', #363, #4127, #1672 ) ;
#867 = DIRECTION ( 'NONE',  ( 0.000000000000000000, -1.000000000000000000, -3.491481338843133355E-15 ) ) ;
#868 = CARTESIAN_POINT ( 'NONE',  ( -2.014561621347339404, 60.30763850843433715, 23.57764151806462039 ) ) ;
#869 = EDGE_LOOP ( 'NONE', ( #2249, #279, #3586, #247 ) ) ;
#870 = CARTESIAN_POINT ( 'NONE',  ( -14.22807585832084598, 42.50990926783135393, 11.13897213989101687 ) ) ;
#871 = ORIENTED_EDGE ( 'NONE', *, *, #5145, .F. ) ;
#872 = B_SPLINE_SURFACE_WITH_KNOTS ( 'NONE', 3, 3, ( 
 ( #673, #3241, #4454, #4828, #1081, #2343, #2741, #2318, #2368, #4058, #316, #3214, #3687, #290, #4372, #5291 ),
 ( #233, #1548, #2820, #615, #5205, #3601, #5237, #2295, #3188, #4428, #4028, #369, #421, #4582, #776, #2097 ),
 ( #4612, #4108, #2015, #3269, #37, #4155, #344, #2042, #5368, #3758, #2421, #859, #4904, #5014, #4957, #3713 ),
 ( #2957, #2899, #829, #1622, #2533, #3810, #2871, #3734, #3782, #9, #1159, #1679, #3320, #1647, #1209, #4554 ) ),
 .UNSPECIFIED., .F., .F., .F.,
 ( 4, 4 ),
 ( 4, 1, 1, 1, 1, 1, 1, 1, 1, 1, 1, 1, 1, 4 ),
 ( 0.000000000000000000, 1.000000000000000000 ),
 ( 0.000000000000000000, 0.09722584472561171531, 0.1907906832668594121, 0.2361128114755688678, 0.3236232858377472432, 0.4075240382250177040, 0.4886616098702014632, 0.5680596470140975018, 0.6466491649768620897, 0.7250743915661617134, 0.8036450302186227690, 0.8430214699481450857, 0.9215689236558987085, 1.000000000000000000 ),
 .UNSPECIFIED. ) ;
#873 = CARTESIAN_POINT ( 'NONE',  ( -14.24104090636945230, 56.25544306421151219, 6.913244326526003292 ) ) ;
#874 = CARTESIAN_POINT ( 'NONE',  ( -27.93754818662974770, 57.12622387748579200, 3.882537921650748292 ) ) ;
#875 = EDGE_CURVE ( 'NONE', #2550, #5308, #2689, .T. ) ;
#876 = CARTESIAN_POINT ( 'NONE',  ( -0.4824482583496844113, 48.74479891902385731, -2.225702594524384459 ) ) ;
#877 = ORIENTED_EDGE ( 'NONE', *, *, #3377, .F. ) ;
#878 = CARTESIAN_POINT ( 'NONE',  ( 1.645285473688387956, 47.93121559998568415, -0.8565435094186902854 ) ) ;
#879 = CARTESIAN_POINT ( 'NONE',  ( -0.7954526094320644169, 61.66755760848361234, 0.5669061322066192288 ) ) ;
#880 = CARTESIAN_POINT ( 'NONE',  ( 4.408699749170305715, 58.61242113244196617, -21.00516127297546731 ) ) ;
#881 = DIRECTION ( 'NONE',  ( 1.000000000000000000, 0.000000000000000000, 0.000000000000000000 ) ) ;
#882 = CARTESIAN_POINT ( 'NONE',  ( 5.265646200632656537, 59.28688475297048655, -11.04398635507878446 ) ) ;
#883 = EDGE_CURVE ( 'NONE', #3305, #1367, #3764, .T. ) ;
#884 = CARTESIAN_POINT ( 'NONE',  ( 17.54001905253585392, 61.73249272408054367, -11.81317733165647432 ) ) ;
#885 = ORIENTED_EDGE ( 'NONE', *, *, #28, .F. ) ;
#886 = CIRCLE ( 'NONE', #3092, 16.99999999999999645 ) ;
#887 = CARTESIAN_POINT ( 'NONE',  ( -5.036275768279637965, 57.43917664481357832, 0.1736620880546158874 ) ) ;
#888 = CARTESIAN_POINT ( 'NONE',  ( -5.745716132992169101, -17.07928127310376354, -0.1365787982008581924 ) ) ;
#889 = EDGE_CURVE ( 'NONE', #3200, #59, #3403, .T. ) ;
#890 = CARTESIAN_POINT ( 'NONE',  ( -9.745716132992169989, -11.79192565544600413, 12.86342120179915760 ) ) ;
#891 = CARTESIAN_POINT ( 'NONE',  ( -22.05773008617074638, 55.30401028647656148, 3.233288051009723052 ) ) ;
#892 = CARTESIAN_POINT ( 'NONE',  ( -9.614011163794813797, 50.69048235469827546, -1.939932336868047891 ) ) ;
#893 = CARTESIAN_POINT ( 'NONE',  ( -1.580732285505315193, -16.79192565544610005, 39.14357409411308453 ) ) ;
#894 = DIRECTION ( 'NONE',  ( -0.000000000000000000, 1.000000000000000000, 3.491481338843133355E-15 ) ) ;
#895 = DIRECTION ( 'NONE',  ( 1.000000000000000000, 0.000000000000000000, 0.000000000000000000 ) ) ;
#896 = ORIENTED_EDGE ( 'NONE', *, *, #1397, .T. ) ;
#897 = CARTESIAN_POINT ( 'NONE',  ( -31.06284090976246048, 60.56246796987447567, -4.733916197624659539 ) ) ;
#898 = CARTESIAN_POINT ( 'NONE',  ( 20.80037678311769511, 63.33378284650663659, 1.982182252646580212 ) ) ;
#899 = B_SPLINE_CURVE_WITH_KNOTS ( 'NONE', 3,
 ( #864, #451, #3408, #5072, #4259, #177, #555, #3071, #3153, #1849 ),
 .UNSPECIFIED., .F., .F.,
 ( 4, 2, 2, 2, 4 ),
 ( 0.005853310000959529788, 0.007905232543755297617, 0.009957155086551063711, 0.01200907762934683154, 0.01406100017214259590 ),
 .UNSPECIFIED. ) ;
#900 = CARTESIAN_POINT ( 'NONE',  ( 10.53448641796064855, 52.10831166628918254, 11.89530386304220677 ) ) ;
#901 = CARTESIAN_POINT ( 'NONE',  ( 4.226668364981691184, 49.18450339659109716, 2.987205285313605962 ) ) ;
#902 = ORIENTED_EDGE ( 'NONE', *, *, #3440, .T. ) ;
#903 = CARTESIAN_POINT ( 'NONE',  ( -4.093882445788165292, 55.61936466304612736, -4.868135677140339013 ) ) ;
#904 = EDGE_CURVE ( 'NONE', #4916, #48, #585, .T. ) ;
#905 = LINE ( 'NONE', #3880, #95 ) ;
#906 = FACE_OUTER_BOUND ( 'NONE', #1557, .T. ) ;
#907 = CARTESIAN_POINT ( 'NONE',  ( -11.55853682698126228, 45.04953886885868286, -7.866982583547609487 ) ) ;
#908 = ADVANCED_FACE ( 'NONE', ( #3516 ), #1287, .T. ) ;
#909 = ORIENTED_EDGE ( 'NONE', *, *, #3409, .T. ) ;
#910 = CARTESIAN_POINT ( 'NONE',  ( 11.07794551165714658, 60.73656517639317798, -7.094048385362674125 ) ) ;
#911 = ORIENTED_EDGE ( 'NONE', *, *, #3248, .F. ) ;
#912 = CARTESIAN_POINT ( 'NONE',  ( -25.96722615265355927, 53.65556799544250310, 6.331232455557153749 ) ) ;
#913 = CARTESIAN_POINT ( 'NONE',  ( 7.155889782538234378, 59.22000715167679630, -20.17159377434500911 ) ) ;
#914 = CARTESIAN_POINT ( 'NONE',  ( -29.12192247429639735, 60.90753886619071267, -5.572843792548567876 ) ) ;
#915 = CARTESIAN_POINT ( 'NONE',  ( -21.40143910940139804, 57.41402581214166645, -0.4419067077816550837 ) ) ;
#916 = CARTESIAN_POINT ( 'NONE',  ( -5.057668947370220103, 58.16977518249247225, 0.5825809690039912558 ) ) ;
#917 = CARTESIAN_POINT ( 'NONE',  ( -8.634692290731205588, 58.83477629342478821, -2.181755334038941729 ) ) ;
#918 = EDGE_CURVE ( 'NONE', #950, #59, #1113, .T. ) ;
#919 = CARTESIAN_POINT ( 'NONE',  ( 10.00198813814308707, 53.49109845138434594, 13.83617624167915849 ) ) ;
#920 = AXIS2_PLACEMENT_3D ( 'NONE', #2738, #3127, #1821 ) ;
#921 = DIRECTION ( 'NONE',  ( 0.000000000000000000, -1.000000000000000000, -3.491481338843133355E-15 ) ) ;
#922 = AXIS2_PLACEMENT_3D ( 'NONE', #630, #661, #4842 ) ;
#923 = CARTESIAN_POINT ( 'NONE',  ( -23.62830111354795548, 60.08375995653698709, -9.139599162107897357 ) ) ;
#924 = CARTESIAN_POINT ( 'NONE',  ( -5.558978211966369543, 52.65117622376739348, -5.136578798200873486 ) ) ;
#925 = CARTESIAN_POINT ( 'NONE',  ( -3.299663029319343188, 61.68560369307319036, 3.709753168048871341 ) ) ;
#926 = CARTESIAN_POINT ( 'NONE',  ( 3.502322981316728256, 59.39247711229631932, 21.87055677445475155 ) ) ;
#927 = CARTESIAN_POINT ( 'NONE',  ( -11.94445291881350890, 64.27107173797777762, 8.050659655851603702 ) ) ;
#928 = VERTEX_POINT ( 'NONE', #587 ) ;
#929 = DIRECTION ( 'NONE',  ( 0.000000000000000000, 3.491481338843133355E-15, -1.000000000000000000 ) ) ;
#930 = CARTESIAN_POINT ( 'NONE',  ( -9.622124213335380816, 47.58621493638016631, -4.936207182053377274 ) ) ;
#931 = CARTESIAN_POINT ( 'NONE',  ( -4.011208424200011002, 59.33166437835664198, 0.1479245035593821367 ) ) ;
#932 = EDGE_CURVE ( 'NONE', #5281, #3629, #338, .T. ) ;
#933 = EDGE_LOOP ( 'NONE', ( #3229, #2950, #5377, #3388 ) ) ;
#934 = CARTESIAN_POINT ( 'NONE',  ( -1.924781651902107482, 60.98479859159544958, 2.231623859966979762 ) ) ;
#935 = CARTESIAN_POINT ( 'NONE',  ( -7.317592267070975431, 48.95424791078209381, 4.612803428298589914 ) ) ;
#936 = B_SPLINE_CURVE_WITH_KNOTS ( 'NONE', 3,
 ( #2923, #2444, #335, #2416, #4104, #4152, #1984, #2500, #2012, #5340, #3292, #1204 ),
 .UNSPECIFIED., .F., .F.,
 ( 4, 2, 2, 2, 2, 4 ),
 ( 7.972182145735180215E-17, 0.001894208144729121138, 0.003788416289458162479, 0.004735520361822684668, 0.005682624434187206856, 0.007576832578916248631 ),
 .UNSPECIFIED. ) ;
#937 = FACE_OUTER_BOUND ( 'NONE', #933, .T. ) ;
#938 = CARTESIAN_POINT ( 'NONE',  ( -0.6660875426042112135, 57.67094317185644314, 1.517720578705171963 ) ) ;
#939 = DIRECTION ( 'NONE',  ( 0.000000000000000000, 1.000000000000000000, 3.491481338843133355E-15 ) ) ;
#940 = CARTESIAN_POINT ( 'NONE',  ( -18.85361733306935150, 62.37403712543550682, 23.01695212600190033 ) ) ;
#941 = CARTESIAN_POINT ( 'NONE',  ( 8.328213226851843842, 56.43331309246422478, 17.45709300208119430 ) ) ;
#942 = CARTESIAN_POINT ( 'NONE',  ( -5.745716132992169101, -9.171272019776569806, -0.1365787982008305756 ) ) ;
#943 = VERTEX_POINT ( 'NONE', #2234 ) ;
#944 = CARTESIAN_POINT ( 'NONE',  ( -18.55034141367354650, 62.21328981568711214, -16.17282708970452276 ) ) ;
#945 = CARTESIAN_POINT ( 'NONE',  ( 26.31318323027790385, -21.87705438810108305, -19.60893626627957786 ) ) ;
#946 = CARTESIAN_POINT ( 'NONE',  ( 15.82591165075710293, 61.72438936800976705, -10.65631618842942530 ) ) ;
#947 = CARTESIAN_POINT ( 'NONE',  ( 3.783170068099041661, 60.34573732276212610, -2.813116070386397549 ) ) ;
#948 = CARTESIAN_POINT ( 'NONE',  ( 10.99164485453299456, 50.62227932855461887, 9.389024630123104842 ) ) ;
#949 = CARTESIAN_POINT ( 'NONE',  ( -15.17725799156863964, 64.22890771632164331, 17.51003847397685576 ) ) ;
#950 = VERTEX_POINT ( 'NONE', #1379 ) ;
#951 = CIRCLE ( 'NONE', #1741, 37.50000000000000000 ) ;
#952 = FACE_OUTER_BOUND ( 'NONE', #4461, .T. ) ;
#953 = CARTESIAN_POINT ( 'NONE',  ( -8.572352223784742264, 61.43803993837750710, 9.920125069694613273 ) ) ;
#954 = CARTESIAN_POINT ( 'NONE',  ( 0.6046735543406558389, 59.99069943802962257, 23.00802210177190688 ) ) ;
#955 = CARTESIAN_POINT ( 'NONE',  ( -5.745716132992169101, -24.27928127310376283, -0.1365787982008833112 ) ) ;
#956 = CARTESIAN_POINT ( 'NONE',  ( 12.94502994572878052, 40.60919344014257604, 3.094207098736039274 ) ) ;
#957 = B_SPLINE_SURFACE_WITH_KNOTS ( 'NONE', 3, 3, ( 
 ( #956, #5087, #3115, #1390, #1341, #3422, #2631, #2579, #4328, #2603, #1417, #3086, #3933, #2694 ),
 ( #4273, #1011, #2219, #4301, #4734, #164, #3957, #4762, #599, #1753, #3033, #543, #1835, #5062 ),
 ( #984, #1312, #2662, #3008, #135, #3857, #516, #4683, #5139, #4249, #569, #2246, #3528, #2723 ),
 ( #1447, #2382, #4413, #4440, #1863, #5248, #2779, #3168, #218, #301, #685, #4013, #1505, #736 ),
 ( #3226, #2355, #4464, #5192, #4814, #3984, #5275, #1946, #2407, #627, #3198, #1067, #273, #4839 ),
 ( #2751, #4383, #3641, #3141, #1094, #5219, #4865, #2306, #245, #4788, #4071, #657, #4041, #3554 ),
 ( #1532, #2330, #1892, #1975, #1121, #1921, #2806, #193, #711, #3670, #5304, #1560, #1036, #3614 ),
 ( #3254, #4892, #3582, #1478, #1145, #2831, #4489, #5381, #1585, #4511, #5098, #476, #1740, #1221 ),
 ( #4693, #761, #1192, #2884, #354, #4566, #3281, #2590, #380, #4119, #2001, #1352, #4539, #327 ),
 ( #2462, #4939, #4145, #5073, #5331, #2055, #787, #3747, #2911, #3700, #3043, #4914, #814, #1327 ),
 ( #1169, #1766, #2855, #2567, #4094, #3433, #1633, #4670, #3332, #2433, #3021, #500, #2028, #940 ),
 ( #3722, #5355, #1607, #4970, #917, #3309, #4260, #2155, #4239, #3842, #2176, #3868, #69, #94 ),
 ( #3458, #1822, #1905, #3128, #3101, #3971, #4800, #3185, #231, #1490, #2645, #556, #178, #2739 ),
 ( #970, #2293, #3598, #3567, #4826, #3072, #1850, #3514, #2708, #3946, #118, #4720, #5235, #4370 ) ),
 .UNSPECIFIED., .F., .F., .F.,
 ( 4, 1, 1, 1, 1, 1, 1, 1, 1, 1, 1, 4 ),
 ( 4, 1, 1, 1, 1, 1, 1, 1, 1, 1, 1, 4 ),
 ( -0.01358241894323341907, -0.01115361894323341901, -0.008724818943233418958, -0.006296018943233418902, -0.002652818943233417950, -0.0002240189432334196290, 0.002204781056766582162, 0.004633581056766580483, 0.008276781056766583169, 0.01070558105676658149, 0.01313438105676657981, 0.01556318105676658160 ),
 ( -0.01434031437954671855, -0.01118695789437761448, -0.008033601409208512151, -0.004880244924039408086, -0.0001502101962857528561, 0.003003146288883351209, 0.006156502774052453539, 0.009309859259221559338, 0.01403989398697521283, 0.01719325047214431690, 0.02034660695731341923, 0.02349996344248252156 ),
 .UNSPECIFIED. ) ;
#958 = CARTESIAN_POINT ( 'NONE',  ( -0.9000628431384424255, 59.30273697763003327, -2.746109351383331898 ) ) ;
#959 = VERTEX_POINT ( 'NONE', #3434 ) ;
#960 = CARTESIAN_POINT ( 'NONE',  ( -7.745716132992171765, -5.570865436924940184, 37.25609494634569785 ) ) ;
#961 = CARTESIAN_POINT ( 'NONE',  ( -3.245716132992169101, -17.07928127310389499, 37.27999506953858599 ) ) ;
#962 = B_SPLINE_CURVE_WITH_KNOTS ( 'NONE', 3,
 ( #782, #4188, #454, #427, #2429, #868, #2540, #3356, #4113, #1187 ),
 .UNSPECIFIED., .F., .F.,
 ( 4, 2, 2, 2, 4 ),
 ( 0.007614579521919785828, 0.009226184684475519787, 0.01083778984703125461, 0.01244939500958698944, 0.01406100017214272427 ),
 .UNSPECIFIED. ) ;
#963 = VERTEX_POINT ( 'NONE', #4287 ) ;
#964 = CARTESIAN_POINT ( 'NONE',  ( -6.582724995731649820, 60.97570362029751578, -5.066022596814958590 ) ) ;
#965 = B_SPLINE_CURVE_WITH_KNOTS ( 'NONE', 3,
 ( #20, #5024, #1277, #1058, #2297, #3976, #5184, #2236, #1855, #210, #236, #1408, #3950, #155, #3133, #3106, #4777, #1436, #533, #3077, #560, #2744, #3894, #3545, #4374, #2712, #4004, #183, #1912, #1358, #5132, #4291, #123, #5104 ),
 .UNSPECIFIED., .F., .F.,
 ( 4, 2, 2, 2, 2, 2, 2, 2, 2, 2, 2, 2, 2, 2, 2, 2, 4 ),
 ( 2.776912483567713316E-18, 0.001484388987378802965, 0.002968777974757602894, 0.005937555949515208389, 0.007421944936894011788, 0.008906333924272815186, 0.01039072291165161858, 0.01187511189903042198, 0.01335950088640922365, 0.01484388987378802705, 0.01632827886116683044, 0.01781266784854563037, 0.01855486234223503381, 0.01929705683592443724, 0.02078144582330323370, 0.02226583481068203363, 0.02375022379806083356 ),
 .UNSPECIFIED. ) ;
#966 = CARTESIAN_POINT ( 'NONE',  ( -3.367780578449495632, 51.74649004787240614, -20.11110841114052050 ) ) ;
#967 = CARTESIAN_POINT ( 'NONE',  ( -5.745716132992169101, -11.79192565544595972, -0.1365787982008397350 ) ) ;
#968 = CARTESIAN_POINT ( 'NONE',  ( -16.31236405227096142, 64.22890771632164331, -17.12784228067319958 ) ) ;
#969 = FACE_OUTER_BOUND ( 'NONE', #1796, .T. ) ;
#970 = CARTESIAN_POINT ( 'NONE',  ( -7.341977724439807673, 55.75849631639372461, -11.90615379137986984 ) ) ;
#971 = AXIS2_PLACEMENT_3D ( 'NONE', #967, #2675, #1429 ) ;
#972 = CARTESIAN_POINT ( 'NONE',  ( -1.745716132992168879, -11.79192565544608762, 37.14947757680347706 ) ) ;
#973 = CARTESIAN_POINT ( 'NONE',  ( -7.371537315519720579, 60.95844462645020201, -5.429820764080534268 ) ) ;
#974 = ORIENTED_EDGE ( 'NONE', *, *, #2380, .T. ) ;
#975 = ADVANCED_FACE ( 'NONE', ( #2179 ), #5181, .F. ) ;
#976 = CARTESIAN_POINT ( 'NONE',  ( -37.36370225109693166, -19.47616393149750280, -20.31698235175383616 ) ) ;
#977 = CARTESIAN_POINT ( 'NONE',  ( -18.60212259354327458, 12.20807434455407581, -9.868629605769513091 ) ) ;
#978 = CARTESIAN_POINT ( 'NONE',  ( 0.6046735543406558389, 59.99069943802962257, 23.00802210177190688 ) ) ;
#979 = CARTESIAN_POINT ( 'NONE',  ( -9.049584540242967989, 62.11188470768775005, 17.64355923044732322 ) ) ;
#980 = EDGE_LOOP ( 'NONE', ( #4854, #72, #2459, #5264 ) ) ;
#981 = LINE ( 'NONE', #4411, #1439 ) ;
#982 = CARTESIAN_POINT ( 'NONE',  ( 17.73554511295724723, 60.54917703374152893, -19.75027571369749069 ) ) ;
#983 = AXIS2_PLACEMENT_3D ( 'NONE', #1222, #4568, #2029 ) ;
#984 = CARTESIAN_POINT ( 'NONE',  ( 10.43163532620234868, 40.97829904776232723, 1.915193227524518260 ) ) ;
#985 = EDGE_CURVE ( 'NONE', #1691, #1673, #1313, .T. ) ;
#986 = CARTESIAN_POINT ( 'NONE',  ( 14.52696551944306513, 61.86334365442144900, -8.899739296668537136 ) ) ;
#987 = ORIENTED_EDGE ( 'NONE', *, *, #4192, .T. ) ;
#988 = CARTESIAN_POINT ( 'NONE',  ( -19.36590765020570970, -11.79192565544592064, -10.30960111383665279 ) ) ;
#989 = CARTESIAN_POINT ( 'NONE',  ( 11.12290136316991607, 59.99069943802962968, -17.20847804134814751 ) ) ;
#990 = ORIENTED_EDGE ( 'NONE', *, *, #4653, .T. ) ;
#991 = CARTESIAN_POINT ( 'NONE',  ( -20.88671131651743806, -21.86835655457082339, -7.911605863179430820 ) ) ;
#992 = CARTESIAN_POINT ( 'NONE',  ( -0.2248274177664735529, -12.30108702610120730, 38.97593234623885650 ) ) ;
#993 = CARTESIAN_POINT ( 'NONE',  ( 0.5664044782331791872, 61.51733492533557524, 33.03937747159003635 ) ) ;
#994 = CARTESIAN_POINT ( 'NONE',  ( -58.24571613299217177, -9.171272019776569806, -0.1365787982008305756 ) ) ;
#995 = CARTESIAN_POINT ( 'NONE',  ( -13.91172418258928545, 61.70087700894526250, -7.784718789642134595 ) ) ;
#996 = CARTESIAN_POINT ( 'NONE',  ( 6.768042646132836460, 58.33718604513718020, 19.48232526024478517 ) ) ;
#997 = CARTESIAN_POINT ( 'NONE',  ( -11.99076054999786045, -13.17998876161687605, 36.83981193962883793 ) ) ;
#998 = PRODUCT_DEFINITION ( 'UNKNOWN', '', #2919, #3048 ) ;
#999 = CARTESIAN_POINT ( 'NONE',  ( 10.06664974621849851, -17.07928127310374222, -6.379101149139952298 ) ) ;
#1000 = ORIENTED_EDGE ( 'NONE', *, *, #2716, .T. ) ;
#1001 = EDGE_CURVE ( 'NONE', #5029, #3729, #4672, .T. ) ;
#1002 = CARTESIAN_POINT ( 'NONE',  ( -7.467720980984807966, 61.20408998218935892, 23.80156439009787306 ) ) ;
#1003 = DIRECTION ( 'NONE',  ( 1.000000000000000000, 0.000000000000000000, 0.000000000000000000 ) ) ;
#1004 = DIRECTION ( 'NONE',  ( -1.000000000000000000, 0.000000000000000000, 0.000000000000000000 ) ) ;
#1005 = CARTESIAN_POINT ( 'NONE',  ( -1.745716132992168879, -16.79192565544609650, 39.16036764805626547 ) ) ;
#1006 = CARTESIAN_POINT ( 'NONE',  ( -8.292937350096520888, 61.86334365442144900, 21.80165876487665599 ) ) ;
#1007 = ORIENTED_EDGE ( 'NONE', *, *, #1810, .F. ) ;
#1008 = CARTESIAN_POINT ( 'NONE',  ( -8.030140686604518407, 61.08387255855936360, 17.90306617182983118 ) ) ;
#1009 = CARTESIAN_POINT ( 'NONE',  ( -0.7411184116936511135, 59.77822086998875761, -0.1386618730198319882 ) ) ;
#1010 = CARTESIAN_POINT ( 'NONE',  ( -21.23380624548363471, 12.54048673790716428, -7.153067486690962262 ) ) ;
#1011 = CARTESIAN_POINT ( 'NONE',  ( 12.35074037813280512, 41.75171789557955293, 3.545120364952297098 ) ) ;
#1012 = CARTESIAN_POINT ( 'NONE',  ( -8.307792306772158852, 52.48664730524507860, -2.641349702749776540 ) ) ;
#1013 = EDGE_LOOP ( 'NONE', ( #4598, #5120, #847, #2302 ) ) ;
#1014 = AXIS2_PLACEMENT_3D ( 'NONE', #1040, #2359, #5222 ) ;
#1015 = CARTESIAN_POINT ( 'NONE',  ( -43.24571613299217177, -26.47928127310376212, -0.1365787982008561940 ) ) ;
#1016 = CARTESIAN_POINT ( 'NONE',  ( -25.64188984594568410, 61.72438936800976705, -13.55828776479575559 ) ) ;
#1017 = VERTEX_POINT ( 'NONE', #999 ) ;
#1018 = AXIS2_PLACEMENT_3D ( 'NONE', #5020, #1244, #2966 ) ;
#1019 = CARTESIAN_POINT ( 'NONE',  ( -8.275552343097524854, 49.83563978992774679, 4.178467668387758849 ) ) ;
#1020 = CARTESIAN_POINT ( 'NONE',  ( 9.874475384221247154, 12.20807434455406515, -6.845499498699015639 ) ) ;
#1021 = CARTESIAN_POINT ( 'NONE',  ( 0.04023175779945421110, 61.61261505052316068, 33.94972601339747342 ) ) ;
#1022 = CARTESIAN_POINT ( 'NONE',  ( 33.75428386700782823, -26.47928127310376212, -0.1365787982008909995 ) ) ;
#1023 = DIRECTION ( 'NONE',  ( 0.000000000000000000, -1.000000000000000000, -3.491481338843133750E-15 ) ) ;
#1024 = CARTESIAN_POINT ( 'NONE',  ( -10.42846252892673320, 59.30273697763003327, -3.028272368554546734 ) ) ;
#1025 = AXIS2_PLACEMENT_3D ( 'NONE', #4272, #3397, #5033 ) ;
#1026 = CARTESIAN_POINT ( 'NONE',  ( -11.26870679865312397, -16.28112157488474665, 36.95473047873750261 ) ) ;
#1027 = CARTESIAN_POINT ( 'NONE',  ( 11.12290136316991607, 59.99069943802962968, -17.20847804134814751 ) ) ;
#1028 = ORIENTED_EDGE ( 'NONE', *, *, #4320, .T. ) ;
#1029 = CARTESIAN_POINT ( 'NONE',  ( -2.040965743421412348, 53.03280605363725186, -20.59752144997998613 ) ) ;
#1030 = CARTESIAN_POINT ( 'NONE',  ( -36.26108751792891383, 13.20807434455410068, -16.59993614333576772 ) ) ;
#1031 = CARTESIAN_POINT ( 'NONE',  ( 1.234443450850853718, 60.90753886619070556, 22.82594223464936789 ) ) ;
#1032 = CARTESIAN_POINT ( 'NONE',  ( -11.30733301042554118, 62.99542170958063991, 16.20982352536507065 ) ) ;
#1033 = ORIENTED_EDGE ( 'NONE', *, *, #4988, .F. ) ;
#1034 = CARTESIAN_POINT ( 'NONE',  ( -8.759449633183432837, 61.14595026584251514, 9.936273667136052978 ) ) ;
#1035 = CARTESIAN_POINT ( 'NONE',  ( 14.58811448884489081, 60.36381126992073121, -23.78979158773261915 ) ) ;
#1036 = CARTESIAN_POINT ( 'NONE',  ( -8.913864209094839453, 60.77315033359754892, 27.57586843711338531 ) ) ;
#1037 = CARTESIAN_POINT ( 'NONE',  ( 7.828577665329862434, 63.71812449109109622, -0.9597049000411058683 ) ) ;
#1038 = MECHANICAL_DESIGN_GEOMETRIC_PRESENTATION_REPRESENTATION (  '', ( #1958 ), #775 ) ;
#1039 = ORIENTED_EDGE ( 'NONE', *, *, #2859, .T. ) ;
#1040 = CARTESIAN_POINT ( 'NONE',  ( -5.745716132992169101, 18.18802461226245271, -0.1365787982007350410 ) ) ;
#1041 = DIRECTION ( 'NONE',  ( -1.000000000000000000, 0.000000000000000000, 0.000000000000000000 ) ) ;
#1042 = VERTEX_POINT ( 'NONE', #4751 ) ;
#1043 = CARTESIAN_POINT ( 'NONE',  ( -5.745716132992201963, 52.45677549826513797, -5.136578798200803320 ) ) ;
#1044 = CARTESIAN_POINT ( 'NONE',  ( -29.42665100513900356, 59.01260903132826030, -1.912548790065773829 ) ) ;
#1045 = ADVANCED_FACE ( 'NONE', ( #2267 ), #2679, .T. ) ;
#1046 = CARTESIAN_POINT ( 'NONE',  ( 3.014880265939621218, 61.59593633584499628, 32.02881015327313463 ) ) ;
#1047 = CARTESIAN_POINT ( 'NONE',  ( -22.14720744233640914, 50.09607680816513664, 8.566588149670076646 ) ) ;
#1048 = CARTESIAN_POINT ( 'NONE',  ( -0.8087163047004641836, 50.92664981682595737, 4.879961830152799607 ) ) ;
#1049 = CARTESIAN_POINT ( 'NONE',  ( -8.830083715684594381, 61.66755760848361234, 3.798732703425987456 ) ) ;
#1050 = B_SPLINE_CURVE_WITH_KNOTS ( 'NONE', 3,
 ( #5255, #1955, #3650, #1542, #2010 ),
 .UNSPECIFIED., .F., .F.,
 ( 4, 1, 4 ),
 ( 0.3226090165744264215, 0.3239197437361044374, 0.3252304708977823977 ),
 .UNSPECIFIED. ) ;
#1051 = CARTESIAN_POINT ( 'NONE',  ( -2.603501098553591131, 52.77184415443057475, 4.649305851404652579 ) ) ;
#1052 = CARTESIAN_POINT ( 'NONE',  ( -5.745716132992169101, -24.27928127310376283, -0.1365787982008833112 ) ) ;
#1053 =( NAMED_UNIT ( * ) SI_UNIT ( $, .STERADIAN. ) SOLID_ANGLE_UNIT ( ) );
#1054 = CARTESIAN_POINT ( 'NONE',  ( -3.558604489447774633, 53.39117671017925204, -2.623992083681989218 ) ) ;
#1055 = DIRECTION ( 'NONE',  ( 0.000000000000000000, -1.000000000000000000, -3.491481338843133355E-15 ) ) ;
#1056 = ORIENTED_EDGE ( 'NONE', *, *, #3453, .F. ) ;
#1057 = CARTESIAN_POINT ( 'NONE',  ( -29.87188481032236353, 59.68288683901814551, -2.484704355764968398 ) ) ;
#1058 = CARTESIAN_POINT ( 'NONE',  ( -3.661354256140912700, 52.67816834059146203, -20.34141833629132634 ) ) ;
#1059 = CARTESIAN_POINT ( 'NONE',  ( 15.83586920447852364, 61.47047665519921367, -10.63587278977329476 ) ) ;
#1060 = FACE_OUTER_BOUND ( 'NONE', #3030, .T. ) ;
#1061 = AXIS2_PLACEMENT_3D ( 'NONE', #3079, #4727, #1004 ) ;
#1062 = CARTESIAN_POINT ( 'NONE',  ( 10.36376616318679034, 51.74649004787240614, 11.91003860706532436 ) ) ;
#1063 = CARTESIAN_POINT ( 'NONE',  ( -6.907275624411232329, 57.24792134796826559, -8.883553385530811752 ) ) ;
#1064 = ORIENTED_EDGE ( 'NONE', *, *, #494, .F. ) ;
#1065 = CARTESIAN_POINT ( 'NONE',  ( -8.127260182842977798, 60.75338036068015413, 17.91144790813894261 ) ) ;
#1066 = DIRECTION ( 'NONE',  ( 1.000000000000000000, 0.000000000000000000, 0.000000000000000000 ) ) ;
#1067 = CARTESIAN_POINT ( 'NONE',  ( -2.980299240080033663, 60.47911750277149423, 28.59107750667741499 ) ) ;
#1068 = CARTESIAN_POINT ( 'NONE',  ( 7.393186710540923912, 65.82562954302240144, 2.464940676229144589 ) ) ;
#1069 = ORIENTED_EDGE ( 'NONE', *, *, #4716, .F. ) ;
#1070 = CARTESIAN_POINT ( 'NONE',  ( -1.034604860286589156, 48.57332242071429107, -1.811520760236029481 ) ) ;
#1071 = DIRECTION ( 'NONE',  ( 0.8660254037844432595, -1.745740669421538673E-15, 0.4999999999999920064 ) ) ;
#1072 = EDGE_CURVE ( 'NONE', #2145, #3974, #4241, .T. ) ;
#1073 = EDGE_LOOP ( 'NONE', ( #3165, #1245, #4429, #4979, #3003, #896 ) ) ;
#1074 = CARTESIAN_POINT ( 'NONE',  ( -19.60212259354326036, -24.27928127310373441, -8.136578798200753582 ) ) ;
#1075 = EDGE_CURVE ( 'NONE', #3906, #2626, #2157, .T. ) ;
#1076 = CARTESIAN_POINT ( 'NONE',  ( 11.42509312564085633, 61.84171171613220253, -22.18442890890747776 ) ) ;
#1077 = CARTESIAN_POINT ( 'NONE',  ( 1.085042078697991297, 61.57019645922600404, 27.27399631265856783 ) ) ;
#1078 =( NAMED_UNIT ( * ) PLANE_ANGLE_UNIT ( ) SI_UNIT ( $, .RADIAN. ) );
#1079 = CARTESIAN_POINT ( 'NONE',  ( 4.319266652096110271, 55.76348479502233602, 5.251145878035165637 ) ) ;
#1080 = DIRECTION ( 'NONE',  ( 1.000000000000000000, 0.000000000000000000, 0.000000000000000000 ) ) ;
#1081 = CARTESIAN_POINT ( 'NONE',  ( -26.21215120387869391, 54.87706700006894067, 6.611166408567110686 ) ) ;
#1082 = ORIENTED_EDGE ( 'NONE', *, *, #2889, .T. ) ;
#1083 = CARTESIAN_POINT ( 'NONE',  ( -28.90636783805114618, 57.79734232330404353, 0.9640299221059436263 ) ) ;
#1084 = CARTESIAN_POINT ( 'NONE',  ( 10.25161226432794592, 53.33972982917823202, 13.29234165778788146 ) ) ;
#1085 = CARTESIAN_POINT ( 'NONE',  ( -9.551814058332031010, 48.57332242071429107, -3.379049859401443090 ) ) ;
#1086 = CARTESIAN_POINT ( 'NONE',  ( 20.69260919689927647, 64.46347015292315064, 4.256690113903112582 ) ) ;
#1087 = B_SPLINE_CURVE_WITH_KNOTS ( 'NONE', 3,
 ( #1132, #5317, #696, #3265 ),
 .UNSPECIFIED., .F., .F.,
 ( 4, 4 ),
 ( 0.000000000000000000, 1.000000000000000000 ),
 .UNSPECIFIED. ) ;
#1088 = CARTESIAN_POINT ( 'NONE',  ( -3.486130513342734272, 60.94583228621067406, 25.30055199515753017 ) ) ;
#1089 = CARTESIAN_POINT ( 'NONE',  ( -7.664984460076546213, 58.77356050712016611, -6.223351230444630566 ) ) ;
#1090 = ORIENTED_EDGE ( 'NONE', *, *, #4786, .F. ) ;
#1091 = B_SPLINE_CURVE_WITH_KNOTS ( 'NONE', 3,
 ( #1870, #2671, #173, #3148, #1044, #42, #2731, #5173, #1456, #5147, #4308, #1714 ),
 .UNSPECIFIED., .F., .F.,
 ( 4, 2, 2, 2, 2, 4 ),
 ( 1.982335517744635185E-16, 0.001894208144729158869, 0.003788416289458119545, 0.004735520361822603136, 0.005682624434187087160, 0.007576832578916057812 ),
 .UNSPECIFIED. ) ;
#1092 = CARTESIAN_POINT ( 'NONE',  ( -9.683159101925998158, 49.09125206938431774, -3.224873588128391866 ) ) ;
#1093 = CARTESIAN_POINT ( 'NONE',  ( 3.786561665533856313, 57.36595562906146739, -21.83386027988045086 ) ) ;
#1094 = CARTESIAN_POINT ( 'NONE',  ( 3.348351363490940535, 51.09834630931130306, 6.090284519467832780 ) ) ;
#1095 = CARTESIAN_POINT ( 'NONE',  ( 13.94622254173405729, 66.12401723998219438, 2.817604054488688448 ) ) ;
#1096 = ORIENTED_EDGE ( 'NONE', *, *, #1072, .F. ) ;
#1097 = AXIS2_PLACEMENT_3D ( 'NONE', #1953, #1127, #5282 ) ;
#1098 = DIRECTION ( 'NONE',  ( -1.000000000000000000, -2.040851148208009231E-16, -3.552356529849566036E-15 ) ) ;
#1099 = FACE_OUTER_BOUND ( 'NONE', #3502, .T. ) ;
#1100 = ORIENTED_EDGE ( 'NONE', *, *, #918, .T. ) ;
#1101 = CARTESIAN_POINT ( 'NONE',  ( -2.799208129717889015, 61.37911802015381113, 23.68913232163122728 ) ) ;
#1102 = CARTESIAN_POINT ( 'NONE',  ( -11.68071625309038453, 43.20482664747846258, -13.70910832538080548 ) ) ;
#1103 = CARTESIAN_POINT ( 'NONE',  ( 11.67483292056981803, 44.73052067723265424, 4.402698568751375774 ) ) ;
#1104 = EDGE_CURVE ( 'NONE', #4223, #3330, #4401, .T. ) ;
#1105 = CARTESIAN_POINT ( 'NONE',  ( -21.14988854607961954, 61.71695281905827102, -20.78470263885659008 ) ) ;
#1106 = CARTESIAN_POINT ( 'NONE',  ( -6.276835411142174692, 64.82877984696794726, -7.611168322784535256 ) ) ;
#1107 = CARTESIAN_POINT ( 'NONE',  ( 0.6478205501754612516, 60.05446708346099882, 22.99615106893948635 ) ) ;
#1108 = CARTESIAN_POINT ( 'NONE',  ( -1.886491654755376279, 50.93764936586617864, -2.616302289200347353 ) ) ;
#1109 = DIRECTION ( 'NONE',  ( 0.8660254037844363761, 1.745740669421580877E-15, -0.5000000000000039968 ) ) ;
#1110 = ORIENTED_EDGE ( 'NONE', *, *, #1233, .F. ) ;
#1111 = CARTESIAN_POINT ( 'NONE',  ( -24.30655538444154828, 50.43375822334309078, 10.94403207472160844 ) ) ;
#1112 = CARTESIAN_POINT ( 'NONE',  ( -7.324808819178332264, 48.99814790106171358, -16.82068088593325328 ) ) ;
#1113 = CIRCLE ( 'NONE', #4867, 90.00000000000000000 ) ;
#1114 = CARTESIAN_POINT ( 'NONE',  ( 10.38927555846383477, 49.58255929464227307, 9.441014696543298612 ) ) ;
#1115 = EDGE_CURVE ( 'NONE', #4410, #950, #3683, .T. ) ;
#1116 = CARTESIAN_POINT ( 'NONE',  ( -3.745716132992169101, -1.999996664840857585, 37.02802881775754429 ) ) ;
#1117 = ORIENTED_EDGE ( 'NONE', *, *, #5039, .T. ) ;
#1118 = CARTESIAN_POINT ( 'NONE',  ( -32.71666492578117413, 59.90774455618513628, 0.4496314045301301188 ) ) ;
#1119 = CARTESIAN_POINT ( 'NONE',  ( 7.437151616396773690, 59.59036705322558447, -8.516014878247680997 ) ) ;
#1120 = B_SPLINE_CURVE_WITH_KNOTS ( 'NONE', 3,
 ( #3363, #4540, #5000, #3795 ),
 .UNSPECIFIED., .F., .F.,
 ( 4, 4 ),
 ( 3.539218529896436855E-17, 0.001147221802667555603 ),
 .UNSPECIFIED. ) ;
#1121 = CARTESIAN_POINT ( 'NONE',  ( 0.9530456254879032807, 52.02113291601371259, 4.668421284541486749 ) ) ;
#1122 = CARTESIAN_POINT ( 'NONE',  ( -4.836116392037438594, 62.32500389792049589, 3.824493925717837861 ) ) ;
#1123 = ORIENTED_EDGE ( 'NONE', *, *, #1980, .T. ) ;
#1124 = PLANE ( 'NONE',  #26 ) ;
#1125 = CARTESIAN_POINT ( 'NONE',  ( 4.140581614311616754, 46.43255169422253203, 1.671261840267026511 ) ) ;
#1126 = CARTESIAN_POINT ( 'NONE',  ( -6.805404789634619256, 56.70778072437708772, -0.8220580139080357895 ) ) ;
#1127 = DIRECTION ( 'NONE',  ( 0.000000000000000000, 1.000000000000000000, 0.000000000000000000 ) ) ;
#1128 = LINE ( 'NONE', #4447, #4065 ) ;
#1129 = CARTESIAN_POINT ( 'NONE',  ( 6.140317355032679281, 43.86510778367051699, 0.1259652335501839915 ) ) ;
#1130 = PRESENTATION_STYLE_ASSIGNMENT (( #1931 ) ) ;
#1131 = CARTESIAN_POINT ( 'NONE',  ( 5.060698559643351579, 58.93656895130649076, -20.83266027335796267 ) ) ;
#1132 = CARTESIAN_POINT ( 'NONE',  ( -2.261404786146198109, 53.95554370783776221, -20.91323595406998948 ) ) ;
#1133 = CARTESIAN_POINT ( 'NONE',  ( -10.39525195661773616, -16.71156529475604202, 37.07441046235703652 ) ) ;
#1134 = DIRECTION ( 'NONE',  ( 0.000000000000000000, -1.000000000000000000, -3.491481338843133355E-15 ) ) ;
#1135 = CARTESIAN_POINT ( 'NONE',  ( 0.1368967919742983541, -12.63875960618942251, 36.89933375383311187 ) ) ;
#1136 = EDGE_CURVE ( 'NONE', #4410, #3200, #1554, .T. ) ;
#1137 = CARTESIAN_POINT ( 'NONE',  ( -28.19361130789918946, 55.48325500490294360, 7.050885532593382798 ) ) ;
#1138 = CARTESIAN_POINT ( 'NONE',  ( 9.110690327558822688, -11.79192565544593663, -6.404527990632030487 ) ) ;
#1139 = CARTESIAN_POINT ( 'NONE',  ( -6.501545465470925933, 50.20843741039511343, 4.809091549876004734 ) ) ;
#1140 = CARTESIAN_POINT ( 'NONE',  ( -9.272318037254573042, 60.90922940957772624, 6.512550827995088554 ) ) ;
#1141 = VERTEX_POINT ( 'NONE', #1465 ) ;
#1142 = EDGE_CURVE ( 'NONE', #3452, #1717, #2182, .T. ) ;
#1143 = CARTESIAN_POINT ( 'NONE',  ( -39.72847457483720746, 60.52353260378166766, -10.06064415899765585 ) ) ;
#1144 = CARTESIAN_POINT ( 'NONE',  ( -9.719943035135319320, 48.18961917401814787, -2.982044649968459193 ) ) ;
#1145 = CARTESIAN_POINT ( 'NONE',  ( -1.148313773700602392, 52.87939473286498071, 3.453844945899148478 ) ) ;
#1146 = CARTESIAN_POINT ( 'NONE',  ( 17.20995133646132302, 66.19867457524364340, 3.785225406709849416 ) ) ;
#1147 = ORIENTED_EDGE ( 'NONE', *, *, #497, .F. ) ;
#1148 = CARTESIAN_POINT ( 'NONE',  ( 11.25428386700782823, -21.27928127310376283, -0.1365787982008707657 ) ) ;
#1149 = CARTESIAN_POINT ( 'NONE',  ( 10.24417917189982852, 52.43151652244388572, 12.59633969843232926 ) ) ;
#1150 = CARTESIAN_POINT ( 'NONE',  ( 4.545901377926530706, 46.48155554038731196, 1.726929849750943546 ) ) ;
#1151 = CARTESIAN_POINT ( 'NONE',  ( 23.66900698871478781, 12.87542560612712883, -18.65798732638882385 ) ) ;
#1152 = CARTESIAN_POINT ( 'NONE',  ( 2.117220859605619676, 57.89657626030351167, -24.39532637718706454 ) ) ;
#1153 = CARTESIAN_POINT ( 'NONE',  ( -12.03252509453328578, 46.43974536906014805, 7.442978039158992587 ) ) ;
#1154 = B_SPLINE_CURVE_WITH_KNOTS ( 'NONE', 3,
 ( #3726, #3675, #1149, #2005, #1226, #5310, #4918, #4870, #4099, #2060, #791, #2412, #3752, #4175, #3286, #3703, #1173, #1125, #1665, #358, #1564, #5335, #2888, #2861, #4543, #1199, #3259, #4493 ),
 .UNSPECIFIED., .F., .F.,
 ( 4, 2, 2, 2, 2, 2, 2, 2, 2, 2, 2, 2, 2, 4 ),
 ( 4.201283418381329682E-19, 0.001398815899024433759, 0.002797631798048867083, 0.005595263596097737636, 0.006994079495122177900, 0.008392895394146622501, 0.01119052719219550823, 0.01398815899024439049, 0.01538697488926883510, 0.01608638283878105826, 0.01678579078829327970, 0.01958342258634216543, 0.02098223848536661176, 0.02238105438439106157 ),
 .UNSPECIFIED. ) ;
#1155 = CARTESIAN_POINT ( 'NONE',  ( -9.745716132992169989, -16.79192565544609650, 39.16036764805626547 ) ) ;
#1156 = CARTESIAN_POINT ( 'NONE',  ( -1.422601699782342743, 60.24593074083713162, -0.7782450496213321189 ) ) ;
#1157 = CARTESIAN_POINT ( 'NONE',  ( -22.91672845881619125, 51.41862805880574427, 8.840942837476163163 ) ) ;
#1158 = EDGE_CURVE ( 'NONE', #1481, #1346, #2790, .T. ) ;
#1159 = CARTESIAN_POINT ( 'NONE',  ( -28.90041363595807056, 60.54594261379157416, -10.90747201697773150 ) ) ;
#1160 = PLANE ( 'NONE',  #3639 ) ;
#1161 = CARTESIAN_POINT ( 'NONE',  ( -4.152263913712934240, 56.16849630669155147, 4.606933013412925604 ) ) ;
#1162 = CARTESIAN_POINT ( 'NONE',  ( -30.23131074190814260, 59.15546929842962243, 1.392278099114103940 ) ) ;
#1163 = CARTESIAN_POINT ( 'NONE',  ( -10.18025932652568954, 48.85130267345833488, -4.402899186006892229 ) ) ;
#1164 = ADVANCED_FACE ( 'NONE', ( #2395 ), #1995, .T. ) ;
#1165 = CARTESIAN_POINT ( 'NONE',  ( 11.09104724925057361, 60.05446708346069329, -17.23990891942177228 ) ) ;
#1166 = CARTESIAN_POINT ( 'NONE',  ( -16.84705032186624862, 66.59543889393526683, 12.26746586768876135 ) ) ;
#1167 = CARTESIAN_POINT ( 'NONE',  ( -36.94099186501020426, 12.20807434455410245, -15.83777856276708995 ) ) ;
#1168 = CARTESIAN_POINT ( 'NONE',  ( -10.88647681726829397, 45.41043867530988365, -4.071186250669198259 ) ) ;
#1169 = CARTESIAN_POINT ( 'NONE',  ( -4.896328542204579470, 52.44898311162088334, -9.325349682582464439 ) ) ;
#1170 = CARTESIAN_POINT ( 'NONE',  ( 17.27588044564414460, 65.77798517056896799, 3.070016898792973237 ) ) ;
#1171 = VERTEX_POINT ( 'NONE', #5321 ) ;
#1172 = CARTESIAN_POINT ( 'NONE',  ( -6.745716132992169101, 13.20807434455398699, 15.86342120179924287 ) ) ;
#1173 = CARTESIAN_POINT ( 'NONE',  ( 4.668056319552470690, 46.43229884163302756, 2.133361488144120965 ) ) ;
#1174 = DIRECTION ( 'NONE',  ( 0.000000000000000000, -1.000000000000000000, -3.491481338843133355E-15 ) ) ;
#1175 = CARTESIAN_POINT ( 'NONE',  ( 20.88116787735887669, 61.58622720962621599, -23.80934817397517023 ) ) ;
#1176 = AXIS2_PLACEMENT_3D ( 'NONE', #3579, #683, #2025 ) ;
#1177 = ORIENTED_EDGE ( 'NONE', *, *, #5175, .T. ) ;
#1178 = CARTESIAN_POINT ( 'NONE',  ( -11.59528981686426974, 46.46873561572432720, 7.283505401733395779 ) ) ;
#1179 = CARTESIAN_POINT ( 'NONE',  ( -16.68068574774691371, 63.58862192785478840, -23.22739938337808496 ) ) ;
#1180 = CARTESIAN_POINT ( 'NONE',  ( -5.619403430743911798, 58.45740269768173647, -0.7660395333482146185 ) ) ;
#1181 = CARTESIAN_POINT ( 'NONE',  ( -1.274677832907571196, 54.50291326860774888, -21.11816297727855130 ) ) ;
#1182 = DIRECTION ( 'NONE',  ( 0.8660254037844432595, -1.745740669421538673E-15, 0.4999999999999920064 ) ) ;
#1183 = CARTESIAN_POINT ( 'NONE',  ( -0.8645750635415274665, 48.90384747206831406, -1.226181977596676909 ) ) ;
#1184 = CARTESIAN_POINT ( 'NONE',  ( -39.03573439877791884, 61.55527872731878603, -10.44749806163479988 ) ) ;
#1185 = CARTESIAN_POINT ( 'NONE',  ( -1.495612517113743323, 54.83317012181609584, -21.25415824931223341 ) ) ;
#1186 = CARTESIAN_POINT ( 'NONE',  ( -7.475741033991986306, 59.12218412126512135, 4.568526962323869789 ) ) ;
#1187 = CARTESIAN_POINT ( 'NONE',  ( 0.6046735543406558389, 59.99069943802962257, 23.00802210177190688 ) ) ;
#1188 = ORIENTED_EDGE ( 'NONE', *, *, #2661, .F. ) ;
#1189 = DIRECTION ( 'NONE',  ( 0.000000000000000000, -1.000000000000000000, -3.491481338843133355E-15 ) ) ;
#1190 = ORIENTED_EDGE ( 'NONE', *, *, #5293, .F. ) ;
#1191 = CARTESIAN_POINT ( 'NONE',  ( 1.169515350765653050, 56.94372079676230669, -7.707618611298244105 ) ) ;
#1192 = CARTESIAN_POINT ( 'NONE',  ( -3.341082657190228122, 49.77049862448534867, -3.607576261575216492 ) ) ;
#1193 = AXIS2_PLACEMENT_3D ( 'NONE', #3303, #4934, #806 ) ;
#1194 = DIRECTION ( 'NONE',  ( -1.000000000000000000, 0.000000000000000000, 0.000000000000000000 ) ) ;
#1195 = B_SPLINE_CURVE_WITH_KNOTS ( 'NONE', 3,
 ( #1016, #5197, #2666, #2334, #3533, #3173, #4360, #1537, #604, #2281 ),
 .UNSPECIFIED., .F., .F.,
 ( 4, 3, 3, 4 ),
 ( 1.253028646898743263E-05, 0.0002674592003816043235, 0.0005349184008848831273, 0.001012443596847393580 ),
 .UNSPECIFIED. ) ;
#1196 = VECTOR ( 'NONE', #4818, 1000.000000000000000 ) ;
#1197 = ORIENTED_EDGE ( 'NONE', *, *, #5156, .T. ) ;
#1198 = DIRECTION ( 'NONE',  ( -1.000000000000000000, 0.000000000000000000, 0.000000000000000000 ) ) ;
#1199 = CARTESIAN_POINT ( 'NONE',  ( -0.3590284288307553084, 48.03537317826238962, -1.483164063463817017 ) ) ;
#1200 = EDGE_CURVE ( 'NONE', #1219, #59, #1521, .T. ) ;
#1201 = CARTESIAN_POINT ( 'NONE',  ( -3.745716132992169101, 12.20807434455393370, 34.72992234607019668 ) ) ;
#1202 = CARTESIAN_POINT ( 'NONE',  ( -10.18658434958023662, 48.74479891902385731, -3.650140586401911413 ) ) ;
#1203 = ORIENTED_EDGE ( 'NONE', *, *, #4039, .T. ) ;
#1204 = CARTESIAN_POINT ( 'NONE',  ( 11.12290136316991607, 59.99069943802962968, -17.20847804134814751 ) ) ;
#1205 = CARTESIAN_POINT ( 'NONE',  ( -15.83139624596718242, 64.05596486720605753, -24.88867310901057550 ) ) ;
#1206 = CARTESIAN_POINT ( 'NONE',  ( -4.757952742905487753, 56.94753045237911948, -0.4213840829551288025 ) ) ;
#1207 = CARTESIAN_POINT ( 'NONE',  ( 9.150305117658431797, 56.43829753281894313, 15.96290212825625332 ) ) ;
#1208 = AXIS2_PLACEMENT_3D ( 'NONE', #1949, #3618, #5279 ) ;
#1209 = CARTESIAN_POINT ( 'NONE',  ( -23.99840823231793507, 60.93650501980285838, -19.89346103370914065 ) ) ;
#1210 = CARTESIAN_POINT ( 'NONE',  ( 0.6263557160574011462, -13.48555835069709019, 36.81813366952980715 ) ) ;
#1211 = CARTESIAN_POINT ( 'NONE',  ( -25.31778744959491689, 53.03280605363725186, 6.885484575640036020 ) ) ;
#1212 = CARTESIAN_POINT ( 'NONE',  ( -26.37985406295207369, 57.15734433415465787, 2.542368379519465371 ) ) ;
#1213 = CARTESIAN_POINT ( 'NONE',  ( -5.254680410493878462, 58.44475294059292736, 0.3005173071092867021 ) ) ;
#1214 = EDGE_CURVE ( 'NONE', #457, #1346, #2080, .T. ) ;
#1215 = CARTESIAN_POINT ( 'NONE',  ( 11.10699435086815612, 60.02259217644583345, -17.22419564266498426 ) ) ;
#1216 = CARTESIAN_POINT ( 'NONE',  ( -21.36590765020567773, -21.27928127310373796, -6.845499498698913499 ) ) ;
#1217 = ORIENTED_EDGE ( 'NONE', *, *, #271, .F. ) ;
#1218 = CARTESIAN_POINT ( 'NONE',  ( -33.17043121357060897, 60.94551456481535467, -3.510562801856387249 ) ) ;
#1219 = VERTEX_POINT ( 'NONE', #2766 ) ;
#1220 = CARTESIAN_POINT ( 'NONE',  ( -4.900128062239285320, 51.09834630931130306, -11.12570393271984415 ) ) ;
#1221 = CARTESIAN_POINT ( 'NONE',  ( -11.54130613351484591, 60.77961140587649425, 27.27163285559461769 ) ) ;
#1222 = CARTESIAN_POINT ( 'NONE',  ( -5.745716132992168212, -32.14681364125087271, -0.1365787982008023760 ) ) ;
#1223 = CARTESIAN_POINT ( 'NONE',  ( 3.554710276449909667, 53.70379905045792412, 8.234811197528813409 ) ) ;
#1224 = ORIENTED_EDGE ( 'NONE', *, *, #570, .T. ) ;
#1225 = CARTESIAN_POINT ( 'NONE',  ( 13.93411226055525631, 50.49376204155795023, 10.79325463589218970 ) ) ;
#1226 = CARTESIAN_POINT ( 'NONE',  ( 10.26946250271816474, 51.53576948310537631, 11.51883386646861851 ) ) ;
#1227 = CARTESIAN_POINT ( 'NONE',  ( -35.26108751792892093, 13.20807434455410423, -18.33198695090464625 ) ) ;
#1228 = CIRCLE ( 'NONE', #361, 16.99999999999999645 ) ;
#1229 = CARTESIAN_POINT ( 'NONE',  ( -0.5080994551903640355, 55.30401028647656148, -15.94813069314499110 ) ) ;
#1230 = ADVANCED_FACE ( 'NONE', ( #698 ), #872, .F. ) ;
#1231 = FACE_OUTER_BOUND ( 'NONE', #3779, .T. ) ;
#1232 = CARTESIAN_POINT ( 'NONE',  ( -22.74571613299216466, 16.22071872689624072, -0.1365787982008126178 ) ) ;
#1233 = EDGE_CURVE ( 'NONE', #2163, #3584, #5298, .T. ) ;
#1234 = CARTESIAN_POINT ( 'NONE',  ( -5.985240085049480463, 59.09307375126158490, -1.439340157265031284 ) ) ;
#1235 = CARTESIAN_POINT ( 'NONE',  ( -5.831759826558647219, 57.43917664481357832, -0.9060926196396592580 ) ) ;
#1236 = CARTESIAN_POINT ( 'NONE',  ( -7.189748325769076409, 48.61030126033681142, -17.76113414785468692 ) ) ;
#1237 = CARTESIAN_POINT ( 'NONE',  ( -0.4963256629148131704, -16.46345700790357114, 36.99444153581652017 ) ) ;
#1238 = VECTOR ( 'NONE', #2832, 1000.000000000000000 ) ;
#1239 = CARTESIAN_POINT ( 'NONE',  ( -2.702047408427055153, 55.90710518012210173, 3.835380410222547720 ) ) ;
#1240 = CARTESIAN_POINT ( 'NONE',  ( -4.663471611127842031, 47.29580546324802270, 7.495812401358983301 ) ) ;
#1241 = CARTESIAN_POINT ( 'NONE',  ( -1.483105757892785537, 54.77638479661848692, -21.23625217294303624 ) ) ;
#1242 = AXIS2_PLACEMENT_3D ( 'NONE', #830, #5142, #5015 ) ;
#1243 = CARTESIAN_POINT ( 'NONE',  ( -9.745716132992169989, -11.79192565544600413, 12.86342120179915760 ) ) ;
#1244 = DIRECTION ( 'NONE',  ( 0.000000000000000000, -1.000000000000000000, -3.491481338843133355E-15 ) ) ;
#1245 = ORIENTED_EDGE ( 'NONE', *, *, #1214, .F. ) ;
#1246 = ADVANCED_FACE ( 'NONE', ( #4209 ), #3698, .F. ) ;
#1247 = CARTESIAN_POINT ( 'NONE',  ( -6.222848395152554168, 48.18961917401814787, 4.727935585342525115 ) ) ;
#1248 = EDGE_LOOP ( 'NONE', ( #4275, #2984, #2273, #5245 ) ) ;
#1249 = CARTESIAN_POINT ( 'NONE',  ( 10.50524109628724823, 53.95554370783776221, 13.26925192079685090 ) ) ;
#1250 = COLOUR_RGB ( '',0.7921568627450980005, 0.8196078431372548767, 0.9333333333333333481 ) ;
#1251 = CARTESIAN_POINT ( 'NONE',  ( 10.37328964860278191, 65.26332703265880752, 2.969341188779039076 ) ) ;
#1252 = CARTESIAN_POINT ( 'NONE',  ( -13.12211835398010251, 61.73305103980095510, -7.441062945506932813 ) ) ;
#1253 = ORIENTED_EDGE ( 'NONE', *, *, #473, .T. ) ;
#1254 = CARTESIAN_POINT ( 'NONE',  ( 6.810402042648284748, 47.41523887975763785, 3.507553002657155083 ) ) ;
#1255 = DIRECTION ( 'NONE',  ( 0.000000000000000000, 1.000000000000000000, 3.491543463621117779E-15 ) ) ;
#1256 = CARTESIAN_POINT ( 'NONE',  ( -3.745716132992169101, -11.79192565544601479, 15.86342120179915582 ) ) ;
#1257 = B_SPLINE_SURFACE_WITH_KNOTS ( 'NONE', 3, 3, ( 
 ( #4926, #1180, #2868, #774, #3997, #229, #1903, #3596, #5233, #1489, #1518, #3212, #3183, #2763, #4426, #669 ),
 ( #2340, #4026, #258, #4851, #392, #3808, #5040, #857, #1620, #2066, #4954, #419, #3401, #2118, #35, #3757 ),
 ( #1234, #2472, #887, #1733, #1706, #5391, #1261, #2986, #4639, #62, #1645, #3348, #1320, #446, #1292, #4208 ),
 ( #2897, #7, #4982, #2531, #3781, #5367, #4551, #3428, #2560, #4234, #2925, #5011, #470, #2954, #4579, #826 ),
 ( #4609, #3318, #2148, #4179, #4154, #367, #5066, #2503, #4130, #3014, #2095, #1675, #3378, #3834, #3733, #4664 ),
 ( #2448, #2040, #1206, #798, #2172, #3093, #3535, #606, #3454, #3964, #5092, #4740, #5172, #1347, #4307, #1425 ),
 ( #3039, #3939, #2702, #4279, #3560, #3506, #2669, #2255, #3910, #2608, #2284, #577, #521, #912, #550, #3863 ) ),
 .UNSPECIFIED., .F., .F., .F.,
 ( 4, 3, 4 ),
 ( 4, 1, 1, 1, 1, 1, 1, 1, 1, 1, 1, 1, 1, 4 ),
 ( -0.05066423445654776037, 0.000000000000000000, 1.000000000000000000 ),
 ( 0.000000000000000000, 0.07547820191944100421, 0.1133852450234320852, 0.1891270525913288370, 0.2649876782291051835, 0.3413232437502762839, 0.4203125869419977456, 0.5041872106849611956, 0.5936629732079360400, 0.6872577682256519882, 0.7816445893033762138, 0.8729534005875740910, 0.9168135972314199744, 1.000000000000000000 ),
 .UNSPECIFIED. ) ;
#1258 = CARTESIAN_POINT ( 'NONE',  ( -10.29212019362648256, 47.90239739532306373, -6.230037513254647941 ) ) ;
#1259 = CARTESIAN_POINT ( 'NONE',  ( 17.54999111332179496, 60.71698879070303434, -11.79890021327299010 ) ) ;
#1260 = ORIENTED_EDGE ( 'NONE', *, *, #3612, .F. ) ;
#1261 = CARTESIAN_POINT ( 'NONE',  ( -7.223186372749014872, 48.85130267345833488, 5.837008455481631053 ) ) ;
#1262 = CARTESIAN_POINT ( 'NONE',  ( 5.122599838461053601, 47.03517186755372137, 1.677155414926212895 ) ) ;
#1263 = CARTESIAN_POINT ( 'NONE',  ( -7.318263825906218933, 48.94118268729634735, -17.94513132245644371 ) ) ;
#1264 = CARTESIAN_POINT ( 'NONE',  ( 33.75428386700782823, -9.171272019776575135, -0.1365787982008305756 ) ) ;
#1265 = AXIS2_PLACEMENT_3D ( 'NONE', #1883, #1497, #3574 ) ;
#1266 = CARTESIAN_POINT ( 'NONE',  ( -5.745716133001510073, 58.99600327347285145, 4.863421201799198457 ) ) ;
#1267 = CARTESIAN_POINT ( 'NONE',  ( -31.14697627223283760, 61.71864296058178923, -16.21690636393313412 ) ) ;
#1268 = CARTESIAN_POINT ( 'NONE',  ( 0.9602141628910014770, 55.27520816272067350, -20.78401473462935201 ) ) ;
#1269 = ADVANCED_FACE ( 'NONE', ( #1400 ), #3913, .F. ) ;
#1270 = CARTESIAN_POINT ( 'NONE',  ( -0.4960608649062464570, -12.12054299844208316, 39.01325976846612065 ) ) ;
#1271 = FACE_OUTER_BOUND ( 'NONE', #1977, .T. ) ;
#1272 = CARTESIAN_POINT ( 'NONE',  ( -5.745716132992168212, 16.22071872689625138, -0.1365787982007419243 ) ) ;
#1273 = VERTEX_POINT ( 'NONE', #3040 ) ;
#1274 = CARTESIAN_POINT ( 'NONE',  ( -19.66084225351892201, 57.71956658444230470, -3.384425989751330022 ) ) ;
#1275 = CIRCLE ( 'NONE', #841, 28.00000000000000355 ) ;
#1276 = ORIENTED_EDGE ( 'NONE', *, *, #4157, .F. ) ;
#1277 = CARTESIAN_POINT ( 'NONE',  ( -2.980541568298546995, 53.31623221576102623, -20.67196334276707859 ) ) ;
#1278 = CARTESIAN_POINT ( 'NONE',  ( 20.89710144509707490, 61.55091485354285652, -3.141735894973601617 ) ) ;
#1279 = EDGE_CURVE ( 'NONE', #3666, #5155, #4689, .T. ) ;
#1280 = CARTESIAN_POINT ( 'NONE',  ( -5.603474913039942606, 60.98102857284644074, -4.633522296314700917 ) ) ;
#1281 = CARTESIAN_POINT ( 'NONE',  ( -7.860431842522986656, 61.70769175345870394, 25.75507754171109553 ) ) ;
#1282 = EDGE_LOOP ( 'NONE', ( #602, #2132, #3980, #3311, #3138, #4233, #3131 ) ) ;
#1283 = FACE_OUTER_BOUND ( 'NONE', #2077, .T. ) ;
#1284 = CARTESIAN_POINT ( 'NONE',  ( -5.745716132992168212, 44.22071872689625138, 4.863421201799197569 ) ) ;
#1285 = AXIS2_PLACEMENT_3D ( 'NONE', #1378, #528, #2647 ) ;
#1286 = CARTESIAN_POINT ( 'NONE',  ( -35.05373730167578827, 12.54209188784903617, -18.98128354904285686 ) ) ;
#1287 = TOROIDAL_SURFACE ( 'NONE', #3238, -52.50000000000000000, 92.00000000000000000 ) ;
#1288 = ADVANCED_FACE ( 'NONE', ( #937 ), #1373, .T. ) ;
#1289 = CARTESIAN_POINT ( 'NONE',  ( 17.72573985650786454, 61.60459055473314294, -19.76431401632303064 ) ) ;
#1290 = DIRECTION ( 'NONE',  ( -0.000000000000000000, 1.000000000000000000, -0.000000000000000000 ) ) ;
#1291 = VERTEX_POINT ( 'NONE', #4744 ) ;
#1292 = CARTESIAN_POINT ( 'NONE',  ( -26.74719674407585757, 55.78819049993555979, 5.511049310823204372 ) ) ;
#1293 = CARTESIAN_POINT ( 'NONE',  ( -5.745716133006811610, 61.59285716271443079, 23.86342120179920201 ) ) ;
#1294 = CARTESIAN_POINT ( 'NONE',  ( 25.68401559577786131, -9.171272019776498752, -20.59194394912263704 ) ) ;
#1295 = CARTESIAN_POINT ( 'NONE',  ( -31.32789412173539390, 61.67896054157849761, -5.184203317175415826 ) ) ;
#1296 = CARTESIAN_POINT ( 'NONE',  ( -7.318070797857933130, 48.98160650235340796, -16.81103398043129715 ) ) ;
#1297 = CARTESIAN_POINT ( 'NONE',  ( 0.4221172118890643143, -15.54774154938361974, 38.87901118233517650 ) ) ;
#1298 = AXIS2_PLACEMENT_3D ( 'NONE', #2469, #311, #3345 ) ;
#1299 = CARTESIAN_POINT ( 'NONE',  ( -12.24585279792113468, -14.45354413283507000, 36.79576777437360136 ) ) ;
#1300 = CARTESIAN_POINT ( 'NONE',  ( -12.87333463850454152, 61.70889715814747944, -7.330815645699845895 ) ) ;
#1301 = ORIENTED_EDGE ( 'NONE', *, *, #2427, .F. ) ;
#1302 = EDGE_CURVE ( 'NONE', #928, #1785, #1463, .T. ) ;
#1303 = CARTESIAN_POINT ( 'NONE',  ( -15.85246962324093900, 44.34032813956033436, 10.54402531885671301 ) ) ;
#1304 = CARTESIAN_POINT ( 'NONE',  ( -3.257149969303252846, 55.17809663862810510, -4.489607372161636079 ) ) ;
#1305 = EDGE_CURVE ( 'NONE', #2378, #2943, #4604, .T. ) ;
#1306 = CARTESIAN_POINT ( 'NONE',  ( 14.43990628607815374, 63.27647853340788231, -0.5235830396030440870 ) ) ;
#1307 = CARTESIAN_POINT ( 'NONE',  ( -26.28001338985370694, 54.90932334981159357, 6.396415055614780520 ) ) ;
#1308 = CARTESIAN_POINT ( 'NONE',  ( 1.804575941473307354, 47.90239739532306373, -1.027150853051888024 ) ) ;
#1309 = ORIENTED_EDGE ( 'NONE', *, *, #4919, .T. ) ;
#1310 = CARTESIAN_POINT ( 'NONE',  ( -1.262544169826264717, 59.26061563461750126, -2.379810038095679481 ) ) ;
#1311 = CARTESIAN_POINT ( 'NONE',  ( 0.6408542343542188435, 56.27247874607663647, -21.36686273189862462 ) ) ;
#1312 = CARTESIAN_POINT ( 'NONE',  ( 10.60612394287587712, 41.93584598163069188, 2.765068186611840506 ) ) ;
#1313 = B_SPLINE_CURVE_WITH_KNOTS ( 'NONE', 3,
 ( #3891, #98, #5076, #1769, #3023, #1852, #3074, #153, #5100, #3948, #1355, #120, #1795, #4722, #973, #4315 ),
 .UNSPECIFIED., .F., .F.,
 ( 4, 2, 2, 2, 2, 2, 2, 4 ),
 ( 0.002082026158650285893, 0.004688420607070245202, 0.007294815055490204078, 0.01250760395233012877, 0.01511399840075008938, 0.01772039284917004826, 0.02032678729759001060, 0.02293318174600997295 ),
 .UNSPECIFIED. ) ;
#1314 = CARTESIAN_POINT ( 'NONE',  ( 5.216533445859953488, 58.96842611240145260, -19.61510167195041276 ) ) ;
#1315 = EDGE_LOOP ( 'NONE', ( #1865, #2668, #2241, #4841, #5402, #4417, #3805, #1110, #1811, #2909, #5162, #4445 ) ) ;
#1316 = CARTESIAN_POINT ( 'NONE',  ( 10.90764974543855992, 61.74485533371100132, -7.337865936306022796 ) ) ;
#1317 = ORIENTED_EDGE ( 'NONE', *, *, #3590, .T. ) ;
#1318 = EDGE_CURVE ( 'NONE', #1779, #1434, #578, .T. ) ;
#1319 = AXIS2_PLACEMENT_3D ( 'NONE', #1138, #348, #3661 ) ;
#1320 = CARTESIAN_POINT ( 'NONE',  ( -24.51585373138974333, 52.93651954313848762, 8.178682347697709076 ) ) ;
#1321 = CARTESIAN_POINT ( 'NONE',  ( 2.251767552424926322, 47.21899314783116353, -0.3395089438491816214 ) ) ;
#1322 = CARTESIAN_POINT ( 'NONE',  ( 18.43493194928559831, 61.44932509327114900, -10.51588766757102889 ) ) ;
#1323 = CARTESIAN_POINT ( 'NONE',  ( 15.82591165075710293, 61.72438936800976705, -10.65631618842942530 ) ) ;
#1324 = MANIFOLD_SOLID_BREP ( 'Combine1', #2264 ) ;
#1325 = CARTESIAN_POINT ( 'NONE',  ( -17.13360964853546875, 56.30556853216102553, 0.3650929889199576728 ) ) ;
#1326 = CARTESIAN_POINT ( 'NONE',  ( -3.556936943304409571, 52.91816269365656211, -20.54255588258721943 ) ) ;
#1327 = CARTESIAN_POINT ( 'NONE',  ( -16.46458253386856896, 61.55091485354285652, 24.43935660120542863 ) ) ;
#1328 = CARTESIAN_POINT ( 'NONE',  ( 7.110690327558805812, -11.79192565544592419, -9.868629605769777768 ) ) ;
#1329 = DIRECTION ( 'NONE',  ( 0.000000000000000000, -1.000000000000000000, -3.491481338843133355E-15 ) ) ;
#1330 = VERTEX_POINT ( 'NONE', #1022 ) ;
#1331 = CARTESIAN_POINT ( 'NONE',  ( -33.07379986934174809, 60.75926386390648304, -13.89320280071607883 ) ) ;
#1332 = CARTESIAN_POINT ( 'NONE',  ( -2.931153075581227174, 55.55785442987749434, -4.287155125102114717 ) ) ;
#1333 = CARTESIAN_POINT ( 'NONE',  ( -12.24544577198997963, -14.62128155107396310, 38.82498578402033473 ) ) ;
#1334 = CARTESIAN_POINT ( 'NONE',  ( -11.44542297794451713, 53.95353703547137059, 3.048365132741745143 ) ) ;
#1335 = EDGE_CURVE ( 'NONE', #3954, #1330, #811, .T. ) ;
#1336 = FACE_OUTER_BOUND ( 'NONE', #4029, .T. ) ;
#1337 = CARTESIAN_POINT ( 'NONE',  ( -14.66842145023263377, 63.04741768794511358, 21.68952636962496072 ) ) ;
#1338 = ORIENTED_EDGE ( 'NONE', *, *, #721, .F. ) ;
#1339 = CARTESIAN_POINT ( 'NONE',  ( -5.745716132992169101, -26.47928127310390067, 39.36342120179911319 ) ) ;
#1340 = CARTESIAN_POINT ( 'NONE',  ( -5.745716132992169101, -9.171272019776569806, -0.1365787982008305756 ) ) ;
#1341 = CARTESIAN_POINT ( 'NONE',  ( 13.45066322697150163, 50.10866346783542014, 11.26744825273488715 ) ) ;
#1342 = CARTESIAN_POINT ( 'NONE',  ( -4.349608129737107198, 60.73252370047181614, 2.092233608387656929 ) ) ;
#1343 = ORIENTED_EDGE ( 'NONE', *, *, #3011, .T. ) ;
#1344 = CARTESIAN_POINT ( 'NONE',  ( -2.355312204028933820, 61.65766831826850591, 1.615228132708111941 ) ) ;
#1345 = MANIFOLD_SOLID_BREP ( 'Blade2-1-solid1', #3246 ) ;
#1346 = VERTEX_POINT ( 'NONE', #2788 ) ;
#1347 = CARTESIAN_POINT ( 'NONE',  ( -26.02810892664332343, 54.02917359583450008, 6.461397976337754478 ) ) ;
#1348 = DIRECTION ( 'NONE',  ( 0.000000000000000000, -3.491481338843133355E-15, 1.000000000000000000 ) ) ;
#1349 = CARTESIAN_POINT ( 'NONE',  ( 11.68878352202702509, 61.09845198646151943, -16.63420486754844063 ) ) ;
#1350 = CARTESIAN_POINT ( 'NONE',  ( -2.397998259301974855, 56.01130309882667291, 1.937882432788717857 ) ) ;
#1351 = CARTESIAN_POINT ( 'NONE',  ( -3.362015141290162212, 52.19351542803280353, -20.26348401343032890 ) ) ;
#1352 = CARTESIAN_POINT ( 'NONE',  ( -12.44240880474210087, 61.34125214105675639, 23.12600117121141352 ) ) ;
#1353 = CARTESIAN_POINT ( 'NONE',  ( -10.39152461800340888, -11.87132047670924706, 37.07487415580705203 ) ) ;
#1354 = AXIS2_PLACEMENT_3D ( 'NONE', #2890, #852, #2496 ) ;
#1355 = CARTESIAN_POINT ( 'NONE',  ( -12.11730335822058535, 60.87925494125245507, -7.585287671311615298 ) ) ;
#1356 = VERTEX_POINT ( 'NONE', #227 ) ;
#1357 = CARTESIAN_POINT ( 'NONE',  ( -4.308418634572408479, 57.22564679751358341, -1.096436684832929664 ) ) ;
#1358 = CARTESIAN_POINT ( 'NONE',  ( -10.06772692748218212, 48.58515468714837482, -4.858475846900380368 ) ) ;
#1359 = CARTESIAN_POINT ( 'NONE',  ( 20.85978043471455479, 62.37403712543550682, -0.3615688307389061107 ) ) ;
#1360 = CARTESIAN_POINT ( 'NONE',  ( -3.476026496266015453, 61.34572195862977395, 25.29967992461483561 ) ) ;
#1361 = CARTESIAN_POINT ( 'NONE',  ( -5.276520432700519514, 54.67472692545105417, -10.68847876732455404 ) ) ;
#1362 = VERTEX_POINT ( 'NONE', #1428 ) ;
#1363 = CARTESIAN_POINT ( 'NONE',  ( -5.745716133013718085, 60.58958675186460852, 23.86342120179919846 ) ) ;
#1364 = CARTESIAN_POINT ( 'NONE',  ( -7.835901470662358648, 61.74485533371100132, 17.88630268008976287 ) ) ;
#1365 = CARTESIAN_POINT ( 'NONE',  ( -9.284450032191058355, 46.49050456226859040, -8.684548597794439218 ) ) ;
#1366 = CARTESIAN_POINT ( 'NONE',  ( 17.70650967627598504, 61.95944808307130103, -8.862246094756743631 ) ) ;
#1367 = VERTEX_POINT ( 'NONE', #3124 ) ;
#1368 = CARTESIAN_POINT ( 'NONE',  ( -29.07225579558851436, 58.93656895130641971, 0.8528322917259569813 ) ) ;
#1369 = LINE ( 'NONE', #1730, #2357 ) ;
#1370 = EDGE_LOOP ( 'NONE', ( #5301, #261, #190, #3986 ) ) ;
#1371 = EDGE_CURVE ( 'NONE', #4752, #2147, #4449, .T. ) ;
#1372 = CARTESIAN_POINT ( 'NONE',  ( -7.830798246311656996, 60.12439778573132543, -4.692522334141163043 ) ) ;
#1373 = CYLINDRICAL_SURFACE ( 'NONE', #1545, 39.50000000000000000 ) ;
#1374 = CARTESIAN_POINT ( 'NONE',  ( 11.93721704422292795, 61.14287526155386132, -16.36760601690970063 ) ) ;
#1375 = B_SPLINE_CURVE_WITH_KNOTS ( 'NONE', 3,
 ( #2974, #4626, #435, #5056, #874, #2548, #2134, #3823, #51, #1307, #3333, #2434 ),
 .UNSPECIFIED., .F., .F.,
 ( 4, 2, 2, 2, 2, 4 ),
 ( 0.01617309552064237488, 0.01841787434960788158, 0.02066265317857338829, 0.02178504259305614338, 0.02290743200753890194, 0.02515221083650443293 ),
 .UNSPECIFIED. ) ;
#1376 = CARTESIAN_POINT ( 'NONE',  ( -14.51786303024770142, 59.45409042249108467, -4.216747758946313596 ) ) ;
#1377 = DIRECTION ( 'NONE',  ( 0.000000000000000000, -1.000000000000000000, -3.491481338843133355E-15 ) ) ;
#1378 = CARTESIAN_POINT ( 'NONE',  ( -5.745716132992169101, 65.02071872689622012, -0.1365787982005715329 ) ) ;
#1379 = CARTESIAN_POINT ( 'NONE',  ( -37.81749044083299083, 21.94818015961778102, -0.1365787982007179990 ) ) ;
#1380 = VERTEX_POINT ( 'NONE', #2315 ) ;
#1381 = CARTESIAN_POINT ( 'NONE',  ( -2.530053218862959419, 58.83477629342478821, -1.615917273811282806 ) ) ;
#1382 = CARTESIAN_POINT ( 'NONE',  ( 8.610690327558817359, 13.20807434455406693, -7.270553394416380044 ) ) ;
#1383 = CARTESIAN_POINT ( 'NONE',  ( 15.84632641150016497, 61.20408998218938024, -10.61435044854864884 ) ) ;
#1384 = CARTESIAN_POINT ( 'NONE',  ( -1.745716132992168879, -16.79192565544608939, 37.14947757680346285 ) ) ;
#1385 = CARTESIAN_POINT ( 'NONE',  ( -14.75201459500267376, 61.85033072415777866, 25.34268136490585022 ) ) ;
#1386 = CARTESIAN_POINT ( 'NONE',  ( -8.373978298995236713, 60.73252370047181614, -0.04192000424939335002 ) ) ;
#1387 = ORIENTED_EDGE ( 'NONE', *, *, #3354, .F. ) ;
#1388 = CARTESIAN_POINT ( 'NONE',  ( -9.455440713033500089, 61.21086087211324411, 1.966625057745951199 ) ) ;
#1389 = CARTESIAN_POINT ( 'NONE',  ( 7.265599705350537896, 59.27547314952710877, -22.12002779572829780 ) ) ;
#1390 = CARTESIAN_POINT ( 'NONE',  ( 13.67546780482553004, 46.74325085218719522, 8.220773212043168243 ) ) ;
#1391 = CARTESIAN_POINT ( 'NONE',  ( -13.72902641577416816, 53.53779634007106836, 2.788701580508238465 ) ) ;
#1392 = ORIENTED_EDGE ( 'NONE', *, *, #2889, .F. ) ;
#1393 = CARTESIAN_POINT ( 'NONE',  ( 112.2542838670078282, 48.71270947356900649, -0.1365787982006284595 ) ) ;
#1394 = CARTESIAN_POINT ( 'NONE',  ( -1.927193869585851926, 60.98856861034445842, 2.228170259133930742 ) ) ;
#1395 = EDGE_LOOP ( 'NONE', ( #5400, #2501, #171, #3082 ) ) ;
#1396 = CARTESIAN_POINT ( 'NONE',  ( -8.913120516905516766, 59.18840404115677956, -4.055156697197797477 ) ) ;
#1397 = EDGE_CURVE ( 'NONE', #1918, #181, #2617, .T. ) ;
#1398 = FACE_OUTER_BOUND ( 'NONE', #4868, .T. ) ;
#1399 = CARTESIAN_POINT ( 'NONE',  ( 9.023639009434182512, 56.03772365489542295, 15.97383459015751583 ) ) ;
#1400 = FACE_OUTER_BOUND ( 'NONE', #980, .T. ) ;
#1401 = CARTESIAN_POINT ( 'NONE',  ( -5.745716132992169101, -11.79192565544595794, -0.1365787982008397350 ) ) ;
#1402 = CARTESIAN_POINT ( 'NONE',  ( -2.567222376804841666, 59.12120264705040285, -0.5194879108385407340 ) ) ;
#1403 = FACE_OUTER_BOUND ( 'NONE', #3174, .T. ) ;
#1404 = DIRECTION ( 'NONE',  ( 1.000000000000000000, 0.000000000000000000, 0.000000000000000000 ) ) ;
#1405 = CARTESIAN_POINT ( 'NONE',  ( -10.99510660306952481, -12.12039430298860943, 36.99444153581654149 ) ) ;
#1406 = CARTESIAN_POINT ( 'NONE',  ( -29.03944559326336972, 60.96012923198084366, -5.927498429770921895 ) ) ;
#1407 = ORIENTED_EDGE ( 'NONE', *, *, #1397, .F. ) ;
#1408 = CARTESIAN_POINT ( 'NONE',  ( -7.653777474567747596, 48.53272900953212599, -15.85398253107623745 ) ) ;
#1409 = DIRECTION ( 'NONE',  ( 0.8660254037844363761, 1.745740669421580877E-15, -0.5000000000000039968 ) ) ;
#1410 = CARTESIAN_POINT ( 'NONE',  ( -9.745257036495859282, 58.74810299062908570, 5.825414896255044717 ) ) ;
#1411 = CARTESIAN_POINT ( 'NONE',  ( -14.72924721409576243, 62.24967742190078468, 25.34071632841862609 ) ) ;
#1412 = CARTESIAN_POINT ( 'NONE',  ( -11.02048846764981249, 61.67005203732067287, 26.36174650474573511 ) ) ;
#1413 = EDGE_LOOP ( 'NONE', ( #5144, #5379, #559, #2327 ) ) ;
#1414 = CARTESIAN_POINT ( 'NONE',  ( -7.323122262754476530, 48.84814931275467131, 5.743026744873419354 ) ) ;
#1415 = CARTESIAN_POINT ( 'NONE',  ( -21.09268086985869672, 12.87391699226475872, -7.456600807303060741 ) ) ;
#1416 = VECTOR ( 'NONE', #5382, 1000.000000000000000 ) ;
#1417 = CARTESIAN_POINT ( 'NONE',  ( 5.278170172302310448, 60.41951115258628136, 29.70397675686569627 ) ) ;
#1418 = B_SPLINE_CURVE_WITH_KNOTS ( 'NONE', 3,
 ( #2099, #3760, #4184, #4667, #396, #3812, #3784, #39, #1682, #3736, #2478, #5016, #5394, #803, #4158, #1711, #4613, #1737, #3430, #3322, #1239, #3406, #4236, #5070, #11, #1650, #5046, #1266 ),
 .UNSPECIFIED., .F., .F.,
 ( 4, 2, 2, 2, 2, 2, 2, 2, 2, 2, 2, 2, 2, 4 ),
 ( 0.01046820171507376225, 0.01088815159838319238, 0.01130810148169262078, 0.01172805136500205091, 0.01214800124831147930, 0.01298790101493032569, 0.01382780078154917380, 0.01550760031478686657, 0.01718739984802455933, 0.01886719938126225210, 0.01970709914788109848, 0.02054699891449994487, 0.02222679844773764110, 0.02390659798097533387 ),
 .UNSPECIFIED. ) ;
#1419 = CARTESIAN_POINT ( 'NONE',  ( 17.61759806663597772, 63.04741768794511358, -3.322341906901062014 ) ) ;
#1420 = AXIS2_PLACEMENT_3D ( 'NONE', #1393, #3811, #5278 ) ;
#1421 = ORIENTED_EDGE ( 'NONE', *, *, #737, .F. ) ;
#1422 = CARTESIAN_POINT ( 'NONE',  ( -5.745716132992166436, 53.88721840965485654, -5.136578798200799767 ) ) ;
#1423 = DIRECTION ( 'NONE',  ( 0.000000000000000000, 3.330669073875469621E-15, -1.000000000000000000 ) ) ;
#1424 = VERTEX_POINT ( 'NONE', #2288 ) ;
#1425 = CARTESIAN_POINT ( 'NONE',  ( -27.03115314444262296, 55.65646590880805178, 4.489242218123123074 ) ) ;
#1426 = CARTESIAN_POINT ( 'NONE',  ( 0.4995277928371625875, -13.18039722066684938, 38.86663854819074970 ) ) ;
#1427 = CARTESIAN_POINT ( 'NONE',  ( 9.107042141235702104, 57.44110149939550070, 17.59834698472870329 ) ) ;
#1428 = CARTESIAN_POINT ( 'NONE',  ( -21.36590765020567773, 12.20807434455406515, -6.845499498698797147 ) ) ;
#1429 = DIRECTION ( 'NONE',  ( -1.000000000000000000, 0.000000000000000000, 0.000000000000000000 ) ) ;
#1430 = CARTESIAN_POINT ( 'NONE',  ( -17.89347399711997610, 61.51871992188431904, -9.203348077272197614 ) ) ;
#1431 = DIRECTION ( 'NONE',  ( 1.000000000000000000, 0.000000000000000000, 0.000000000000000000 ) ) ;
#1432 = CARTESIAN_POINT ( 'NONE',  ( 7.567239041806068656, 47.60800571122664593, 4.128718174819060671 ) ) ;
#1433 = CARTESIAN_POINT ( 'NONE',  ( -28.94814688970674155, 61.00706300673259364, -6.283175508962610678 ) ) ;
#1434 = VERTEX_POINT ( 'NONE', #3150 ) ;
#1435 = EDGE_CURVE ( 'NONE', #1424, #1522, #2987, .T. ) ;
#1436 = CARTESIAN_POINT ( 'NONE',  ( -9.138294749134590944, 47.24182420757307455, -11.90918958909643166 ) ) ;
#1437 = CARTESIAN_POINT ( 'NONE',  ( -21.55808201220292375, -17.07928127310374222, -6.379101149139733806 ) ) ;
#1438 = CARTESIAN_POINT ( 'NONE',  ( 2.910027763689049252, 64.56232972636782108, 3.627995676716195383 ) ) ;
#1439 = VECTOR ( 'NONE', #5163, 1000.000000000000000 ) ;
#1440 = CARTESIAN_POINT ( 'NONE',  ( -7.010413527646959686, 50.41980512284684579, 4.703543982088703501 ) ) ;
#1441 = CARTESIAN_POINT ( 'NONE',  ( -3.847873474946266192, 58.03797118049853054, 6.815383867231782133 ) ) ;
#1442 = ORIENTED_EDGE ( 'NONE', *, *, #2191, .F. ) ;
#1443 = FACE_OUTER_BOUND ( 'NONE', #4709, .T. ) ;
#1444 = CARTESIAN_POINT ( 'NONE',  ( -0.8896733179953842940, 58.78631408376478618, -1.399801230179987810 ) ) ;
#1445 = DIRECTION ( 'NONE',  ( 0.000000000000000000, -1.000000000000000000, -3.491481338843133355E-15 ) ) ;
#1446 = EDGE_CURVE ( 'NONE', #215, #1273, #4519, .T. ) ;
#1447 = CARTESIAN_POINT ( 'NONE',  ( 7.919232174567112814, 41.49383178227374458, 0.7360937834230132371 ) ) ;
#1448 = CARTESIAN_POINT ( 'NONE',  ( 4.724511615692201794, 62.99140238215726839, -0.8891351955070221358 ) ) ;
#1449 = ORIENTED_EDGE ( 'NONE', *, *, #2247, .T. ) ;
#1450 = CARTESIAN_POINT ( 'NONE',  ( 8.558152412153503974, -21.86835655457081629, -9.361551733222245986 ) ) ;
#1451 = CARTESIAN_POINT ( 'NONE',  ( 13.05130512362731388, 60.75360226646112949, -8.536149956757721924 ) ) ;
#1452 = ORIENTED_EDGE ( 'NONE', *, *, #2138, .F. ) ;
#1453 = CARTESIAN_POINT ( 'NONE',  ( -10.72348903521730534, 54.46429856144185777, 0.5838461285956505487 ) ) ;
#1454 = ADVANCED_FACE ( 'NONE', ( #1231 ), #746, .T. ) ;
#1455 = CARTESIAN_POINT ( 'NONE',  ( -22.17425061014666454, 50.82035228625530721, 9.069707116180950379 ) ) ;
#1456 = CARTESIAN_POINT ( 'NONE',  ( -29.36300166364638997, 59.62534015990193836, -4.054443905197664400 ) ) ;
#1457 = CARTESIAN_POINT ( 'NONE',  ( 13.28356145768870533, 44.56851460681476595, 5.194479135135555481 ) ) ;
#1458 = CARTESIAN_POINT ( 'NONE',  ( -23.84718891004196450, 51.53576948310537631, 7.905266414135369679 ) ) ;
#1459 = CARTESIAN_POINT ( 'NONE',  ( -5.745716132992168212, 64.22071872689625138, 4.863421201799197569 ) ) ;
#1460 = CARTESIAN_POINT ( 'NONE',  ( -21.89894983620047952, 61.49478740097256946, -10.57125184536374007 ) ) ;
#1461 = DIRECTION ( 'NONE',  ( -0.000000000000000000, 1.000000000000000000, 3.491481338843133355E-15 ) ) ;
#1462 = AXIS2_PLACEMENT_3D ( 'NONE', #3080, #188, #106 ) ;
#1463 = B_SPLINE_CURVE_WITH_KNOTS ( 'NONE', 3,
 ( #2673, #4338, #581, #1293 ),
 .UNSPECIFIED., .F., .F.,
 ( 4, 4 ),
 ( 0.005592490451992477608, 0.007261657568801633753 ),
 .UNSPECIFIED. ) ;
#1464 = CARTESIAN_POINT ( 'NONE',  ( 9.162521087697790279, 56.47692979649122691, 15.96184777655227904 ) ) ;
#1465 = CARTESIAN_POINT ( 'NONE',  ( -9.745716132992169989, -16.79192565544609650, 39.16036764805626547 ) ) ;
#1466 = EDGE_LOOP ( 'NONE', ( #1147, #3578, #487, #4437, #469, #3833, #5182, #1392 ) ) ;
#1467 = PLANE ( 'NONE',  #723 ) ;
#1468 = CARTESIAN_POINT ( 'NONE',  ( -38.22166877490879244, -24.27928127310369888, -18.88657879820058128 ) ) ;
#1469 = CARTESIAN_POINT ( 'NONE',  ( -28.90790865501013229, 57.80694486631340823, 0.9627375104067407152 ) ) ;
#1470 = CARTESIAN_POINT ( 'NONE',  ( -5.745716132992169101, -9.171272019776569806, -0.1365787982008305756 ) ) ;
#1471 = EDGE_CURVE ( 'NONE', #1758, #1717, #936, .T. ) ;
#1472 = CARTESIAN_POINT ( 'NONE',  ( -6.130119395477155564, 50.15579072048938514, 4.848622715458493104 ) ) ;
#1473 = CARTESIAN_POINT ( 'NONE',  ( -3.745716132992168657, -5.591330807653672075, 37.25672744488067423 ) ) ;
#1474 = ORIENTED_EDGE ( 'NONE', *, *, #1200, .F. ) ;
#1475 = CARTESIAN_POINT ( 'NONE',  ( 25.49646027061505649, -1.976671173382360314, -20.48365883165191903 ) ) ;
#1476 = ADVANCED_FACE ( 'NONE', ( #1593, #4923 ), #2092, .T. ) ;
#1477 = CARTESIAN_POINT ( 'NONE',  ( 17.73733651725000726, 60.61940855044169041, -24.60531093880179654 ) ) ;
#1478 = CARTESIAN_POINT ( 'NONE',  ( -0.8192566567415968670, 50.57824898721080586, 0.3981719425489855801 ) ) ;
#1479 = CARTESIAN_POINT ( 'NONE',  ( -20.18289236385653140, 60.73656517639317798, -11.22756237356019504 ) ) ;
#1480 = VECTOR ( 'NONE', #4606, 1000.000000000000000 ) ;
#1481 = VERTEX_POINT ( 'NONE', #4178 ) ;
#1482 = LINE ( 'NONE', #1148, #1196 ) ;
#1483 = CARTESIAN_POINT ( 'NONE',  ( -7.413303739639065526, 12.54048673790708612, 16.78474503956455521 ) ) ;
#1484 = ORIENTED_EDGE ( 'NONE', *, *, #3590, .F. ) ;
#1485 = CARTESIAN_POINT ( 'NONE',  ( 23.44955959902561560, 12.20807434455411311, -19.30188017790526800 ) ) ;
#1486 = CARTESIAN_POINT ( 'NONE',  ( -0.6783099042061961903, 55.30241445628688979, -21.45422302343314769 ) ) ;
#1487 = FILL_AREA_STYLE_COLOUR ( '', #1250 ) ;
#1488 = CARTESIAN_POINT ( 'NONE',  ( -19.59395452239506241, 59.59036705322558447, -7.363559123878902213 ) ) ;
#1489 = CARTESIAN_POINT ( 'NONE',  ( -16.10169775307782203, 47.62331007854047016, 9.272206416115734484 ) ) ;
#1490 = CARTESIAN_POINT ( 'NONE',  ( -16.49502463463607782, 65.26332703265880752, 12.26992969891869834 ) ) ;
#1491 = B_SPLINE_CURVE_WITH_KNOTS ( 'NONE', 3,
 ( #3604, #4906, #2017, #4135, #1183, #2451, #3631, #3217, #2822, #4931, #5346, #3659, #1576, #4528, #4503, #371, #4478, #3272, #778, #4061, #2347, #1161, #1938, #2846, #1598, #752 ),
 .UNSPECIFIED., .F., .F.,
 ( 4, 2, 2, 2, 2, 2, 2, 2, 2, 2, 2, 2, 4 ),
 ( 0.0005376391219406346936, 0.0009520347118304006533, 0.001366430301720166721, 0.002195221481499710567, 0.003852803841058798258, 0.005510386200617885949, 0.007167968560176973640, 0.007996759739956517052, 0.008825550919736059596, 0.01048313327929514469, 0.01131192445907468896, 0.01214071563885423324, 0.01379829799841333221 ),
 .UNSPECIFIED. ) ;
#1492 = CARTESIAN_POINT ( 'NONE',  ( 10.69040329503485509, 51.04346681731220770, 9.639735825223398891 ) ) ;
#1493 = CARTESIAN_POINT ( 'NONE',  ( 13.37917593382321968, 60.37100964240764966, -14.65215183710529878 ) ) ;
#1494 = ORIENTED_EDGE ( 'NONE', *, *, #4653, .F. ) ;
#1495 = CARTESIAN_POINT ( 'NONE',  ( -28.99062276848706432, 60.12860907203943128, -6.118406338157888591 ) ) ;
#1496 = CARTESIAN_POINT ( 'NONE',  ( 10.36227310649219646, 54.43803821805369836, 13.82787333217749293 ) ) ;
#1497 = DIRECTION ( 'NONE',  ( 0.000000000000000000, -1.000000000000000000, -3.491481338843133355E-15 ) ) ;
#1498 = DIRECTION ( 'NONE',  ( 0.000000000000000000, -1.000000000000000000, -3.491481338843133355E-15 ) ) ;
#1499 = VECTOR ( 'NONE', #3042, 1000.000000000000000 ) ;
#1500 = CARTESIAN_POINT ( 'NONE',  ( -11.59131224387247983, 60.70606956678899735, 25.95454976040250017 ) ) ;
#1501 = CARTESIAN_POINT ( 'NONE',  ( -13.51618871590892468, 64.91948525718316887, 10.78111990023383804 ) ) ;
#1502 = EDGE_LOOP ( 'NONE', ( #19, #3531, #129, #3146 ) ) ;
#1503 = CARTESIAN_POINT ( 'NONE',  ( -37.10033845936781915, 60.41951115258628136, -5.509890986917799438 ) ) ;
#1504 = CARTESIAN_POINT ( 'NONE',  ( -12.19369294139943349, 40.69331457100172855, -16.98664380395486262 ) ) ;
#1505 = CARTESIAN_POINT ( 'NONE',  ( -1.556542175343450074, 60.67310616764124376, 31.82666431355202974 ) ) ;
#1506 = CARTESIAN_POINT ( 'NONE',  ( -12.91570711479062084, 57.81107548617301006, 5.800941795068462525 ) ) ;
#1507 = EDGE_CURVE ( 'NONE', #5029, #1909, #3730, .T. ) ;
#1508 = EDGE_LOOP ( 'NONE', ( #437, #2803, #401, #4685 ) ) ;
#1509 = DIRECTION ( 'NONE',  ( 2.168404344971008868E-16, -1.000000000000000000, -3.491481338843133355E-15 ) ) ;
#1510 = CARTESIAN_POINT ( 'NONE',  ( 0.3630411807506453425, 60.93556354622819526, 0.6041905891659190564 ) ) ;
#1511 = VECTOR ( 'NONE', #2797, 1000.000000000000000 ) ;
#1512 = ORIENTED_EDGE ( 'NONE', *, *, #1072, .T. ) ;
#1513 = DIRECTION ( 'NONE',  ( 1.000000000000000000, 0.000000000000000000, 0.000000000000000000 ) ) ;
#1514 = LINE ( 'NONE', #4899, #3803 ) ;
#1515 = CARTESIAN_POINT ( 'NONE',  ( 1.969774981396689162, 61.55527872731878603, 33.84888234413460850 ) ) ;
#1516 = CARTESIAN_POINT ( 'NONE',  ( -6.611378925785548866, 55.71575716709724446, -0.002489964529181400849 ) ) ;
#1517 = STYLED_ITEM ( 'NONE', ( #4848 ), #1324 ) ;
#1518 = CARTESIAN_POINT ( 'NONE',  ( -19.41499694635327344, 49.03123069847830351, 9.594324127604094699 ) ) ;
#1519 = EDGE_CURVE ( 'NONE', #2943, #4485, #4200, .T. ) ;
#1520 = CARTESIAN_POINT ( 'NONE',  ( -6.369770325335089467, 58.44475294059292736, 0.07012255899331511222 ) ) ;
#1521 = LINE ( 'NONE', #4084, #5307 ) ;
#1522 = VERTEX_POINT ( 'NONE', #3755 ) ;
#1523 = CARTESIAN_POINT ( 'NONE',  ( -1.580730856136930873, -11.79192565544609295, 39.14357394861901440 ) ) ;
#1524 = CARTESIAN_POINT ( 'NONE',  ( 10.50524109628724823, 53.95554370783776221, 13.26925192079685090 ) ) ;
#1525 = CARTESIAN_POINT ( 'NONE',  ( -7.081788227773379241, 51.06682864941233646, -4.966566302593665938 ) ) ;
#1526 = CARTESIAN_POINT ( 'NONE',  ( -3.566812507182351766, 52.95487639262042023, -20.55669484519641088 ) ) ;
#1527 = CARTESIAN_POINT ( 'NONE',  ( -6.316308540566348384, 50.16567688443561224, 4.834265880611300581 ) ) ;
#1528 = CARTESIAN_POINT ( 'NONE',  ( -7.869984757096623262, 60.75360226646115080, 20.34190470478622359 ) ) ;
#1529 = ORIENTED_EDGE ( 'NONE', *, *, #4716, .T. ) ;
#1530 = CARTESIAN_POINT ( 'NONE',  ( -20.38383007082974885, 43.75952346399226656, 13.66671500068088640 ) ) ;
#1531 = CARTESIAN_POINT ( 'NONE',  ( 17.73069196588876295, 60.70573218680758742, -11.25642402224757177 ) ) ;
#1532 = CARTESIAN_POINT ( 'NONE',  ( 0.4824379206863167457, 44.92392411807326624, -3.507842902101047766 ) ) ;
#1533 = CARTESIAN_POINT ( 'NONE',  ( -27.49832050542800488, 61.38920986478348141, -14.46965022918672794 ) ) ;
#1534 = VERTEX_POINT ( 'NONE', #4548 ) ;
#1535 = VECTOR ( 'NONE', #237, 1000.000000000000000 ) ;
#1536 = CARTESIAN_POINT ( 'NONE',  ( -5.745716132992169101, -17.07928127310382038, 15.86342120179913984 ) ) ;
#1537 = CARTESIAN_POINT ( 'NONE',  ( -25.60775471738146791, 61.04555518810715853, -13.60875852872091762 ) ) ;
#1538 = ORIENTED_EDGE ( 'NONE', *, *, #524, .T. ) ;
#1539 = CARTESIAN_POINT ( 'NONE',  ( -7.687598818263308154, 58.31122679168200307, 0.8027985461345767959 ) ) ;
#1540 = CARTESIAN_POINT ( 'NONE',  ( -1.634852371165262497, 61.27173495512982981, 23.51605781826851427 ) ) ;
#1541 = CARTESIAN_POINT ( 'NONE',  ( -19.28011835777464000, 48.97195991344342048, 9.397946142209711695 ) ) ;
#1542 = CARTESIAN_POINT ( 'NONE',  ( -3.745716132992169989, -9.608461407723668302, 37.31004988850475712 ) ) ;
#1543 = DIRECTION ( 'NONE',  ( -1.084202172485512816E-16, -1.000000000000000000, -3.679270663685277519E-15 ) ) ;
#1544 = AXIS2_PLACEMENT_3D ( 'NONE', #4992, #400, #2075 ) ;
#1545 = AXIS2_PLACEMENT_3D ( 'NONE', #2640, #5044, #3510 ) ;
#1546 = CARTESIAN_POINT ( 'NONE',  ( -12.39243292911117145, 66.56377329211515814, -18.94331464601478032 ) ) ;
#1547 = CARTESIAN_POINT ( 'NONE',  ( 2.591724413355151579, 47.49815874413572203, -0.3688503792362426426 ) ) ;
#1548 = CARTESIAN_POINT ( 'NONE',  ( -20.28701269980900079, 48.61030126033681142, 9.926267439453356545 ) ) ;
#1549 = CARTESIAN_POINT ( 'NONE',  ( 0.6738789588967417643, -13.64190165568990309, 36.80986706738725900 ) ) ;
#1550 = CARTESIAN_POINT ( 'NONE',  ( -7.869905872747450459, 60.80950814054632758, 4.398512127591276410 ) ) ;
#1551 = AXIS2_PLACEMENT_3D ( 'NONE', #2965, #4112, #2074 ) ;
#1552 = CARTESIAN_POINT ( 'NONE',  ( -22.82857313573440194, 50.40157763713662575, 9.972558025340905630 ) ) ;
#1553 = CARTESIAN_POINT ( 'NONE',  ( -5.245617324193952768, 58.43210318350411825, 0.3134930358780246840 ) ) ;
#1554 = CIRCLE ( 'NONE', #4611, 90.00000000000000000 ) ;
#1555 = CARTESIAN_POINT ( 'NONE',  ( -8.884121066818670087, 60.54217519592872065, -4.039740209232565604 ) ) ;
#1556 = CARTESIAN_POINT ( 'NONE',  ( -8.926500690111449643, 60.86470476956590403, 9.970347958928995169 ) ) ;
#1557 = EDGE_LOOP ( 'NONE', ( #3745, #605, #3819, #5328, #112, #4844, #1387, #4466 ) ) ;
#1558 = CARTESIAN_POINT ( 'NONE',  ( -19.61617253180577691, 43.79402849807258491, 13.11969005249446241 ) ) ;
#1559 = CARTESIAN_POINT ( 'NONE',  ( -9.954004850646729352, 49.77049862448534867, -0.4835537433485292969 ) ) ;
#1560 = CARTESIAN_POINT ( 'NONE',  ( -7.853851732257190577, 60.70573218680758742, 25.75450961706420117 ) ) ;
#1561 = CARTESIAN_POINT ( 'NONE',  ( 20.68717507498346819, 64.31488598709404414, 1.820110016732909175 ) ) ;
#1562 = EDGE_LOOP ( 'NONE', ( #732, #3418 ) ) ;
#1563 = CARTESIAN_POINT ( 'NONE',  ( 25.22828749239627300, 12.54209188784902551, -16.09571728951167202 ) ) ;
#1564 = CARTESIAN_POINT ( 'NONE',  ( 3.426409813837556051, 46.49050456226859040, 1.072772647656669909 ) ) ;
#1565 = LINE ( 'NONE', #4021, #2149 ) ;
#1566 = CARTESIAN_POINT ( 'NONE',  ( -15.17968593509415420, 47.41523887975764495, 8.915272614394329054 ) ) ;
#1567 = AXIS2_PLACEMENT_3D ( 'NONE', #548, #444, #4662 ) ;
#1568 = CARTESIAN_POINT ( 'NONE',  ( -4.745716132992169101, 13.20807434455398699, 15.86342120179924287 ) ) ;
#1569 = CARTESIAN_POINT ( 'NONE',  ( 17.54993560764956584, 60.72264120595421844, -11.79897968140604370 ) ) ;
#1570 = CARTESIAN_POINT ( 'NONE',  ( 5.245165598570761922, 55.75849631639372461, 4.365805609109751018 ) ) ;
#1571 = EDGE_CURVE ( 'NONE', #4410, #2378, #795, .T. ) ;
#1572 = CARTESIAN_POINT ( 'NONE',  ( -13.03328807250162669, 66.12401723998219438, -18.66738936662379800 ) ) ;
#1573 = CARTESIAN_POINT ( 'NONE',  ( -24.91246810741579409, 53.31623221576102623, 7.736402055158894342 ) ) ;
#1574 = CARTESIAN_POINT ( 'NONE',  ( 15.56641678183641986, 60.66720581566617199, -11.19389692023860228 ) ) ;
#1575 = CARTESIAN_POINT ( 'NONE',  ( 0.4219042055582956641, -13.03574045541362025, 36.85286452348771036 ) ) ;
#1576 = CARTESIAN_POINT ( 'NONE',  ( -1.485176084185500844, 52.62014434531337770, 2.507636560101381473 ) ) ;
#1577 = CARTESIAN_POINT ( 'NONE',  ( -19.87718652764851868, 44.56851460681476595, 13.67773004432652506 ) ) ;
#1578 = CARTESIAN_POINT ( 'NONE',  ( -8.993435049701989925, 53.39117671017925204, -0.7869663996823749175 ) ) ;
#1579 = CARTESIAN_POINT ( 'NONE',  ( 4.048484990540225148, 61.70889715814745102, -2.712159068709155463 ) ) ;
#1580 = CARTESIAN_POINT ( 'NONE',  ( -11.49945975803976239, 64.31509808444484122, 4.486818984069699923 ) ) ;
#1581 = ORIENTED_EDGE ( 'NONE', *, *, #4157, .T. ) ;
#1582 = CARTESIAN_POINT ( 'NONE',  ( 8.267091251584943734, 12.87391699226476760, -9.767429126759912705 ) ) ;
#1583 = AXIS2_PLACEMENT_3D ( 'NONE', #5126, #4313, #2231 ) ;
#1584 = CARTESIAN_POINT ( 'NONE',  ( 19.84652779277460866, 60.64199636115200320, -14.07055535989437089 ) ) ;
#1585 = CARTESIAN_POINT ( 'NONE',  ( -5.080345492978218580, 59.59036705322558447, 15.46983760752405601 ) ) ;
#1586 = CARTESIAN_POINT ( 'NONE',  ( 19.59185875569000856, 64.56400617229806471, 1.756831941776794581 ) ) ;
#1587 = ORIENTED_EDGE ( 'NONE', *, *, #532, .F. ) ;
#1588 = CARTESIAN_POINT ( 'NONE',  ( 2.227363907034178858, 47.67790172325842235, -0.4684914424860721627 ) ) ;
#1589 = PLANE ( 'NONE',  #2985 ) ;
#1590 = CARTESIAN_POINT ( 'NONE',  ( 9.966327729475869646, 53.65556799544250310, 14.14185695482848182 ) ) ;
#1591 = CARTESIAN_POINT ( 'NONE',  ( 7.527382526135188989, 59.97878582742040976, -19.88883555819731086 ) ) ;
#1592 = CARTESIAN_POINT ( 'NONE',  ( 11.42595768864374861, 61.57658889471474595, -23.80239110374262168 ) ) ;
#1593 = FACE_BOUND ( 'NONE', #3525, .T. ) ;
#1594 = CARTESIAN_POINT ( 'NONE',  ( 4.021379316228939516, 55.71728988940943594, 3.854094284928322622 ) ) ;
#1595 = CARTESIAN_POINT ( 'NONE',  ( -8.503176326080343017, 65.21637417051270802, -10.04729963744320287 ) ) ;
#1596 = CARTESIAN_POINT ( 'NONE',  ( -8.058847924573520061, 48.08450542081205015, -17.20661248567803625 ) ) ;
#1597 = FACE_BOUND ( 'NONE', #4569, .T. ) ;
#1598 = CARTESIAN_POINT ( 'NONE',  ( -5.333155545776733675, 57.27695941613637132, 4.863421201799197569 ) ) ;
#1599 = CARTESIAN_POINT ( 'NONE',  ( -32.36486452969860039, 59.66033613584672679, 2.671140634698871086 ) ) ;
#1600 = CARTESIAN_POINT ( 'NONE',  ( -8.974155437065537200, 53.36861113014893476, -0.7593635482851653906 ) ) ;
#1601 = CARTESIAN_POINT ( 'NONE',  ( -36.89941962503166906, -17.07928127310368893, -21.00992924153137409 ) ) ;
#1602 = PLANE ( 'NONE',  #5035 ) ;
#1603 = VERTEX_POINT ( 'NONE', #390 ) ;
#1604 = CARTESIAN_POINT ( 'NONE',  ( 26.32605817484864730, 21.94818015961778102, -0.1365787982007219403 ) ) ;
#1605 = B_SPLINE_SURFACE_WITH_KNOTS ( 'NONE', 3, 3, ( 
 ( #2304, #2328, #3112, #2274, #3930, #5190, #4759, #3139, #3981, #161 ),
 ( #5111, #2628, #4811, #1065, #1008, #4785, #1364, #654, #4010, #3498 ),
 ( #2690, #1890, #3057, #132, #1034, #953, #2720, #4299, #3955, #1861 ),
 ( #4325, #540, #3902, #3551, #1388, #625, #5137, #216, #1833, #3084 ) ),
 .UNSPECIFIED., .F., .F., .F.,
 ( 4, 4 ),
 ( 4, 3, 3, 4 ),
 ( -0.02400000000000000744, 0.000000000000000000 ),
 ( -0.001016959739034572693, -0.001000000000000000238, 0.000000000000000000, 1.000000000000000251E-05 ),
 .UNSPECIFIED. ) ;
#1606 = CARTESIAN_POINT ( 'NONE',  ( 4.004907920130755805, 57.24621425694513022, -13.42525134253215313 ) ) ;
#1607 = CARTESIAN_POINT ( 'NONE',  ( -6.882118045574493692, 55.61806455806422633, -7.955095933655252693 ) ) ;
#1608 = CARTESIAN_POINT ( 'NONE',  ( -20.30972269334527880, 61.75146515702840588, -10.95640716080918331 ) ) ;
#1609 = VERTEX_POINT ( 'NONE', #2064 ) ;
#1610 = DIRECTION ( 'NONE',  ( -0.9446736642347863810, -0.3280116889704119409, -1.145246690962611096E-15 ) ) ;
#1611 = DIRECTION ( 'NONE',  ( 1.000000000000000000, 0.000000000000000000, 0.000000000000000000 ) ) ;
#1612 = CARTESIAN_POINT ( 'NONE',  ( 8.786776479823091179, 48.00213456012053115, 6.898864453653461126 ) ) ;
#1613 = ADVANCED_FACE ( 'NONE', ( #5009 ), #346, .F. ) ;
#1614 = DIRECTION ( 'NONE',  ( -1.000000000000000000, -0.000000000000000000, 0.000000000000000000 ) ) ;
#1615 = CARTESIAN_POINT ( 'NONE',  ( -0.4862298872291288543, 56.30556853216102553, -10.24961977181380668 ) ) ;
#1616 = AXIS2_PLACEMENT_3D ( 'NONE', #5361, #1614, #55 ) ;
#1617 = CARTESIAN_POINT ( 'NONE',  ( -3.745716132992169101, 12.20807434455398521, 15.86342120179923931 ) ) ;
#1618 = CARTESIAN_POINT ( 'NONE',  ( -34.94099186501018295, 12.20807434455410601, -19.30188017790483812 ) ) ;
#1619 = EDGE_CURVE ( 'NONE', #1534, #4736, #5117, .T. ) ;
#1620 = CARTESIAN_POINT ( 'NONE',  ( -12.76303908731587455, 47.06322041495224795, 8.395356232824871867 ) ) ;
#1621 = CARTESIAN_POINT ( 'NONE',  ( -6.769680465854671425, 59.08008914377122522, 0.7235736646184374177 ) ) ;
#1622 = CARTESIAN_POINT ( 'NONE',  ( -24.23313398371392324, 51.74649004787240614, 7.791333409472694704 ) ) ;
#1623 = CARTESIAN_POINT ( 'NONE',  ( -8.245716132992169989, -17.07928127310389499, 37.27999506953855757 ) ) ;
#1624 = DIRECTION ( 'NONE',  ( -1.000000000000000000, 0.000000000000000000, 0.000000000000000000 ) ) ;
#1625 = CARTESIAN_POINT ( 'NONE',  ( -13.16165510233473590, 55.27080531229015037, 1.257562490654681620 ) ) ;
#1626 = CARTESIAN_POINT ( 'NONE',  ( -5.497239027731114724, 51.04346681731220770, -19.25883307421926105 ) ) ;
#1627 = FACE_OUTER_BOUND ( 'NONE', #3645, .T. ) ;
#1628 = LINE ( 'NONE', #1216, #4773 ) ;
#1629 = EDGE_LOOP ( 'NONE', ( #1407, #4324 ) ) ;
#1630 = CARTESIAN_POINT ( 'NONE',  ( -28.68559479502969012, 60.77239474407894448, -17.64955276603082623 ) ) ;
#1631 = ORIENTED_EDGE ( 'NONE', *, *, #3289, .T. ) ;
#1632 = CARTESIAN_POINT ( 'NONE',  ( -11.02673178143100152, 43.21540982555367805, -9.939190955955876206 ) ) ;
#1633 = CARTESIAN_POINT ( 'NONE',  ( -9.080536614783342841, 60.63824666627002102, 5.307212984371211917 ) ) ;
#1634 = EDGE_CURVE ( 'NONE', #1367, #3974, #3155, .T. ) ;
#1635 = VECTOR ( 'NONE', #4781, 1000.000000000000000 ) ;
#1636 = ORIENTED_EDGE ( 'NONE', *, *, #2138, .T. ) ;
#1637 = ADVANCED_FACE ( 'NONE', ( #3451 ), #3504, .T. ) ;
#1638 = FACE_BOUND ( 'NONE', #2593, .T. ) ;
#1639 = DIRECTION ( 'NONE',  ( 0.000000000000000000, 1.000000000000000000, 3.491481338843133355E-15 ) ) ;
#1640 = CARTESIAN_POINT ( 'NONE',  ( -3.745716132992169101, 12.20807434455414864, 16.74536421793337126 ) ) ;
#1641 = CARTESIAN_POINT ( 'NONE',  ( 5.279821223767353189, 58.88023582930094335, -13.85729180536334049 ) ) ;
#1642 = ORIENTED_EDGE ( 'NONE', *, *, #3339, .T. ) ;
#1643 = DIRECTION ( 'NONE',  ( 0.8660254037844363761, 1.745740669421580877E-15, -0.5000000000000039968 ) ) ;
#1644 = CARTESIAN_POINT ( 'NONE',  ( -37.17544786176249971, -5.562502798504277202, -20.59194394912219295 ) ) ;
#1645 = CARTESIAN_POINT ( 'NONE',  ( -19.40502603720846864, 48.99814790106171358, 9.573006626832725630 ) ) ;
#1646 = CIRCLE ( 'NONE', #166, 34.67318886162947678 ) ;
#1647 = CARTESIAN_POINT ( 'NONE',  ( -25.41849822270804893, 60.70606956678899735, -18.24457780978841015 ) ) ;
#1648 = CARTESIAN_POINT ( 'NONE',  ( 11.28859585317713687, 59.65502656757674771, -17.04315193286791796 ) ) ;
#1649 = B_SPLINE_SURFACE_WITH_KNOTS ( 'NONE', 3, 3, ( 
 ( #4504, #5347, #3715, #1993, #4457, #1967, #2399, #3660, #1599, #5372, #3690, #4885, #4110, #3192, #4136 ),
 ( #753, #347, #1577, #2348, #1111, #264, #1137, #3300, #2425, #4932, #2799, #5324, #3273, #1184, #2875 ),
 ( #4087, #703, #4529, #1939, #1552, #4432, #779, #5295, #1162, #4832, #2823, #2046, #3244, #3218, #677 ),
 ( #4479, #4033, #5267, #4857, #4642, #3814, #474, #1212, #834, #5395, #1295, #3407, #2174, #2072, #4614 ),
 ( #1712, #2962, #4557, #3761, #2588, #5047, #891, #2510, #4212, #2990, #450, #4185, #424, #3352, #2123 ),
 ( #66, #3382, #1651, #4961, #4258, #2100, #3324, #915, #12, #3785, #1684, #2565, #2902, #5017, #1267 ),
 ( #40, #804, #498, #2479, #4237, #2153, #1325, #4159, #4668, #397, #3840, #1738, #4989, #863, #3431 ),
 ( #1240, #5071, #3019, #2930, #3866, #1625, #4585, #2536, #3099, #1791, #1460, #5176, #3485, #3041, #2706 ),
 ( #5202, #3565, #3944, #4691, #5125, #205, #2260, #1376, #4798, #1430, #2291, #640, #3152, #4397, #116 ),
 ( #4747, #1875, #1051, #3887, #3126, #2737, #1024, #2316, #995, #554, #2643, #3070, #92, #5096, #2676 ),
 ( #4771, #2613, #3915, #1350, #3969, #4312, #4339, #1764, #5151, #583, #4718, #968, #3456, #176, #149 ),
 ( #1820, #2230, #3512, #938, #1402, #1848, #3540, #4368, #611, #4281, #525, #2200, #4056, #4474, #3709 ),
 ( #1079, #4825, #722, #2842, #1156, #1959, #4082, #4499, #1595, #285, #3625, #1572, #3239, #3653, #2792 ),
 ( #4902, #5288, #748, #5342, #2419, #4107, #313, #1106, #2393, #340, #4523, #1546, #2818, #4451, #1987 ) ),
 .UNSPECIFIED., .F., .F., .F.,
 ( 4, 1, 1, 1, 1, 1, 1, 1, 1, 1, 1, 4 ),
 ( 4, 1, 1, 1, 1, 1, 1, 1, 1, 1, 1, 1, 4 ),
 ( -0.01358241894323341907, -0.01115361894323341901, -0.008724818943233418958, -0.006296018943233418902, -0.002652818943233417950, -0.0002240189432334196290, 0.002204781056766582162, 0.004633581056766580483, 0.008276781056766583169, 0.01070558105676658149, 0.01313438105676657981, 0.01556318105676658160 ),
 ( -0.01434031437954671855, -0.01118695789437761448, -0.008033601409208512151, -0.004880244924039408086, -0.001726888438870304021, 0.001426468046298800044, 0.004579824531467902374, 0.007733181016637008173, 0.01088653750180611050, 0.01403989398697521283, 0.01719325047214431690, 0.02034660695731341923, 0.02349996344248252156 ),
 .UNSPECIFIED. ) ;
#1650 = CARTESIAN_POINT ( 'NONE',  ( -4.904954354732081967, 58.24037461684132211, 4.809266866011799202 ) ) ;
#1651 = CARTESIAN_POINT ( 'NONE',  ( -11.06564811372486901, 46.59175682386222661, 7.969371193063055969 ) ) ;
#1652 = CARTESIAN_POINT ( 'NONE',  ( -10.09761261211690986, 47.47247392507836139, -7.215140604376346189 ) ) ;
#1653 = CARTESIAN_POINT ( 'NONE',  ( -7.136939890089262661, 58.83526348488895508, 4.678965182396492395 ) ) ;
#1654 = DIRECTION ( 'NONE',  ( 0.000000000000000000, -3.491481338843133355E-15, 1.000000000000000000 ) ) ;
#1655 = EDGE_LOOP ( 'NONE', ( #2235, #5008, #2187, #2728 ) ) ;
#1656 = CARTESIAN_POINT ( 'NONE',  ( -13.14100463722212453, 48.45505824149491758, 6.304643381262381219 ) ) ;
#1657 = ORIENTED_EDGE ( 'NONE', *, *, #3203, .T. ) ;
#1658 = CARTESIAN_POINT ( 'NONE',  ( -5.372068251357529967, 52.84719971494272528, -5.126019974091967413 ) ) ;
#1659 = CARTESIAN_POINT ( 'NONE',  ( -10.39535697148045479, -11.87231204704181664, 39.08913621065759969 ) ) ;
#1660 = CARTESIAN_POINT ( 'NONE',  ( 7.074665507756892957, 62.66602367383234196, -0.5341905640682707013 ) ) ;
#1661 = CARTESIAN_POINT ( 'NONE',  ( -5.923808792780978827, 61.65766831826850591, -3.948658195227992440 ) ) ;
#1662 = CARTESIAN_POINT ( 'NONE',  ( 3.934208471614935476, 46.59175682386222661, 0.4176424478870106594 ) ) ;
#1663 = ORIENTED_EDGE ( 'NONE', *, *, #5039, .F. ) ;
#1664 = CARTESIAN_POINT ( 'NONE',  ( -28.98162709868934073, 60.08632297304225744, -6.144277325440166138 ) ) ;
#1665 = CARTESIAN_POINT ( 'NONE',  ( 3.961777118360041872, 46.43974536906014805, 1.518179052553552122 ) ) ;
#1666 = EDGE_CURVE ( 'NONE', #2171, #1785, #1369, .T. ) ;
#1667 = CARTESIAN_POINT ( 'NONE',  ( 10.06664974621849851, -17.07928127310374222, -6.379101149139952298 ) ) ;
#1668 = EDGE_CURVE ( 'NONE', #1042, #3469, #3943, .T. ) ;
#1669 = TOROIDAL_SURFACE ( 'NONE', #2289, 118.0000000000000000, 90.00000000000000000 ) ;
#1670 = CARTESIAN_POINT ( 'NONE',  ( 2.346567081393739596, 57.41402581214166645, -13.54216865559256888 ) ) ;
#1671 = VERTEX_POINT ( 'NONE', #2117 ) ;
#1672 = DIRECTION ( 'NONE',  ( 1.000000000000000000, 0.000000000000000000, 0.000000000000000000 ) ) ;
#1673 = VERTEX_POINT ( 'NONE', #3804 ) ;
#1674 = CARTESIAN_POINT ( 'NONE',  ( -8.691220404485493489, 65.35454899958750730, -12.61891489883860729 ) ) ;
#1675 = CARTESIAN_POINT ( 'NONE',  ( -22.33332238018797966, 50.64269172008413733, 9.001998569915361514 ) ) ;
#1676 = B_SPLINE_CURVE_WITH_KNOTS ( 'NONE', 3,
 ( #3677, #2785, #4873, #5312 ),
 .UNSPECIFIED., .F., .F.,
 ( 4, 4 ),
 ( 1.982730624550808433E-07, 0.002602250585402095685 ),
 .UNSPECIFIED. ) ;
#1677 = CARTESIAN_POINT ( 'NONE',  ( -4.787675807015772556, 55.45262144603881183, -1.975695489869232047 ) ) ;
#1678 = B_SPLINE_CURVE_WITH_KNOTS ( 'NONE', 3,
 ( #3159, #1523, #4855, #2743, #2320, #3561, #1270, #992, #4769, #2286, #2256, #5049, #1426, #4795, #3122, #2964, #2703, #202, #4363, #607, #1297, #4741, #2992, #144, #4616, #3965, #3816, #3537, #4644, #226, #893, #2639 ),
 .UNSPECIFIED., .F., .F.,
 ( 4, 2, 2, 2, 2, 2, 2, 2, 2, 2, 2, 2, 2, 2, 2, 4 ),
 ( 0.000000000000000000, 0.0004904280630820144395, 0.0009808561261640288791, 0.001471284189246042885, 0.001961712252328056891, 0.002452140315410071113, 0.002942568378492084902, 0.003923424504656112914, 0.004413852567738128438, 0.004904280630820144829, 0.005394708693902161220, 0.005885136756984177611, 0.006375564820066193135, 0.006865992883148209526, 0.007356420946230226784, 0.007846849009312241441 ),
 .UNSPECIFIED. ) ;
#1679 = CARTESIAN_POINT ( 'NONE',  ( -27.98686545982199192, 60.60418522560727439, -13.46203625170826790 ) ) ;
#1680 = CARTESIAN_POINT ( 'NONE',  ( -7.745716132992170877, 8.739422396872749133, 35.57956969948599379 ) ) ;
#1681 = VECTOR ( 'NONE', #5200, 1000.000000000000000 ) ;
#1682 = CARTESIAN_POINT ( 'NONE',  ( -0.8098196092142452285, 50.75627163620954718, -0.9425837164703546600 ) ) ;
#1683 = EDGE_CURVE ( 'NONE', #4380, #1894, #4665, .T. ) ;
#1684 = CARTESIAN_POINT ( 'NONE',  ( -26.42664048888260808, 60.95011006445423618, -8.003509845480405005 ) ) ;
#1685 = CARTESIAN_POINT ( 'NONE',  ( -10.17086663628813525, 48.83939020135802878, -4.389451559348823473 ) ) ;
#1686 = AXIS2_PLACEMENT_3D ( 'NONE', #4304, #5121, #2121 ) ;
#1687 = CARTESIAN_POINT ( 'NONE',  ( -6.090939878086695458, 57.94111816379727031, 4.863421201799198457 ) ) ;
#1688 = CARTESIAN_POINT ( 'NONE',  ( -24.13992426482217368, 61.73447314518687534, -12.82520948564947183 ) ) ;
#1689 = ORIENTED_EDGE ( 'NONE', *, *, #4317, .T. ) ;
#1690 = CARTESIAN_POINT ( 'NONE',  ( -20.30906741366904100, 55.66911081230863090, 0.2735242981993630251 ) ) ;
#1691 = VERTEX_POINT ( 'NONE', #33 ) ;
#1692 = DIRECTION ( 'NONE',  ( 2.168404344971009361E-16, -1.000000000000000000, -3.491481338843133750E-15 ) ) ;
#1693 = CARTESIAN_POINT ( 'NONE',  ( -9.910699980479025228, -11.79192565544609650, 39.14357409411309163 ) ) ;
#1694 = EDGE_CURVE ( 'NONE', #2515, #3305, #4630, .T. ) ;
#1695 = CARTESIAN_POINT ( 'NONE',  ( -14.64409493311625532, 54.11488136522437031, 5.412286433772997007 ) ) ;
#1696 = CARTESIAN_POINT ( 'NONE',  ( -12.96219550645092689, 61.14595026584251514, -7.782974802271091619 ) ) ;
#1697 = CARTESIAN_POINT ( 'NONE',  ( -3.803069417868836677, 61.53084891210310303, 24.43868500038147218 ) ) ;
#1698 = ORIENTED_EDGE ( 'NONE', *, *, #3248, .T. ) ;
#1699 = CARTESIAN_POINT ( 'NONE',  ( -28.97038165236317298, 60.02259217644603240, -6.187645777616173959 ) ) ;
#1700 = CARTESIAN_POINT ( 'NONE',  ( -0.7408489008745066107, 61.38451051294465799, 0.1826722488069322803 ) ) ;
#1701 = FACE_OUTER_BOUND ( 'NONE', #3375, .T. ) ;
#1702 = B_SPLINE_SURFACE_WITH_KNOTS ( 'NONE', 3, 3, ( 
 ( #4475, #5236, #4027, #4880, #1054, #614, #2367, #3568, #3972, #3947, #5204, #1492, #3187, #3542, #4852, #1464 ),
 ( #3627, #1520, #3156, #3213, #288, #1108, #1962, #1547, #5179, #1432, #3129, #4774, #4983, #315, #3295, #342 ),
 ( #3711, #4180, #1235, #4525, #4131, #2843, #368, #4552, #3319, #420, #2096, #3267, #2041, #4956, #800, #1207 ),
 ( #1621, #2898, #2474, #1677, #4083, #393, #5013, #2067, #1262, #4580, #2394, #2955, #828, #2504, #724, #3483 ),
 ( #3016, #5068, #1734, #2610, #2532, #146, #522, #1321, #552, #3402, #3836, #2150, #2228, #3508, #5148, #1399 ),
 ( #2119, #5042, #3809, #3120, #768, #3338, #2917, #4872, #1150, #2438, #2033, #4124, #4494, #743, #3676, #359 ),
 ( #1539, #2835, #1126, #5336, #2466, #2811, #4544, #386, #5360, #2006, #1612, #715, #4077, #1590, #4946, #3287 ) ),
 .UNSPECIFIED., .F., .F., .F.,
 ( 4, 3, 4 ),
 ( 4, 1, 1, 1, 1, 1, 1, 1, 1, 1, 1, 1, 1, 4 ),
 ( -0.05066423445654776037, 0.000000000000000000, 1.000000000000000000 ),
 ( 0.000000000000000000, 0.07547820191944100421, 0.1133852450234320852, 0.1891270525913288370, 0.2649876782291051835, 0.3413232437502762839, 0.4203125869419977456, 0.5041872106849611956, 0.5936629732079360400, 0.6872577682256519882, 0.7816445893033762138, 0.8729534005875740910, 0.9168135972314199744, 1.000000000000000000 ),
 .UNSPECIFIED. ) ;
#1703 = CARTESIAN_POINT ( 'NONE',  ( -0.4612939954634098227, 55.66557657783395285, -13.04751875811382078 ) ) ;
#1704 = CARTESIAN_POINT ( 'NONE',  ( -6.745716132992169101, 13.20807434455391949, 34.52218669963870212 ) ) ;
#1705 = ORIENTED_EDGE ( 'NONE', *, *, #1854, .T. ) ;
#1706 = CARTESIAN_POINT ( 'NONE',  ( -4.670843895618113528, 53.36861113014893476, 2.970724028745080680 ) ) ;
#1707 = ADVANCED_FACE ( 'NONE', ( #1099 ), #1840, .T. ) ;
#1708 = CARTESIAN_POINT ( 'NONE',  ( 15.15949976740101057, 60.54594261379157416, -14.80368844332510925 ) ) ;
#1709 = CYLINDRICAL_SURFACE ( 'NONE', #5262, 16.99999999999999289 ) ;
#1710 = ADVANCED_FACE ( 'NONE', ( #632 ), #3145, .T. ) ;
#1711 = CARTESIAN_POINT ( 'NONE',  ( -1.217161190042736374, 53.48459877341502278, 2.020847929444643309 ) ) ;
#1712 = CARTESIAN_POINT ( 'NONE',  ( -11.13699105317049032, 43.05806597185673468, 10.39396482253290976 ) ) ;
#1713 = CARTESIAN_POINT ( 'NONE',  ( -8.774247161843593545, 53.13463100470213618, -0.4731524859534113059 ) ) ;
#1714 = CARTESIAN_POINT ( 'NONE',  ( -28.96472331648707765, 59.99069943802963678, -6.209280455026411794 ) ) ;
#1715 = CARTESIAN_POINT ( 'NONE',  ( -11.91333647154263886, -15.54811085547856031, 36.85286452348773878 ) ) ;
#1716 = DIRECTION ( 'NONE',  ( -0.8660254037844432595, 1.745740669421538673E-15, -0.4999999999999920064 ) ) ;
#1717 = VERTEX_POINT ( 'NONE', #989 ) ;
#1718 = CARTESIAN_POINT ( 'NONE',  ( -23.13662549629022891, 52.89192605269683156, 5.778072581406959785 ) ) ;
#1719 = AXIS2_PLACEMENT_3D ( 'NONE', #2887, #1610, #2860 ) ;
#1720 = CARTESIAN_POINT ( 'NONE',  ( -5.745716132992168212, -32.14681364125087271, -0.1365787982008023760 ) ) ;
#1721 = CARTESIAN_POINT ( 'NONE',  ( -13.56484616119613307, 50.54915917274324499, 1.695059774839349664 ) ) ;
#1722 = LINE ( 'NONE', #3748, #1416 ) ;
#1723 = CARTESIAN_POINT ( 'NONE',  ( 0.3826911367880427850, 56.30556853216102553, 9.474790388291367549 ) ) ;
#1724 = ORIENTED_EDGE ( 'NONE', *, *, #2446, .T. ) ;
#1725 = FACE_OUTER_BOUND ( 'NONE', #4330, .T. ) ;
#1726 = CIRCLE ( 'NONE', #4264, 4.500000000000000000 ) ;
#1727 = CARTESIAN_POINT ( 'NONE',  ( -5.082134148553472563, 50.09607680816513664, -18.69227040597807132 ) ) ;
#1728 = CARTESIAN_POINT ( 'NONE',  ( -8.190866434751969294, 51.24246771519797505, -5.307545536974997979 ) ) ;
#1729 = EDGE_LOOP ( 'NONE', ( #507, #1581, #4358, #3195, #3091 ) ) ;
#1730 = CARTESIAN_POINT ( 'NONE',  ( -5.745716132992168212, -32.14681364125087271, 23.86342120179920201 ) ) ;
#1731 = ORIENTED_EDGE ( 'NONE', *, *, #5260, .T. ) ;
#1732 = EDGE_CURVE ( 'NONE', #1017, #2541, #1829, .T. ) ;
#1733 = CARTESIAN_POINT ( 'NONE',  ( -4.639057603344385328, 55.46421501199905890, 1.627724704947013157 ) ) ;
#1734 = CARTESIAN_POINT ( 'NONE',  ( -6.167088089895012892, 57.18728018038115124, -0.8771506752258397821 ) ) ;
#1735 = CARTESIAN_POINT ( 'NONE',  ( 16.91123862350293905, 61.00413114111915291, -12.74069745856287916 ) ) ;
#1736 = EDGE_CURVE ( 'NONE', #5281, #1691, #1195, .T. ) ;
#1737 = CARTESIAN_POINT ( 'NONE',  ( -1.848679931263196297, 54.69968277969108783, 3.020295442668791353 ) ) ;
#1738 = CARTESIAN_POINT ( 'NONE',  ( -25.56151845621476681, 61.62726920616291437, -12.12517905615494662 ) ) ;
#1739 = CARTESIAN_POINT ( 'NONE',  ( -9.111951481511121997, 46.20474737680412147, -9.743861182798079668 ) ) ;
#1740 = CARTESIAN_POINT ( 'NONE',  ( -11.00842169781805069, 60.66869400127602319, 26.36070503040555479 ) ) ;
#1741 = AXIS2_PLACEMENT_3D ( 'NONE', #278, #5170, #1423 ) ;
#1742 = CARTESIAN_POINT ( 'NONE',  ( 10.65033062446899059, 60.90753886619070556, -17.66283483670342846 ) ) ;
#1743 = CARTESIAN_POINT ( 'NONE',  ( -3.245716132992169101, -17.07928127310382038, 15.86342120179913984 ) ) ;
#1744 = ORIENTED_EDGE ( 'NONE', *, *, #1305, .F. ) ;
#1745 = CARTESIAN_POINT ( 'NONE',  ( -32.89199522844728563, 60.64116928688171981, -7.941979674841427972 ) ) ;
#1746 = ORIENTED_EDGE ( 'NONE', *, *, #3975, .F. ) ;
#1747 = CARTESIAN_POINT ( 'NONE',  ( -12.24585004210834249, -14.13033564955237154, 38.82491833912978763 ) ) ;
#1748 = CARTESIAN_POINT ( 'NONE',  ( -12.26342911915766365, 56.69745728255339401, 5.925215982409843818 ) ) ;
#1749 = DIRECTION ( 'NONE',  ( 0.000000000000000000, -1.000000000000000000, -3.491481338843133355E-15 ) ) ;
#1750 = CARTESIAN_POINT ( 'NONE',  ( -4.472728320391888168, 53.86228495248005288, -2.543700257438093359 ) ) ;
#1751 = EDGE_LOOP ( 'NONE', ( #3426, #4303, #3797, #302 ) ) ;
#1752 = DIRECTION ( 'NONE',  ( -0.000000000000000000, 1.000000000000000000, 3.491481338843133355E-15 ) ) ;
#1753 = CARTESIAN_POINT ( 'NONE',  ( 6.427274633470581477, 60.79467440057983652, 26.11221165692976598 ) ) ;
#1754 = B_SPLINE_CURVE_WITH_KNOTS ( 'NONE', 3,
 ( #914, #2071, #3381, #423, #3018, #2152, #4987, #861, #2535, #3839 ),
 .UNSPECIFIED., .F., .F.,
 ( 4, 2, 2, 2, 4 ),
 ( 1.325475179995530535E-16, 0.001691022631703746094, 0.003382045263407359916, 0.005073067895110973738, 0.006764090526814585391 ),
 .UNSPECIFIED. ) ;
#1755 = CARTESIAN_POINT ( 'NONE',  ( 2.173887287373912347, 59.45409042249108467, -5.693396376580253104 ) ) ;
#1756 = ORIENTED_EDGE ( 'NONE', *, *, #1001, .T. ) ;
#1757 = CARTESIAN_POINT ( 'NONE',  ( 4.597501992755811173, 60.83899979363166466, -2.401244936737429558 ) ) ;
#1758 = VERTEX_POINT ( 'NONE', #4332 ) ;
#1759 = AXIS2_PLACEMENT_3D ( 'NONE', #230, #939, #1904 ) ;
#1760 = CARTESIAN_POINT ( 'NONE',  ( -10.08525755961873394, 57.68041015609108513, -2.691596882657961931 ) ) ;
#1761 = CARTESIAN_POINT ( 'NONE',  ( -20.97374023067242632, 49.98387847377703963, 9.283787685169945902 ) ) ;
#1762 = CARTESIAN_POINT ( 'NONE',  ( 10.01924380613539434, 60.56077253353126366, -18.82532164093621674 ) ) ;
#1763 = CARTESIAN_POINT ( 'NONE',  ( -5.745716132992169101, -11.79192565544595794, -0.1365787982008397350 ) ) ;
#1764 = CARTESIAN_POINT ( 'NONE',  ( -9.967957301063819386, 62.01913358428063106, -6.284883145411995109 ) ) ;
#1765 = CARTESIAN_POINT ( 'NONE',  ( -0.1321941887711111374, 55.76902777191695293, -21.14280951854777513 ) ) ;
#1766 = CARTESIAN_POINT ( 'NONE',  ( -5.131166451666616446, 52.97027764350321632, -8.440146041538715949 ) ) ;
#1767 = CARTESIAN_POINT ( 'NONE',  ( -5.745716132992169101, -9.171272019776569806, -0.1365787982008305756 ) ) ;
#1768 = B_SPLINE_CURVE_WITH_KNOTS ( 'NONE', 3,
 ( #4138, #1215, #1165, #3384, #2539, #2849, #755, #2678, #3843, #1742 ),
 .UNSPECIFIED., .F., .F.,
 ( 4, 3, 3, 4 ),
 ( 1.734723475976807094E-18, 0.0001168546325862728771, 0.0008047481875069063643, 0.001127144032909086109 ),
 .UNSPECIFIED. ) ;
#1769 = CARTESIAN_POINT ( 'NONE',  ( -22.41846876550718193, 60.75360226646113659, -12.21549114263106439 ) ) ;
#1770 = ORIENTED_EDGE ( 'NONE', *, *, #434, .T. ) ;
#1771 = UNCERTAINTY_MEASURE_WITH_UNIT (LENGTH_MEASURE( 1.000000000000000082E-05 ), #3622, 'distance_accuracy_value', 'NONE');
#1772 = CARTESIAN_POINT ( 'NONE',  ( -17.70940433716323170, 63.02214149135253507, -20.24278959900851405 ) ) ;
#1773 = FACE_OUTER_BOUND ( 'NONE', #1502, .T. ) ;
#1774 = CARTESIAN_POINT ( 'NONE',  ( -12.16537243234759202, -13.64214946044037191, 38.83827298193681798 ) ) ;
#1775 = CARTESIAN_POINT ( 'NONE',  ( -10.98337153748512485, 52.17781932054916894, 0.8762896918378682010 ) ) ;
#1776 = CARTESIAN_POINT ( 'NONE',  ( 10.33122016977685753, 54.87706700006894067, 14.21400129470767126 ) ) ;
#1777 = ADVANCED_FACE ( 'NONE', ( #2310 ), #5223, .T. ) ;
#1778 = CARTESIAN_POINT ( 'NONE',  ( -12.96986990660840533, 63.17647821095454219, 18.94812074816451997 ) ) ;
#1779 = VERTEX_POINT ( 'NONE', #2755 ) ;
#1780 = CARTESIAN_POINT ( 'NONE',  ( -3.165346795946370584, 56.63403853428211221, -4.433364745935575613 ) ) ;
#1781 = CARTESIAN_POINT ( 'NONE',  ( -6.745716132992169101, 13.20807434455391949, 34.52218669963870212 ) ) ;
#1782 = CARTESIAN_POINT ( 'NONE',  ( -7.745716132992168212, -11.79192565544608762, 37.27183276406091039 ) ) ;
#1783 = CARTESIAN_POINT ( 'NONE',  ( -7.661013365189242919, 47.37095537841360482, -14.61385577167600935 ) ) ;
#1784 = CARTESIAN_POINT ( 'NONE',  ( 14.47777956175949221, 62.39483087546953755, -6.136559419021686779 ) ) ;
#1785 = VERTEX_POINT ( 'NONE', #3558 ) ;
#1786 = CARTESIAN_POINT ( 'NONE',  ( -2.211657879182584274, 61.43315313388202981, 1.820899743236376489 ) ) ;
#1787 = ORIENTED_EDGE ( 'NONE', *, *, #3581, .F. ) ;
#1788 = CARTESIAN_POINT ( 'NONE',  ( -10.66546271583794514, 56.11555165330157280, -1.072754805065817774 ) ) ;
#1789 = CARTESIAN_POINT ( 'NONE',  ( 12.72989171733715175, 60.70398371598371057, -16.98657228385846096 ) ) ;
#1790 = EDGE_CURVE ( 'NONE', #409, #1273, #2401, .T. ) ;
#1791 = CARTESIAN_POINT ( 'NONE',  ( -20.28973718910945578, 60.80177021219812872, -7.909922590249992780 ) ) ;
#1792 = FACE_OUTER_BOUND ( 'NONE', #1466, .T. ) ;
#1793 = FACE_BOUND ( 'NONE', #4190, .T. ) ;
#1794 = AXIS2_PLACEMENT_3D ( 'NONE', #4778, #3546, #1827 ) ;
#1795 = CARTESIAN_POINT ( 'NONE',  ( -9.740730350202314369, 60.90922940957774756, -6.515270449424569676 ) ) ;
#1796 = EDGE_LOOP ( 'NONE', ( #5383, #1253, #1000, #4790 ) ) ;
#1797 = CARTESIAN_POINT ( 'NONE',  ( -16.70580184131863177, 62.02746670701528586, -12.99765681733247469 ) ) ;
#1798 = DIRECTION ( 'NONE',  ( -1.000000000000000000, 0.000000000000000000, 0.000000000000000000 ) ) ;
#1799 = FACE_OUTER_BOUND ( 'NONE', #546, .T. ) ;
#1800 = CARTESIAN_POINT ( 'NONE',  ( -6.579822690284747644, -21.87705438810126779, 37.36342120179912030 ) ) ;
#1801 = CARTESIAN_POINT ( 'NONE',  ( 10.18934962768846475, 54.50291326860774888, 14.22624604050460384 ) ) ;
#1802 = CARTESIAN_POINT ( 'NONE',  ( -13.46194099553139267, 64.12597198736165183, 14.76718583821791242 ) ) ;
#1803 = EDGE_LOOP ( 'NONE', ( #3900, #757 ) ) ;
#1804 = CARTESIAN_POINT ( 'NONE',  ( -6.130119395477155564, 50.15579072048938514, 4.848622715458493104 ) ) ;
#1805 = B_SPLINE_CURVE_WITH_KNOTS ( 'NONE', 3,
 ( #4879, #3685, #1573, #3266, #4903, #1157, #1455, #1761, #4049, #2758, #1541, #309, #4471, #1982, #2813, #5313, #1566, #4102, #225, #1899, #3591, #5226, #3176, #2217, #3526, #2243, #2749, #566, #595, #3472, #1414, #4353, #4732, #1804 ),
 .UNSPECIFIED., .F., .F.,
 ( 4, 2, 2, 2, 2, 2, 2, 2, 2, 2, 2, 2, 2, 2, 2, 2, 4 ),
 ( 2.776912483567713316E-18, 0.001484388987378806651, 0.002968777974757611567, 0.005937555949515215328, 0.007421944936894016992, 0.008906333924272822125, 0.01039072291165162379, 0.01187511189903042719, 0.01335950088640922885, 0.01484388987378802705, 0.01632827886116683044, 0.01781266784854563384, 0.01855486234223503728, 0.01929705683592444418, 0.02078144582330323717, 0.02226583481068203710, 0.02375022379806083356 ),
 .UNSPECIFIED. ) ;
#1806 = EDGE_CURVE ( 'NONE', #3452, #4736, #3672, .T. ) ;
#1807 = CARTESIAN_POINT ( 'NONE',  ( -5.745716132992167324, 44.22071872689625138, -5.136578798200802431 ) ) ;
#1808 = CARTESIAN_POINT ( 'NONE',  ( -9.605237033152468129, 48.03537317826241093, -4.128294559626310978 ) ) ;
#1809 = CARTESIAN_POINT ( 'NONE',  ( 8.258207591331057529, 60.80177021219812872, -8.845398609949688407 ) ) ;
#1810 = EDGE_CURVE ( 'NONE', #5357, #3845, #336, .T. ) ;
#1811 = ORIENTED_EDGE ( 'NONE', *, *, #2420, .F. ) ;
#1812 = CARTESIAN_POINT ( 'NONE',  ( -7.745716132992168212, 1.204838195809425638, 36.71017993820587577 ) ) ;
#1813 = CARTESIAN_POINT ( 'NONE',  ( 11.07510550780341241, 60.75338036068015413, -7.098114503968277589 ) ) ;
#1814 = ORIENTED_EDGE ( 'NONE', *, *, #271, .T. ) ;
#1815 = VECTOR ( 'NONE', #1963, 1000.000000000000000 ) ;
#1816 = CARTESIAN_POINT ( 'NONE',  ( -10.73974274795502915, 55.56856744674701787, -0.5107847899953762427 ) ) ;
#1817 = LINE ( 'NONE', #3507, #5259 ) ;
#1818 = CARTESIAN_POINT ( 'NONE',  ( 20.47981213150269042, 61.33603839743367558, -6.080866151995061308 ) ) ;
#1819 = CARTESIAN_POINT ( 'NONE',  ( 26.73023650892419312, -24.27928127310369888, -18.88657879820103247 ) ) ;
#1820 = CARTESIAN_POINT ( 'NONE',  ( 3.157899448315381719, 54.67472692545105417, 5.545706582160111253 ) ) ;
#1821 = DIRECTION ( 'NONE',  ( -1.000000000000000000, 0.000000000000000000, 0.000000000000000000 ) ) ;
#1822 = CARTESIAN_POINT ( 'NONE',  ( -7.173239589414178496, 55.71728988940943594, -10.59046811997822246 ) ) ;
#1823 = CARTESIAN_POINT ( 'NONE',  ( -10.54976714464638476, -11.91911853696417367, 37.05474159118595878 ) ) ;
#1824 = DIRECTION ( 'NONE',  ( 0.000000000000000000, -1.000000000000000000, -3.491481338843133355E-15 ) ) ;
#1825 = ORIENTED_EDGE ( 'NONE', *, *, #4161, .T. ) ;
#1826 = CARTESIAN_POINT ( 'NONE',  ( 25.68401559577786131, -9.171272019776498752, -20.59194394912263704 ) ) ;
#1827 = DIRECTION ( 'NONE',  ( 0.000000000000000000, -1.000000000000000000, -3.491623814572636014E-15 ) ) ;
#1828 = CARTESIAN_POINT ( 'NONE',  ( -0.09032122087886379491, 63.60475515309609307, 3.847058340546266830 ) ) ;
#1829 = CIRCLE ( 'NONE', #1208, 16.99999999999999645 ) ;
#1830 = CARTESIAN_POINT ( 'NONE',  ( 9.723472639670930562, 47.43873559050894784, 6.435812215240524381 ) ) ;
#1831 = CARTESIAN_POINT ( 'NONE',  ( -13.97839222800827841, 61.86064475379446037, 25.85337565358401690 ) ) ;
#1832 = ORIENTED_EDGE ( 'NONE', *, *, #2263, .T. ) ;
#1833 = CARTESIAN_POINT ( 'NONE',  ( -8.955552709077677420, 61.65989124088619633, 1.923480078913336389 ) ) ;
#1834 = CARTESIAN_POINT ( 'NONE',  ( 17.73163173658302583, 60.73655054030334810, -22.18467854133410455 ) ) ;
#1835 = CARTESIAN_POINT ( 'NONE',  ( 1.947557701265179464, 60.50936854364260142, 33.85079990181436216 ) ) ;
#1836 = CARTESIAN_POINT ( 'NONE',  ( 11.30426928623624683, 62.11188470768775005, -6.165413841084919966 ) ) ;
#1837 = VERTEX_POINT ( 'NONE', #4018 ) ;
#1838 = B_SPLINE_CURVE_WITH_KNOTS ( 'NONE', 3,
 ( #4587, #2933, #4215, #4162, #453, #1579, #5350, #4506, #349, #2128, #15, #2878, #5398, #3717 ),
 .UNSPECIFIED., .F., .F.,
 ( 4, 2, 2, 2, 2, 2, 4 ),
 ( 0.001879397799819145258, 0.004386363829531565728, 0.006893329859243986849, 0.009400295888956406234, 0.01190726191866882389, 0.01692119397809366266, 0.02193512603751850143 ),
 .UNSPECIFIED. ) ;
#1839 = LINE ( 'NONE', #5196, #2654 ) ;
#1840 = PLANE ( 'NONE',  #4536 ) ;
#1841 = ORIENTED_EDGE ( 'NONE', *, *, #3536, .T. ) ;
#1842 = B_SPLINE_CURVE_WITH_KNOTS ( 'NONE', 3,
 ( #4532, #4588, #807, #3718, #5051, #1300, #350, #2023, #2455, #2482, #5351, #4163, #1688, #838 ),
 .UNSPECIFIED., .F., .F.,
 ( 4, 2, 2, 2, 2, 2, 4 ),
 ( 0.001879397799819148077, 0.004386363829531571799, 0.006893329859243995522, 0.009400295888956420112, 0.01190726191866884297, 0.01692119397809368000, 0.02193512603751851531 ),
 .UNSPECIFIED. ) ;
#1843 = CARTESIAN_POINT ( 'NONE',  ( -9.263747585267523732, 51.07604199510856802, 3.426974402122997532 ) ) ;
#1844 = LINE ( 'NONE', #3621, #23 ) ;
#1845 = CARTESIAN_POINT ( 'NONE',  ( 3.195993717769871623, 61.35992270189576203, 28.48774475188514899 ) ) ;
#1846 = EDGE_CURVE ( 'NONE', #3928, #2784, #951, .T. ) ;
#1847 = DIRECTION ( 'NONE',  ( 0.000000000000000000, -1.000000000000000000, -3.491481338843133355E-15 ) ) ;
#1848 = CARTESIAN_POINT ( 'NONE',  ( -4.513561970244140298, 60.73252370047181614, -2.460049998740671207 ) ) ;
#1849 = CARTESIAN_POINT ( 'NONE',  ( -28.96472331648707765, 59.99069943802963678, -6.209280455026411794 ) ) ;
#1850 = CARTESIAN_POINT ( 'NONE',  ( -12.02334455066295149, 63.60475515309609307, 2.769318294749018694 ) ) ;
#1851 = CARTESIAN_POINT ( 'NONE',  ( -34.94099186501018295, 12.20807434455410601, -19.30188017790483812 ) ) ;
#1852 = CARTESIAN_POINT ( 'NONE',  ( -19.24665289551580116, 60.78504504343081294, -10.79559357577016243 ) ) ;
#1853 = ORIENTED_EDGE ( 'NONE', *, *, #4205, .F. ) ;
#1854 = EDGE_CURVE ( 'NONE', #4002, #659, #3861, .T. ) ;
#1855 = CARTESIAN_POINT ( 'NONE',  ( -6.541615657410197571, 49.71388730505382370, -17.69839266069861594 ) ) ;
#1856 = CARTESIAN_POINT ( 'NONE',  ( -39.03145132804348094, -19.47616393149757386, -17.42835621620622888 ) ) ;
#1857 = CARTESIAN_POINT ( 'NONE',  ( -6.650729480357921553, 48.57332242071429107, 4.780834225035076379 ) ) ;
#1858 = CARTESIAN_POINT ( 'NONE',  ( -3.465922479189289529, 61.74561163104888095, 25.29880785407213040 ) ) ;
#1859 = CARTESIAN_POINT ( 'NONE',  ( -5.205618801198108159, 60.80177021219812872, 16.34558480559714866 ) ) ;
#1860 = VERTEX_POINT ( 'NONE', #4975 ) ;
#1861 = CARTESIAN_POINT ( 'NONE',  ( -8.379641907721250504, 61.73889284378954301, 9.903492015432359352 ) ) ;
#1862 = CARTESIAN_POINT ( 'NONE',  ( 10.88859726642491310, 60.94551456481535467, -22.20008674770429025 ) ) ;
#1863 = CARTESIAN_POINT ( 'NONE',  ( 8.647790472835797715, 50.09617346658435366, 8.890094437420604123 ) ) ;
#1864 = CARTESIAN_POINT ( 'NONE',  ( -14.03908806618011695, 51.11008806799735282, 1.016081982264155803 ) ) ;
#1865 = ORIENTED_EDGE ( 'NONE', *, *, #1279, .F. ) ;
#1866 = CARTESIAN_POINT ( 'NONE',  ( -6.332471809066024804, 60.63246224335075851, 23.86342120179867621 ) ) ;
#1867 = CARTESIAN_POINT ( 'NONE',  ( -18.35212259354327813, -17.07928127310372801, -10.30164230766183842 ) ) ;
#1868 = ORIENTED_EDGE ( 'NONE', *, *, #985, .T. ) ;
#1869 = CARTESIAN_POINT ( 'NONE',  ( -6.999877101688364966, 48.74423146599783507, 4.706406477316137149 ) ) ;
#1870 = CARTESIAN_POINT ( 'NONE',  ( -28.90790865501013229, 57.80694486631340823, 0.9627375104067407152 ) ) ;
#1871 = CARTESIAN_POINT ( 'NONE',  ( 5.642054714445110086, 58.96842611240145260, 19.09626925658525565 ) ) ;
#1872 = FILL_AREA_STYLE ('',( #1487 ) ) ;
#1873 = B_SPLINE_CURVE_WITH_KNOTS ( 'NONE', 3,
 ( #2018, #2770, #2372, #1525, #2847, #4907, #3737, #3632, #728, #294, #319, #1085 ),
 .UNSPECIFIED., .F., .F.,
 ( 4, 2, 2, 2, 2, 4 ),
 ( 0.01356790485804507118, 0.01501559727167013289, 0.01646328968529519460, 0.01791098209892025631, 0.01863482830573278196, 0.01935867451254530761 ),
 .UNSPECIFIED. ) ;
#1874 = EDGE_CURVE ( 'NONE', #2936, #389, #1154, .T. ) ;
#1875 = CARTESIAN_POINT ( 'NONE',  ( -1.158714351712093915, 51.46614551511132873, 5.628247019476442681 ) ) ;
#1876 = LINE ( 'NONE', #5177, #1499 ) ;
#1877 = B_SPLINE_CURVE_WITH_KNOTS ( 'NONE', 3,
 ( #4830, #292, #4403, #1965, #4430, #4456, #3571, #675, #700, #1937 ),
 .UNSPECIFIED., .F., .F.,
 ( 4, 2, 2, 2, 4 ),
 ( 0.01636660198333708682, 0.01851105450408713216, 0.02065550702483717402, 0.02279995954558721588, 0.02494441206633726121 ),
 .UNSPECIFIED. ) ;
#1878 = FACE_OUTER_BOUND ( 'NONE', #1315, .T. ) ;
#1879 = CARTESIAN_POINT ( 'NONE',  ( 14.54363585649234203, 60.51864594463359737, -12.97435624034301682 ) ) ;
#1880 = EDGE_LOOP ( 'NONE', ( #3695, #1100, #3772, #2649 ) ) ;
#1881 = CARTESIAN_POINT ( 'NONE',  ( -19.10212259354327102, 13.20807434455407225, -9.002604201985066723 ) ) ;
#1882 = CARTESIAN_POINT ( 'NONE',  ( -3.745716132992169101, -11.79192565544608939, 37.27183276406090329 ) ) ;
#1883 = CARTESIAN_POINT ( 'NONE',  ( -5.745716132992169101, 17.59325729417466633, -0.1365787982007371226 ) ) ;
#1884 = CARTESIAN_POINT ( 'NONE',  ( -5.745716132992169101, -24.27928127310382322, 16.86342120179911319 ) ) ;
#1885 = VECTOR ( 'NONE', #3704, 1000.000000000000000 ) ;
#1886 = CARTESIAN_POINT ( 'NONE',  ( -8.935844042026889866, 52.16156334050801746, 3.723333628674134754 ) ) ;
#1887 = CARTESIAN_POINT ( 'NONE',  ( -8.875695954557967227, 60.79913545214401438, -3.989365129713467351 ) ) ;
#1888 = CIRCLE ( 'NONE', #922, 37.50000000000000000 ) ;
#1889 = ORIENTED_EDGE ( 'NONE', *, *, #1806, .F. ) ;
#1890 = CARTESIAN_POINT ( 'NONE',  ( -8.952893659489301825, 60.84395355027705676, 9.952970048329643049 ) ) ;
#1891 = CARTESIAN_POINT ( 'NONE',  ( -2.398658402085323882, 52.98956621473833906, -22.52666775909753838 ) ) ;
#1892 = CARTESIAN_POINT ( 'NONE',  ( 1.014390165187264436, 47.27339373768121078, -0.9589504795243612989 ) ) ;
#1893 = CARTESIAN_POINT ( 'NONE',  ( 19.44190092045734275, 65.72671507162841920, 3.970935520233529026 ) ) ;
#1894 = VERTEX_POINT ( 'NONE', #2916 ) ;
#1895 = DIRECTION ( 'NONE',  ( -2.168404344971008868E-16, 1.000000000000000000, 3.491481338843133355E-15 ) ) ;
#1896 = CARTESIAN_POINT ( 'NONE',  ( 6.712599829837228249, 60.83361402617532576, -3.958278320952650642 ) ) ;
#1897 = ORIENTED_EDGE ( 'NONE', *, *, #767, .T. ) ;
#1898 = CARTESIAN_POINT ( 'NONE',  ( 0.09407906174692652612, 61.06405103507676557, 23.14398087887092714 ) ) ;
#1899 = CARTESIAN_POINT ( 'NONE',  ( -12.83642123362337983, 47.11645804776754431, 8.271813640124326739 ) ) ;
#1900 = DIRECTION ( 'NONE',  ( -0.4723368321173969098, -0.3280116889704091099, -0.8181113915134550219 ) ) ;
#1901 = DIRECTION ( 'NONE',  ( 0.000000000000000000, -1.000000000000000000, -3.491481338843133355E-15 ) ) ;
#1902 = CARTESIAN_POINT ( 'NONE',  ( -15.17638026359850301, 59.20702903332336575, -5.859746422214445083 ) ) ;
#1903 = CARTESIAN_POINT ( 'NONE',  ( -7.237085655124457340, 48.87512761765895419, 5.866724698850899422 ) ) ;
#1904 = DIRECTION ( 'NONE',  ( -1.000000000000000000, 0.000000000000000000, 0.000000000000000000 ) ) ;
#1905 = CARTESIAN_POINT ( 'NONE',  ( -7.736527912446117483, 56.69745728255339401, -8.811981209101187318 ) ) ;
#1906 = VECTOR ( 'NONE', #894, 1000.000000000000000 ) ;
#1907 = CARTESIAN_POINT ( 'NONE',  ( 46.75428386700782823, -9.171272019776569806, -0.1365787982008369872 ) ) ;
#1908 = CARTESIAN_POINT ( 'NONE',  ( 14.17116926058094251, 60.47035262835638036, -13.54482377785356029 ) ) ;
#1909 = VERTEX_POINT ( 'NONE', #2495 ) ;
#1910 = EDGE_CURVE ( 'NONE', #3845, #2781, #2177, .T. ) ;
#1911 = CARTESIAN_POINT ( 'NONE',  ( -29.06521300242680894, 58.86239497908695029, 0.8486152976177235852 ) ) ;
#1912 = CARTESIAN_POINT ( 'NONE',  ( -10.07589846499635655, 48.12718914333614606, -5.726206222235390442 ) ) ;
#1913 = CYLINDRICAL_SURFACE ( 'NONE', #4594, 27.99999999999999645 ) ;
#1914 = EDGE_CURVE ( 'NONE', #4916, #61, #4945, .T. ) ;
#1915 = CARTESIAN_POINT ( 'NONE',  ( 28.23557430134107804, 22.54294747770555674, -0.1365787982007198309 ) ) ;
#1916 = CARTESIAN_POINT ( 'NONE',  ( -6.165326141363297374, 60.60418522560727439, 25.78755025495073028 ) ) ;
#1917 = CARTESIAN_POINT ( 'NONE',  ( -3.745716132992169545, -7.383033401754574676, 37.31004988850476423 ) ) ;
#1918 = VERTEX_POINT ( 'NONE', #3337 ) ;
#1919 = FACE_OUTER_BOUND ( 'NONE', #5010, .T. ) ;
#1920 = CARTESIAN_POINT ( 'NONE',  ( 17.73473373971987499, 60.67962502279137027, -23.79943736644042929 ) ) ;
#1921 = CARTESIAN_POINT ( 'NONE',  ( 0.3280884189981346233, 54.27302343987658872, 7.749633214607846377 ) ) ;
#1922 = CARTESIAN_POINT ( 'NONE',  ( -20.18429327057679146, 60.74777529925115971, -11.22456732370220678 ) ) ;
#1923 = AXIS2_PLACEMENT_3D ( 'NONE', #3367, #4679, #2113 ) ;
#1924 = VERTEX_POINT ( 'NONE', #4896 ) ;
#1925 = CARTESIAN_POINT ( 'NONE',  ( -7.745716132992169101, -9.171272019776701256, 37.31004988850474291 ) ) ;
#1926 = DIRECTION ( 'NONE',  ( -1.000000000000000000, -0.000000000000000000, 0.000000000000000000 ) ) ;
#1927 = ORIENTED_EDGE ( 'NONE', *, *, #1302, .T. ) ;
#1928 = DIRECTION ( 'NONE',  ( 0.000000000000000000, -1.000000000000000000, -3.491481338843133355E-15 ) ) ;
#1929 = DIRECTION ( 'NONE',  ( 0.8660254037844363761, 1.745740669421580877E-15, -0.5000000000000039968 ) ) ;
#1930 = CARTESIAN_POINT ( 'NONE',  ( 13.13079399813344494, 50.43375822334309078, 10.39727407265241688 ) ) ;
#1931 = SURFACE_STYLE_USAGE ( .BOTH. , #2733 ) ;
#1932 = CARTESIAN_POINT ( 'NONE',  ( -11.07202891822015545, 59.21228202259045048, -4.703235482115172061 ) ) ;
#1933 = CARTESIAN_POINT ( 'NONE',  ( -37.17544786176249971, -9.171272019776498752, -20.59194394912220716 ) ) ;
#1934 = DIRECTION ( 'NONE',  ( 0.000000000000000000, 0.000000000000000000, 1.000000000000000000 ) ) ;
#1935 = CARTESIAN_POINT ( 'NONE',  ( -5.745716132992169101, 22.54294747770555674, -0.1365787982007198309 ) ) ;
#1936 = ORIENTED_EDGE ( 'NONE', *, *, #1435, .F. ) ;
#1937 = CARTESIAN_POINT ( 'NONE',  ( -2.040965743421412348, 53.03280605363725186, -20.59752144997998613 ) ) ;
#1938 = CARTESIAN_POINT ( 'NONE',  ( -4.343664925044167902, 56.35654858356227948, 4.667029306547255452 ) ) ;
#1939 = CARTESIAN_POINT ( 'NONE',  ( -20.67017546214703572, 47.63335553068773009, 11.45974638157315617 ) ) ;
#1940 = CARTESIAN_POINT ( 'NONE',  ( -5.485708807300833989, 51.00821492130468471, -19.24232512008576990 ) ) ;
#1941 = CARTESIAN_POINT ( 'NONE',  ( -10.71823750775691586, 57.11856580291452445, -0.7239737283610555574 ) ) ;
#1942 = CARTESIAN_POINT ( 'NONE',  ( -7.510513805135881071, 60.72849628883992068, 23.79844761031599631 ) ) ;
#1943 = EDGE_LOOP ( 'NONE', ( #4911, #633, #1449, #4712 ) ) ;
#1944 = CARTESIAN_POINT ( 'NONE',  ( -39.17544786176247840, -5.562502798504286083, -17.12784233398442169 ) ) ;
#1945 = CARTESIAN_POINT ( 'NONE',  ( -7.999671491671123569, 46.80824434961958502, -18.39220945621138625 ) ) ;
#1946 = CARTESIAN_POINT ( 'NONE',  ( 3.438869143429629016, 57.02358662328333594, 16.36042184477413386 ) ) ;
#1947 = LINE ( 'NONE', #5306, #1238 ) ;
#1948 = ORIENTED_EDGE ( 'NONE', *, *, #3377, .T. ) ;
#1949 = CARTESIAN_POINT ( 'NONE',  ( -5.745716132992169101, -17.07928127310376354, -0.1365787982008581924 ) ) ;
#1950 = CIRCLE ( 'NONE', #4567, 5.000000000000000000 ) ;
#1951 = EDGE_LOOP ( 'NONE', ( #2279, #414 ) ) ;
#1952 = B_SPLINE_CURVE_WITH_KNOTS ( 'NONE', 3,
 ( #4805, #4404, #3921, #1826 ),
 .UNSPECIFIED., .F., .F.,
 ( 4, 4 ),
 ( 1.982730624568059054E-07, 0.002602250585402097419 ),
 .UNSPECIFIED. ) ;
#1953 = CARTESIAN_POINT ( 'NONE',  ( -5.745716132992168212, 44.22071872689625138, -0.1365787982008023760 ) ) ;
#1954 = AXIS2_PLACEMENT_3D ( 'NONE', #3646, #2833, #5309 ) ;
#1955 = CARTESIAN_POINT ( 'NONE',  ( -3.745716132992168657, -11.35556322522125683, 37.28456247278800362 ) ) ;
#1956 = CARTESIAN_POINT ( 'NONE',  ( 4.239137547040478182, 60.18068394837197843, 21.81215888485613874 ) ) ;
#1957 = CARTESIAN_POINT ( 'NONE',  ( -2.028574607497603655, 55.43532587045740456, 1.148065890693042546 ) ) ;
#1958 = STYLED_ITEM ( 'NONE', ( #1130 ), #1345 ) ;
#1959 = CARTESIAN_POINT ( 'NONE',  ( -3.342596766794491803, 61.77415350838539609, -2.775130934509015379 ) ) ;
#1960 = LINE ( 'NONE', #4927, #220 ) ;
#1961 = ADVANCED_FACE ( 'NONE', ( #5359 ), #1589, .T. ) ;
#1962 = CARTESIAN_POINT ( 'NONE',  ( 0.1826396317234279809, 48.86321514555864098, -1.845256159103696003 ) ) ;
#1963 = DIRECTION ( 'NONE',  ( 0.000000000000000000, -3.491481338843133355E-15, 1.000000000000000000 ) ) ;
#1964 = CARTESIAN_POINT ( 'NONE',  ( -10.24571613299216821, 44.22071872689625138, -0.1365787982006930468 ) ) ;
#1965 = CARTESIAN_POINT ( 'NONE',  ( 2.453885911975770995, 56.43331309246421057, -21.12179505503441845 ) ) ;
#1966 = CARTESIAN_POINT ( 'NONE',  ( -6.815526427048098412, 59.91472749172645251, 4.779571373804483159 ) ) ;
#1967 = CARTESIAN_POINT ( 'NONE',  ( -27.04648764213477463, 53.20724941841478994, 9.605943444670867137 ) ) ;
#1968 = CARTESIAN_POINT ( 'NONE',  ( -9.813225562862969653, 50.92627898204590764, -2.225149968433204783 ) ) ;
#1969 = CARTESIAN_POINT ( 'NONE',  ( -14.77478197590959041, 61.45098402641476554, 25.34464640139308500 ) ) ;
#1970 = CARTESIAN_POINT ( 'NONE',  ( -8.665185242072965366, 60.83361402617533997, 12.56348907535855020 ) ) ;
#1971 = VERTEX_POINT ( 'NONE', #2087 ) ;
#1972 = CARTESIAN_POINT ( 'NONE',  ( -38.24374709156885643, 5.149859948093511441, -16.58992464350893670 ) ) ;
#1973 = ADVANCED_FACE ( 'NONE', ( #4149 ), #601, .T. ) ;
#1974 = CARTESIAN_POINT ( 'NONE',  ( 3.996048477679304600, 58.32064419209694250, -8.175535511973912151 ) ) ;
#1975 = CARTESIAN_POINT ( 'NONE',  ( 0.9898888236404791430, 49.42634972779233493, 1.637969057128767503 ) ) ;
#1976 = DIRECTION ( 'NONE',  ( -0.7071067811865473507, -0.7071067811865477948, -2.468850131082266527E-15 ) ) ;
#1977 = EDGE_LOOP ( 'NONE', ( #871, #1177, #3357, #1338 ) ) ;
#1978 = CARTESIAN_POINT ( 'NONE',  ( 9.278625790810920648, 48.97195991344342758, 6.817294883292118080 ) ) ;
#1979 = CARTESIAN_POINT ( 'NONE',  ( -19.94265458969131899, 13.20807434455407225, -9.487885576223629158 ) ) ;
#1980 = EDGE_CURVE ( 'NONE', #2079, #3505, #4881, .T. ) ;
#1981 = DIRECTION ( 'NONE',  ( 1.000000000000000000, 0.000000000000000000, 0.000000000000000000 ) ) ;
#1982 = CARTESIAN_POINT ( 'NONE',  ( -17.04583801713128466, 47.96444471763901163, 9.245966728030381887 ) ) ;
#1983 = CARTESIAN_POINT ( 'NONE',  ( 20.88116813012980799, 61.57511691048500779, -24.61894781208003380 ) ) ;
#1984 = CARTESIAN_POINT ( 'NONE',  ( 8.689002780301144924, 59.39247711229631932, -19.14918339271225634 ) ) ;
#1985 = AXIS2_PLACEMENT_3D ( 'NONE', #4619, #2130, #3385 ) ;
#1986 = CARTESIAN_POINT ( 'NONE',  ( 4.883344277968046931, 57.80694486631345086, -20.74528408391816470 ) ) ;
#1987 = CARTESIAN_POINT ( 'NONE',  ( -15.26266062189128192, 65.43378626205733894, -25.01040904756188965 ) ) ;
#1988 = DIRECTION ( 'NONE',  ( 0.000000000000000000, -1.000000000000000000, -3.491481338843133355E-15 ) ) ;
#1989 = CARTESIAN_POINT ( 'NONE',  ( 46.75428386700782823, -9.171272019776569806, -0.1365787982008369872 ) ) ;
#1990 = CARTESIAN_POINT ( 'NONE',  ( 0.7544205319367934814, -14.13030717805711234, 36.79576777437360136 ) ) ;
#1991 = CARTESIAN_POINT ( 'NONE',  ( 9.840531661773507466, 55.59921983301706661, 15.19835016023303531 ) ) ;
#1992 = AXIS2_PLACEMENT_3D ( 'NONE', #5128, #3459, #5075 ) ;
#1993 = CARTESIAN_POINT ( 'NONE',  ( -22.91901471090955411, 47.61047948194374868, 12.98508572960347074 ) ) ;
#1994 = CARTESIAN_POINT ( 'NONE',  ( -10.18965201676324206, 48.86321514555864098, -4.416346812664962762 ) ) ;
#1995 = CONICAL_SURFACE ( 'NONE', #5043, 33.98129043433324625, 0.3019511618302520017 ) ;
#1996 = CARTESIAN_POINT ( 'NONE',  ( -6.158706559052796514, 61.00413114111915291, 25.78697892349966736 ) ) ;
#1997 = CARTESIAN_POINT ( 'NONE',  ( -13.43075930219480441, 65.71024631943993199, 6.782998527940420352 ) ) ;
#1998 = ORIENTED_EDGE ( 'NONE', *, *, #4977, .T. ) ;
#1999 = CARTESIAN_POINT ( 'NONE',  ( -38.98789253659964515, -1.976671173382373636, -17.01955721651371078 ) ) ;
#2000 = CARTESIAN_POINT ( 'NONE',  ( 1.062422051643755250, 57.96108072841336423, -5.027345365162641855 ) ) ;
#2001 = CARTESIAN_POINT ( 'NONE',  ( -10.87614725441969021, 61.41655301477164386, 20.39601340518355244 ) ) ;
#2002 = ORIENTED_EDGE ( 'NONE', *, *, #3436, .T. ) ;
#2003 = PLANE ( 'NONE',  #2126 ) ;
#2005 = CARTESIAN_POINT ( 'NONE',  ( 10.27876452274348829, 51.83432077392987480, 11.88083801055650568 ) ) ;
#2004 = B_SPLINE_CURVE_WITH_KNOTS ( 'NONE', 3,
 ( #1201, #820, #3398, #4227 ),
 .UNSPECIFIED., .F., .F.,
 ( 4, 4 ),
 ( 2.852921668712975340E-07, 0.001429674706846536299 ),
 .UNSPECIFIED. ) ;
#2006 = CARTESIAN_POINT ( 'NONE',  ( 6.754163313518007250, 46.67117383054850421, 4.198894163858005513 ) ) ;
#2007 = DIRECTION ( 'NONE',  ( -0.8660254037844432595, 1.745740669421538673E-15, -0.4999999999999920064 ) ) ;
#2008 = AXIS2_PLACEMENT_3D ( 'NONE', #2627, #3799, #83 ) ;
#2009 = B_SPLINE_CURVE_WITH_KNOTS ( 'NONE', 3,
 ( #1368, #3064, #4710, #138 ),
 .UNSPECIFIED., .F., .F.,
 ( 4, 4 ),
 ( 7.716237231436377003E-17, 0.001147221802667566445 ),
 .UNSPECIFIED. ) ;
#2010 = CARTESIAN_POINT ( 'NONE',  ( -3.745716132992169101, -9.171272019776701256, 37.31004988850473580 ) ) ;
#2011 = ORIENTED_EDGE ( 'NONE', *, *, #1910, .F. ) ;
#2012 = CARTESIAN_POINT ( 'NONE',  ( 9.455897343594555693, 59.62534015990188152, -18.63081548267971144 ) ) ;
#2013 = CARTESIAN_POINT ( 'NONE',  ( -15.67804800009416155, 64.03877224530342005, -21.30315709036608496 ) ) ;
#2014 = CARTESIAN_POINT ( 'NONE',  ( -37.17544786176249261, -10.04347400198605555, -20.59194394912220716 ) ) ;
#2015 = CARTESIAN_POINT ( 'NONE',  ( -22.19303789554593109, 49.92913263927973588, 9.230491197767401346 ) ) ;
#2016 = CARTESIAN_POINT ( 'NONE',  ( -0.2251484349055686007, -16.28300547226949746, 36.95509282284357511 ) ) ;
#2017 = CARTESIAN_POINT ( 'NONE',  ( -0.9542974281273605142, 48.68983521060180664, -1.570710190727497846 ) ) ;
#2018 = CARTESIAN_POINT ( 'NONE',  ( -5.745716132992201963, 52.45677549826513797, -5.136578798200803320 ) ) ;
#2019 = B_SPLINE_CURVE_WITH_KNOTS ( 'NONE', 3,
 ( #5157, #3160, #647, #2622, #4753, #2321, #1002, #2681, #4345, #2268 ),
 .UNSPECIFIED., .F., .F.,
 ( 4, 3, 3, 4 ),
 ( 1.253028646898748515E-05, 0.0002674592003815758632, 0.0005349184008848267488, 0.001012443596847393146 ),
 .UNSPECIFIED. ) ;
#2020 = CARTESIAN_POINT ( 'NONE',  ( -9.822831909677212536, 50.93764936586617864, -2.238903489760817767 ) ) ;
#2021 = CARTESIAN_POINT ( 'NONE',  ( 4.723690673673892171, 59.97878582742043108, 21.23439020753900763 ) ) ;
#2022 = EDGE_CURVE ( 'NONE', #4730, #1424, #2595, .T. ) ;
#2023 = CARTESIAN_POINT ( 'NONE',  ( -15.12759864803786236, 61.72165878848014131, -8.427706272651223074 ) ) ;
#2024 = ORIENTED_EDGE ( 'NONE', *, *, #2596, .T. ) ;
#2025 = DIRECTION ( 'NONE',  ( 1.000000000000000000, 0.000000000000000000, 0.000000000000000000 ) ) ;
#2026 = CIRCLE ( 'NONE', #3360, 37.50000000000000000 ) ;
#2027 = CARTESIAN_POINT ( 'NONE',  ( 10.97794707419660298, 59.86963040780273104, -13.97616356206830623 ) ) ;
#2028 = CARTESIAN_POINT ( 'NONE',  ( -18.30476078425072117, 62.64624724330569450, 22.10464575906591378 ) ) ;
#2029 = DIRECTION ( 'NONE',  ( 0.000000000000000000, 0.000000000000000000, 1.000000000000000000 ) ) ;
#2030 = ORIENTED_EDGE ( 'NONE', *, *, #5349, .F. ) ;
#2031 = PLANE ( 'NONE',  #2956 ) ;
#2032 = CARTESIAN_POINT ( 'NONE',  ( -10.24571613299216821, 16.22071872689625138, -0.1365787982007419243 ) ) ;
#2033 = CARTESIAN_POINT ( 'NONE',  ( 9.018171980387842623, 48.32862520753148061, 6.878892872229577904 ) ) ;
#2034 = CARTESIAN_POINT ( 'NONE',  ( -35.16043925469941200, 12.87542560612713238, -18.65798732638842239 ) ) ;
#2035 = CARTESIAN_POINT ( 'NONE',  ( 11.42457780851562887, 61.43709453590191316, -24.61396669458283881 ) ) ;
#2036 = B_SPLINE_CURVE_WITH_KNOTS ( 'NONE', 3,
 ( #1031, #2717, #4378, #622, #2300, #2021, #3763, #374, #2904, #5375 ),
 .UNSPECIFIED., .F., .F.,
 ( 4, 2, 2, 2, 4 ),
 ( 1.328269351882053900E-16, 0.001691022631703660009, 0.003382045263407186877, 0.005073067895110715264, 0.006764090526814243651 ),
 .UNSPECIFIED. ) ;
#2037 = CARTESIAN_POINT ( 'NONE',  ( -8.334136043530172344, 47.38857532860460964, 5.829297720896597035 ) ) ;
#2038 = CARTESIAN_POINT ( 'NONE',  ( -36.24374709156889907, 5.149859948093519435, -20.05402625864670796 ) ) ;
#2039 = CARTESIAN_POINT ( 'NONE',  ( -8.412298751012174947, 61.70889715814745102, 9.633238319806505245 ) ) ;
#2040 = CARTESIAN_POINT ( 'NONE',  ( -5.334572068093387465, 57.92009693856962826, -1.375000331689783639 ) ) ;
#2041 = CARTESIAN_POINT ( 'NONE',  ( 10.84058005765649035, 52.93651954313848762, 11.96120662159160375 ) ) ;
#2042 = CARTESIAN_POINT ( 'NONE',  ( -29.54735102529991764, 59.22000715167679630, -1.292189782593838210 ) ) ;
#2043 = CARTESIAN_POINT ( 'NONE',  ( 11.05715179534989367, 60.12860907199894456, -17.27634468322429484 ) ) ;
#2044 = ADVANCED_FACE ( 'NONE', ( #2188 ), #4247, .T. ) ;
#2045 = DIRECTION ( 'NONE',  ( 0.000000000000000000, 1.000000000000000000, 0.000000000000000000 ) ) ;
#2046 = CARTESIAN_POINT ( 'NONE',  ( -35.00596241889275717, 61.35992270189576203, -6.704992689214424928 ) ) ;
#2047 = DIRECTION ( 'NONE',  ( -0.8660254037844432595, 1.745740669421538673E-15, -0.4999999999999920064 ) ) ;
#2048 = ADVANCED_FACE ( 'NONE', ( #952 ), #3826, .F. ) ;
#2049 = CARTESIAN_POINT ( 'NONE',  ( -5.745716132992168212, 44.22071872689625138, -0.1365787982006441692 ) ) ;
#2050 = DIRECTION ( 'NONE',  ( 0.000000000000000000, -1.000000000000000000, -3.491481338843133355E-15 ) ) ;
#2051 = ORIENTED_EDGE ( 'NONE', *, *, #3354, .T. ) ;
#2052 = CARTESIAN_POINT ( 'NONE',  ( -25.50912303600480513, 60.63202139659713197, -12.23719887245485261 ) ) ;
#2053 = ORIENTED_EDGE ( 'NONE', *, *, #3853, .F. ) ;
#2054 = CARTESIAN_POINT ( 'NONE',  ( 1.180799807692946901, 55.66911081230863090, -12.95386251970375824 ) ) ;
#2055 = CARTESIAN_POINT ( 'NONE',  ( -6.074864082910571561, 57.54034821845860392, 3.649123577388976525 ) ) ;
#2056 = CARTESIAN_POINT ( 'NONE',  ( -5.712281811558758804, 61.21086087211324411, -4.400896453533528430 ) ) ;
#2057 = CARTESIAN_POINT ( 'NONE',  ( -3.996785832629637270, 61.76611285053049016, 30.40867963854555001 ) ) ;
#2058 = EDGE_LOOP ( 'NONE', ( #383, #3335, #1512, #3802 ) ) ;
#2059 = CARTESIAN_POINT ( 'NONE',  ( -29.07828137730963292, 60.64668257288330011, -5.757201461186537195 ) ) ;
#2060 = CARTESIAN_POINT ( 'NONE',  ( 9.088074794595158323, 48.58224694624433226, 7.553544234499431909 ) ) ;
#2061 = CARTESIAN_POINT ( 'NONE',  ( -4.745716132992169101, 13.20807434455398344, 16.83398395027638728 ) ) ;
#2062 = CARTESIAN_POINT ( 'NONE',  ( 5.255137221126807034, 58.74170596691387658, -16.72623218639862230 ) ) ;
#2063 = AXIS2_PLACEMENT_3D ( 'NONE', #3654, #1988, #5289 ) ;
#2064 = CARTESIAN_POINT ( 'NONE',  ( 7.874475384221226726, 12.20807434455407581, -10.30960111383676114 ) ) ;
#2065 = CARTESIAN_POINT ( 'NONE',  ( -17.18386169646403161, 63.33378284650663659, -24.18555016019787374 ) ) ;
#2066 = CARTESIAN_POINT ( 'NONE',  ( -16.09604925371139927, 47.60800571122664593, 9.260130096107992870 ) ) ;
#2067 = CARTESIAN_POINT ( 'NONE',  ( 2.560446452976486320, 47.47247392507836139, -0.3661508006750731070 ) ) ;
#2068 = CARTESIAN_POINT ( 'NONE',  ( 18.43093255124789209, 61.84926026144133004, -10.52161365345024890 ) ) ;
#2069 = CARTESIAN_POINT ( 'NONE',  ( 5.105950981272039613, 59.37616709179430785, -20.87102824909733201 ) ) ;
#2070 = B_SPLINE_CURVE_WITH_KNOTS ( 'NONE', 3,
 ( #1485, #2388, #1151, #2757 ),
 .UNSPECIFIED., .F., .F.,
 ( 4, 4 ),
 ( 2.852921668557172100E-07, 0.001429674706846537384 ),
 .UNSPECIFIED. ) ;
#2071 = CARTESIAN_POINT ( 'NONE',  ( -29.25016775683947401, 60.82576484375764636, -5.021382782067299821 ) ) ;
#2072 = CARTESIAN_POINT ( 'NONE',  ( -35.52870124441273703, 61.64235024490930215, -12.47441066006842370 ) ) ;
#2073 = CARTESIAN_POINT ( 'NONE',  ( -7.441690821047827420, 54.99495871474092468, 0.4912827424548940058 ) ) ;
#2074 = DIRECTION ( 'NONE',  ( 1.000000000000000000, 0.000000000000000000, 0.000000000000000000 ) ) ;
#2075 = DIRECTION ( 'NONE',  ( 1.000000000000000000, 0.000000000000000000, 0.000000000000000000 ) ) ;
#2076 = EDGE_CURVE ( 'NONE', #5308, #219, #256, .T. ) ;
#2077 = EDGE_LOOP ( 'NONE', ( #1064, #1853, #3909, #416, #5224, #4764, #5064, #2664, #4661, #4067, #594, #764 ) ) ;
#2078 = CARTESIAN_POINT ( 'NONE',  ( -25.34194358366665156, 55.25571511646079870, 3.374235811382486627 ) ) ;
#2079 = VERTEX_POINT ( 'NONE', #3031 ) ;
#2080 = CIRCLE ( 'NONE', #5127, 37.50000000000000000 ) ;
#2081 = CARTESIAN_POINT ( 'NONE',  ( -11.39521711064261744, -12.40609985788240621, 38.95750074679255448 ) ) ;
#2082 = CARTESIAN_POINT ( 'NONE',  ( -11.10667874448835235, 44.42687875003527154, -7.220051976648659497 ) ) ;
#2083 = CARTESIAN_POINT ( 'NONE',  ( -5.925913538862792151, 61.66211416350387964, -3.944158312060772609 ) ) ;
#2084 = CARTESIAN_POINT ( 'NONE',  ( 2.793274790263720053, 55.66557657783395285, 10.89533499717651921 ) ) ;
#2085 = ORIENTED_EDGE ( 'NONE', *, *, #3975, .T. ) ;
#2086 = CARTESIAN_POINT ( 'NONE',  ( 5.799996721151555512, 47.18035650423466620, 2.470732317812683210 ) ) ;
#2087 = CARTESIAN_POINT ( 'NONE',  ( -8.245716132992169989, -17.07928127310382393, 16.67859292259937831 ) ) ;
#2088 = CARTESIAN_POINT ( 'NONE',  ( 1.869542713660316213, 57.12622387748584885, -21.36482747309457508 ) ) ;
#2089 = LINE ( 'NONE', #5006, #5370 ) ;
#2090 = CARTESIAN_POINT ( 'NONE',  ( 11.40492152515068724, 60.99220454532810010, -16.95090882995523529 ) ) ;
#2091 = EDGE_CURVE ( 'NONE', #3305, #2195, #4367, .T. ) ;
#2092 = CYLINDRICAL_SURFACE ( 'NONE', #866, 39.50000000000000000 ) ;
#2093 = ORIENTED_EDGE ( 'NONE', *, *, #672, .F. ) ;
#2094 = CARTESIAN_POINT ( 'NONE',  ( -3.637721490668175406, 61.68560369307319036, -4.178088908112055577 ) ) ;
#2095 = CARTESIAN_POINT ( 'NONE',  ( -19.30163872922052448, 48.65511585494246560, 9.351967703924602304 ) ) ;
#2096 = CARTESIAN_POINT ( 'NONE',  ( 9.492686457410176359, 48.99814790106171358, 6.837937864498068841 ) ) ;
#2097 = CARTESIAN_POINT ( 'NONE',  ( -23.30825347287001748, 61.85033072415777866, -20.67589214192002700 ) ) ;
#2098 = CARTESIAN_POINT ( 'NONE',  ( -8.253743248075716465, 51.40574760421120715, -4.466582802965291421 ) ) ;
#2099 = CARTESIAN_POINT ( 'NONE',  ( -1.236203347936101871, 50.15579072048938514, -2.296276564420855149 ) ) ;
#2100 = CARTESIAN_POINT ( 'NONE',  ( -17.64576573900196976, 53.70379905045792412, 3.732131740538867426 ) ) ;
#2101 = CARTESIAN_POINT ( 'NONE',  ( 0.01667028186453289526, 55.01256798429150763, -20.92967848014138710 ) ) ;
#2102 = CARTESIAN_POINT ( 'NONE',  ( -9.596235257749933467, 60.97570362029751578, 3.053014039431403148 ) ) ;
#2103 = DIRECTION ( 'NONE',  ( 1.000000000000000000, 0.000000000000000000, 0.000000000000000000 ) ) ;
#2104 = ORIENTED_EDGE ( 'NONE', *, *, #4406, .F. ) ;
#2105 = CARTESIAN_POINT ( 'NONE',  ( -34.99149344368841952, 60.34597150769194940, -6.735926918540839914 ) ) ;
#2106 = ORIENTED_EDGE ( 'NONE', *, *, #2263, .F. ) ;
#2107 = CARTESIAN_POINT ( 'NONE',  ( 22.25428386700782468, 48.71270947356899228, -0.1365787982006284595 ) ) ;
#2108 = CARTESIAN_POINT ( 'NONE',  ( 7.257353714608218986, 61.40241779070365169, -3.106233679039477114 ) ) ;
#2109 = CARTESIAN_POINT ( 'NONE',  ( 11.25428386700782823, -24.27928127310376283, -0.1365787982008105361 ) ) ;
#2110 = CARTESIAN_POINT ( 'NONE',  ( 4.323239548380853670, 57.16951284327369365, 14.98669004116619163 ) ) ;
#2111 = EDGE_LOOP ( 'NONE', ( #3444, #3765, #276, #2742 ) ) ;
#2112 = CARTESIAN_POINT ( 'NONE',  ( 3.574715565090953451, 47.24978122699805994, 0.5257189772423653817 ) ) ;
#2113 = DIRECTION ( 'NONE',  ( 0.000000000000000000, -1.000000000000000000, -3.469446951953613400E-15 ) ) ;
#2114 = ADVANCED_FACE ( 'NONE', ( #3879, #1725 ), #3006, .F. ) ;
#2115 = CARTESIAN_POINT ( 'NONE',  ( 7.610690327558809365, 13.20807434455407225, -9.002604201985253241 ) ) ;
#2116 = CARTESIAN_POINT ( 'NONE',  ( -8.026632009718175809, 49.18450339659109716, -10.33480915150948221 ) ) ;
#2117 = CARTESIAN_POINT ( 'NONE',  ( 25.65091859514993189, -11.79192565544588689, -20.57283538690074209 ) ) ;
#2118 = CARTESIAN_POINT ( 'NONE',  ( -26.15604363289439860, 54.81424168008356901, 6.734918490824919779 ) ) ;
#2119 = CARTESIAN_POINT ( 'NONE',  ( -7.381626034127095615, 58.56751424237840808, 0.7763902522958640029 ) ) ;
#2120 = CARTESIAN_POINT ( 'NONE',  ( -1.356217364874791276, 54.87706700006894067, -21.23490409787730115 ) ) ;
#2121 = DIRECTION ( 'NONE',  ( 1.000000000000000000, 0.000000000000000000, 0.000000000000000000 ) ) ;
#2122 = CARTESIAN_POINT ( 'NONE',  ( 15.86502361310659914, 60.72849628883992068, -10.57573238584320308 ) ) ;
#2123 = CARTESIAN_POINT ( 'NONE',  ( -33.60132337129828528, 61.68516936520640570, -14.79929924854429935 ) ) ;
#2124 = CARTESIAN_POINT ( 'NONE',  ( 0.7523432519271947561, 56.41898140098279413, -21.08162599753863731 ) ) ;
#2125 = EDGE_CURVE ( 'NONE', #4605, #2147, #1646, .T. ) ;
#2126 = AXIS2_PLACEMENT_3D ( 'NONE', #1536, #1895, #4443 ) ;
#2127 = CARTESIAN_POINT ( 'NONE',  ( 15.82591165075710293, 61.72438936800976705, -10.65631618842942530 ) ) ;
#2128 = CARTESIAN_POINT ( 'NONE',  ( 8.897110329753436631, 61.72932282945586735, -5.984594312963057661 ) ) ;
#2129 =( BOUNDED_CURVE ( )  B_SPLINE_CURVE ( 3, ( #3896, #125, #1800, #5133 ),
 .UNSPECIFIED., .F., .T. ) 
 B_SPLINE_CURVE_WITH_KNOTS ( ( 4, 4 ),
 ( 4.645672831974464678, 4.712388980384689674 ),
 .UNSPECIFIED. ) 
 CURVE ( )  GEOMETRIC_REPRESENTATION_ITEM ( )  RATIONAL_B_SPLINE_CURVE ( ( 1.000000000000000000, 0.9996291140226467586, 0.9996291140226467586, 1.000000000000000000 ) ) 
 REPRESENTATION_ITEM ( '' )  );
#2130 = DIRECTION ( 'NONE',  ( 0.000000000000000000, -1.000000000000000000, -3.491481338843133355E-15 ) ) ;
#2131 = CARTESIAN_POINT ( 'NONE',  ( -6.582805798611368608, 45.41043867530988365, 6.282754275392786525 ) ) ;
#2132 = ORIENTED_EDGE ( 'NONE', *, *, #1471, .T. ) ;
#2133 = CARTESIAN_POINT ( 'NONE',  ( -7.995406651859890523, 53.35044311461708588, 0.6394965658219743387 ) ) ;
#2134 = CARTESIAN_POINT ( 'NONE',  ( -27.32496653280430010, 56.27247874607658673, 4.947630987469111119 ) ) ;
#2135 = CARTESIAN_POINT ( 'NONE',  ( -0.7355099530095857707, 60.07986630025597208, 18.98431643362173915 ) ) ;
#2136 = ORIENTED_EDGE ( 'NONE', *, *, #494, .T. ) ;
#2137 = PLANE ( 'NONE',  #4096 ) ;
#2138 = EDGE_CURVE ( 'NONE', #1534, #140, #3599, .T. ) ;
#2139 = DIRECTION ( 'NONE',  ( 0.4723368321173969653, -0.3280116889704148275, 0.8181113915134528014 ) ) ;
#2140 = B_SPLINE_CURVE_WITH_KNOTS ( 'NONE', 3,
 ( #946, #5185, #4806, #1059, #648, #4005, #1383, #4319, #2322, #2623 ),
 .UNSPECIFIED., .F., .F.,
 ( 4, 3, 3, 4 ),
 ( 1.253028646898746821E-05, 0.0002674592003815690869, 0.0005349184008848060405, 0.001012443596847392930 ),
 .UNSPECIFIED. ) ;
#2141 = CARTESIAN_POINT ( 'NONE',  ( -8.528830768459325640, 61.70177600624513303, 7.965991409208799112 ) ) ;
#2142 = PLANE ( 'NONE',  #1616 ) ;
#2143 = CARTESIAN_POINT ( 'NONE',  ( -12.89668306436391809, 47.29580546324802270, -3.015523148939577958 ) ) ;
#2144 = EDGE_CURVE ( 'NONE', #215, #4223, #3396, .T. ) ;
#2145 = VERTEX_POINT ( 'NONE', #2978 ) ;
#2146 = CARTESIAN_POINT ( 'NONE',  ( 10.90653337379056786, 61.75146515702840588, -7.339464279045781581 ) ) ;
#2147 = VERTEX_POINT ( 'NONE', #3471 ) ;
#2148 = CARTESIAN_POINT ( 'NONE',  ( -4.893676095708737961, 57.18728018038115124, -0.1312116788085037622 ) ) ;
#2149 = VECTOR ( 'NONE', #3649, 1000.000000000000000 ) ;
#2150 = CARTESIAN_POINT ( 'NONE',  ( 10.46232714584392021, 50.64269172008413733, 9.659420915786077089 ) ) ;
#2151 = CARTESIAN_POINT ( 'NONE',  ( 1.182316519266554788, 55.97332732928065724, -21.31433452951558749 ) ) ;
#2152 = CARTESIAN_POINT ( 'NONE',  ( -29.48822159878572080, 59.97878582742038844, -1.755291043944137819 ) ) ;
#2153 = CARTESIAN_POINT ( 'NONE',  ( -15.19221914142731755, 54.42595440942676532, 2.316236073013106633 ) ) ;
#2154 = CARTESIAN_POINT ( 'NONE',  ( -4.312963437228665597, 58.82380169307482021, 0.5719001522269391291 ) ) ;
#2155 = CARTESIAN_POINT ( 'NONE',  ( -11.84797004700010170, 63.06286578510721341, 6.744929866035962007 ) ) ;
#2156 = CARTESIAN_POINT ( 'NONE',  ( -11.62832905795864313, -15.94509170470275272, 36.89933375383313319 ) ) ;
#2157 = LINE ( 'NONE', #3844, #1815 ) ;
#2158 = VERTEX_POINT ( 'NONE', #1284 ) ;
#2159 = CARTESIAN_POINT ( 'NONE',  ( -24.62483041426757069, 57.02358662328333594, -0.4309949470825591433 ) ) ;
#2160 = CARTESIAN_POINT ( 'NONE',  ( -11.72958796906527823, -15.82203326363329410, 38.90765080886784943 ) ) ;
#2161 = CARTESIAN_POINT ( 'NONE',  ( -14.08528812579125322, 55.71728988940943594, 6.326637440447575145 ) ) ;
#2162 = CARTESIAN_POINT ( 'NONE',  ( 7.398297545415471355, 57.82223816296177432, 18.89949322445415447 ) ) ;
#2163 = VERTEX_POINT ( 'NONE', #5110 ) ;
#2164 = DIRECTION ( 'NONE',  ( -1.000000000000000000, 0.000000000000000000, 0.000000000000000000 ) ) ;
#2165 = CARTESIAN_POINT ( 'NONE',  ( -0.2584019871417878034, 55.59921983301703108, -21.30212981736400479 ) ) ;
#2166 = CARTESIAN_POINT ( 'NONE',  ( -8.002599366855408292, 61.72932282945584603, 15.46848865912504678 ) ) ;
#2167 = CARTESIAN_POINT ( 'NONE',  ( -9.558553329550425914, 46.87057126794570650, -6.665102154784527499 ) ) ;
#2168 = CARTESIAN_POINT ( 'NONE',  ( 19.69040419742377068, 63.63270260737007078, -0.5308793737502245369 ) ) ;
#2169 = ORIENTED_EDGE ( 'NONE', *, *, #2427, .T. ) ;
#2170 = CARTESIAN_POINT ( 'NONE',  ( -2.069425874384217767, 61.21086087211324411, 2.024535001185153504 ) ) ;
#2171 = VERTEX_POINT ( 'NONE', #1363 ) ;
#2172 = CARTESIAN_POINT ( 'NONE',  ( -4.382152551297517462, 52.91193366927051045, 2.353510706883925607 ) ) ;
#2173 = CARTESIAN_POINT ( 'NONE',  ( 19.77266206760407030, 60.70606956678899735, -8.119708345216706036 ) ) ;
#2174 = CARTESIAN_POINT ( 'NONE',  ( -34.47956144539043777, 61.60459055473314294, -10.64958833985540032 ) ) ;
#2175 = CARTESIAN_POINT ( 'NONE',  ( -9.609134214437851540, 47.03517186755372137, -10.45568363239892840 ) ) ;
#2176 = CARTESIAN_POINT ( 'NONE',  ( -17.36275983046183669, 64.36442683340267479, 16.30272440958598779 ) ) ;
#2177 = CIRCLE ( 'NONE', #2440, 16.99999999999999289 ) ;
#2178 = FACE_OUTER_BOUND ( 'NONE', #1073, .T. ) ;
#2179 = FACE_OUTER_BOUND ( 'NONE', #1803, .T. ) ;
#2180 = ORIENTED_EDGE ( 'NONE', *, *, #100, .F. ) ;
#2181 = CARTESIAN_POINT ( 'NONE',  ( -14.81904762407101295, 61.40241779070365169, -9.912740172986932663 ) ) ;
#2182 = B_SPLINE_CURVE_WITH_KNOTS ( 'NONE', 3,
 ( #4775, #1574, #260, #1879, #1908, #1493, #5263, #3973, #726, #1027 ),
 .UNSPECIFIED., .F., .F.,
 ( 4, 2, 2, 2, 4 ),
 ( 0.005853310000959535860, 0.007905232543755316699, 0.009957155086551098405, 0.01200907762934687838, 0.01406100017214265835 ),
 .UNSPECIFIED. ) ;
#2183 = CARTESIAN_POINT ( 'NONE',  ( 0.05036060682018974471, 63.07624576499578950, 3.238874191449910622 ) ) ;
#2184 = ADVANCED_FACE ( 'NONE', ( #4632 ), #4704, .T. ) ;
#2185 = CARTESIAN_POINT ( 'NONE',  ( -6.145467394431788577, 61.80402297214292417, 25.78583626059755218 ) ) ;
#2186 = CARTESIAN_POINT ( 'NONE',  ( -4.399366797893764058, 56.04237282055830605, 0.04477280487598920417 ) ) ;
#2187 = ORIENTED_EDGE ( 'NONE', *, *, #501, .T. ) ;
#2188 = FACE_OUTER_BOUND ( 'NONE', #2581, .T. ) ;
#2189 = CARTESIAN_POINT ( 'NONE',  ( -7.421170203787914588, 61.72438936800976705, 23.80486755862257908 ) ) ;
#2190 = CARTESIAN_POINT ( 'NONE',  ( -5.818812166964251631, 49.31326011789337826, -17.81023905451717226 ) ) ;
#2191 = EDGE_CURVE ( 'NONE', #2195, #4589, #4600, .T. ) ;
#2192 = CARTESIAN_POINT ( 'NONE',  ( 19.83989290443229336, 61.67005203732067287, -8.817654608681316120 ) ) ;
#2193 = EDGE_LOOP ( 'NONE', ( #4173, #707, #1948, #2711 ) ) ;
#2194 = CARTESIAN_POINT ( 'NONE',  ( -4.911609575699595887, -21.87705438810128200, 37.36342120179911319 ) ) ;
#2195 = VERTEX_POINT ( 'NONE', #4202 ) ;
#2196 = CIRCLE ( 'NONE', #3181, 16.99999999999999645 ) ;
#2197 = CARTESIAN_POINT ( 'NONE',  ( -7.891339036238942839, 49.44077775071522751, 4.382013173648572568 ) ) ;
#2198 = CARTESIAN_POINT ( 'NONE',  ( 18.44293074536102850, 60.64945475693079402, -10.50443569581256931 ) ) ;
#2199 = CARTESIAN_POINT ( 'NONE',  ( 11.17860814370255085, 61.00706300673262206, -17.15717490768429343 ) ) ;
#2200 = CARTESIAN_POINT ( 'NONE',  ( -14.32903384048079864, 65.29693243694174498, -18.08553137552398482 ) ) ;
#2201 = CARTESIAN_POINT ( 'NONE',  ( 0.6963225741297887073, 60.12860907208273176, 22.98501462670459716 ) ) ;
#2202 = CARTESIAN_POINT ( 'NONE',  ( -7.745716132992169101, -21.27928127310381967, 16.74536421793325403 ) ) ;
#2203 = CARTESIAN_POINT ( 'NONE',  ( -28.75032923869314772, 61.09845198646150521, -6.986485367044865669 ) ) ;
#2204 = ORIENTED_EDGE ( 'NONE', *, *, #3440, .F. ) ;
#2205 = ADVANCED_FACE ( 'NONE', ( #3603 ), #4607, .T. ) ;
#2206 = UNCERTAINTY_MEASURE_WITH_UNIT (LENGTH_MEASURE( 1.000000000000000082E-05 ), #2615, 'distance_accuracy_value', 'NONE');
#2207 = AXIS2_PLACEMENT_3D ( 'NONE', #3416, #2885, #2491 ) ;
#2208 = CARTESIAN_POINT ( 'NONE',  ( -23.59246201423178491, 61.13837686398080962, -19.39226718860381027 ) ) ;
#2209 = CARTESIAN_POINT ( 'NONE',  ( 25.40798735904703420, -17.07928127310368893, -21.00992924153180397 ) ) ;
#2210 = CARTESIAN_POINT ( 'NONE',  ( -8.830083715684594381, 61.66755760848361234, 3.798732703425987456 ) ) ;
#2211 = EDGE_CURVE ( 'NONE', #1330, #3954, #4999, .T. ) ;
#2212 = CARTESIAN_POINT ( 'NONE',  ( 7.610690327558809365, 13.20807434455407225, -9.002604201985253241 ) ) ;
#2213 = CARTESIAN_POINT ( 'NONE',  ( 5.963913209608763921, 58.33321268545121541, 20.18901724502500628 ) ) ;
#2214 = CARTESIAN_POINT ( 'NONE',  ( -15.81106030976638799, 62.70952211729002812, 23.51801661412030597 ) ) ;
#2215 = ORIENTED_EDGE ( 'NONE', *, *, #2144, .T. ) ;
#2216 = CARTESIAN_POINT ( 'NONE',  ( -0.8000939116107723681, 60.49270841090491047, -0.9657176375829499282 ) ) ;
#2217 = CARTESIAN_POINT ( 'NONE',  ( -10.31315845361414496, 47.40409088011933392, 7.326893928362234298 ) ) ;
#2218 = CARTESIAN_POINT ( 'NONE',  ( -7.417690946144675834, -19.46399381122460071, 16.80169978118458829 ) ) ;
#2219 = CARTESIAN_POINT ( 'NONE',  ( 12.66977765051310811, 43.79402849807258491, 5.247454379908488953 ) ) ;
#2220 = CARTESIAN_POINT ( 'NONE',  ( -1.550807904660667091, 62.15535093676557921, 1.584611181327801877 ) ) ;
#2221 = ORIENTED_EDGE ( 'NONE', *, *, #2836, .F. ) ;
#2222 = DIRECTION ( 'NONE',  ( 0.8660254037844363761, 1.745740669421580877E-15, -0.5000000000000039968 ) ) ;
#2223 = CARTESIAN_POINT ( 'NONE',  ( -2.358156844124901674, 61.66211416350387964, 1.611155427549136210 ) ) ;
#2224 = EDGE_CURVE ( 'NONE', #659, #3505, #2345, .T. ) ;
#2225 = ORIENTED_EDGE ( 'NONE', *, *, #4039, .F. ) ;
#2226 = CARTESIAN_POINT ( 'NONE',  ( -8.151674462205697580, 49.70202441272066807, 4.248935489666335386 ) ) ;
#2227 = APPLICATION_CONTEXT ( 'automotive_design' ) ;
#2228 = CARTESIAN_POINT ( 'NONE',  ( 10.66241670169636180, 52.55583906084468993, 11.97658377439547372 ) ) ;
#2229 = CARTESIAN_POINT ( 'NONE',  ( 1.248032884351914618, 55.58965948328178541, -21.22024762569541423 ) ) ;
#2230 = CARTESIAN_POINT ( 'NONE',  ( 2.534932875572859068, 55.15177979819006282, 4.843664519498762644 ) ) ;
#2231 = DIRECTION ( 'NONE',  ( 1.000000000000000000, 0.000000000000000000, 0.000000000000000000 ) ) ;
#2232 = PLANE ( 'NONE',  #5389 ) ;
#2233 = AXIS2_PLACEMENT_3D ( 'NONE', #1074, #5254, #2007 ) ;
#2234 = CARTESIAN_POINT ( 'NONE',  ( -29.07225579558851436, 58.93656895130641971, 0.8528322917259569813 ) ) ;
#2235 = ORIENTED_EDGE ( 'NONE', *, *, #4621, .F. ) ;
#2236 = CARTESIAN_POINT ( 'NONE',  ( -6.289980771710738772, 49.98387847377704674, -18.03461775791887689 ) ) ;
#2237 = CARTESIAN_POINT ( 'NONE',  ( 27.68401559577787907, -5.562502798504294077, -17.12784233398488354 ) ) ;
#2238 = CARTESIAN_POINT ( 'NONE',  ( 6.537056164482460296, 65.35454899958750730, 3.553707726049190718 ) ) ;
#2239 = CARTESIAN_POINT ( 'NONE',  ( 9.245081830752861052, 56.35699517527953617, 16.44228275286258878 ) ) ;
#2240 = CARTESIAN_POINT ( 'NONE',  ( -4.861891295932637469, 54.49986118623760945, -6.733517093613208715 ) ) ;
#2241 = ORIENTED_EDGE ( 'NONE', *, *, #5293, .T. ) ;
#2242 = AXIS2_PLACEMENT_3D ( 'NONE', #2977, #2945, #4631 ) ;
#2243 = CARTESIAN_POINT ( 'NONE',  ( -9.659832633398735879, 47.60069591164258895, 7.035819510818003053 ) ) ;
#2244 = AXIS2_PLACEMENT_3D ( 'NONE', #994, #2988, #4640 ) ;
#2245 = CARTESIAN_POINT ( 'NONE',  ( -5.467728681418865477, 50.10866346783542014, -22.46314451008044344 ) ) ;
#2246 = CARTESIAN_POINT ( 'NONE',  ( 1.609824414946684712, 60.73655054030334810, 31.21945074190247382 ) ) ;
#2247 = EDGE_CURVE ( 'NONE', #1758, #4623, #1877, .T. ) ;
#2248 = CARTESIAN_POINT ( 'NONE',  ( -6.261835705259843010, 56.04237282055830605, -1.393227326302702185 ) ) ;
#2249 = ORIENTED_EDGE ( 'NONE', *, *, #2282, .F. ) ;
#2250 = CARTESIAN_POINT ( 'NONE',  ( -9.562650229306466798, 50.24659354051463822, -3.374795027551106941 ) ) ;
#2251 = DIRECTION ( 'NONE',  ( 1.000000000000000000, 0.000000000000000000, 0.000000000000000000 ) ) ;
#2252 = ORIENTED_EDGE ( 'NONE', *, *, #1435, .T. ) ;
#2253 = AXIS2_PLACEMENT_3D ( 'NONE', #4187, #5326, #399 ) ;
#2254 = VECTOR ( 'NONE', #1109, 1000.000000000000114 ) ;
#2255 = CARTESIAN_POINT ( 'NONE',  ( -9.306181463454445080, 46.71203159333677490, 6.329620916740505976 ) ) ;
#2256 = CARTESIAN_POINT ( 'NONE',  ( 0.2381557030809401121, -12.76181804725889890, 38.90765080886785654 ) ) ;
#2257 = ADVANCED_FACE ( 'NONE', ( #5208 ), #1467, .T. ) ;
#2258 = CARTESIAN_POINT ( 'NONE',  ( -2.063146704952656396, 61.64132716414940916, 32.73532393869820112 ) ) ;
#2259 = CARTESIAN_POINT ( 'NONE',  ( 4.216257431656758925, 57.43085553501835960, -20.96857237282432251 ) ) ;
#2260 = CARTESIAN_POINT ( 'NONE',  ( -12.71521373644070430, 58.03797118049853054, -1.968980176663591708 ) ) ;
#2261 = CARTESIAN_POINT ( 'NONE',  ( 0.6046735543406558389, 59.99069943802962257, 23.00802210177190688 ) ) ;
#2262 = DIRECTION ( 'NONE',  ( 0.000000000000000000, 0.000000000000000000, 1.000000000000000000 ) ) ;
#2263 = EDGE_CURVE ( 'NONE', #3204, #2626, #1678, .T. ) ;
#2264 = CLOSED_SHELL ( 'NONE', ( #4139, #3186, #252, #1045, #4714, #4047, #5095, #104, #4072, #1476, #5333, #908, #4646, #3679, #5249, #646, #2114, #1288, #2891, #1269, #597, #2048, #314, #334, #591, #3509, #3708, #2346, #2044, #582, #4955, #1710, #1637, #5345, #5319, #2471, #2184, #1454, #2529, #4000, #2931, #339, #3271, #5207, #3032, #1973, #78, #836, #3743, #1707, #1961, #4189, #3865, #1164, #14, #2828, #5283, #3924, #4699, #4524, #2721, #1777, #975 ) ) ;
#2265 = DIRECTION ( 'NONE',  ( 1.000000000000000000, 0.000000000000000000, 0.000000000000000000 ) ) ;
#2266 = B_SPLINE_CURVE_WITH_KNOTS ( 'NONE', 3,
 ( #243, #1092, #3306, #5353 ),
 .UNSPECIFIED., .F., .F.,
 ( 4, 4 ),
 ( 3.139740802138467541E-05, 0.001699480926579773152 ),
 .UNSPECIFIED. ) ;
#2267 = FACE_OUTER_BOUND ( 'NONE', #443, .T. ) ;
#2268 = CARTESIAN_POINT ( 'NONE',  ( -7.510513805135881071, 60.72849628883992068, 23.79844761031599631 ) ) ;
#2269 = CARTESIAN_POINT ( 'NONE',  ( 9.451222323706858219, 13.20807434455406870, -7.755834768654951361 ) ) ;
#2270 = AXIS2_PLACEMENT_3D ( 'NONE', #1867, #4388, #1071 ) ;
#2271 = CARTESIAN_POINT ( 'NONE',  ( 10.59006532382022669, 49.92913263927973588, 9.423684674403233430 ) ) ;
#2272 = CARTESIAN_POINT ( 'NONE',  ( -3.840455828274464967, 59.80730694924957902, 13.63295371505654963 ) ) ;
#2273 = ORIENTED_EDGE ( 'NONE', *, *, #3001, .T. ) ;
#2274 = CARTESIAN_POINT ( 'NONE',  ( -7.293606569339343260, 60.72264120595421844, 25.86924784851273174 ) ) ;
#2275 = CARTESIAN_POINT ( 'NONE',  ( -0.7596809648304663209, 59.45356392342446128, -0.5672248165055384650 ) ) ;
#2276 = CARTESIAN_POINT ( 'NONE',  ( -7.839845407499042906, 47.10825756703513889, -15.73458454494343783 ) ) ;
#2277 = CARTESIAN_POINT ( 'NONE',  ( -9.459141342061878177, 46.63626679501430061, -7.551202140813028763 ) ) ;
#2278 = CARTESIAN_POINT ( 'NONE',  ( 20.88109274289735495, 61.77942895002099988, -8.831855744880057202 ) ) ;
#2279 = ORIENTED_EDGE ( 'NONE', *, *, #2791, .F. ) ;
#2280 = CARTESIAN_POINT ( 'NONE',  ( -7.745716132992169101, -9.171272019776701256, 37.31004988850474291 ) ) ;
#2281 = CARTESIAN_POINT ( 'NONE',  ( -25.59165820694720850, 60.72849628883992068, -13.63245161907538616 ) ) ;
#2282 = EDGE_CURVE ( 'NONE', #4730, #3013, #1091, .T. ) ;
#2283 = ORIENTED_EDGE ( 'NONE', *, *, #4550, .T. ) ;
#2284 = CARTESIAN_POINT ( 'NONE',  ( -19.10483502238942677, 48.00213456012053115, 8.931207358879708735 ) ) ;
#2285 = EDGE_CURVE ( 'NONE', #5357, #1894, #551, .T. ) ;
#2286 = CARTESIAN_POINT ( 'NONE',  ( 0.1345438143442400092, -12.63628001843852289, 38.92345379309493580 ) ) ;
#2287 = CARTESIAN_POINT ( 'NONE',  ( 7.917670316017411558, 55.22813060931048312, 13.71025280259414814 ) ) ;
#2288 = CARTESIAN_POINT ( 'NONE',  ( -25.31778744959491689, 53.03280605363725186, 6.885484575640036020 ) ) ;
#2289 = AXIS2_PLACEMENT_3D ( 'NONE', #3606, #1498, #4433 ) ;
#2290 = CARTESIAN_POINT ( 'NONE',  ( -2.261404786146198109, 53.95554370783776221, -20.91323595406998948 ) ) ;
#2291 = CARTESIAN_POINT ( 'NONE',  ( -19.49183314496975683, 62.11188470768775005, -11.88788178396494999 ) ) ;
#2292 = DIRECTION ( 'NONE',  ( 0.000000000000000000, -1.000000000000000000, -3.491481338843133355E-15 ) ) ;
#2293 = CARTESIAN_POINT ( 'NONE',  ( -7.603379664503880697, 56.25544306421151219, -11.01865742770822010 ) ) ;
#2294 = CARTESIAN_POINT ( 'NONE',  ( -10.55064205268335442, -16.66443264644702893, 37.05462828672594355 ) ) ;
#2295 = CARTESIAN_POINT ( 'NONE',  ( -29.57186134537535693, 59.61604761438270117, -1.239787463053414696 ) ) ;
#2296 = ORIENTED_EDGE ( 'NONE', *, *, #4786, .T. ) ;
#2297 = CARTESIAN_POINT ( 'NONE',  ( -3.991455939454152002, 52.35773887760069556, -20.14780800894764923 ) ) ;
#2298 = DIRECTION ( 'NONE',  ( 0.000000000000000000, -1.000000000000000000, -3.491481338843133355E-15 ) ) ;
#2299 = CARTESIAN_POINT ( 'NONE',  ( -36.49308799312635898, 12.87542560612712350, -16.34977200279032061 ) ) ;
#2300 = CARTESIAN_POINT ( 'NONE',  ( 3.788014077956518122, 60.30591803770364834, 21.78396497037008572 ) ) ;
#2301 = CARTESIAN_POINT ( 'NONE',  ( -6.055954036650600614, 56.16883468406138036, -8.026401562906546161 ) ) ;
#2302 = ORIENTED_EDGE ( 'NONE', *, *, #4251, .F. ) ;
#2303 =( GEOMETRIC_REPRESENTATION_CONTEXT ( 3 ) GLOBAL_UNCERTAINTY_ASSIGNED_CONTEXT ( ( #2206 ) ) GLOBAL_UNIT_ASSIGNED_CONTEXT ( ( #2615, #4284, #1053 ) ) REPRESENTATION_CONTEXT ( 'NONE', 'WORKASPACE' ) );
#2304 = CARTESIAN_POINT ( 'NONE',  ( -7.293896292113732471, 60.70568396020066615, 25.86927285427976386 ) ) ;
#2305 = CARTESIAN_POINT ( 'NONE',  ( -11.40873616926399414, 41.93584598163069188, -15.74851119492928397 ) ) ;
#2306 = CARTESIAN_POINT ( 'NONE',  ( 0.8872998464100430027, 57.24621425694513022, 14.95204560672094907 ) ) ;
#2307 = CARTESIAN_POINT ( 'NONE',  ( -27.49589897135737715, 61.05592553536884992, -14.47482739544798847 ) ) ;
#2308 = ORIENTED_EDGE ( 'NONE', *, *, #668, .F. ) ;
#2309 = CARTESIAN_POINT ( 'NONE',  ( 7.566649746218478967, -17.07928127310372446, -10.70922816806213440 ) ) ;
#2310 = FACE_OUTER_BOUND ( 'NONE', #1413, .T. ) ;
#2311 = EDGE_LOOP ( 'NONE', ( #4508, #3010, #2697, #2658, #4270, #1123, #3862, #3777, #5352, #3291, #3534, #2970, #2583, #2296, #4147, #1744 ) ) ;
#2312 = DIRECTION ( 'NONE',  ( 0.000000000000000000, -1.000000000000000000, -3.491481338843133355E-15 ) ) ;
#2313 = EDGE_CURVE ( 'NONE', #4223, #4752, #862, .T. ) ;
#2314 = CARTESIAN_POINT ( 'NONE',  ( 9.451222323706858219, 13.20807434455406870, -7.755834768654951361 ) ) ;
#2315 = CARTESIAN_POINT ( 'NONE',  ( -5.745716133001510073, 58.99600327347285145, 4.863421201799198457 ) ) ;
#2316 = CARTESIAN_POINT ( 'NONE',  ( -12.20054656113075531, 60.60963346920654260, -5.341387551374877418 ) ) ;
#2317 = CYLINDRICAL_SURFACE ( 'NONE', #762, 5.000000000000000000 ) ;
#2318 = CARTESIAN_POINT ( 'NONE',  ( -29.59637166545079978, 60.01208807708861315, -1.187385143512982300 ) ) ;
#2319 = EDGE_LOOP ( 'NONE', ( #1007, #4199, #3791, #1587 ) ) ;
#2320 = CARTESIAN_POINT ( 'NONE',  ( -0.9414972900121054700, -11.91917259716979416, 39.07046991827341031 ) ) ;
#2321 = CARTESIAN_POINT ( 'NONE',  ( -7.459753217061342312, 61.29288443889673488, 23.80213755602790826 ) ) ;
#2322 = CARTESIAN_POINT ( 'NONE',  ( 15.85878537379639042, 60.88702391677341552, -10.58864655221454498 ) ) ;
#2323 = LINE ( 'NONE', #2212, #4816 ) ;
#2324 = AXIS2_PLACEMENT_3D ( 'NONE', #3288, #1174, #2862 ) ;
#2325 = CARTESIAN_POINT ( 'NONE',  ( -14.79754935681650352, 61.05163732867175952, 25.34661143788031978 ) ) ;
#2326 = CARTESIAN_POINT ( 'NONE',  ( -20.61993193784025280, 66.19867457524364340, 17.78271028871856529 ) ) ;
#2327 = ORIENTED_EDGE ( 'NONE', *, *, #799, .T. ) ;
#2328 = CARTESIAN_POINT ( 'NONE',  ( -7.293799717855602438, 60.71133637545185735, 25.86926451902408530 ) ) ;
#2329 = CARTESIAN_POINT ( 'NONE',  ( -2.448997391504063703, 53.08134353592631527, -23.40833869074032947 ) ) ;
#2330 = CARTESIAN_POINT ( 'NONE',  ( 0.2321342169031110902, 45.41043867530988365, -2.621304419325976909 ) ) ;
#2331 = CARTESIAN_POINT ( 'NONE',  ( -10.22118061293588731, 59.31586405618158864, 5.144029434595676520 ) ) ;
#2332 = ORIENTED_EDGE ( 'NONE', *, *, #366, .F. ) ;
#2333 = CARTESIAN_POINT ( 'NONE',  ( 10.50524109628724823, 53.95554370783776221, 13.26925192079685090 ) ) ;
#2334 = CARTESIAN_POINT ( 'NONE',  ( -25.62916412023048451, 61.47047665519917814, -13.57713295860611780 ) ) ;
#2335 = ORIENTED_EDGE ( 'NONE', *, *, #2791, .T. ) ;
#2336 = CARTESIAN_POINT ( 'NONE',  ( -5.152330402719053737, 61.54966526911073288, 23.86342120179956794 ) ) ;
#2337 = CARTESIAN_POINT ( 'NONE',  ( 19.82944448587554120, 61.51733492533557524, -22.19101373416884826 ) ) ;
#2338 = CARTESIAN_POINT ( 'NONE',  ( 2.674001799182338157, 61.67896054157849761, 24.54204948367319972 ) ) ;
#2339 = CARTESIAN_POINT ( 'NONE',  ( -23.40533919784896355, 60.87334796872731602, -13.45241416032144421 ) ) ;
#2340 = CARTESIAN_POINT ( 'NONE',  ( -5.991832319608839441, 59.10605835875193748, -1.425246160091527603 ) ) ;
#2341 = VECTOR ( 'NONE', #4427, 1000.000000000000000 ) ;
#2342 = DIRECTION ( 'NONE',  ( 0.000000000000000000, -1.000000000000000000, -3.491481338843133355E-15 ) ) ;
#2343 = CARTESIAN_POINT ( 'NONE',  ( -27.64745385023967827, 56.74066302127840800, 4.660357779389008748 ) ) ;
#2344 = ORIENTED_EDGE ( 'NONE', *, *, #3275, .F. ) ;
#2345 = LINE ( 'NONE', #1881, #1511 ) ;
#2346 = ADVANCED_FACE ( 'NONE', ( #1398 ), #3991, .T. ) ;
#2347 = CARTESIAN_POINT ( 'NONE',  ( -3.778506337776265323, 55.78586753193348358, 4.464516713049913044 ) ) ;
#2348 = CARTESIAN_POINT ( 'NONE',  ( -22.17113095285122526, 47.60606332306167587, 12.48033652426761542 ) ) ;
#2349 = CARTESIAN_POINT ( 'NONE',  ( -5.491473917515974357, 51.02584086930844620, -19.25057909715251725 ) ) ;
#2350 = CARTESIAN_POINT ( 'NONE',  ( -10.12021713093484721, 53.96588350478029383, 2.298594131629657422 ) ) ;
#2351 = CARTESIAN_POINT ( 'NONE',  ( -3.745716132992169545, 5.197603193737787564, 36.22791381078093309 ) ) ;
#2352 = EDGE_LOOP ( 'NONE', ( #121, #4114, #4091, #1090, #3877 ) ) ;
#2353 = CARTESIAN_POINT ( 'NONE',  ( -35.26110240520520733, 60.64220529692693162, -2.323381953804625422 ) ) ;
#2354 = CARTESIAN_POINT ( 'NONE',  ( 3.706174035364585784, 57.70343359789227833, -24.37775220893419714 ) ) ;
#2355 = CARTESIAN_POINT ( 'NONE',  ( 5.384102843289332974, 43.21540982555367805, 0.1912335713456069786 ) ) ;
#2356 = CARTESIAN_POINT ( 'NONE',  ( 10.64409599322924649, 66.13636457234710520, 2.604608180140969509 ) ) ;
#2357 = VECTOR ( 'NONE', #1290, 1000.000000000000000 ) ;
#2358 = ORIENTED_EDGE ( 'NONE', *, *, #3655, .T. ) ;
#2359 = DIRECTION ( 'NONE',  ( 0.000000000000000000, -1.000000000000000000, -3.491481338843133355E-15 ) ) ;
#2360 = CARTESIAN_POINT ( 'NONE',  ( 27.67302218151595383, -10.91702045413500954, -17.12149528330146353 ) ) ;
#2361 = VERTEX_POINT ( 'NONE', #2127 ) ;
#2362 = CARTESIAN_POINT ( 'NONE',  ( -6.130119395477155564, 50.15579072048938514, 4.848622715458493104 ) ) ;
#2363 = EDGE_CURVE ( 'NONE', #4513, #2784, #1817, .T. ) ;
#2364 = CARTESIAN_POINT ( 'NONE',  ( -10.52486114516891647, 44.73052067723265424, -17.49285550993450755 ) ) ;
#2365 = CARTESIAN_POINT ( 'NONE',  ( -8.839153696275573679, 54.19300853156445896, 0.9307123970870287977 ) ) ;
#2366 = CARTESIAN_POINT ( 'NONE',  ( -10.24571613299216821, 16.22071872689625138, -0.1365787982006930468 ) ) ;
#2367 = CARTESIAN_POINT ( 'NONE',  ( 0.1989819631486996754, 48.87512761765895419, -1.846666654130259433 ) ) ;
#2368 = CARTESIAN_POINT ( 'NONE',  ( -29.82851911855476246, 60.95926514161861576, -4.412144963812621334 ) ) ;
#2369 = CARTESIAN_POINT ( 'NONE',  ( -1.245716132992168435, 16.22071872689625138, -0.1365787982006924917 ) ) ;
#2370 = CARTESIAN_POINT ( 'NONE',  ( -29.90621588685638343, 58.66196286442519892, -2.752094836152573887 ) ) ;
#2371 = CARTESIAN_POINT ( 'NONE',  ( 9.446963899473503901, 56.27247874607667200, 16.00949534982709821 ) ) ;
#2372 = CARTESIAN_POINT ( 'NONE',  ( -6.420689844209731767, 51.75795633886417590, -5.102289062021020172 ) ) ;
#2373 = CARTESIAN_POINT ( 'NONE',  ( -8.964515630747310837, 53.35732834013377612, -0.7455621225865606272 ) ) ;
#2374 = CIRCLE ( 'NONE', #8, 16.99999999999999645 ) ;
#2375 = EDGE_CURVE ( 'NONE', #3666, #2158, #1950, .T. ) ;
#2376 = CARTESIAN_POINT ( 'NONE',  ( -10.74226651426352674, 56.86380734972227913, -0.4596618960945966781 ) ) ;
#2377 = CARTESIAN_POINT ( 'NONE',  ( -22.52861277391103911, 65.43378626205733894, 20.54225202027276254 ) ) ;
#2378 = VERTEX_POINT ( 'NONE', #3094 ) ;
#2379 = CARTESIAN_POINT ( 'NONE',  ( -20.42857836559598539, 46.80824434961958502, 10.94321913041639505 ) ) ;
#2380 = EDGE_CURVE ( 'NONE', #3556, #3200, #4214, .T. ) ;
#2381 = CARTESIAN_POINT ( 'NONE',  ( 20.89083759078004476, 60.68546230282285592, -16.91390392992063596 ) ) ;
#2382 = CARTESIAN_POINT ( 'NONE',  ( 8.260377283725157227, 42.50990926783135393, 1.571584738925849267 ) ) ;
#2383 = CARTESIAN_POINT ( 'NONE',  ( -14.55865254902509598, 56.28208695791425242, 5.648915948961464650 ) ) ;
#2384 = EDGE_LOOP ( 'NONE', ( #4442, #1529, #3328, #5189 ) ) ;
#2385 = DIRECTION ( 'NONE',  ( -0.000000000000000000, 1.000000000000000000, 3.491481338843133355E-15 ) ) ;
#2386 = CARTESIAN_POINT ( 'NONE',  ( -27.74575320267778977, 56.04749845340171532, 3.780994836363912537 ) ) ;
#2387 = VECTOR ( 'NONE', #3940, 1000.000000000000000 ) ;
#2388 = CARTESIAN_POINT ( 'NONE',  ( 23.56230503569118540, 12.54209188784903617, -18.98128354904326187 ) ) ;
#2389 = CIRCLE ( 'NONE', #1420, 88.00000000000000000 ) ;
#2390 = CARTESIAN_POINT ( 'NONE',  ( 17.72926926223407307, 61.52875077986768559, -24.61686092404193360 ) ) ;
#2391 =( NAMED_UNIT ( * ) SI_UNIT ( $, .STERADIAN. ) SOLID_ANGLE_UNIT ( ) );
#2392 = CARTESIAN_POINT ( 'NONE',  ( -5.720526464580635739, 63.07624576499578950, -6.843854991987747383 ) ) ;
#2393 = CARTESIAN_POINT ( 'NONE',  ( -7.895724296279901466, 65.71024631943993199, -10.25181007498097507 ) ) ;
#2394 = CARTESIAN_POINT ( 'NONE',  ( 9.480962981517373933, 48.98160650235340796, 6.838949709381796360 ) ) ;
#2395 = FACE_OUTER_BOUND ( 'NONE', #1655, .T. ) ;
#2396 = CARTESIAN_POINT ( 'NONE',  ( 5.060829186774495447, 58.86239497902231932, -20.82445253860947787 ) ) ;
#2397 = B_SPLINE_CURVE_WITH_KNOTS ( 'NONE', 3,
 ( #463, #1699, #3751, #1664, #384, #5384, #2059, #3395, #4174, #5030 ),
 .UNSPECIFIED., .F., .F.,
 ( 4, 3, 3, 4 ),
 ( 8.673617379884034509E-19, 0.0001168546325870653476, 0.0008047481875081929871, 0.001127144032909101505 ),
 .UNSPECIFIED. ) ;
#2398 = CARTESIAN_POINT ( 'NONE',  ( 7.683519174275155628, 58.26233798245126394, 18.60052814645221630 ) ) ;
#2399 = CARTESIAN_POINT ( 'NONE',  ( -28.92111418341555407, 55.62862765115299624, 7.512061030356585789 ) ) ;
#2400 = CARTESIAN_POINT ( 'NONE',  ( -6.378406397837135700, 57.45132338124396654, 0.3093883880210589465 ) ) ;
#2401 = B_SPLINE_CURVE_WITH_KNOTS ( 'NONE', 3,
 ( #4792, #4819, #2360, #4843 ),
 .UNSPECIFIED., .F., .F.,
 ( 4, 4 ),
 ( 0.02153238693270388346, 0.02413443924504352078 ),
 .UNSPECIFIED. ) ;
#2402 = CARTESIAN_POINT ( 'NONE',  ( -7.889949511118971692, 61.44875239221396157, -4.663417591657311512 ) ) ;
#2403 = CARTESIAN_POINT ( 'NONE',  ( -9.596235257749933467, 60.97570362029751578, 3.053014039431403148 ) ) ;
#2404 = ORIENTED_EDGE ( 'NONE', *, *, #3105, .T. ) ;
#2405 = CARTESIAN_POINT ( 'NONE',  ( -29.30225198845144163, 57.36595562906146739, 2.456867213184863896 ) ) ;
#2406 = CARTESIAN_POINT ( 'NONE',  ( 7.428385595786425988, 58.77297638423174675, -13.79096529452531783 ) ) ;
#2407 = CARTESIAN_POINT ( 'NONE',  ( 2.029129186163116216, 58.73578683154770630, 19.50936781707126499 ) ) ;
#2408 = VECTOR ( 'NONE', #4075, 1000.000000000000000 ) ;
#2409 = FACE_OUTER_BOUND ( 'NONE', #3088, .T. ) ;
#2410 = ORIENTED_EDGE ( 'NONE', *, *, #850, .F. ) ;
#2411 = CARTESIAN_POINT ( 'NONE',  ( 8.029867586957648129, 47.96444471763902584, 4.958341056208492859 ) ) ;
#2412 = CARTESIAN_POINT ( 'NONE',  ( 8.250083267916270557, 47.73033151825509890, 6.137210307373789142 ) ) ;
#2413 = EDGE_CURVE ( 'NONE', #653, #25, #1844, .T. ) ;
#2414 = CARTESIAN_POINT ( 'NONE',  ( 1.234443450850853718, 60.90753886619070556, 22.82594223464936789 ) ) ;
#2415 = CARTESIAN_POINT ( 'NONE',  ( 8.259102607723900036, 61.40903808021213450, -23.82171720430376993 ) ) ;
#2416 = CARTESIAN_POINT ( 'NONE',  ( 7.096536588623645336, 58.79426964247241472, -20.01074467968197723 ) ) ;
#2417 = CIRCLE ( 'NONE', #57, 4.500000000000000000 ) ;
#2418 = CARTESIAN_POINT ( 'NONE',  ( -9.910701409847407106, -16.79192565544609650, 39.14357394861900019 ) ) ;
#2419 = CARTESIAN_POINT ( 'NONE',  ( -0.8441153837658436077, 60.79913545214401438, -0.9208276712531107133 ) ) ;
#2420 = EDGE_CURVE ( 'NONE', #140, #2163, #1128, .T. ) ;
#2421 = CARTESIAN_POINT ( 'NONE',  ( -28.90471040925255863, 60.94583228621067406, -10.89828564623766383 ) ) ;
#2422 = CARTESIAN_POINT ( 'NONE',  ( -9.745716132992169989, -16.79192565544608939, 37.14947757680346285 ) ) ;
#2423 = DIRECTION ( 'NONE',  ( 0.000000000000000000, 1.000000000000000000, 3.491481338843133750E-15 ) ) ;
#2424 = CIRCLE ( 'NONE', #4105, 37.50000000000000000 ) ;
#2425 = CARTESIAN_POINT ( 'NONE',  ( -31.65494420195091863, 59.42272264367205992, 2.247556089795029077 ) ) ;
#2426 = CARTESIAN_POINT ( 'NONE',  ( -1.487274677633104725, 54.79531323835102796, -21.24222086506610196 ) ) ;
#2427 = EDGE_CURVE ( 'NONE', #2781, #4288, #4472, .T. ) ;
#2428 = FACE_BOUND ( 'NONE', #3963, .T. ) ;
#2429 = CARTESIAN_POINT ( 'NONE',  ( -3.074136428495097384, 60.39753755287814130, 23.72025295039193438 ) ) ;
#2430 = ORIENTED_EDGE ( 'NONE', *, *, #3275, .T. ) ;
#2431 = CARTESIAN_POINT ( 'NONE',  ( -24.47067765513402904, 50.04657981869627292, 10.27795766964215574 ) ) ;
#2432 = CARTESIAN_POINT ( 'NONE',  ( -7.745838144935612846, 50.57824898721080586, -4.670393225723261210 ) ) ;
#2433 = CARTESIAN_POINT ( 'NONE',  ( -13.58112451564571721, 63.20441320692672349, 14.34500500937455492 ) ) ;
#2434 = CARTESIAN_POINT ( 'NONE',  ( -25.48098470911767421, 53.95554370783776221, 7.234247638670625591 ) ) ;
#2435 = ORIENTED_EDGE ( 'NONE', *, *, #2670, .T. ) ;
#2436 = CARTESIAN_POINT ( 'NONE',  ( 6.145953188861467353, 47.24182420757306033, 2.811667331331882291 ) ) ;
#2437 = CARTESIAN_POINT ( 'NONE',  ( -27.13781177682708545, 55.23415137524780505, 4.782529567901400824 ) ) ;
#2438 = CARTESIAN_POINT ( 'NONE',  ( 7.016333456551271830, 46.97324821256534477, 4.176266444884547013 ) ) ;
#2439 = CARTESIAN_POINT ( 'NONE',  ( -2.713632903037207722, 52.43151652244388572, -20.35069358440737375 ) ) ;
#2440 = AXIS2_PLACEMENT_3D ( 'NONE', #4076, #1639, #4571 ) ;
#2441 = B_SPLINE_SURFACE_WITH_KNOTS ( 'NONE', 3, 3, ( 
 ( #5160, #2656, #948, #4676, #1776, #3000, #4322, #3442, #5134, #511, #1858, #2185, #3875, #127, #592, #1411 ),
 ( #563, #3952, #3925, #3548, #1801, #2239, #5187, #5107, #5081, #3109, #1360, #3053, #4654, #4701, #3494, #1385 ),
 ( #1830, #4756, #2271, #900, #2574, #485, #2162, #3850, #267, #5243, #1088, #1996, #296, #4459, #3634, #1969 ),
 ( #650, #5212, #1114, #1062, #4887, #705, #3608, #3163, #213, #3576, #5270, #1916, #4434, #1500, #239, #2325 ) ),
 .UNSPECIFIED., .F., .F., .F.,
 ( 4, 4 ),
 ( 4, 1, 1, 1, 1, 1, 1, 1, 1, 1, 1, 1, 1, 4 ),
 ( 0.000000000000000000, 1.000000000000000000 ),
 ( 0.000000000000000000, 0.09722584472561171531, 0.1907906832668594121, 0.2361128114755688678, 0.3236232858377472432, 0.4075240382250177040, 0.4886616098702014632, 0.5680596470140975018, 0.6466491649768620897, 0.7250743915661617134, 0.8036450302186227690, 0.8430214699481450857, 0.9215689236558987085, 1.000000000000000000 ),
 .UNSPECIFIED. ) ;
#2442 = CARTESIAN_POINT ( 'NONE',  ( -5.959056931141078373, 50.40157763713662575, -19.98533534356332808 ) ) ;
#2443 = EDGE_CURVE ( 'NONE', #3278, #4485, #1050, .T. ) ;
#2444 = CARTESIAN_POINT ( 'NONE',  ( 5.444955177303413052, 58.08609521742616977, -20.61459792508214406 ) ) ;
#2445 = CARTESIAN_POINT ( 'NONE',  ( -35.68717309291238848, 8.690561416035542663, -19.73268811069841888 ) ) ;
#2446 = EDGE_CURVE ( 'NONE', #1017, #1434, #1514, .T. ) ;
#2447 = PLANE ( 'NONE',  #4984 ) ;
#2448 = CARTESIAN_POINT ( 'NONE',  ( -5.718415573023766463, 58.56751424237840808, -2.009802856134470961 ) ) ;
#2449 = CARTESIAN_POINT ( 'NONE',  ( 15.14207803605431124, 61.74561163104888095, -14.82863134391720372 ) ) ;
#2450 = DIRECTION ( 'NONE',  ( -0.8660254037844432595, 1.745740669421538673E-15, -0.4999999999999920064 ) ) ;
#2451 = CARTESIAN_POINT ( 'NONE',  ( -0.7982034000008485508, 49.14223829283327660, -0.8936855744207351515 ) ) ;
#2452 = CARTESIAN_POINT ( 'NONE',  ( 27.68401559577788618, -9.171272019776511186, -17.12784233398489420 ) ) ;
#2453 = CARTESIAN_POINT ( 'NONE',  ( -0.1359652409923784444, 55.78819049993555979, -21.14820857899767148 ) ) ;
#2454 = CARTESIAN_POINT ( 'NONE',  ( -8.610840664358603291, 60.09250613311500189, 3.965511555483058448 ) ) ;
#2455 = CARTESIAN_POINT ( 'NONE',  ( -15.87855550926023085, 61.72368399642756742, -8.794306189123606288 ) ) ;
#2456 = ORIENTED_EDGE ( 'NONE', *, *, #3470, .T. ) ;
#2457 = CARTESIAN_POINT ( 'NONE',  ( -27.54801076144734751, 53.08134353592631527, 8.644258968807795540 ) ) ;
#2458 = ADVANCED_FACE ( 'NONE', ( #665 ), #3298, .T. ) ;
#2459 = ORIENTED_EDGE ( 'NONE', *, *, #2777, .T. ) ;
#2460 = AXIS2_PLACEMENT_3D ( 'NONE', #4321, #5211, #4006 ) ;
#2461 = CARTESIAN_POINT ( 'NONE',  ( -1.980994613654070147, 53.55769669536832112, -12.21349353090915102 ) ) ;
#2462 = CARTESIAN_POINT ( 'NONE',  ( -3.422396653694400825, 50.54915917274324499, -7.823963324639237271 ) ) ;
#2463 = CARTESIAN_POINT ( 'NONE',  ( -12.87858360292921311, 60.83899979363166466, -7.961735382713972520 ) ) ;
#2464 = CARTESIAN_POINT ( 'NONE',  ( 13.82823258601200500, 42.42611994866990699, 3.882913453445623997 ) ) ;
#2465 = DIRECTION ( 'NONE',  ( -0.000000000000000000, 1.000000000000000000, 3.491481338843133355E-15 ) ) ;
#2466 = CARTESIAN_POINT ( 'NONE',  ( -4.602065054750963391, 52.68923633383887051, -2.533931742872824078 ) ) ;
#2467 = PLANE ( 'NONE',  #5195 ) ;
#2468 = CARTESIAN_POINT ( 'NONE',  ( -0.5857014292834750169, 55.22813060931048312, -18.89283436516464931 ) ) ;
#2469 = CARTESIAN_POINT ( 'NONE',  ( -4.745716132992169101, 13.20807434455398699, 15.86342120179924287 ) ) ;
#2470 = CARTESIAN_POINT ( 'NONE',  ( -13.68866380461577315, 65.25273148235125120, -22.27378941838520632 ) ) ;
#2471 = ADVANCED_FACE ( 'NONE', ( #2780 ), #686, .T. ) ;
#2472 = CARTESIAN_POINT ( 'NONE',  ( -5.605991895551150073, 58.43210318350411825, -0.7947129880618050146 ) ) ;
#2473 = EDGE_CURVE ( 'NONE', #950, #1481, #1947, .T. ) ;
#2474 = CARTESIAN_POINT ( 'NONE',  ( -5.847929740025215928, 57.42702990838318300, -0.9046970058847387808 ) ) ;
#2475 = ADVANCED_FACE ( 'NONE', ( #2409 ), #4117, .F. ) ;
#2476 = CARTESIAN_POINT ( 'NONE',  ( 7.089636622735192795, 60.01208807708861315, -20.26644921356587403 ) ) ;
#2477 = CARTESIAN_POINT ( 'NONE',  ( -0.2227254673312141497, -12.30272973600743214, 36.95473047873750261 ) ) ;
#2478 = CARTESIAN_POINT ( 'NONE',  ( -0.7476911333643576629, 51.19174330603621570, -0.3921536678018541222 ) ) ;
#2479 = CARTESIAN_POINT ( 'NONE',  ( -10.95764793494590528, 50.09794549455669710, 5.466405499780920607 ) ) ;
#2480 = CARTESIAN_POINT ( 'NONE',  ( -1.318535236496885865, 54.02917359583450008, -21.00063459430645096 ) ) ;
#2481 = CARTESIAN_POINT ( 'NONE',  ( -9.344278983136129924, 60.74081847364340803, 3.357179023299184717 ) ) ;
#2482 = CARTESIAN_POINT ( 'NONE',  ( -18.13165936187453298, 61.72932282945586735, -9.893630740764521647 ) ) ;
#2483 = ORIENTED_EDGE ( 'NONE', *, *, #145, .F. ) ;
#2484 = CARTESIAN_POINT ( 'NONE',  ( -33.59358276649861352, 60.68546230282285592, -14.81584842639687061 ) ) ;
#2485 = ORIENTED_EDGE ( 'NONE', *, *, #3607, .F. ) ;
#2486 = DIRECTION ( 'NONE',  ( -0.000000000000000000, 1.000000000000000000, -0.000000000000000000 ) ) ;
#2487 = B_SPLINE_SURFACE_WITH_KNOTS ( 'NONE', 3, 3, ( 
 ( #784, #5273, #1530, #3251, #352, #2457, #3224, #4115, #5302, #2353, #1503, #3611, #1143, #2852 ),
 ( #4509, #3696, #1558, #4912, #2431, #758, #2829, #4862, #1118, #4890, #709, #3720, #5246, #4486 ),
 ( #3196, #4837, #2804, #2379, #4068, #299, #4092, #2405, #325, #1218, #2105, #5053, #3820, #47 ),
 ( #4622, #870, #1303, #2996, #402, #1718, #2078, #2969, #4650, #897, #1745, #3358, #4994, #3025 ),
 ( #5078, #2571, #3413, #4142, #4590, #3790, #2908, #2159, #2517, #4191, #3766, #840, #1331, #2484 ),
 ( #429, #2542, #18, #1656, #377, #2937, #1690, #4218, #3847, #3437, #4562, #4966, #456, #4243 ),
 ( #3387, #2131, #481, #4674, #5022, #5401, #73, #1274, #3329, #923, #2052, #3744, #5378, #1630 ),
 ( #809, #4165, #1247, #5131, #2762, #3211, #3237, #4396, #1488, #3076, #2339, #638, #4025, #3872 ),
 ( #3994, #5102, #3462, #4054, #2365, #228, #4724, #1902, #101, #4696, #3595, #3624, #2208, #5231 ),
 ( #3182, #1048, #4425, #4876, #1516, #257, #1932, #4849, #2181, #1797, #944, #5257, #1105, #2594 ),
 ( #2735, #2789, #284, #1957, #1357, #3049, #4450, #695, #5286, #4265, #505, #1772, #2621, #4290 ),
 ( #531, #3893, #122, #3490, #1381, #4473, #3780, #5341, #2817, #417, #4924, #2013, #1179, #2065 ),
 ( #2866, #1594, #3707, #3731, #720, #2094, #2392, #4952, #3756, #825, #3682, #6, #5316, #1205 ),
 ( #1570, #4521, #5390, #4128, #3263, #4153, #2924, #4498, #1674, #5365, #2895, #2470, #364, #2841 ) ),
 .UNSPECIFIED., .F., .F., .F.,
 ( 4, 1, 1, 1, 1, 1, 1, 1, 1, 1, 1, 4 ),
 ( 4, 1, 1, 1, 1, 1, 1, 1, 1, 1, 1, 4 ),
 ( -0.01358241894323341907, -0.01115361894323341901, -0.008724818943233418958, -0.006296018943233418902, -0.002652818943233417950, -0.0002240189432334196290, 0.002204781056766582162, 0.004633581056766580483, 0.008276781056766583169, 0.01070558105676658149, 0.01313438105676657981, 0.01556318105676658160 ),
 ( -0.01434031437954671855, -0.01118695789437761448, -0.008033601409208512151, -0.004880244924039408086, -0.0001502101962857528561, 0.003003146288883351209, 0.006156502774052453539, 0.009309859259221559338, 0.01403989398697521283, 0.01719325047214431690, 0.02034660695731341923, 0.02349996344248252156 ),
 .UNSPECIFIED. ) ;
#2488 = CARTESIAN_POINT ( 'NONE',  ( -11.26900124464764374, -12.30295231442299375, 38.97559242080802022 ) ) ;
#2489 = CARTESIAN_POINT ( 'NONE',  ( 20.88828643175666500, 60.77961140587649425, -8.821556454726929175 ) ) ;
#2490 = EDGE_CURVE ( 'NONE', #659, #1291, #287, .T. ) ;
#2491 = DIRECTION ( 'NONE',  ( 1.000000000000000000, 0.000000000000000000, 0.000000000000000000 ) ) ;
#2492 = CARTESIAN_POINT ( 'NONE',  ( -6.220247350585724533, 61.62726920616291437, 23.01870953905774542 ) ) ;
#2493 = EDGE_LOOP ( 'NONE', ( #4231, #108, #2332, #3103 ) ) ;
#2494 = CARTESIAN_POINT ( 'NONE',  ( -1.236203347936101871, 50.15579072048938514, -2.296276564420855149 ) ) ;
#2495 = CARTESIAN_POINT ( 'NONE',  ( -3.745716132992169101, 12.20807434455393370, 34.72992234607019668 ) ) ;
#2496 = DIRECTION ( 'NONE',  ( 0.3280116889704119409, 0.9446736642347862700, 3.298310469972320114E-15 ) ) ;
#2497 = CARTESIAN_POINT ( 'NONE',  ( -12.01290217803165739, 43.97139684830249706, -7.012603511396671152 ) ) ;
#2498 = AXIS2_PLACEMENT_3D ( 'NONE', #3605, #211, #618 ) ;
#2499 = ORIENTED_EDGE ( 'NONE', *, *, #2685, .T. ) ;
#2500 = CARTESIAN_POINT ( 'NONE',  ( 9.203632784057624860, 59.55381627953027390, -18.80984304536332630 ) ) ;
#2501 = ORIENTED_EDGE ( 'NONE', *, *, #3686, .T. ) ;
#2502 = CARTESIAN_POINT ( 'NONE',  ( -7.297222484816590082, 61.40978721726288825, -4.901834381146644937 ) ) ;
#2503 = CARTESIAN_POINT ( 'NONE',  ( -9.568715314375575431, 47.21899314783116353, 6.890910312546167482 ) ) ;
#2504 = CARTESIAN_POINT ( 'NONE',  ( 10.39583183353898832, 54.77638479661848692, 14.10478676044157176 ) ) ;
#2505 = AXIS2_PLACEMENT_3D ( 'NONE', #45, #2994, #5376 ) ;
#2506 = CARTESIAN_POINT ( 'NONE',  ( 1.116600154181194515, 56.35699517527953617, -21.40842143333575720 ) ) ;
#2507 = CARTESIAN_POINT ( 'NONE',  ( -7.745716132992169101, -2.864241553907278526, 37.09302447604163433 ) ) ;
#2508 = AXIS2_PLACEMENT_3D ( 'NONE', #888, #1543, #4366 ) ;
#2509 = LINE ( 'NONE', #2901, #5074 ) ;
#2510 = CARTESIAN_POINT ( 'NONE',  ( -23.87732897683209643, 57.16951284327369365, 1.021758191764307266 ) ) ;
#2511 = CARTESIAN_POINT ( 'NONE',  ( -6.176384213372750231, 57.18728018038115124, 0.5986259594319429667 ) ) ;
#2512 = DIRECTION ( 'NONE',  ( 1.000000000000000000, 0.000000000000000000, 0.000000000000000000 ) ) ;
#2513 =( BOUNDED_CURVE ( )  B_SPLINE_CURVE ( 3, ( #3914, #175, #148, #1819 ),
 .UNSPECIFIED., .F., .T. ) 
 B_SPLINE_CURVE_WITH_KNOTS ( ( 4, 4 ),
 ( 4.645672831974464678, 4.712388980384689674 ),
 .UNSPECIFIED. ) 
 CURVE ( )  GEOMETRIC_REPRESENTATION_ITEM ( )  RATIONAL_B_SPLINE_CURVE ( ( 1.000000000000000000, 0.9996291140226467586, 0.9996291140226467586, 1.000000000000000000 ) ) 
 REPRESENTATION_ITEM ( '' )  );
#2514 = CARTESIAN_POINT ( 'NONE',  ( -5.745716132992169101, 48.71270947356899228, -0.1365787982006284595 ) ) ;
#2515 = VERTEX_POINT ( 'NONE', #2109 ) ;
#2516 = CONICAL_SURFACE ( 'NONE', #328, 33.98129043433324625, 0.3019511618302520017 ) ;
#2517 = CARTESIAN_POINT ( 'NONE',  ( -26.64702764278831282, 58.73578683154770630, -3.226338548953924690 ) ) ;
#2518 = ORIENTED_EDGE ( 'NONE', *, *, #4581, .F. ) ;
#2519 = VECTOR ( 'NONE', #1824, 1000.000000000000000 ) ;
#2520 = CARTESIAN_POINT ( 'NONE',  ( -12.55866767040897258, 50.92664981682595737, 1.630718157402487822 ) ) ;
#2521 = FACE_OUTER_BOUND ( 'NONE', #1751, .T. ) ;
#2522 = DIRECTION ( 'NONE',  ( 0.000000000000000000, -3.679270663685277519E-15, 1.000000000000000000 ) ) ;
#2523 = DIRECTION ( 'NONE',  ( -0.000000000000000000, 1.000000000000000000, 3.491481338843133355E-15 ) ) ;
#2524 = CARTESIAN_POINT ( 'NONE',  ( -7.745716132992170877, -11.35547797772197853, 37.28456495965617279 ) ) ;
#2525 = CARTESIAN_POINT ( 'NONE',  ( 20.88090199387373502, 61.64132716414940916, -19.76172884253257322 ) ) ;
#2526 = EDGE_LOOP ( 'NONE', ( #4402, #2518, #5103, #2221 ) ) ;
#2527 = CARTESIAN_POINT ( 'NONE',  ( 4.376962940338756880, 61.43803993837750710, -2.716992070268249737 ) ) ;
#2528 = EDGE_LOOP ( 'NONE', ( #403, #839, #1056, #5272 ) ) ;
#2529 = ADVANCED_FACE ( 'NONE', ( #2521 ), #4309, .T. ) ;
#2530 = VECTOR ( 'NONE', #2705, 1000.000000000000114 ) ;
#2531 = CARTESIAN_POINT ( 'NONE',  ( -4.632014520471520846, 55.45262144603881183, 1.612666807778901035 ) ) ;
#2532 = CARTESIAN_POINT ( 'NONE',  ( -3.939969254727273551, 53.13463100470213618, -2.591076761459246036 ) ) ;
#2533 = CARTESIAN_POINT ( 'NONE',  ( -26.03115817351519112, 53.75460580568535818, 6.224208809380073149 ) ) ;
#2534 = CARTESIAN_POINT ( 'NONE',  ( -6.106643164316107431, 53.52170317483712836, -5.126916017313745577 ) ) ;
#2535 = CARTESIAN_POINT ( 'NONE',  ( -29.20707125275698601, 59.18400876154229451, 0.3559661202623015108 ) ) ;
#2536 = CARTESIAN_POINT ( 'NONE',  ( -16.89398454042615327, 58.54448563105086123, -2.966384575601805018 ) ) ;
#2537 = CARTESIAN_POINT ( 'NONE',  ( -9.424403111540891942, 50.46605611117090007, -1.668468226630493767 ) ) ;
#2538 = CARTESIAN_POINT ( 'NONE',  ( -5.745716132992168212, 44.22071872689625138, -0.1365787982008023760 ) ) ;
#2539 = CARTESIAN_POINT ( 'NONE',  ( 10.98094197209197809, 60.27384557590865199, -17.34809583327141169 ) ) ;
#2540 = CARTESIAN_POINT ( 'NONE',  ( -1.487186129089143716, 60.25388977211459007, 23.48866088471918090 ) ) ;
#2541 = VERTEX_POINT ( 'NONE', #4512 ) ;
#2542 = CARTESIAN_POINT ( 'NONE',  ( -9.199702546805697878, 44.42687875003527154, 8.047887601317357920 ) ) ;
#2543 = ORIENTED_EDGE ( 'NONE', *, *, #3105, .F. ) ;
#2544 = CARTESIAN_POINT ( 'NONE',  ( -2.047239719062537766, 56.66327341242178761, -3.525174333492259837 ) ) ;
#2545 = CARTESIAN_POINT ( 'NONE',  ( -14.12811894381526834, 52.44898311162088334, 3.722215412708754112 ) ) ;
#2546 = EDGE_CURVE ( 'NONE', #4922, #5052, #1120, .T. ) ;
#2547 =( BOUNDED_SURFACE ( )  B_SPLINE_SURFACE ( 3, 2, ( 
 ( #777, #4477, #2069 ),
 ( #3759, #727, #2396 ),
 ( #2043, #5322, #3735 ),
 ( #1648, #4929, #3270 ) ),
 .UNSPECIFIED., .F., .F., .F. ) 
 B_SPLINE_SURFACE_WITH_KNOTS ( ( 4, 4 ),
 ( 3, 3 ),
 ( 0.004566022159045463741, 0.006030642147041266436 ),
 ( 0.000000000000000000, 1.000000000000000000 ),
 .UNSPECIFIED. ) 
 GEOMETRIC_REPRESENTATION_ITEM ( )  RATIONAL_B_SPLINE_SURFACE ( (
 ( 1.000000000000000000, 0.9761564505959141602, 1.000000000000000000),
 ( 1.000000000000000000, 0.9735295494344268219, 1.000000000000000000),
 ( 1.000000000000000000, 0.9705784797816667808, 1.000000000000000000),
 ( 1.000000000000000000, 0.9671245253898417271, 1.000000000000000000) ) ) 
 REPRESENTATION_ITEM ( '' )  SURFACE ( )  );
#2548 = CARTESIAN_POINT ( 'NONE',  ( -27.48445645947368376, 56.49144370560907191, 4.686483000997750281 ) ) ;
#2549 = CARTESIAN_POINT ( 'NONE',  ( -0.04495242420944536160, 51.24246771519797505, 0.3313422937911477684 ) ) ;
#2550 = VERTEX_POINT ( 'NONE', #24 ) ;
#2551 = CIRCLE ( 'NONE', #920, 37.46183732295519775 ) ;
#2552 = CARTESIAN_POINT ( 'NONE',  ( -35.74571613299217177, 65.02071872689622012, -0.1365787982005963186 ) ) ;
#2553 = CARTESIAN_POINT ( 'NONE',  ( -5.745716132992166436, 53.88721840965485654, -5.136578798200799767 ) ) ;
#2554 = CARTESIAN_POINT ( 'NONE',  ( 2.495975837808634079, 57.52088477061091254, -21.31543872852425636 ) ) ;
#2555 = CARTESIAN_POINT ( 'NONE',  ( -5.745716132992169101, -24.27928127310382322, 16.86342120179911319 ) ) ;
#2556 = CARTESIAN_POINT ( 'NONE',  ( -4.078128526345328630, 12.54048673790713586, 16.78474503956456232 ) ) ;
#2557 = CARTESIAN_POINT ( 'NONE',  ( 14.54461740782399204, 61.62726920616291437, -11.30326687750538639 ) ) ;
#2558 = CARTESIAN_POINT ( 'NONE',  ( 4.592030746715569656, 60.85386106356784808, -2.409078153744184547 ) ) ;
#2559 = ORIENTED_EDGE ( 'NONE', *, *, #501, .F. ) ;
#2560 = CARTESIAN_POINT ( 'NONE',  ( -12.75061402299978930, 47.03517186755372137, 8.368791822870296215 ) ) ;
#2561 = B_SPLINE_CURVE_WITH_KNOTS ( 'NONE', 3,
 ( #3869, #2591, #3022, #941, #3890, #2618, #2568, #70, #919, #3918 ),
 .UNSPECIFIED., .F., .F.,
 ( 4, 2, 2, 2, 4 ),
 ( 0.01636660198333697233, 0.01851105450408704195, 0.02065550702483711504, 0.02279995954558718813, 0.02494441206633726121 ),
 .UNSPECIFIED. ) ;
#2562 = AXIS2_PLACEMENT_3D ( 'NONE', #5178, #2262, #1404 ) ;
#2563 = CARTESIAN_POINT ( 'NONE',  ( 10.06086286886617032, 59.76378731735658079, -18.76573513235270951 ) ) ;
#2564 = DIRECTION ( 'NONE',  ( 0.000000000000000000, -1.000000000000000000, -3.491481338843133355E-15 ) ) ;
#2565 = CARTESIAN_POINT ( 'NONE',  ( -27.99984224483009143, 61.53084891210310303, -10.74182929161684541 ) ) ;
#2566 = CARTESIAN_POINT ( 'NONE',  ( -7.253807195827133292, 54.76612734909197400, 0.7602779699383737100 ) ) ;
#2567 = CARTESIAN_POINT ( 'NONE',  ( -6.491751960320643278, 55.43532587045740456, -3.998040133188055734 ) ) ;
#2568 = CARTESIAN_POINT ( 'NONE',  ( 9.450102625324358740, 54.81088078914853412, 15.41026719727189587 ) ) ;
#2569 = CARTESIAN_POINT ( 'NONE',  ( -5.745716132992168212, 44.22071872689625138, -0.1365787982006441692 ) ) ;
#2570 = VERTEX_POINT ( 'NONE', #763 ) ;
#2571 = CARTESIAN_POINT ( 'NONE',  ( -11.59451946083492579, 43.21540982555367805, 9.338220990007860323 ) ) ;
#2572 = CARTESIAN_POINT ( 'NONE',  ( -4.286608597005000298, 54.01656558261183960, -4.933005336699133103 ) ) ;
#2573 = CARTESIAN_POINT ( 'NONE',  ( 3.526608546898561514, 61.74095824948062017, -0.3468382607991716826 ) ) ;
#2574 = CARTESIAN_POINT ( 'NONE',  ( 10.04747908560008085, 54.12875953714654997, 14.23849078630153464 ) ) ;
#2575 = CARTESIAN_POINT ( 'NONE',  ( 1.639935799408615225, 52.40729337474321170, 4.176668807265906835 ) ) ;
#2576 = ORIENTED_EDGE ( 'NONE', *, *, #1075, .F. ) ;
#2577 = CARTESIAN_POINT ( 'NONE',  ( -5.409723224446019607, 54.23013418087768400, -5.136578798200804208 ) ) ;
#2578 = CARTESIAN_POINT ( 'NONE',  ( 0.03817115534952340850, 55.82624383630398768, -21.33067029771217094 ) ) ;
#2579 = CARTESIAN_POINT ( 'NONE',  ( 10.52181077406835108, 57.70343359789227833, 20.16958490674329241 ) ) ;
#2580 = CARTESIAN_POINT ( 'NONE',  ( 19.83065224271635429, 61.64235024490930215, -19.76048457429115146 ) ) ;
#2581 = EDGE_LOOP ( 'NONE', ( #2607, #351, #1484, #4894 ) ) ;
#2582 = CARTESIAN_POINT ( 'NONE',  ( 4.595678244075730667, 60.84395355027705676, -2.403856009073014555 ) ) ;
#2583 = ORIENTED_EDGE ( 'NONE', *, *, #366, .T. ) ;
#2584 = CARTESIAN_POINT ( 'NONE',  ( -10.75220461751627887, 55.29425098205133082, -0.2334386951992684367 ) ) ;
#2585 = CARTESIAN_POINT ( 'NONE',  ( 12.74152784257168314, 60.30443032066107634, -16.96991270455337641 ) ) ;
#2586 = DIRECTION ( 'NONE',  ( -0.8660254037844432595, 1.745740669421538673E-15, -0.4999999999999920064 ) ) ;
#2587 = EDGE_CURVE ( 'NONE', #2943, #1918, #1722, .T. ) ;
#2588 = CARTESIAN_POINT ( 'NONE',  ( -18.09182671492022010, 50.89622071714477158, 6.957861145647648016 ) ) ;
#2589 = CARTESIAN_POINT ( 'NONE',  ( -4.878783656846409578, 57.92009693856962826, 0.8386931733612225104 ) ) ;
#2590 = CARTESIAN_POINT ( 'NONE',  ( -5.986792620201392801, 59.20702903332336575, 10.89219972546979598 ) ) ;
#2591 = CARTESIAN_POINT ( 'NONE',  ( 7.222759852982863826, 57.49848891583423693, 18.90758402268788174 ) ) ;
#2592 = DIRECTION ( 'NONE',  ( 1.000000000000000000, 0.000000000000000000, 0.000000000000000000 ) ) ;
#2593 = EDGE_LOOP ( 'NONE', ( #1841, #2404, #1705, #445, #4097, #34 ) ) ;
#2594 = CARTESIAN_POINT ( 'NONE',  ( -21.66966731020492176, 61.55091485354285652, -21.70735710083442882 ) ) ;
#2595 = B_SPLINE_CURVE_WITH_KNOTS ( 'NONE', 3,
 ( #4515, #5409, #4468, #714, #2386, #2437, #4123, #3446, #539, #464 ),
 .UNSPECIFIED., .F., .F.,
 ( 4, 2, 2, 2, 4 ),
 ( 0.01636660198333719091, 0.01851105450408720848, 0.02065550702483722606, 0.02279995954558724364, 0.02494441206633726121 ),
 .UNSPECIFIED. ) ;
#2596 = EDGE_CURVE ( 'NONE', #943, #2748, #1375, .T. ) ;
#2597 = CARTESIAN_POINT ( 'NONE',  ( 17.74861541396077769, 61.34125214105675639, -5.968362807834493466 ) ) ;
#2598 = CARTESIAN_POINT ( 'NONE',  ( 2.951130618105283432, 59.55381627953024548, 22.14656925758305306 ) ) ;
#2599 = CARTESIAN_POINT ( 'NONE',  ( -16.36613279374980934, 62.54714731093620372, 24.43085947400913582 ) ) ;
#2600 = ORIENTED_EDGE ( 'NONE', *, *, #1507, .T. ) ;
#2601 = CARTESIAN_POINT ( 'NONE',  ( -3.467031169641041632, 56.29919537083426206, -4.600184948682663588 ) ) ;
#2602 = CARTESIAN_POINT ( 'NONE',  ( -7.653649819943971977, 61.73277568818027561, 20.47031434962179119 ) ) ;
#2603 = CARTESIAN_POINT ( 'NONE',  ( 7.118149917285592210, 60.64220529692693162, 26.51789709384802052 ) ) ;
#2604 = CARTESIAN_POINT ( 'NONE',  ( -12.42338412675488257, 56.16883468406138036, 4.077006489937132550 ) ) ;
#2605 = ORIENTED_EDGE ( 'NONE', *, *, #1666, .T. ) ;
#2606 = CARTESIAN_POINT ( 'NONE',  ( 17.54011723624984853, 61.72249419419810579, -11.81303676086191778 ) ) ;
#2607 = ORIENTED_EDGE ( 'NONE', *, *, #5280, .F. ) ;
#2608 = CARTESIAN_POINT ( 'NONE',  ( -15.75028557881078939, 46.67117383054850421, 8.520897865690526984 ) ) ;
#2609 = ADVANCED_FACE ( 'NONE', ( #4120 ), #355, .T. ) ;
#2610 = CARTESIAN_POINT ( 'NONE',  ( -5.114574320123588258, 55.22379008038986825, -1.947481111214734995 ) ) ;
#2611 = CARTESIAN_POINT ( 'NONE',  ( 15.14788527983654554, 61.34572195862977395, -14.82031704371983771 ) ) ;
#2612 = EDGE_CURVE ( 'NONE', #4637, #3954, #2912, .T. ) ;
#2613 = CARTESIAN_POINT ( 'NONE',  ( 0.7793061295529734034, 53.53779634007106836, 5.314530523627483127 ) ) ;
#2614 = CARTESIAN_POINT ( 'NONE',  ( 4.283831822318199478, 59.68288683854240873, 21.93135895037584149 ) ) ;
#2615 =( LENGTH_UNIT ( ) NAMED_UNIT ( * ) SI_UNIT ( .MILLI., .METRE. ) );
#2616 = ADVANCED_FACE ( 'NONE', ( #4294 ), #536, .T. ) ;
#2617 = CIRCLE ( 'NONE', #4278, 37.50000000000000000 ) ;
#2618 = CARTESIAN_POINT ( 'NONE',  ( 9.210404497938396773, 55.23415137524789031, 15.92996528649557852 ) ) ;
#2619 = DIRECTION ( 'NONE',  ( 0.000000000000000000, -1.000000000000000000, -3.491481338843133355E-15 ) ) ;
#2620 = ORIENTED_EDGE ( 'NONE', *, *, #2091, .T. ) ;
#2621 = CARTESIAN_POINT ( 'NONE',  ( -18.72765928523006806, 62.64624724330569450, -22.13364279208719765 ) ) ;
#2622 = CARTESIAN_POINT ( 'NONE',  ( -7.443853483224526890, 61.47047665519920656, 23.80326935377682673 ) ) ;
#2623 = CARTESIAN_POINT ( 'NONE',  ( 15.86502361310659914, 60.72849628883992068, -10.57573238584320308 ) ) ;
#2624 = CARTESIAN_POINT ( 'NONE',  ( -3.019998498024979217, 60.61981779168444007, 2.490952213608097487 ) ) ;
#2625 = CARTESIAN_POINT ( 'NONE',  ( -7.871747143834796567, 60.72699750377637429, 3.905480801428862225 ) ) ;
#2626 = VERTEX_POINT ( 'NONE', #1005 ) ;
#2627 = CARTESIAN_POINT ( 'NONE',  ( -5.745716132992169101, -24.27928127310376283, -0.1365787982008833112 ) ) ;
#2628 = CARTESIAN_POINT ( 'NONE',  ( -8.130554425465723156, 60.74217023782217240, 17.91173221225986012 ) ) ;
#2629 = CARTESIAN_POINT ( 'NONE',  ( 5.060698559643351579, 58.93656895130649076, -20.83266027335796267 ) ) ;
#2630 = CARTESIAN_POINT ( 'NONE',  ( -8.771721366735436121, 61.67279508745166083, 4.632331286356587974 ) ) ;
#2631 = CARTESIAN_POINT ( 'NONE',  ( 11.68645804844798874, 55.88792323881516211, 17.47426018383072943 ) ) ;
#2632 = CARTESIAN_POINT ( 'NONE',  ( 1.989195683165457362, 60.60963346920654260, -3.124221549502637529 ) ) ;
#2633 = ORIENTED_EDGE ( 'NONE', *, *, #2313, .T. ) ;
#2634 = CARTESIAN_POINT ( 'NONE',  ( -7.565240317034205297, 52.09245325691515660, -4.809562775412167923 ) ) ;
#2635 = CARTESIAN_POINT ( 'NONE',  ( 17.54339002671643044, 61.38920986478348141, -11.80835106770994436 ) ) ;
#2636 = ORIENTED_EDGE ( 'NONE', *, *, #3931, .T. ) ;
#2637 = CIRCLE ( 'NONE', #275, 37.50000000000000000 ) ;
#2638 = FACE_OUTER_BOUND ( 'NONE', #3047, .T. ) ;
#2639 = CARTESIAN_POINT ( 'NONE',  ( -1.745716132992168879, -16.79192565544609650, 39.16036764805626547 ) ) ;
#2640 = CARTESIAN_POINT ( 'NONE',  ( -5.745716132992169101, -21.27928127310376283, -0.1365787982008728474 ) ) ;
#2641 = CARTESIAN_POINT ( 'NONE',  ( -1.034604860286589156, 48.57332242071429107, -1.811520760236029481 ) ) ;
#2642 = EDGE_CURVE ( 'NONE', #5052, #3119, #5032, .T. ) ;
#2643 = CARTESIAN_POINT ( 'NONE',  ( -17.12130736696444089, 62.99542170958063991, -13.12628146195737244 ) ) ;
#2644 = DIRECTION ( 'NONE',  ( -0.000000000000000000, 1.000000000000000000, 3.491481338843133355E-15 ) ) ;
#2645 = CARTESIAN_POINT ( 'NONE',  ( -18.54437769557429405, 65.20387478663688796, 15.47408022423664065 ) ) ;
#2646 = EDGE_CURVE ( 'NONE', #1609, #1860, #4268, .T. ) ;
#2647 = DIRECTION ( 'NONE',  ( 1.000000000000000000, 0.000000000000000000, 0.000000000000000000 ) ) ;
#2648 = DIRECTION ( 'NONE',  ( 0.000000000000000000, -1.000000000000000000, -3.491432162673459096E-15 ) ) ;
#2649 = ORIENTED_EDGE ( 'NONE', *, *, #1136, .F. ) ;
#2650 = VECTOR ( 'NONE', #2523, 1000.000000000000000 ) ;
#2651 = ADVANCED_FACE ( 'NONE', ( #1336 ), #2441, .F. ) ;
#2652 = CARTESIAN_POINT ( 'NONE',  ( 25.44955959902560494, 12.20807434455409712, -15.83777856276750029 ) ) ;
#2653 = CARTESIAN_POINT ( 'NONE',  ( 7.110690327558805812, -11.79192565544592419, -9.868629605769777768 ) ) ;
#2654 = VECTOR ( 'NONE', #2222, 1000.000000000000114 ) ;
#2655 = CARTESIAN_POINT ( 'NONE',  ( 17.39714446882603838, 65.25273148235125120, 4.053232047334685895 ) ) ;
#2656 = CARTESIAN_POINT ( 'NONE',  ( 10.46321660409970100, 48.94118268729634735, 7.405831213200916530 ) ) ;
#2657 = CARTESIAN_POINT ( 'NONE',  ( -3.172125964071168980, 52.77184415443057475, -5.250759166980744297 ) ) ;
#2658 = ORIENTED_EDGE ( 'NONE', *, *, #4481, .T. ) ;
#2659 = CARTESIAN_POINT ( 'NONE',  ( 25.68401559577785420, -5.562502798504274537, -20.59194394912262283 ) ) ;
#2660 = CARTESIAN_POINT ( 'NONE',  ( 19.84067741029929977, 60.67310616764124376, -19.74613142227332219 ) ) ;
#2661 = EDGE_CURVE ( 'NONE', #4965, #167, #4959, .T. ) ;
#2662 = CARTESIAN_POINT ( 'NONE',  ( 11.03567526559971412, 43.96196390581425106, 4.457863812317728325 ) ) ;
#2663 = CARTESIAN_POINT ( 'NONE',  ( -11.90074470254747752, 54.49986118623760945, 2.396475588116233180 ) ) ;
#2664 = ORIENTED_EDGE ( 'NONE', *, *, #28, .T. ) ;
#2665 = DIRECTION ( 'NONE',  ( -0.000000000000000000, 1.000000000000000000, 3.491481338843133355E-15 ) ) ;
#2666 = CARTESIAN_POINT ( 'NONE',  ( -25.63341515012616867, 61.55511324259471451, -13.57084414559928121 ) ) ;
#2667 = B_SPLINE_CURVE_WITH_KNOTS ( 'NONE', 3,
 ( #1942, #4835, #3635, #1528, #5271, #3222, #297, #1970, #3665, #1556, #3249, #4888, #1140, #4484, #731, #2403 ),
 .UNSPECIFIED., .F., .F.,
 ( 4, 2, 2, 2, 2, 2, 2, 4 ),
 ( 0.002082026158650286760, 0.004688420607070246937, 0.007294815055490207548, 0.01250760395233012877, 0.01511399840075009111, 0.01772039284917005519, 0.02032678729759001407, 0.02293318174600997641 ),
 .UNSPECIFIED. ) ;
#2668 = ORIENTED_EDGE ( 'NONE', *, *, #2375, .T. ) ;
#2669 = CARTESIAN_POINT ( 'NONE',  ( -6.804725064863902162, 48.13401259752640016, 4.942350894764085290 ) ) ;
#2670 = EDGE_CURVE ( 'NONE', #3729, #3278, #3693, .T. ) ;
#2671 = CARTESIAN_POINT ( 'NONE',  ( -29.07553657120288904, 58.08609521742607740, 0.4110251251217841295 ) ) ;
#2672 = CARTESIAN_POINT ( 'NONE',  ( -0.4833268100939763223, 61.60459055473314294, 30.00416596157578653 ) ) ;
#2673 = CARTESIAN_POINT ( 'NONE',  ( -7.421170203787914588, 61.72438936800976705, 23.80486755862257908 ) ) ;
#2674 = PRODUCT_DEFINITION_SHAPE ( 'NONE', 'NONE',  #998 ) ;
#2675 = DIRECTION ( 'NONE',  ( 0.000000000000000000, 1.000000000000000000, 3.491481338843133355E-15 ) ) ;
#2676 = CARTESIAN_POINT ( 'NONE',  ( -21.71153345225312847, 62.54714731093620372, -21.61784856129746046 ) ) ;
#2677 = CARTESIAN_POINT ( 'NONE',  ( 4.069430411068265308, 58.66196286442526997, 22.09478577574904534 ) ) ;
#2678 = CARTESIAN_POINT ( 'NONE',  ( 10.74260086409319648, 60.73384132986295469, -17.57617038329329162 ) ) ;
#2679 = CYLINDRICAL_SURFACE ( 'NONE', #4352, 30.00000000000000000 ) ;
#2680 = EDGE_LOOP ( 'NONE', ( #3892, #3075, #712, #3256, #3117, #1731, #2753, #4164, #269, #3111 ) ) ;
#2681 = CARTESIAN_POINT ( 'NONE',  ( -7.481946731777616044, 61.04555518810720116, 23.80054105208711235 ) ) ;
#2682 = CARTESIAN_POINT ( 'NONE',  ( -1.745716132992168879, -11.79192565544600413, 12.86342120179915760 ) ) ;
#2683 = DIRECTION ( 'NONE',  ( 0.000000000000000000, -1.000000000000000000, -3.491481338843133355E-15 ) ) ;
#2684 = CIRCLE ( 'NONE', #2877, 16.99999999999999645 ) ;
#2685 = EDGE_CURVE ( 'NONE', #5215, #4922, #2036, .T. ) ;
#2686 = CARTESIAN_POINT ( 'NONE',  ( 6.393432994922725321, 58.08609521742621951, 19.79383640535770539 ) ) ;
#2687 = CARTESIAN_POINT ( 'NONE',  ( -7.523889726856342719, 61.51871992188431904, 14.91707275069178706 ) ) ;
#2688 = ORIENTED_EDGE ( 'NONE', *, *, #1200, .T. ) ;
#2689 = CIRCLE ( 'NONE', #1544, 35.33774181865160102 ) ;
#2690 = CARTESIAN_POINT ( 'NONE',  ( -8.956066788803077827, 60.83899979363166466, 9.953243924848917956 ) ) ;
#2691 = EDGE_CURVE ( 'NONE', #4637, #219, #4610, .T. ) ;
#2692 = CARTESIAN_POINT ( 'NONE',  ( -0.8031479302269572962, 60.40866302215188455, 0.7379125690046335340 ) ) ;
#2693 = CARTESIAN_POINT ( 'NONE',  ( -5.402488521712892400, 50.04657981869627292, -21.56013939518327049 ) ) ;
#2694 = CARTESIAN_POINT ( 'NONE',  ( 2.126143935617779146, 60.57630114514775244, 35.16563559075286349 ) ) ;
#2695 = EDGE_CURVE ( 'NONE', #1534, #2361, #1838, .T. ) ;
#2696 = CARTESIAN_POINT ( 'NONE',  ( -0.6740611875895472505, 58.03797118049853054, -5.256140085170651233 ) ) ;
#2697 = ORIENTED_EDGE ( 'NONE', *, *, #497, .T. ) ;
#2698 = CARTESIAN_POINT ( 'NONE',  ( -8.084393596429583440, 51.57699155918506762, -4.560089801793642650 ) ) ;
#2699 = DIRECTION ( 'NONE',  ( 0.000000000000000000, -1.000000000000000000, -3.491481338843133355E-15 ) ) ;
#2700 = ORIENTED_EDGE ( 'NONE', *, *, #4761, .T. ) ;
#2701 = CIRCLE ( 'NONE', #4783, 37.50000000000000000 ) ;
#2702 = CARTESIAN_POINT ( 'NONE',  ( -4.622229390102242874, 56.70778072437708772, -0.7115564871017469040 ) ) ;
#2703 = CARTESIAN_POINT ( 'NONE',  ( 0.7381290161834473951, -14.61973502920355017, 38.82764595178057476 ) ) ;
#2704 = CARTESIAN_POINT ( 'NONE',  ( 11.28994833000116316, 42.66408951270240379, 2.706047789093899869 ) ) ;
#2705 = DIRECTION ( 'NONE',  ( 0.8660254037844363761, 1.745740669421580877E-15, -0.5000000000000039968 ) ) ;
#2706 = CARTESIAN_POINT ( 'NONE',  ( -26.58945129970217636, 61.77942895002099988, -18.84843323309467067 ) ) ;
#2707 = DIRECTION ( 'NONE',  ( -1.000000000000000000, 0.000000000000000000, 0.000000000000000000 ) ) ;
#2708 = CARTESIAN_POINT ( 'NONE',  ( -15.08298415897339773, 65.35454899958750730, 8.655470778186941772 ) ) ;
#2709 = CARTESIAN_POINT ( 'NONE',  ( -10.07566604103356944, -16.77540825624610932, 37.11295058028103711 ) ) ;
#2710 = CARTESIAN_POINT ( 'NONE',  ( -5.745716132992169101, -9.171272019776569806, -0.1365787982008305756 ) ) ;
#2711 = ORIENTED_EDGE ( 'NONE', *, *, #1874, .T. ) ;
#2712 = CARTESIAN_POINT ( 'NONE',  ( -10.00013702445977870, 47.60069591164257474, -7.112502275434081866 ) ) ;
#2713 = DIRECTION ( 'NONE',  ( -0.2973836590439050132, -0.9547580632462123740, -3.297100966317477876E-15 ) ) ;
#2714 = CARTESIAN_POINT ( 'NONE',  ( -5.745716132992169101, 16.22071872689624072, -0.1365787982007418966 ) ) ;
#2715 = VECTOR ( 'NONE', #3778, 1000.000000000000000 ) ;
#2716 = EDGE_CURVE ( 'NONE', #4591, #61, #1726, .T. ) ;
#2717 = CARTESIAN_POINT ( 'NONE',  ( 1.776145336395778651, 60.82576484375763926, 22.66127540200657364 ) ) ;
#2718 = CARTESIAN_POINT ( 'NONE',  ( -4.287428112755321763, 53.53779634007106836, -8.512968498738059608 ) ) ;
#2719 = ORIENTED_EDGE ( 'NONE', *, *, #4031, .F. ) ;
#2720 = CARTESIAN_POINT ( 'NONE',  ( -8.385254829548340894, 61.73013013780666824, 9.903976473323494290 ) ) ;
#2721 = ADVANCED_FACE ( 'NONE', ( #2428, #1627 ), #837, .F. ) ;
#2722 = CARTESIAN_POINT ( 'NONE',  ( 14.59237564298731371, 60.34597150769194940, -22.16449084251647150 ) ) ;
#2723 = CARTESIAN_POINT ( 'NONE',  ( 0.02295140737776802525, 60.61289644793097153, 33.95121746817785180 ) ) ;
#2724 = CARTESIAN_POINT ( 'NONE',  ( -10.44825504669487160, 50.29120249278226140, -1.191177644918088419 ) ) ;
#2725 = ORIENTED_EDGE ( 'NONE', *, *, #5119, .T. ) ;
#2726 = LINE ( 'NONE', #5251, #318 ) ;
#2727 = CARTESIAN_POINT ( 'NONE',  ( 15.86502361310659914, 60.72849628883992068, -10.57573238584320308 ) ) ;
#2728 = ORIENTED_EDGE ( 'NONE', *, *, #875, .F. ) ;
#2729 = CARTESIAN_POINT ( 'NONE',  ( 7.036844998303514842, 59.80349520423291665, -20.12888712071100272 ) ) ;
#2730 = B_SPLINE_CURVE_WITH_KNOTS ( 'NONE', 3,
 ( #1227, #2034, #1286, #3340 ),
 .UNSPECIFIED., .F., .F.,
 ( 4, 4 ),
 ( 2.864663411345976764E-07, 0.001429675881020814072 ),
 .UNSPECIFIED. ) ;
#2731 = CARTESIAN_POINT ( 'NONE',  ( -29.42847416059451149, 59.39247711229631932, -3.131109776345144979 ) ) ;
#2732 = CARTESIAN_POINT ( 'NONE',  ( 10.59052046098819844, 57.74981411778860974, 18.40093780847917770 ) ) ;
#2733 = SURFACE_SIDE_STYLE ('',( #3652 ) ) ;
#2734 = CIRCLE ( 'NONE', #1759, 39.50000000000000000 ) ;
#2735 = CARTESIAN_POINT ( 'NONE',  ( 1.787299087043335621, 52.44898311162088334, 5.193397875271377195 ) ) ;
#2736 = CARTESIAN_POINT ( 'NONE',  ( -20.46814799732770496, -24.27928127310373441, -8.636578798200746476 ) ) ;
#2737 = CARTESIAN_POINT ( 'NONE',  ( -8.511031231743340086, 57.69296651402254383, -1.025905221676746581 ) ) ;
#2738 = CARTESIAN_POINT ( 'NONE',  ( -5.745716132992169101, -11.79192565544595972, -0.1365787982008397350 ) ) ;
#2739 = CARTESIAN_POINT ( 'NONE',  ( -22.13881854653410741, 64.05596486720605753, 20.97392354948403081 ) ) ;
#2740 = CARTESIAN_POINT ( 'NONE',  ( -9.745716132992169989, -16.79192565544608939, 37.14947757680346285 ) ) ;
#2741 = CARTESIAN_POINT ( 'NONE',  ( -28.87485767142661075, 58.60500341884859665, 1.881113210396816893 ) ) ;
#2742 = ORIENTED_EDGE ( 'NONE', *, *, #4283, .F. ) ;
#2743 = CARTESIAN_POINT ( 'NONE',  ( -1.099789857607901933, -11.87134934271711195, 39.08957461199680949 ) ) ;
#2744 = CARTESIAN_POINT ( 'NONE',  ( -9.756792103152680085, 47.18156930939780125, -9.020315536240392618 ) ) ;
#2745 = CARTESIAN_POINT ( 'NONE',  ( -9.356100008741695007, 61.17453407534542009, 3.342908523117637642 ) ) ;
#2746 = CARTESIAN_POINT ( 'NONE',  ( -10.61494755653242095, 55.29571215906458548, 1.115345384169196485 ) ) ;
#2747 = CARTESIAN_POINT ( 'NONE',  ( -20.65670395801355141, 64.31488598709404414, 21.77663207590951089 ) ) ;
#2748 = VERTEX_POINT ( 'NONE', #5019 ) ;
#2749 = CARTESIAN_POINT ( 'NONE',  ( -9.444811371217062046, 47.67790172325843656, 6.934267385011272822 ) ) ;
#2750 = CARTESIAN_POINT ( 'NONE',  ( -8.218628952660889553, 46.74325085218719522, -21.13449346504319948 ) ) ;
#2751 = CARTESIAN_POINT ( 'NONE',  ( 2.531840769170202954, 43.38971260191861035, -2.056125034280324559 ) ) ;
#2752 = CARTESIAN_POINT ( 'NONE',  ( -20.18499372393691971, 60.75338036068015413, -11.22306979877321353 ) ) ;
#2753 = ORIENTED_EDGE ( 'NONE', *, *, #3612, .T. ) ;
#2754 = DIRECTION ( 'NONE',  ( 0.000000000000000000, -1.000000000000000000, -3.491481338843133355E-15 ) ) ;
#2755 = CARTESIAN_POINT ( 'NONE',  ( 25.40798735904703420, -17.07928127310368893, -21.00992924153180397 ) ) ;
#2756 = ORIENTED_EDGE ( 'NONE', *, *, #889, .T. ) ;
#2757 = CARTESIAN_POINT ( 'NONE',  ( 23.76965525194433582, 13.20807434455410778, -18.33198695090505836 ) ) ;
#2758 = CARTESIAN_POINT ( 'NONE',  ( -19.71059657172989432, 49.20855773561839186, 9.390443174046842145 ) ) ;
#2759 = CARTESIAN_POINT ( 'NONE',  ( 14.57282030214631163, 61.35992270189576203, -22.19248845727335961 ) ) ;
#2760 = CARTESIAN_POINT ( 'NONE',  ( 6.069639618312548279, 43.05806597185673468, -0.7328695689073645436 ) ) ;
#2761 = CARTESIAN_POINT ( 'NONE',  ( -20.62399427980486522, 49.06098571319326851, 8.809843271691638833 ) ) ;
#2762 = CARTESIAN_POINT ( 'NONE',  ( -11.15381548537935785, 52.87939473286498071, 2.049676564314206306 ) ) ;
#2763 = CARTESIAN_POINT ( 'NONE',  ( -26.15912821203018268, 54.83317012181609584, 6.741513227287906140 ) ) ;
#2764 = CARTESIAN_POINT ( 'NONE',  ( -4.745716132992166436, 13.20807434455391771, 34.52218669963869502 ) ) ;
#2765 = CARTESIAN_POINT ( 'NONE',  ( -5.745716132992169101, 17.59325729417466633, -0.1365787982007371226 ) ) ;
#2766 = CARTESIAN_POINT ( 'NONE',  ( -33.74571613299217177, 65.02071872689622012, -0.1365787982005965406 ) ) ;
#2767 = ORIENTED_EDGE ( 'NONE', *, *, #2856, .T. ) ;
#2768 = DIRECTION ( 'NONE',  ( 0.000000000000000000, -1.000000000000000000, -3.491481338843133355E-15 ) ) ;
#2769 = CARTESIAN_POINT ( 'NONE',  ( -6.277016499010567685, 59.46442226642354001, 4.863421201798207250 ) ) ;
#2770 = CARTESIAN_POINT ( 'NONE',  ( -6.084005506383971529, 52.10460439527866328, -5.136578798200872598 ) ) ;
#2771 = CARTESIAN_POINT ( 'NONE',  ( -4.073741319839662367, -19.46399381122460071, 16.80169978118458829 ) ) ;
#2772 = CIRCLE ( 'NONE', #1794, 88.00000000000000000 ) ;
#2773 = CARTESIAN_POINT ( 'NONE',  ( -9.514002587992468563, 52.91845259366139231, 3.160659073995609525 ) ) ;
#2774 = CARTESIAN_POINT ( 'NONE',  ( -11.95334090506771041, 64.82877984696794726, 4.060678751408653753 ) ) ;
#2775 = ORIENTED_EDGE ( 'NONE', *, *, #32, .T. ) ;
#2776 = CARTESIAN_POINT ( 'NONE',  ( -5.745716132992169101, -9.171272019776569806, -0.1365787982008305756 ) ) ;
#2777 = EDGE_CURVE ( 'NONE', #3883, #5021, #426, .T. ) ;
#2778 = CARTESIAN_POINT ( 'NONE',  ( 19.84285866383057595, 60.51113955133063627, -22.17180849557333744 ) ) ;
#2779 = CARTESIAN_POINT ( 'NONE',  ( 7.092852232221821929, 55.25571511646079870, 15.07884468762956942 ) ) ;
#2780 = FACE_OUTER_BOUND ( 'NONE', #2319, .T. ) ;
#2781 = VERTEX_POINT ( 'NONE', #3740 ) ;
#2782 = CARTESIAN_POINT ( 'NONE',  ( 10.44142858194257961, 50.82035228625532142, 9.487806448772555967 ) ) ;
#2783 = CARTESIAN_POINT ( 'NONE',  ( 6.008030023196750946, 60.84268119416461928, -3.449995829458365915 ) ) ;
#2784 = VERTEX_POINT ( 'NONE', #1601 ) ;
#2785 = CARTESIAN_POINT ( 'NONE',  ( -39.16445444750053895, -10.91702045413500954, -17.12149528330100523 ) ) ;
#2786 = DIRECTION ( 'NONE',  ( -0.8660254037844432595, 1.745740669421538673E-15, -0.4999999999999920064 ) ) ;
#2787 = CARTESIAN_POINT ( 'NONE',  ( 12.46589928814775483, 55.62862765115299624, 16.10958474200343105 ) ) ;
#2788 = CARTESIAN_POINT ( 'NONE',  ( -43.24571613299217177, -9.171272019776569806, -0.1365787982008259682 ) ) ;
#2789 = CARTESIAN_POINT ( 'NONE',  ( 1.138109201107989188, 52.97027764350321632, 4.547420459383745950 ) ) ;
#2790 = CIRCLE ( 'NONE', #2972, 90.00000000000000000 ) ;
#2791 = EDGE_CURVE ( 'NONE', #2570, #572, #3060, .T. ) ;
#2792 = CARTESIAN_POINT ( 'NONE',  ( -15.92675646376473253, 65.03014466839881891, -24.68479586101494405 ) ) ;
#2793 = FACE_BOUND ( 'NONE', #520, .T. ) ;
#2794 = EDGE_CURVE ( 'NONE', #3750, #4019, #858, .T. ) ;
#2795 = DIRECTION ( 'NONE',  ( 1.000000000000000000, 0.000000000000000000, 0.000000000000000000 ) ) ;
#2796 = ORIENTED_EDGE ( 'NONE', *, *, #3898, .F. ) ;
#2797 = DIRECTION ( 'NONE',  ( -0.8660254037844432595, 1.745740669421538673E-15, -0.4999999999999920064 ) ) ;
#2798 = CARTESIAN_POINT ( 'NONE',  ( 7.249798490052014266, 58.61242113244200880, 19.09169455373155699 ) ) ;
#2799 = CARTESIAN_POINT ( 'NONE',  ( -34.82674770160368638, 61.57658889471474595, -3.174778400467083372 ) ) ;
#2800 = CARTESIAN_POINT ( 'NONE',  ( -6.359819210439303205, 57.42702990838318300, 0.3359998859442270835 ) ) ;
#2801 = CARTESIAN_POINT ( 'NONE',  ( -7.476436781912811469, 50.70701179491670985, 4.565505649009358180 ) ) ;
#2802 = CARTESIAN_POINT ( 'NONE',  ( -15.07400130028065810, 66.30377637973997196, 9.519630421779831764 ) ) ;
#2803 = ORIENTED_EDGE ( 'NONE', *, *, #266, .T. ) ;
#2804 = CARTESIAN_POINT ( 'NONE',  ( -18.11531584922690286, 43.96196390581425106, 12.09931115857011186 ) ) ;
#2805 = CARTESIAN_POINT ( 'NONE',  ( -1.952958466265065196, 54.27302343987658872, -9.339753844250305193 ) ) ;
#2806 = CARTESIAN_POINT ( 'NONE',  ( -0.5720956711401563588, 56.27395082519077363, 10.85459978166347916 ) ) ;
#2807 = CARTESIAN_POINT ( 'NONE',  ( 13.86475327153774373, 66.56377329211515814, 3.510563528506232878 ) ) ;
#2808 = ORIENTED_EDGE ( 'NONE', *, *, #2695, .T. ) ;
#2809 = DIRECTION ( 'NONE',  ( 0.000000000000000000, -1.000000000000000000, -3.491481338843133355E-15 ) ) ;
#2810 = DIRECTION ( 'NONE',  ( 1.000000000000000000, 0.000000000000000000, 0.000000000000000000 ) ) ;
#2811 = CARTESIAN_POINT ( 'NONE',  ( -2.909616324717264835, 50.24162986764353178, -2.527997125084957108 ) ) ;
#2812 = CARTESIAN_POINT ( 'NONE',  ( -9.745716132992169989, -11.79192565544609650, 39.16036764805628678 ) ) ;
#2813 = CARTESIAN_POINT ( 'NONE',  ( -16.57827757750839837, 47.80109902657318344, 9.178798311299223300 ) ) ;
#2814 = CARTESIAN_POINT ( 'NONE',  ( -12.67760698766237226, 41.35011991919914465, -18.48906931657764119 ) ) ;
#2815 = CARTESIAN_POINT ( 'NONE',  ( 0.2406019930512410809, 60.99220454532810010, 23.12347412073020791 ) ) ;
#2816 = B_SPLINE_CURVE_WITH_KNOTS ( 'NONE', 3,
 ( #4884, #4641, #449, #1211 ),
 .UNSPECIFIED., .F., .F.,
 ( 4, 4 ),
 ( 0.000000000000000000, 1.000000000000000000 ),
 .UNSPECIFIED. ) ;
#2817 = CARTESIAN_POINT ( 'NONE',  ( -10.56846813998574497, 63.92524875581221977, -11.88802691482678142 ) ) ;
#2818 = CARTESIAN_POINT ( 'NONE',  ( -13.82716779759745229, 66.19867457524364340, -21.97767209003096411 ) ) ;
#2819 = CARTESIAN_POINT ( 'NONE',  ( -8.830083715684594381, 61.66755760848361234, 3.798732703425987456 ) ) ;
#2820 = CARTESIAN_POINT ( 'NONE',  ( -22.27842453880267826, 50.27570598391717027, 9.413045246455972404 ) ) ;
#2821 = DIRECTION ( 'NONE',  ( 0.000000000000000000, 1.000000000000000000, 0.000000000000000000 ) ) ;
#2822 = CARTESIAN_POINT ( 'NONE',  ( -0.7526319639299389186, 50.25609247372456423, 0.3316359841270417608 ) ) ;
#2823 = CARTESIAN_POINT ( 'NONE',  ( -33.42511905701217501, 61.84171171613220253, -3.983010764360963574 ) ) ;
#2824 = CARTESIAN_POINT ( 'NONE',  ( -8.983795243383763562, 53.37989392016409340, -0.7731649739837701540 ) ) ;
#2825 = CARTESIAN_POINT ( 'NONE',  ( -9.140135293546371997, 52.41177865807341618, 3.544410057425839700 ) ) ;
#2826 = CARTESIAN_POINT ( 'NONE',  ( -15.21180251329255029, 65.26878419310622803, 13.52227196690095745 ) ) ;
#2827 = ORIENTED_EDGE ( 'NONE', *, *, #2211, .T. ) ;
#2828 = ADVANCED_FACE ( 'NONE', ( #1271 ), #3787, .T. ) ;
#2829 = CARTESIAN_POINT ( 'NONE',  ( -28.98369764510200497, 55.72387676535157652, 5.689177615446371128 ) ) ;
#2830 = CARTESIAN_POINT ( 'NONE',  ( -11.54687038825704803, 43.38971260191861035, -6.345380238704846576 ) ) ;
#2831 = CARTESIAN_POINT ( 'NONE',  ( -1.646676403318037440, 55.11082220758873262, 6.524130587884487298 ) ) ;
#2832 = DIRECTION ( 'NONE',  ( -0.2973836590439041805, -0.9547580632462125960, -3.297100966317478665E-15 ) ) ;
#2833 = DIRECTION ( 'NONE',  ( 0.3535533905932767285, 0.7071067811865452413, 0.6123724356957955806 ) ) ;
#2834 = CARTESIAN_POINT ( 'NONE',  ( -19.56621863883676582, 12.54048673790716606, -10.04141394747558991 ) ) ;
#2835 = CARTESIAN_POINT ( 'NONE',  ( -7.335034994491192784, 57.67041869464678427, 0.1534338675045140987 ) ) ;
#2836 = EDGE_CURVE ( 'NONE', #1717, #4673, #1768, .T. ) ;
#2837 = CARTESIAN_POINT ( 'NONE',  ( 6.787415978065437727, 57.80694486631350770, 19.37281017890902390 ) ) ;
#2838 = CIRCLE ( 'NONE', #1686, 33.98129043433324625 ) ;
#2839 = CARTESIAN_POINT ( 'NONE',  ( -12.58522739765998821, 41.42272782793652652, -17.54720835557933967 ) ) ;
#2840 = CARTESIAN_POINT ( 'NONE',  ( -14.68236936835881146, 46.61364744059693521, 8.265005951312939914 ) ) ;
#2841 = CARTESIAN_POINT ( 'NONE',  ( -15.16019631439924176, 64.46347015292315064, -25.22947462345643288 ) ) ;
#2842 = CARTESIAN_POINT ( 'NONE',  ( 0.4852175839279641578, 58.77356050712016611, 1.244672289987208691 ) ) ;
#2843 = CARTESIAN_POINT ( 'NONE',  ( -1.903205727023701499, 50.92627898204590764, -2.614859709485455763 ) ) ;
#2844 = CARTESIAN_POINT ( 'NONE',  ( 9.998434274770016117, 60.95926514161861576, -18.85511489522797035 ) ) ;
#2845 = CARTESIAN_POINT ( 'NONE',  ( -18.60212259354327458, -11.79192565544592419, -9.868629605769596580 ) ) ;
#2846 = CARTESIAN_POINT ( 'NONE',  ( -4.928812835080073285, 56.91396722971298061, 4.812589076977717539 ) ) ;
#2847 = CARTESIAN_POINT ( 'NONE',  ( -7.406184829696206506, 50.72228378031694973, -4.865370422184676080 ) ) ;
#2848 = CARTESIAN_POINT ( 'NONE',  ( -4.497729724945144447, 59.09307375126158490, 0.3073680540348223134 ) ) ;
#2849 = CARTESIAN_POINT ( 'NONE',  ( 10.88539362622102225, 60.46071679100631258, -17.44045638804936971 ) ) ;
#2850 = CARTESIAN_POINT ( 'NONE',  ( -8.081124770055282625, 59.31586405618158864, -6.652748847965225920 ) ) ;
#2851 = ORIENTED_EDGE ( 'NONE', *, *, #2022, .F. ) ;
#2852 = CARTESIAN_POINT ( 'NONE',  ( -40.25426063797550569, 60.57630114514775244, -10.97045519822526138 ) ) ;
#2853 = CARTESIAN_POINT ( 'NONE',  ( 14.61543170436199723, 60.63202139659713197, -11.20188120441164514 ) ) ;
#2854 = CONICAL_SURFACE ( 'NONE', #4930, 33.42822569215917383, 0.3019511618302511136 ) ;
#2855 = CARTESIAN_POINT ( 'NONE',  ( -5.654105064341281128, 53.95353703547137059, -6.665141685524861970 ) ) ;
#2856 = EDGE_CURVE ( 'NONE', #1219, #3556, #4951, .T. ) ;
#2857 = CARTESIAN_POINT ( 'NONE',  ( 4.089335199498259854, 65.71024631943993199, 3.059075152438094136 ) ) ;
#2858 = ORIENTED_EDGE ( 'NONE', *, *, #2944, .T. ) ;
#2859 = EDGE_CURVE ( 'NONE', #4361, #5357, #3515, .T. ) ;
#2860 = DIRECTION ( 'NONE',  ( 0.3280116889704119409, -0.9446736642347863810, -3.298310469972320114E-15 ) ) ;
#2861 = CARTESIAN_POINT ( 'NONE',  ( 0.7150944436562824968, 47.38857532860460253, -0.8778796595621590759 ) ) ;
#2862 = DIRECTION ( 'NONE',  ( 1.000000000000000000, 0.000000000000000000, 0.000000000000000000 ) ) ;
#2863 = CARTESIAN_POINT ( 'NONE',  ( -6.120116916708943755, 50.49376204155795023, -22.64472684617766163 ) ) ;
#2864 = VERTEX_POINT ( 'NONE', #5153 ) ;
#2865 = CARTESIAN_POINT ( 'NONE',  ( -19.41569224624720036, 48.35786722829028861, 8.873349619638846164 ) ) ;
#2866 = CARTESIAN_POINT ( 'NONE',  ( 4.670534885609588294, 55.20441231586987385, 4.500145068567237061 ) ) ;
#2867 = CARTESIAN_POINT ( 'NONE',  ( -35.74571613299217177, 48.71270947356899228, -0.1365787982005963186 ) ) ;
#2868 = CARTESIAN_POINT ( 'NONE',  ( -5.050028407814942000, 57.46347011767435475, 0.2030648134876242572 ) ) ;
#2869 = DIRECTION ( 'NONE',  ( 0.000000000000000000, -1.000000000000000000, -3.491481338843133355E-15 ) ) ;
#2870 = EDGE_CURVE ( 'NONE', #5052, #2936, #2561, .T. ) ;
#2871 = CARTESIAN_POINT ( 'NONE',  ( -28.76773856241480942, 57.43085553501835960, 1.652095810295753031 ) ) ;
#2872 = CARTESIAN_POINT ( 'NONE',  ( 0.2404017706795318343, -12.76486479824590248, 36.88267092855959817 ) ) ;
#2873 = DIRECTION ( 'NONE',  ( -1.000000000000000000, 0.000000000000000000, 0.000000000000000000 ) ) ;
#2874 = AXIS2_PLACEMENT_3D ( 'NONE', #1907, #642, #3240 ) ;
#2875 = CARTESIAN_POINT ( 'NONE',  ( -39.56037779551847677, 61.58622720962621599, -11.35975208689960958 ) ) ;
#2876 = CARTESIAN_POINT ( 'NONE',  ( -4.506639367258586049, 59.10605835875193748, 0.2946120128519602588 ) ) ;
#2877 = AXIS2_PLACEMENT_3D ( 'NONE', #3172, #2754, #713 ) ;
#2878 = CARTESIAN_POINT ( 'NONE',  ( 13.05434366956954051, 61.73277568818019745, -8.787706330475801408 ) ) ;
#2879 = DIRECTION ( 'NONE',  ( 1.000000000000000000, 0.000000000000000000, 0.000000000000000000 ) ) ;
#2880 = ORIENTED_EDGE ( 'NONE', *, *, #3125, .F. ) ;
#2881 = CARTESIAN_POINT ( 'NONE',  ( -39.17544786176245708, -9.171272019776511186, -17.12784233398442879 ) ) ;
#2882 = ORIENTED_EDGE ( 'NONE', *, *, #1790, .T. ) ;
#2883 = CARTESIAN_POINT ( 'NONE',  ( 17.75045557176441591, 60.47911750277149423, -16.89532823195655808 ) ) ;
#2884 = CARTESIAN_POINT ( 'NONE',  ( -3.085968563729227121, 51.88846449396719152, -1.034790134664428374 ) ) ;
#2885 = DIRECTION ( 'NONE',  ( 0.000000000000000000, -1.000000000000000000, -3.491481338843133355E-15 ) ) ;
#2886 = ORIENTED_EDGE ( 'NONE', *, *, #875, .T. ) ;
#2887 = CARTESIAN_POINT ( 'NONE',  ( -8.245716132992169989, -17.07928127310382038, 15.86342120179913984 ) ) ;
#2888 = CARTESIAN_POINT ( 'NONE',  ( 1.814569541288535426, 46.87057126794569939, -0.1743309926225891926 ) ) ;
#2889 = EDGE_CURVE ( 'NONE', #4829, #1042, #63, .T. ) ;
#2890 = CARTESIAN_POINT ( 'NONE',  ( -5.745716132992169101, -24.27928127310381612, 15.86342120179911142 ) ) ;
#2891 = ADVANCED_FACE ( 'NONE', ( #2178, #1793, #4261 ), #557, .F. ) ;
#2892 = VECTOR ( 'NONE', #2465, 1000.000000000000000 ) ;
#2893 = CARTESIAN_POINT ( 'NONE',  ( -10.24186746089371702, 45.79408733381856678, -11.82529007633877960 ) ) ;
#2894 = DIRECTION ( 'NONE',  ( 1.000000000000000000, 0.000000000000000000, 0.000000000000000000 ) ) ;
#2895 = CARTESIAN_POINT ( 'NONE',  ( -12.21859362934392479, 65.64970433178105225, -19.31497778656340003 ) ) ;
#2896 = DIRECTION ( 'NONE',  ( 0.000000000000000000, -1.000000000000000000, -3.491481338843133355E-15 ) ) ;
#2897 = CARTESIAN_POINT ( 'NONE',  ( -5.978647850490122373, 59.08008914377122522, -1.453434154438534964 ) ) ;
#2898 = CARTESIAN_POINT ( 'NONE',  ( -6.401308033127702579, 58.41945342641531624, 0.07284455616942980827 ) ) ;
#2899 = CARTESIAN_POINT ( 'NONE',  ( -20.09683574508677495, 47.94853840641772535, 9.519674889053941769 ) ) ;
#2900 = CARTESIAN_POINT ( 'NONE',  ( -0.09654280386009296555, -12.40581411522766686, 36.93565871296527803 ) ) ;
#2901 = CARTESIAN_POINT ( 'NONE',  ( -5.745716132992168212, 44.22071872689625138, 4.863421201799197569 ) ) ;
#2902 = CARTESIAN_POINT ( 'NONE',  ( -29.56367554214001814, 61.82033831906969823, -13.50017821764833670 ) ) ;
#2903 = CARTESIAN_POINT ( 'NONE',  ( -10.19904470700079635, 48.87512761765895419, -4.429794439323031519 ) ) ;
#2904 = CARTESIAN_POINT ( 'NONE',  ( 6.411517838784131840, 59.18400876154242241, 19.93527828349218822 ) ) ;
#2905 =( BOUNDED_CURVE ( )  B_SPLINE_CURVE ( 3, ( #4698, #184, #1856, #3492 ),
 .UNSPECIFIED., .F., .F. ) 
 B_SPLINE_CURVE_WITH_KNOTS ( ( 4, 4 ),
 ( 1.570796326794896780, 1.637512475205121998 ),
 .UNSPECIFIED. ) 
 CURVE ( )  GEOMETRIC_REPRESENTATION_ITEM ( )  RATIONAL_B_SPLINE_CURVE ( ( 1.000000000000000000, 0.9996291140226467586, 0.9996291140226467586, 1.000000000000000000 ) ) 
 REPRESENTATION_ITEM ( '' )  );
#2906 = FACE_OUTER_BOUND ( 'NONE', #565, .T. ) ;
#2907 = VERTEX_POINT ( 'NONE', #972 ) ;
#2908 = CARTESIAN_POINT ( 'NONE',  ( -22.81573843756155284, 55.35334825258796343, 1.802998374931130909 ) ) ;
#2909 = ORIENTED_EDGE ( 'NONE', *, *, #145, .T. ) ;
#2910 = CARTESIAN_POINT ( 'NONE',  ( 7.380750057648628903, 58.73578683154770630, -16.69276566271990347 ) ) ;
#2911 = CARTESIAN_POINT ( 'NONE',  ( -9.675454489513679590, 61.40241779070365169, 12.60923745742390523 ) ) ;
#2912 = LINE ( 'NONE', #3723, #3372 ) ;
#2913 = CARTESIAN_POINT ( 'NONE',  ( -3.165835126282326328, 60.36653914096575591, 17.56547570129881919 ) ) ;
#2914 = ORIENTED_EDGE ( 'NONE', *, *, #4627, .F. ) ;
#2915 = CARTESIAN_POINT ( 'NONE',  ( 0.1348746964230625178, 48.84814931275465000, -1.710307789278489699 ) ) ;
#2916 = CARTESIAN_POINT ( 'NONE',  ( -7.745716132992169101, 12.20807434455391949, 34.72992234607018958 ) ) ;
#2917 = CARTESIAN_POINT ( 'NONE',  ( -0.4951680296514512358, 48.36913846547027873, -1.786755060915338422 ) ) ;
#2918 = FACE_OUTER_BOUND ( 'NONE', #4263, .T. ) ;
#2919 = PRODUCT_DEFINITION_FORMATION_WITH_SPECIFIED_SOURCE ( 'ANY', '', #3519, .NOT_KNOWN. ) ;
#2920 = CARTESIAN_POINT ( 'NONE',  ( 17.73648015482217133, 61.82033831906969823, -14.08173700310588927 ) ) ;
#2921 = EDGE_LOOP ( 'NONE', ( #87, #3673, #5253, #1309 ) ) ;
#2922 = VECTOR ( 'NONE', #4050, 1000.000000000000000 ) ;
#2923 = CARTESIAN_POINT ( 'NONE',  ( 4.883344277968046931, 57.80694486631345086, -20.74528408391816470 ) ) ;
#2924 = CARTESIAN_POINT ( 'NONE',  ( -5.123482627434639447, 63.60475515309609307, -7.026113029897715023 ) ) ;
#2925 = CARTESIAN_POINT ( 'NONE',  ( -19.40004058263606623, 48.98160650235340796, 9.562347876447038431 ) ) ;
#2926 = CARTESIAN_POINT ( 'NONE',  ( -5.749578949350556911, 50.27570598391717027, -19.22913629332161989 ) ) ;
#2927 = MECHANICAL_DESIGN_GEOMETRIC_PRESENTATION_REPRESENTATION (  '', ( #1517 ), #3644 ) ;
#2928 = CARTESIAN_POINT ( 'NONE',  ( -7.745716132992170877, -1.509870544773329826, 36.99094052772566243 ) ) ;
#2929 = CARTESIAN_POINT ( 'NONE',  ( 13.98608944130205245, 61.45139850674845405, -13.81813919172784466 ) ) ;
#2930 = CARTESIAN_POINT ( 'NONE',  ( -9.001329540015134967, 51.24246771519797505, 4.566466848581439031 ) ) ;
#2931 = ADVANCED_FACE ( 'NONE', ( #3073 ), #2232, .T. ) ;
#2932 = CARTESIAN_POINT ( 'NONE',  ( -5.138572099726324005, 49.94689721365057267, -18.74532535487374929 ) ) ;
#2933 = CARTESIAN_POINT ( 'NONE',  ( -0.1027162345300404317, 61.67279508745166083, 0.09956356392681550704 ) ) ;
#2934 = B_SPLINE_CURVE_WITH_KNOTS ( 'NONE', 3,
 ( #200, #4688, #1869, #935, #4334, #4768, #2197, #2226, #1019, #142, #3885, #1843, #4362, #114, #5199, #5146, #1453, #2584, #1816, #1788, #4255, #493, #1760, #3481, #1396, #5123, #1372, #3067, #4713, #964 ),
 .UNSPECIFIED., .F., .F.,
 ( 4, 2, 2, 2, 2, 2, 2, 2, 2, 2, 2, 2, 2, 2, 4 ),
 ( 0.0005376391219406361031, 0.001125414334030854771, 0.001713189546121073438, 0.002300964758211292323, 0.002888739970301510557, 0.004064290394481934014, 0.005239840818662357472, 0.007590941667023203519, 0.009942042515384047832, 0.01111759293956447042, 0.01229314336374489475, 0.01464424421210573993, 0.01699534506046658511, 0.01817089548464700943, 0.01934644590882743376 ),
 .UNSPECIFIED. ) ;
#2935 = DIRECTION ( 'NONE',  ( 0.000000000000000000, -1.000000000000000000, -3.491481338843133355E-15 ) ) ;
#2936 = VERTEX_POINT ( 'NONE', #152 ) ;
#2937 = CARTESIAN_POINT ( 'NONE',  ( -18.08699185052522651, 53.55769669536832112, 2.641534094232515617 ) ) ;
#2938 = ORIENTED_EDGE ( 'NONE', *, *, #36, .F. ) ;
#2939 = CARTESIAN_POINT ( 'NONE',  ( -11.62597608032858432, -15.94757129245367722, 38.92345379309493580 ) ) ;
#2940 = CARTESIAN_POINT ( 'NONE',  ( 14.17284193154648086, 65.20387478663688796, 3.142057738215942031 ) ) ;
#2941 = CARTESIAN_POINT ( 'NONE',  ( -5.601690115825863181, 60.97725855409743900, -4.637338138524805586 ) ) ;
#2942 = CARTESIAN_POINT ( 'NONE',  ( 3.342688968204817535, 43.97139684830249706, -2.126108766850350662 ) ) ;
#2943 = VERTEX_POINT ( 'NONE', #5099 ) ;
#2944 = EDGE_CURVE ( 'NONE', #3883, #81, #3282, .T. ) ;
#2945 = DIRECTION ( 'NONE',  ( -0.000000000000000000, 1.000000000000000000, 3.491481338843133355E-15 ) ) ;
#2946 = DIRECTION ( 'NONE',  ( -1.000000000000000000, 0.000000000000000000, 0.000000000000000000 ) ) ;
#2947 = CARTESIAN_POINT ( 'NONE',  ( -25.64188984594568410, 61.72438936800976705, -13.55828776479575559 ) ) ;
#2948 = CARTESIAN_POINT ( 'NONE',  ( -8.189578574054733551, 47.89536466512296187, -16.23530169145211133 ) ) ;
#2949 = AXIS2_PLACEMENT_3D ( 'NONE', #664, #1928, #1513 ) ;
#2950 = ORIENTED_EDGE ( 'NONE', *, *, #2691, .T. ) ;
#2951 = CARTESIAN_POINT ( 'NONE',  ( -9.493164610714647011, 46.87057126794572071, 6.429696752804716198 ) ) ;
#2952 = EDGE_LOOP ( 'NONE', ( #3189, #1343, #4141, #1663 ) ) ;
#2953 = B_SPLINE_CURVE_WITH_KNOTS ( 'NONE', 3,
 ( #4555, #3350, #3658, #3714, #4455, #751, #1237, #2016, #4085, #4109, #4156, #5292, #291, #802, #4134, #1990, #370, #1549, #1210, #3297, #1575, #2872, #1135, #2900, #2477, #3242, #317, #4527, #699, #5393, #5369, #4986 ),
 .UNSPECIFIED., .F., .F.,
 ( 4, 2, 2, 2, 2, 2, 2, 2, 2, 2, 2, 2, 2, 2, 2, 4 ),
 ( 0.000000000000000000, 0.0004906528922364938395, 0.0009813057844729876789, 0.001471958676709481410, 0.001962611568945974924, 0.002453264461182468655, 0.002943917353418957616, 0.003925223137891930766, 0.004415876030128415390, 0.004906528922364899147, 0.005397181814601383770, 0.005887834706837868394, 0.006378487599074352150, 0.006869140491310836774, 0.007359793383547320531, 0.007850446275783804287 ),
 .UNSPECIFIED. ) ;
#2954 = CARTESIAN_POINT ( 'NONE',  ( -26.14987447462283043, 54.77638479661848692, 6.721729017898943503 ) ) ;
#2955 = CARTESIAN_POINT ( 'NONE',  ( 10.66031116824597547, 50.99058897330091611, 9.642333055329062930 ) ) ;
#2956 = AXIS2_PLACEMENT_3D ( 'NONE', #3725, #4917, #1198 ) ;
#2957 = CARTESIAN_POINT ( 'NONE',  ( -19.07213562384624694, 47.11585067535742155, 9.760069752538342414 ) ) ;
#2958 = FACE_OUTER_BOUND ( 'NONE', #856, .T. ) ;
#2959 = VECTOR ( 'NONE', #3484, 1000.000000000000000 ) ;
#2960 = EDGE_CURVE ( 'NONE', #181, #1918, #2701, .T. ) ;
#2961 = CARTESIAN_POINT ( 'NONE',  ( -35.26108751792892093, 13.20807434455410423, -18.33198695090464625 ) ) ;
#2962 = CARTESIAN_POINT ( 'NONE',  ( -11.91610267811297952, 43.86510778367051699, 10.02575613678575195 ) ) ;
#2963 = CARTESIAN_POINT ( 'NONE',  ( -9.596235257749933467, 60.97570362029751578, 3.053014039431403148 ) ) ;
#2964 = CARTESIAN_POINT ( 'NONE',  ( 0.7544177761240030700, -14.45351566133982679, 38.82491833912980184 ) ) ;
#2965 = CARTESIAN_POINT ( 'NONE',  ( -5.745716132992169101, -9.171272019776575135, -0.1365787982008305756 ) ) ;
#2966 = DIRECTION ( 'NONE',  ( 1.000000000000000000, 0.000000000000000000, 0.000000000000000000 ) ) ;
#2967 = ORIENTED_EDGE ( 'NONE', *, *, #1634, .T. ) ;
#2968 = CIRCLE ( 'NONE', #1025, 16.99999999999999289 ) ;
#2969 = CARTESIAN_POINT ( 'NONE',  ( -27.14348222259390297, 57.18216375962792597, 1.124093682715606279 ) ) ;
#2970 = ORIENTED_EDGE ( 'NONE', *, *, #2125, .T. ) ;
#2971 = CARTESIAN_POINT ( 'NONE',  ( -1.345326855447810166, 57.74039909287496641, -2.545408827199067581 ) ) ;
#2972 = AXIS2_PLACEMENT_3D ( 'NONE', #1989, #4882, #4853 ) ;
#2973 = CARTESIAN_POINT ( 'NONE',  ( -5.633103568355765312, 57.22564679751358341, 1.588086291542597284 ) ) ;
#2974 = CARTESIAN_POINT ( 'NONE',  ( -29.07225579558851436, 58.93656895130641971, 0.8528322917259569813 ) ) ;
#2975 = CARTESIAN_POINT ( 'NONE',  ( -9.422822288828465176, 61.77225489383645396, 28.48473119549997534 ) ) ;
#2976 = ORIENTED_EDGE ( 'NONE', *, *, #3530, .T. ) ;
#2977 = CARTESIAN_POINT ( 'NONE',  ( -5.745716132992169101, -21.27928127310376283, -0.1365787982008728474 ) ) ;
#2978 = CARTESIAN_POINT ( 'NONE',  ( -3.245716132992169101, -17.07928127310382393, 16.67859292259937831 ) ) ;
#2979 = CARTESIAN_POINT ( 'NONE',  ( -7.745716132992168212, -9.608375906775000530, 37.31004988850475002 ) ) ;
#2980 = DIRECTION ( 'NONE',  ( -0.3535533905932767285, 0.7071067811865495711, -0.6123724356957904735 ) ) ;
#2981 = AXIS2_PLACEMENT_3D ( 'NONE', #4373, #3158, #616 ) ;
#2982 = CARTESIAN_POINT ( 'NONE',  ( 14.57715913950832842, 61.57019645922600404, -19.75747649206342160 ) ) ;
#2983 = CARTESIAN_POINT ( 'NONE',  ( 11.07605217575465595, 60.74777529925115971, -7.096759131099743101 ) ) ;
#2984 = ORIENTED_EDGE ( 'NONE', *, *, #2473, .T. ) ;
#2985 = AXIS2_PLACEMENT_3D ( 'NONE', #742, #819, #411 ) ;
#2986 = CARTESIAN_POINT ( 'NONE',  ( -9.706632778124070882, 47.48531633460704882, 7.185773659222553178 ) ) ;
#2987 = B_SPLINE_CURVE_WITH_KNOTS ( 'NONE', 3,
 ( #3967, #4423, #5229, #204, #1458, #4797, #1047, #4824, #2761, #415, #2865, #4980, #4, #4900, #2840, #4080, #855, #4950, #1153, #1178, #771, #3706, #2951, #2037, #4577, #3262, #823, #4497 ),
 .UNSPECIFIED., .F., .F.,
 ( 4, 2, 2, 2, 2, 2, 2, 2, 2, 2, 2, 2, 2, 4 ),
 ( 4.201283418381329682E-19, 0.001398815899024442215, 0.002797631798048883997, 0.005595263596097760188, 0.006994079495122203921, 0.008392895394146648522, 0.01119052719219552731, 0.01398815899024440611, 0.01538697488926884550, 0.01608638283878106867, 0.01678579078829329010, 0.01958342258634218278, 0.02098223848536662217, 0.02238105438439106504 ),
 .UNSPECIFIED. ) ;
#2988 = DIRECTION ( 'NONE',  ( 0.000000000000000000, 3.491481338843133355E-15, -1.000000000000000000 ) ) ;
#2989 = FACE_OUTER_BOUND ( 'NONE', #3359, .T. ) ;
#2990 = CARTESIAN_POINT ( 'NONE',  ( -27.27260037699798545, 60.08064389122451843, -3.922808717589796323 ) ) ;
#2991 = CARTESIAN_POINT ( 'NONE',  ( -5.479943697085692733, 50.99058897330091611, -19.23407114301902254 ) ) ;
#2992 = CARTESIAN_POINT ( 'NONE',  ( 0.1371960574530722010, -15.94475174947391416, 38.92305843675379151 ) ) ;
#2993 = CARTESIAN_POINT ( 'NONE',  ( -12.17900013796143632, -13.63189435928759785, 36.80769090603785543 ) ) ;
#2994 = DIRECTION ( 'NONE',  ( 0.000000000000000000, -1.000000000000000000, -3.491481338843133355E-15 ) ) ;
#2995 = ORIENTED_EDGE ( 'NONE', *, *, #2091, .F. ) ;
#2996 = CARTESIAN_POINT ( 'NONE',  ( -18.20692072079360102, 47.10825756703513889, 9.475993225702030287 ) ) ;
#2997 = VERTEX_POINT ( 'NONE', #2819 ) ;
#2998 = CARTESIAN_POINT ( 'NONE',  ( -5.745716132992169101, 22.54294747770555674, -0.1365787982007198309 ) ) ;
#2999 = CARTESIAN_POINT ( 'NONE',  ( 6.842712470757531307, 63.92524875581221977, 1.562519505903247286 ) ) ;
#3000 = CARTESIAN_POINT ( 'NONE',  ( 9.359421662167230593, 56.74066302127840800, 16.43241416316437764 ) ) ;
#3001 = EDGE_CURVE ( 'NONE', #1481, #2378, #3323, .T. ) ;
#3002 = CARTESIAN_POINT ( 'NONE',  ( 1.738754694251261945, 60.08064389122451843, 20.39936478112966967 ) ) ;
#3003 = ORIENTED_EDGE ( 'NONE', *, *, #2587, .T. ) ;
#3004 = TOROIDAL_SURFACE ( 'NONE', #3268, -52.50000000000000000, 90.00000000000000000 ) ;
#3005 = B_SPLINE_CURVE_WITH_KNOTS ( 'NONE', 3,
 ( #168, #860, #2534, #3089, #3380, #5169, #2634, #2698, #2098, #4183, #3118, #573, #448, #2250, #10, #4765 ),
 .UNSPECIFIED., .F., .F.,
 ( 4, 2, 2, 2, 2, 2, 2, 4 ),
 ( 0.01273677519152058117, 0.01350729246178136202, 0.01427780973204214460, 0.01581884427256370629, 0.01658936154282449060, 0.01735987881308526798, 0.01813039608334605229, 0.01890091335360683314 ),
 .UNSPECIFIED. ) ;
#3006 = PLANE ( 'NONE',  #5059 ) ;
#3007 = CARTESIAN_POINT ( 'NONE',  ( -7.537288581646413910, 61.73447314518685403, 22.13758807018660235 ) ) ;
#3008 = CARTESIAN_POINT ( 'NONE',  ( 11.19110145829047376, 46.80824434961958502, 7.039253931192527958 ) ) ;
#3009 = CARTESIAN_POINT ( 'NONE',  ( 19.83278848820977558, 61.76611285053049016, -16.92382608613639761 ) ) ;
#3010 = ORIENTED_EDGE ( 'NONE', *, *, #1158, .T. ) ;
#3011 = EDGE_CURVE ( 'NONE', #1291, #2079, #5290, .T. ) ;
#3012 = CARTESIAN_POINT ( 'NONE',  ( 4.484496740657879954, 61.14595026584251514, -2.563035259467447258 ) ) ;
#3013 = VERTEX_POINT ( 'NONE', #671 ) ;
#3014 = CARTESIAN_POINT ( 'NONE',  ( -15.97326336292263704, 47.27532259458217112, 8.997617592625179128 ) ) ;
#3015 = B_SPLINE_CURVE_WITH_KNOTS ( 'NONE', 3,
 ( #2629, #880, #3420, #2554, #2088, #3473, #1311, #2578, #2165, #3855, #5113, #4326 ),
 .UNSPECIFIED., .F., .F.,
 ( 4, 2, 2, 2, 2, 4 ),
 ( 0.01617309552064223263, 0.01841787434960778097, 0.02066265317857332584, 0.02178504259305609828, 0.02290743200753887418, 0.02515221083650443293 ),
 .UNSPECIFIED. ) ;
#3016 = CARTESIAN_POINT ( 'NONE',  ( -7.075653249990883076, 58.82380169307482021, 0.7499819584571507658 ) ) ;
#3017 = CARTESIAN_POINT ( 'NONE',  ( -7.653255444831828846, 47.11585067535742155, -16.62592089413807273 ) ) ;
#3018 = CARTESIAN_POINT ( 'NONE',  ( -29.49632900681755743, 60.30591803770360571, -2.840398126977519144 ) ) ;
#3019 = CARTESIAN_POINT ( 'NONE',  ( -6.568115791046625240, 48.74479891902385731, 5.466106786323907230 ) ) ;
#3020 = CARTESIAN_POINT ( 'NONE',  ( -7.052083503559489763, 48.32862520753148061, -16.43021679823418069 ) ) ;
#3021 = CARTESIAN_POINT ( 'NONE',  ( -15.50337183810074748, 63.27647853340788231, 17.53818512861586854 ) ) ;
#3022 = CARTESIAN_POINT ( 'NONE',  ( 7.616765729649327632, 57.16008693666335461, 18.43187925059780596 ) ) ;
#3023 = CARTESIAN_POINT ( 'NONE',  ( -21.62544776118224732, 60.76154766666889628, -11.86066835362104221 ) ) ;
#3024 = ORIENTED_EDGE ( 'NONE', *, *, #3125, .T. ) ;
#3025 = CARTESIAN_POINT ( 'NONE',  ( -36.04781413028371162, 60.64083650863771169, -13.39848874952045321 ) ) ;
#3026 = CARTESIAN_POINT ( 'NONE',  ( -3.937247240157289330, 54.40467871059622951, -4.813250646901056307 ) ) ;
#3027 = CARTESIAN_POINT ( 'NONE',  ( -9.585115761544775737, 58.20295612663137774, 5.245091069920356119 ) ) ;
#3028 = DIRECTION ( 'NONE',  ( 0.8660254037844363761, 1.745740669421580877E-15, -0.5000000000000039968 ) ) ;
#3029 = CARTESIAN_POINT ( 'NONE',  ( -3.071289230272875148, 56.36305498891733379, 4.153552588990691241 ) ) ;
#3030 = EDGE_LOOP ( 'NONE', ( #3171, #2605, #4620, #1642 ) ) ;
#3031 = CARTESIAN_POINT ( 'NONE',  ( -36.26108751792891383, 13.20807434455410068, -16.59993614333576772 ) ) ;
#3032 = ADVANCED_FACE ( 'NONE', ( #5261 ), #4400, .T. ) ;
#3033 = CARTESIAN_POINT ( 'NONE',  ( 4.571651712942706780, 60.36381126992073121, 29.29964147132598029 ) ) ;
#3034 = CARTESIAN_POINT ( 'NONE',  ( 20.87858271296197898, 61.86064475379446037, -6.001849384680514987 ) ) ;
#3035 = EDGE_CURVE ( 'NONE', #2550, #4637, #5305, .T. ) ;
#3036 = VERTEX_POINT ( 'NONE', #1851 ) ;
#3037 = CARTESIAN_POINT ( 'NONE',  ( 17.54008450834518129, 61.72582703749225885, -11.81308361779343663 ) ) ;
#3038 = ORIENTED_EDGE ( 'NONE', *, *, #2363, .F. ) ;
#3039 = CARTESIAN_POINT ( 'NONE',  ( -5.588299434290589396, 58.31122679168200307, -2.287987206982438515 ) ) ;
#3040 = CARTESIAN_POINT ( 'NONE',  ( 27.65091859514994610, -11.79192565544590110, -17.10873377176299215 ) ) ;
#3041 = CARTESIAN_POINT ( 'NONE',  ( -26.05655283575894643, 61.67005203732067287, -17.95382829066703678 ) ) ;
#3042 = DIRECTION ( 'NONE',  ( 0.000000000000000000, -3.491481338843133355E-15, 1.000000000000000000 ) ) ;
#3043 = CARTESIAN_POINT ( 'NONE',  ( -13.23120189448841266, 62.21328981568711214, 18.97067612656161728 ) ) ;
#3044 = ADVANCED_FACE ( 'NONE', ( #1878, #2793 ), #2317, .T. ) ;
#3045 = CARTESIAN_POINT ( 'NONE',  ( -11.39488018549373471, -12.40597979954766217, 36.93565586400824685 ) ) ;
#3046 = CARTESIAN_POINT ( 'NONE',  ( -27.13922341968241625, 61.50174102493875239, -11.03852482451944006 ) ) ;
#3047 = EDGE_LOOP ( 'NONE', ( #3935, #902, #467, #575 ) ) ;
#3048 = PRODUCT_DEFINITION_CONTEXT ( 'detailed design', #2227, 'design' ) ;
#3049 = CARTESIAN_POINT ( 'NONE',  ( -6.700738965596164221, 59.18441931939720746, -3.100468340267866552 ) ) ;
#3050 = DIRECTION ( 'NONE',  ( 0.000000000000000000, 1.000000000000000000, 3.491481338843133355E-15 ) ) ;
#3051 = CARTESIAN_POINT ( 'NONE',  ( -10.54993497597223318, -16.66467871372239529, 39.07046991827337479 ) ) ;
#3052 = CARTESIAN_POINT ( 'NONE',  ( 14.29965991420104388, 64.36442683340267479, 1.704424556788345813 ) ) ;
#3053 = CARTESIAN_POINT ( 'NONE',  ( -6.152086976742294766, 61.40407705663103854, 25.78640759204860800 ) ) ;
#3054 = CARTESIAN_POINT ( 'NONE',  ( -6.852865142320830216, 57.67094317185644314, -5.362815887719492913 ) ) ;
#3055 = ORIENTED_EDGE ( 'NONE', *, *, #3011, .F. ) ;
#3056 = CARTESIAN_POINT ( 'NONE',  ( -6.745716132992169101, 13.20807434455398699, 15.86342120179924287 ) ) ;
#3057 = CARTESIAN_POINT ( 'NONE',  ( -8.949720530175525823, 60.84890730692245597, 9.952696171810366366 ) ) ;
#3058 =( BOUNDED_SURFACE ( )  B_SPLINE_SURFACE ( 3, 2, ( 
 ( #3513, #4772, #3597 ),
 ( #5152, #2614, #3945 ),
 ( #2201, #3100, #996 ),
 ( #117, #2677, #584 ) ),
 .UNSPECIFIED., .F., .F., .T. ) 
 B_SPLINE_SURFACE_WITH_KNOTS ( ( 4, 4 ),
 ( 3, 3 ),
 ( 0.004566022159046239162, 0.006030642147041658484 ),
 ( 0.000000000000000000, 1.000000000000000000 ),
 .UNSPECIFIED. ) 
 GEOMETRIC_REPRESENTATION_ITEM ( )  RATIONAL_B_SPLINE_SURFACE ( (
 ( 1.000000000000000000, 0.9761564505959141602, 1.000000000000000000),
 ( 1.000000000000000000, 0.9735295494344226030, 1.000000000000000000),
 ( 1.000000000000000000, 0.9705784797816721099, 1.000000000000000000),
 ( 1.000000000000000000, 0.9671245253898422822, 1.000000000000000000) ) ) 
 REPRESENTATION_ITEM ( '' )  SURFACE ( )  );
#3059 = FACE_OUTER_BOUND ( 'NONE', #4767, .T. ) ;
#3060 = CIRCLE ( 'NONE', #1193, 30.00000000000000000 ) ;
#3061 = CARTESIAN_POINT ( 'NONE',  ( -9.584475419142258090, 48.28811819059659882, -3.742981640112674313 ) ) ;
#3062 = CARTESIAN_POINT ( 'NONE',  ( 5.126970622818690870, 60.63023745114079333, -5.980129834089352059 ) ) ;
#3063 = ORIENTED_EDGE ( 'NONE', *, *, #749, .T. ) ;
#3064 = CARTESIAN_POINT ( 'NONE',  ( -29.02236643748083011, 58.55811439068473589, 0.8756061899601641496 ) ) ;
#3065 = CARTESIAN_POINT ( 'NONE',  ( -1.058188145494890708, 60.97570362029751578, 1.603272162781119503 ) ) ;
#3066 = ORIENTED_EDGE ( 'NONE', *, *, #767, .F. ) ;
#3067 = CARTESIAN_POINT ( 'NONE',  ( -7.227699687759662872, 60.56601124275404402, -4.922800028499325187 ) ) ;
#3068 = CARTESIAN_POINT ( 'NONE',  ( -1.193138300940350671, 54.12875953714654997, -21.00142185667980499 ) ) ;
#3069 = CARTESIAN_POINT ( 'NONE',  ( 10.91623210935700428, 60.96012923198085076, -17.41408044389276100 ) ) ;
#3070 = CARTESIAN_POINT ( 'NONE',  ( -18.66147387692969772, 63.17647821095454219, -15.93522926018039954 ) ) ;
#3071 = CARTESIAN_POINT ( 'NONE',  ( -28.59000496233739952, 60.16757661323276807, -7.525945257113462183 ) ) ;
#3072 = CARTESIAN_POINT ( 'NONE',  ( -10.71655634501243703, 62.24431829642934844, -0.3707419849344841811 ) ) ;
#3073 = FACE_OUTER_BOUND ( 'NONE', #196, .T. ) ;
#3074 = CARTESIAN_POINT ( 'NONE',  ( -17.66143034470091067, 60.80346283600135138, -10.08416735108808027 ) ) ;
#3075 = ORIENTED_EDGE ( 'NONE', *, *, #3773, .F. ) ;
#3076 = CARTESIAN_POINT ( 'NONE',  ( -21.52688967049765623, 60.46710617866386173, -10.34974234133061266 ) ) ;
#3077 = CARTESIAN_POINT ( 'NONE',  ( -9.482245039255200680, 47.11645804776753721, -10.48150576525384992 ) ) ;
#3078 = LINE ( 'NONE', #4346, #1535 ) ;
#3079 = CARTESIAN_POINT ( 'NONE',  ( -5.745716132992169101, 13.20807434455404206, -0.1365787982007524159 ) ) ;
#3080 = CARTESIAN_POINT ( 'NONE',  ( -5.745716132992168212, -32.14681364125087271, -0.1365787982008023760 ) ) ;
#3081 = CARTESIAN_POINT ( 'NONE',  ( -6.859357074173122903, 59.33166437835664198, 1.223297289793049858 ) ) ;
#3082 = ORIENTED_EDGE ( 'NONE', *, *, #3931, .F. ) ;
#3083 = B_SPLINE_CURVE_WITH_KNOTS ( 'NONE', 3,
 ( #3108, #4779, #2299, #1030 ),
 .UNSPECIFIED., .F., .F.,
 ( 4, 4 ),
 ( 2.852921668572790858E-07, 0.001429674706846541504 ),
 .UNSPECIFIED. ) ;
#3084 = CARTESIAN_POINT ( 'NONE',  ( -8.953078015988786831, 61.66211416350387964, 1.923266489909214449 ) ) ;
#3085 = CARTESIAN_POINT ( 'NONE',  ( -9.942013881004383435, 44.34032813956033436, -14.22958612907199694 ) ) ;
#3086 = CARTESIAN_POINT ( 'NONE',  ( 3.703301174043839961, 60.61940855044169041, 32.43470742561694919 ) ) ;
#3087 = CARTESIAN_POINT ( 'NONE',  ( -8.466838372986471128, 53.86228495248005288, -0.03545785300197116380 ) ) ;
#3088 = EDGE_LOOP ( 'NONE', ( #4663, #2410, #462, #455 ) ) ;
#3089 = CARTESIAN_POINT ( 'NONE',  ( -6.471802218360758197, 53.15914931233977825, -5.086986142959240453 ) ) ;
#3090 =( BOUNDED_CURVE ( )  B_SPLINE_CURVE ( 3, ( #272, #1415, #1010, #4382 ),
 .UNSPECIFIED., .F., .F. ) 
 B_SPLINE_CURVE_WITH_KNOTS ( ( 4, 4 ),
 ( 1.629653832741977837, 1.688716478820145861 ),
 .UNSPECIFIED. ) 
 CURVE ( )  GEOMETRIC_REPRESENTATION_ITEM ( )  RATIONAL_B_SPLINE_CURVE ( ( 1.000000000000000000, 0.9997093214458155908, 0.9997093214458155908, 1.000000000000000000 ) ) 
 REPRESENTATION_ITEM ( '' )  );
#3091 = ORIENTED_EDGE ( 'NONE', *, *, #2285, .F. ) ;
#3092 = AXIS2_PLACEMENT_3D ( 'NONE', #2714, #2683, #4755 ) ;
#3093 = CARTESIAN_POINT ( 'NONE',  ( -5.233027804526779292, 50.46605611117090007, 3.815202292008264440 ) ) ;
#3094 = CARTESIAN_POINT ( 'NONE',  ( 27.68250955916700562, 17.59325729417466633, -0.1365787982007371226 ) ) ;
#3095 = CARTESIAN_POINT ( 'NONE',  ( 13.00965525640705778, 42.51116922599128856, 3.488249889464750009 ) ) ;
#3096 = CARTESIAN_POINT ( 'NONE',  ( 7.189016362439756058, 58.82396668897087721, -20.12416605473456954 ) ) ;
#3097 = CARTESIAN_POINT ( 'NONE',  ( -1.236203347936101871, 50.15579072048938514, -2.296276564420855149 ) ) ;
#3098 = ADVANCED_FACE ( 'NONE', ( #4057 ), #1702, .F. ) ;
#3099 = CARTESIAN_POINT ( 'NONE',  ( -18.62311124006764729, 59.80730694924957902, -5.371341230121923438 ) ) ;
#3100 = CARTESIAN_POINT ( 'NONE',  ( 4.166372758681884392, 59.17623234273941790, 22.01535530394585294 ) ) ;
#3101 = CARTESIAN_POINT ( 'NONE',  ( -9.429125159996099015, 59.95352913956683949, -3.043817181580552145 ) ) ;
#3102 = CARTESIAN_POINT ( 'NONE',  ( -11.72928744917916255, -12.76142990010203526, 36.88308474250693791 ) ) ;
#3103 = ORIENTED_EDGE ( 'NONE', *, *, #1371, .F. ) ;
#3104 = AXIS2_PLACEMENT_3D ( 'NONE', #4073, #4042, #1976 ) ;
#3105 = EDGE_CURVE ( 'NONE', #199, #4002, #306, .T. ) ;
#3106 = CARTESIAN_POINT ( 'NONE',  ( -8.719698907064213245, 47.52722767624250366, -13.28584767624703389 ) ) ;
#3107 = CARTESIAN_POINT ( 'NONE',  ( 10.65033062446899059, 60.90753886619070556, -17.66283483670342846 ) ) ;
#3108 = CARTESIAN_POINT ( 'NONE',  ( -36.94099186501020426, 12.20807434455410245, -15.83777856276708995 ) ) ;
#3109 = CARTESIAN_POINT ( 'NONE',  ( -0.3707519644632851774, 61.10353711130635190, 24.28701630297026171 ) ) ;
#3110 = CARTESIAN_POINT ( 'NONE',  ( -6.414487869576692702, 57.49941780808158143, -1.409903898769330866 ) ) ;
#3111 = ORIENTED_EDGE ( 'NONE', *, *, #1214, .T. ) ;
#3112 = CARTESIAN_POINT ( 'NONE',  ( -7.293703143597473293, 60.71698879070303434, 25.86925618376841030 ) ) ;
#3113 = CARTESIAN_POINT ( 'NONE',  ( -1.058188145494890708, 60.97570362029751578, 1.603272162781119503 ) ) ;
#3114 = CARTESIAN_POINT ( 'NONE',  ( 3.732589096282279417, 57.55653967592773057, -23.53033345111434826 ) ) ;
#3115 = CARTESIAN_POINT ( 'NONE',  ( 13.52734392165840660, 43.75952346399226656, 5.638752836016677428 ) ) ;
#3116 = CARTESIAN_POINT ( 'NONE',  ( 11.01943508544019146, 64.12597198736165183, -0.9060143641381802615 ) ) ;
#3117 = ORIENTED_EDGE ( 'NONE', *, *, #668, .T. ) ;
#3118 = CARTESIAN_POINT ( 'NONE',  ( -8.752827671489205485, 50.90449338215069019, -4.136822632457728410 ) ) ;
#3119 = VERTEX_POINT ( 'NONE', #954 ) ;
#3120 = CARTESIAN_POINT ( 'NONE',  ( -5.441472833231399520, 54.99495871474092468, -1.919266732560239719 ) ) ;
#3121 = CARTESIAN_POINT ( 'NONE',  ( -21.25068308569408515, -19.46399381122450478, -7.157745425215631840 ) ) ;
#3122 = CARTESIAN_POINT ( 'NONE',  ( 0.7540135060056442073, -13.96256975981823167, 38.82498578402035605 ) ) ;
#3123 = CARTESIAN_POINT ( 'NONE',  ( 8.975939291209211746, 43.20482664747846258, 1.509825089920517449 ) ) ;
#3124 = CARTESIAN_POINT ( 'NONE',  ( -5.745716132992169101, -24.27928127310389428, 37.36342120179914872 ) ) ;
#3125 = EDGE_CURVE ( 'NONE', #4361, #3729, #2968, .T. ) ;
#3126 = CARTESIAN_POINT ( 'NONE',  ( -6.575945895822908227, 56.04237282055830605, 0.9387181268243056653 ) ) ;
#3127 = DIRECTION ( 'NONE',  ( 0.000000000000000000, 1.000000000000000000, 3.491481338843133355E-15 ) ) ;
#3128 = CARTESIAN_POINT ( 'NONE',  ( -8.486679139290011165, 58.20295612663137774, -6.152431345868490276 ) ) ;
#3129 = CARTESIAN_POINT ( 'NONE',  ( 9.504409933302978786, 49.01468929977000499, 6.836926019614339545 ) ) ;
#3130 = CARTESIAN_POINT ( 'NONE',  ( -26.43591882774107304, 61.60782023084695425, -12.32058855019287691 ) ) ;
#3131 = ORIENTED_EDGE ( 'NONE', *, *, #5362, .F. ) ;
#3132 = EDGE_CURVE ( 'NONE', #457, #1356, #5396, .T. ) ;
#3133 = CARTESIAN_POINT ( 'NONE',  ( -8.396788633393262202, 47.80109902657316923, -14.17554075195768526 ) ) ;
#3134 = CARTESIAN_POINT ( 'NONE',  ( -9.096795347436668067, 61.40978721726288825, 3.589692908084997747 ) ) ;
#3135 = CARTESIAN_POINT ( 'NONE',  ( 7.874475384221226726, -11.79192565544592064, -10.30960111383684463 ) ) ;
#3136 = CARTESIAN_POINT ( 'NONE',  ( -7.746590352676191671, 50.93581883052166859, 4.454430331750095284 ) ) ;
#3137 = CARTESIAN_POINT ( 'NONE',  ( -2.481137284081859296, 50.29120249278226140, -3.681797536393564219 ) ) ;
#3138 = ORIENTED_EDGE ( 'NONE', *, *, #3178, .T. ) ;
#3139 = CARTESIAN_POINT ( 'NONE',  ( -7.276466652482310948, 61.72582703749225885, 25.86776851445362979 ) ) ;
#3140 = CARTESIAN_POINT ( 'NONE',  ( 20.89084762253500571, 60.61289644793097153, -22.17628956733730305 ) ) ;
#3141 = CARTESIAN_POINT ( 'NONE',  ( 3.530190157957711072, 48.45505824149491758, 3.047317825045729567 ) ) ;
#3142 = CARTESIAN_POINT ( 'NONE',  ( -0.5296647611224162278, 56.99600354092543597, -7.883005998899570876 ) ) ;
#3143 = ORIENTED_EDGE ( 'NONE', *, *, #1318, .F. ) ;
#3144 = PLANE ( 'NONE',  #1954 ) ;
#3145 = PLANE ( 'NONE',  #2270 ) ;
#3146 = ORIENTED_EDGE ( 'NONE', *, *, #5119, .F. ) ;
#3147 = CIRCLE ( 'NONE', #851, 5.000000000000000000 ) ;
#3148 = CARTESIAN_POINT ( 'NONE',  ( -29.37837502618869223, 58.79426964247248577, -1.321212956199759869 ) ) ;
#3149 = CARTESIAN_POINT ( 'NONE',  ( 11.70275815372370509, 55.48325500490294360, 15.71013651936163669 ) ) ;
#3150 = CARTESIAN_POINT ( 'NONE',  ( 27.90798735904705197, -17.07928127310370670, -16.67980222260962364 ) ) ;
#3151 = CARTESIAN_POINT ( 'NONE',  ( -5.745716132992169101, 13.20807434455403495, -0.1365787982007524159 ) ) ;
#3152 = CARTESIAN_POINT ( 'NONE',  ( -22.59437135750430414, 62.33570541049123648, -17.45830335336085426 ) ) ;
#3153 = CARTESIAN_POINT ( 'NONE',  ( -28.79192747521508622, 60.08064551243332829, -6.869966276017196449 ) ) ;
#3154 = APPLICATION_PROTOCOL_DEFINITION ( 'draft international standard', 'automotive_design', 1998, #2227 ) ;
#3155 =( BOUNDED_CURVE ( )  B_SPLINE_CURVE ( 3, ( #4206, #2194, #3908, #961 ),
 .UNSPECIFIED., .F., .F. ) 
 B_SPLINE_CURVE_WITH_KNOTS ( ( 4, 4 ),
 ( 1.570796326794896558, 1.637512475205121776 ),
 .UNSPECIFIED. ) 
 CURVE ( )  GEOMETRIC_REPRESENTATION_ITEM ( )  RATIONAL_B_SPLINE_CURVE ( ( 1.000000000000000000, 0.9996291140226467586, 0.9996291140226467586, 1.000000000000000000 ) ) 
 REPRESENTATION_ITEM ( '' )  );
#3156 = CARTESIAN_POINT ( 'NONE',  ( -5.815589913092078511, 57.45132338124396654, -0.9074882333945794022 ) ) ;
#3157 = DIRECTION ( 'NONE',  ( 0.000000000000000000, -1.000000000000000000, -3.491481338843133355E-15 ) ) ;
#3158 = DIRECTION ( 'NONE',  ( 0.000000000000000000, -1.000000000000000000, -3.491481338843133355E-15 ) ) ;
#3159 = CARTESIAN_POINT ( 'NONE',  ( -1.745716132992168879, -11.79192565544609472, 39.16036764805628678 ) ) ;
#3160 = CARTESIAN_POINT ( 'NONE',  ( -7.428720649929653419, 61.63975081936303013, 23.80433916841863251 ) ) ;
#3161 = LINE ( 'NONE', #2653, #133 ) ;
#3162 = CARTESIAN_POINT ( 'NONE',  ( -3.463087295324501991, 62.24431829642934844, 4.285376696928804741 ) ) ;
#3163 = CARTESIAN_POINT ( 'NONE',  ( 5.096675943808129716, 58.82396668897087721, 21.05902176226626565 ) ) ;
#3164 = CARTESIAN_POINT ( 'NONE',  ( -10.24662116098910403, 63.17595761659221409, 1.783882530689948842 ) ) ;
#3165 = ORIENTED_EDGE ( 'NONE', *, *, #130, .F. ) ;
#3166 = CARTESIAN_POINT ( 'NONE',  ( 24.75231482558428908, 5.149859948093523876, -20.05402625864714139 ) ) ;
#3167 = CARTESIAN_POINT ( 'NONE',  ( -5.125141102197016352, 50.09617346658435366, -17.11505778619765650 ) ) ;
#3168 = CARTESIAN_POINT ( 'NONE',  ( 6.044941306134348658, 57.18216375962792597, 17.76409397917324995 ) ) ;
#3169 = EDGE_CURVE ( 'NONE', #2864, #3636, #3015, .T. ) ;
#3170 = CARTESIAN_POINT ( 'NONE',  ( -20.18359281721666321, 60.74217023782217240, -11.22606484863120002 ) ) ;
#3171 = ORIENTED_EDGE ( 'NONE', *, *, #126, .T. ) ;
#3172 = CARTESIAN_POINT ( 'NONE',  ( -5.745716132992169101, -24.27928127310376283, -0.1365787982008833112 ) ) ;
#3173 = CARTESIAN_POINT ( 'NONE',  ( -25.62023408770957289, 61.29288443889669225, -13.59033663314775886 ) ) ;
#3174 = EDGE_LOOP ( 'NONE', ( #4967, #4942, #4242, #3394 ) ) ;
#3175 = DIRECTION ( 'NONE',  ( 1.000000000000000000, 0.000000000000000000, 0.000000000000000000 ) ) ;
#3176 = CARTESIAN_POINT ( 'NONE',  ( -10.97949868043746413, 47.24978122699805283, 7.604002938855301430 ) ) ;
#3177 = CARTESIAN_POINT ( 'NONE',  ( -8.326198664644302028, 47.63335553068773009, -18.85970230488353749 ) ) ;
#3178 = EDGE_CURVE ( 'NONE', #4736, #5155, #3476, .T. ) ;
#3179 = CARTESIAN_POINT ( 'NONE',  ( 7.763806048485328404, 61.40903808021213450, 23.83451920970724913 ) ) ;
#3180 =( NAMED_UNIT ( * ) SI_UNIT ( $, .STERADIAN. ) SOLID_ANGLE_UNIT ( ) );
#3181 = AXIS2_PLACEMENT_3D ( 'NONE', #1763, #1847, #4690 ) ;
#3182 = CARTESIAN_POINT ( 'NONE',  ( -0.2499055840859891187, 50.54915917274324499, 5.719167155197541597 ) ) ;
#3183 = CARTESIAN_POINT ( 'NONE',  ( -24.52316065025348735, 52.97323324210234574, 8.194304318197298542 ) ) ;
#3184 = CARTESIAN_POINT ( 'NONE',  ( 0.6262389025185313152, 60.02259217644598266, 23.00210502567867010 ) ) ;
#3185 = CARTESIAN_POINT ( 'NONE',  ( -12.85597007781149337, 64.04687122184625991, 5.901300848630901541 ) ) ;
#3186 = ADVANCED_FACE ( 'NONE', ( #3873 ), #2516, .T. ) ;
#3187 = CARTESIAN_POINT ( 'NONE',  ( 10.85776254039818056, 52.97323324210234574, 11.95972361370120396 ) ) ;
#3188 = CARTESIAN_POINT ( 'NONE',  ( -29.81312216915938151, 60.56077253353126366, -4.445063173761764297 ) ) ;
#3189 = ORIENTED_EDGE ( 'NONE', *, *, #3770, .F. ) ;
#3190 = CARTESIAN_POINT ( 'NONE',  ( -28.99306483156446390, 58.33718604495598470, 0.8912021720891953880 ) ) ;
#3191 = CARTESIAN_POINT ( 'NONE',  ( 10.37951648528789761, 53.64734997320066157, 13.28132033522129163 ) ) ;
#3192 = CARTESIAN_POINT ( 'NONE',  ( -39.73645510120365998, 61.57322058680835397, -10.04358203612588341 ) ) ;
#3193 = CARTESIAN_POINT ( 'NONE',  ( -8.254210567944801014, 51.41353010382745481, 4.197970560625362779 ) ) ;
#3194 = CARTESIAN_POINT ( 'NONE',  ( -3.745716132992169101, 12.20807434455393370, 34.72992234607019668 ) ) ;
#3195 = ORIENTED_EDGE ( 'NONE', *, *, #195, .F. ) ;
#3196 = CARTESIAN_POINT ( 'NONE',  ( -15.61127855964187106, 40.97829904776232723, 12.84753251854819744 ) ) ;
#3197 = CARTESIAN_POINT ( 'NONE',  ( -12.05750516553710838, 40.97829904776232723, -15.17246214067513677 ) ) ;
#3198 = CARTESIAN_POINT ( 'NONE',  ( -1.350858489218244918, 60.88697592464050246, 25.85563678869090509 ) ) ;
#3199 = CARTESIAN_POINT ( 'NONE',  ( -10.05738152282790843, 58.77356050712016611, 4.568942545855064097 ) ) ;
#3200 = VERTEX_POINT ( 'NONE', #2107 ) ;
#3201 = CARTESIAN_POINT ( 'NONE',  ( 10.70738662769875660, 52.35773887760070977, 11.38826969962442703 ) ) ;
#3202 = CARTESIAN_POINT ( 'NONE',  ( -19.10212259354327102, 13.20807434455407225, -9.002604201985066723 ) ) ;
#3203 = EDGE_CURVE ( 'NONE', #3974, #74, #2424, .T. ) ;
#3204 = VERTEX_POINT ( 'NONE', #3389 ) ;
#3205 = CARTESIAN_POINT ( 'NONE',  ( 8.926072435886045042, 60.46161140600914763, -19.05780471834572865 ) ) ;
#3206 = ADVANCED_FACE ( 'NONE', ( #1773 ), #404, .T. ) ;
#3207 = CARTESIAN_POINT ( 'NONE',  ( -0.7462952448011531681, 55.48325500490294360, -23.17075844655754935 ) ) ;
#3208 = B_SPLINE_CURVE_WITH_KNOTS ( 'NONE', 3,
 ( #1155, #2418, #4106, #482, #3051, #5079, #509, #3361, #103, #2939, #2160, #3439, #4592, #76, #1333, #1747, #4195, #1774, #3464, #432, #5105, #812, #3793, #2081, #2488, #405, #3768, #5403, #1659, #21, #1693, #3390 ),
 .UNSPECIFIED., .F., .F.,
 ( 4, 2, 2, 2, 2, 2, 2, 2, 2, 2, 2, 2, 2, 2, 2, 4 ),
 ( 0.000000000000000000, 0.0004904280630820140058, 0.0009808561261640280117, 0.001471284189246041801, 0.001961712252328056023, 0.002452140315410070246, 0.002942568378492083601, 0.003923424504656113782, 0.004413852567738128438, 0.004904280630820143962, 0.005394708693902158618, 0.005885136756984172407, 0.006375564820066187931, 0.006865992883148202587, 0.007356420946230218111, 0.007846849009312232767 ),
 .UNSPECIFIED. ) ;
#3209 = CARTESIAN_POINT ( 'NONE',  ( 9.995414420951506784, 59.66033613584672679, 21.51242022400487386 ) ) ;
#3210 = B_SPLINE_CURVE_WITH_KNOTS ( 'NONE', 3,
 ( #2333, #4017, #741, #4044, #3201, #3258, #2782, #3230, #4869, #303, #1978, #4895, #4492, #2411, #4148, #5334, #1254, #2436, #2086, #3312, #3774, #3798, #2112, #4514, #4944, #5408, #1588, #878, #848, #4224, #2915, #27, #765, #2494 ),
 .UNSPECIFIED., .F., .F.,
 ( 4, 2, 2, 2, 2, 2, 2, 2, 2, 2, 2, 2, 2, 2, 2, 2, 4 ),
 ( 2.776912483567713316E-18, 0.001484388987378808169, 0.002968777974757613302, 0.005937555949515226604, 0.007421944936894029135, 0.008906333924272832533, 0.01039072291165163246, 0.01187511189903043413, 0.01335950088640923579, 0.01484388987378803745, 0.01632827886116684085, 0.01781266784854564078, 0.01855486234223504075, 0.01929705683592443724, 0.02078144582330323717, 0.02226583481068204057, 0.02375022379806083703 ),
 .UNSPECIFIED. ) ;
#3211 = CARTESIAN_POINT ( 'NONE',  ( -13.56357953340454792, 55.11082220758873262, 0.08293904577601338146 ) ) ;
#3212 = CARTESIAN_POINT ( 'NONE',  ( -22.43031266628037557, 51.04346681731220770, 9.209360854393381146 ) ) ;
#3213 = CARTESIAN_POINT ( 'NONE',  ( -4.754551681192591417, 55.47580857795931308, -1.978554409659626590 ) ) ;
#3214 = CARTESIAN_POINT ( 'NONE',  ( -27.99531047063594968, 61.80402297214292417, -13.44398107520166619 ) ) ;
#3215 = ORIENTED_EDGE ( 'NONE', *, *, #532, .T. ) ;
#3216 = CARTESIAN_POINT ( 'NONE',  ( -28.90439395163801350, 59.65502656757691113, -6.435439146880021610 ) ) ;
#3217 = CARTESIAN_POINT ( 'NONE',  ( -0.7290664625941108978, 49.86637657860888595, -0.05542681291013609041 ) ) ;
#3218 = CARTESIAN_POINT ( 'NONE',  ( -37.63299736308528765, 61.51733492533557524, -11.25810013202385562 ) ) ;
#3219 = CARTESIAN_POINT ( 'NONE',  ( -9.832438256491453643, 50.94901974968644964, -2.252657011088430750 ) ) ;
#3220 = AXIS2_PLACEMENT_3D ( 'NONE', #4446, #2312, #1981 ) ;
#3221 = CARTESIAN_POINT ( 'NONE',  ( -6.847181795139619886, 50.33570571218853473, 4.743759977621169632 ) ) ;
#3222 = CARTESIAN_POINT ( 'NONE',  ( -8.226225328419085159, 60.78504504343079873, 16.88508280181659060 ) ) ;
#3223 = VERTEX_POINT ( 'NONE', #1249 ) ;
#3224 = CARTESIAN_POINT ( 'NONE',  ( -29.71323716410886107, 55.88792323881516211, 6.154707395105698531 ) ) ;
#3225 = CARTESIAN_POINT ( 'NONE',  ( -7.669003966596492639, 47.61801414495120355, -12.65638881604403565 ) ) ;
#3226 = CARTESIAN_POINT ( 'NONE',  ( 5.298997686180716649, 42.42273435812178661, -0.6663560106978426711 ) ) ;
#3227 = CARTESIAN_POINT ( 'NONE',  ( -15.61494578253475396, 56.31787511334859175, 6.451107691426005708 ) ) ;
#3228 = CIRCLE ( 'NONE', #1985, 30.00000000000000000 ) ;
#3229 = ORIENTED_EDGE ( 'NONE', *, *, #2612, .F. ) ;
#3230 = CARTESIAN_POINT ( 'NONE',  ( 10.02657260340653345, 49.98387847377705384, 8.341093678146471291 ) ) ;
#3231 = AXIS2_PLACEMENT_3D ( 'NONE', #3349, #5343, #3379 ) ;
#3232 = CARTESIAN_POINT ( 'NONE',  ( -5.745716132992168212, 16.22071872689625138, -0.1365787982007419243 ) ) ;
#3233 = VERTEX_POINT ( 'NONE', #4564 ) ;
#3234 = CARTESIAN_POINT ( 'NONE',  ( 0.9523585316417340074, 60.95012173165041247, 22.91169056121414371 ) ) ;
#3235 = CARTESIAN_POINT ( 'NONE',  ( -12.05170809225382200, 42.42611994866990699, -19.09786176705546978 ) ) ;
#3236 = CIRCLE ( 'NONE', #3927, 39.50000000000000000 ) ;
#3237 = CARTESIAN_POINT ( 'NONE',  ( -15.76004468607683151, 56.94372079676230669, -2.339825029636403375 ) ) ;
#3238 = AXIS2_PLACEMENT_3D ( 'NONE', #942, #2619, #2592 ) ;
#3239 = CARTESIAN_POINT ( 'NONE',  ( -14.47952108904764579, 65.77798517056896799, -21.67716411947373700 ) ) ;
#3240 = DIRECTION ( 'NONE',  ( 0.000000000000000000, -1.000000000000000000, -3.491543463621117779E-15 ) ) ;
#3241 = CARTESIAN_POINT ( 'NONE',  ( -20.38210117717011016, 48.94118268729634735, 10.12956371465306127 ) ) ;
#3242 = CARTESIAN_POINT ( 'NONE',  ( -0.4930200330612762860, -12.12232812253365921, 36.99397241575560003 ) ) ;
#3243 = LINE ( 'NONE', #65, #495 ) ;
#3244 = CARTESIAN_POINT ( 'NONE',  ( -36.58065501261689434, 61.72500678452236400, -9.440124769484588896 ) ) ;
#3245 = CARTESIAN_POINT ( 'NONE',  ( 0.7418116313574278919, 56.47692979649122691, -21.09670424433958758 ) ) ;
#3246 = CLOSED_SHELL ( 'NONE', ( #3838, #5114, #1246, #3806, #2458, #1613, #2651, #5374, #655, #4392, #1230, #4516, #4863, #2475, #3044, #832, #2257, #4014, #3098, #4925, #2616, #3206, #2609, #68, #4229, #2205 ) ) ;
#3247 = CARTESIAN_POINT ( 'NONE',  ( -8.649094546263247807, 60.77366816420511952, -4.217776804819306946 ) ) ;
#3248 = EDGE_CURVE ( 'NONE', #2158, #3666, #3147, .T. ) ;
#3249 = CARTESIAN_POINT ( 'NONE',  ( -9.010693629886459277, 60.87925494125244086, 9.105732037830838621 ) ) ;
#3250 = EDGE_LOOP ( 'NONE', ( #4949, #2136, #4793, #1442, #2995, #3489, #3789, #2053 ) ) ;
#3251 = CARTESIAN_POINT ( 'NONE',  ( -22.69398725114129434, 46.74325085218719522, 12.50398385839755910 ) ) ;
#3252 = VECTOR ( 'NONE', #1643, 1000.000000000000114 ) ;
#3253 = CARTESIAN_POINT ( 'NONE',  ( -7.853463752968319334, 51.88846449396719152, -1.990882092604597364 ) ) ;
#3254 = CARTESIAN_POINT ( 'NONE',  ( -0.4999478092665267659, 46.73246342547475507, -4.818997063958604166 ) ) ;
#3255 = CARTESIAN_POINT ( 'NONE',  ( 19.49657739653118327, 65.32649276704268004, 3.239616483260994606 ) ) ;
#3256 = ORIENTED_EDGE ( 'NONE', *, *, #1519, .T. ) ;
#3257 = EDGE_CURVE ( 'NONE', #3636, #682, #965, .T. ) ;
#3258 = CARTESIAN_POINT ( 'NONE',  ( 10.61455182944057185, 51.41862805880575138, 10.24519326681997633 ) ) ;
#3259 = CARTESIAN_POINT ( 'NONE',  ( -0.7031000125410094004, 48.28811819059659172, -1.657840438064227317 ) ) ;
#3260 = FACE_OUTER_BOUND ( 'NONE', #4533, .T. ) ;
#3261 = CARTESIAN_POINT ( 'NONE',  ( -10.72630536421439018, 44.54397310570580970, -20.21006560136024888 ) ) ;
#3262 = CARTESIAN_POINT ( 'NONE',  ( -7.272882936993296354, 48.03537317826239672, 5.201722228487732913 ) ) ;
#3263 = CARTESIAN_POINT ( 'NONE',  ( -0.8130877465179803254, 60.50332970781872177, -2.004126649600956878 ) ) ;
#3264 = B_SPLINE_CURVE_WITH_KNOTS ( 'NONE', 3,
 ( #4381, #2659, #1475, #3166, #191, #4705 ),
 .UNSPECIFIED., .F., .F.,
 ( 4, 2, 4 ),
 ( 0.002602250585402097419, 0.01336834202803243062, 0.02413443347066276598 ),
 .UNSPECIFIED. ) ;
#3265 = CARTESIAN_POINT ( 'NONE',  ( -2.040965743421412348, 53.03280605363725186, -20.59752144997998613 ) ) ;
#3266 = CARTESIAN_POINT ( 'NONE',  ( -24.28580139079250344, 52.67816834059144782, 8.160730634811274697 ) ) ;
#3267 = CARTESIAN_POINT ( 'NONE',  ( 10.67034187717560201, 51.00821492130468471, 9.641467311960509434 ) ) ;
#3268 = AXIS2_PLACEMENT_3D ( 'NONE', #1470, #186, #4377 ) ;
#3269 = CARTESIAN_POINT ( 'NONE',  ( -24.30573344845856809, 52.10831166628918254, 7.946548859058967906 ) ) ;
#3270 = CARTESIAN_POINT ( 'NONE',  ( 4.881454608124707661, 57.79734232330376642, -20.74459590313870905 ) ) ;
#3271 = ADVANCED_FACE ( 'NONE', ( #617 ), #4725, .T. ) ;
#3272 = CARTESIAN_POINT ( 'NONE',  ( -2.763170152936191393, 54.61948421414363963, 3.894180265482261483 ) ) ;
#3273 = CARTESIAN_POINT ( 'NONE',  ( -37.98205828704176668, 61.59593633584499628, -8.632374240160515910 ) ) ;
#3274 = CARTESIAN_POINT ( 'NONE',  ( -7.826977051527945761, 55.46421501199905890, -0.06033614978497589543 ) ) ;
#3275 = EDGE_CURVE ( 'NONE', #2784, #25, #238, .T. ) ;
#3276 = CARTESIAN_POINT ( 'NONE',  ( -5.745716132992162883, 57.63854741849579000, 4.863421201799197569 ) ) ;
#3277 = CARTESIAN_POINT ( 'NONE',  ( -20.03350775557289154, 65.77798517056896799, 18.19741082607820815 ) ) ;
#3278 = VERTEX_POINT ( 'NONE', #1882 ) ;
#3279 = CARTESIAN_POINT ( 'NONE',  ( -19.05808201220296638, -17.07928127310372801, -10.70922816806195321 ) ) ;
#3280 = CARTESIAN_POINT ( 'NONE',  ( -2.043327713346322128, 53.06430831403977066, -15.13633657330719195 ) ) ;
#3281 = CARTESIAN_POINT ( 'NONE',  ( -4.914257134341608158, 57.96108072841336423, 8.204825105649705463 ) ) ;
#3282 = B_SPLINE_CURVE_WITH_KNOTS ( 'NONE', 3,
 ( #4671, #4342, #4721, #1353, #1823, #4647, #1405, #4285, #3045, #5050, #3102, #4750, #997, #2993, #4694, #1299, #586, #477, #3817, #44, #1715, #4240, #2156, #4801, #1026, #697, #207, #2294, #1133, #2709, #3999, #2740 ),
 .UNSPECIFIED., .F., .F.,
 ( 4, 2, 2, 2, 2, 2, 2, 2, 2, 2, 2, 2, 2, 2, 2, 4 ),
 ( 0.000000000000000000, 0.0004906528922364882016, 0.0009813057844729764032, 0.001471958676709464496, 0.001962611568945952806, 0.002453264461182441333, 0.002943917353418928993, 0.003925223137891902143, 0.004415876030128391104, 0.004906528922364880932, 0.005397181814601369025, 0.005887834706837857986, 0.006378487599074347814, 0.006869140491310835907, 0.007359793383547325735, 0.007850446275783814695 ),
 .UNSPECIFIED. ) ;
#3283 = CARTESIAN_POINT ( 'NONE',  ( -12.74003858616730511, 57.24792134796826559, 5.242848523040075648 ) ) ;
#3284 = ORIENTED_EDGE ( 'NONE', *, *, #2670, .F. ) ;
#3285 = FACE_OUTER_BOUND ( 'NONE', #4739, .T. ) ;
#3286 = CARTESIAN_POINT ( 'NONE',  ( 5.998596309818006844, 46.61364744059694942, 3.401997553682201580 ) ) ;
#3287 = CARTESIAN_POINT ( 'NONE',  ( 8.782522763025037094, 55.27520816272067350, 15.99464516225606481 ) ) ;
#3288 = CARTESIAN_POINT ( 'NONE',  ( -5.745716132992169101, 22.54294747770555674, -0.1365787982007198309 ) ) ;
#3289 = EDGE_CURVE ( 'NONE', #1837, #1779, #4572, .T. ) ;
#3290 = CARTESIAN_POINT ( 'NONE',  ( 17.73002962212556000, 61.59593633584499628, -23.80617230771527915 ) ) ;
#3291 = ORIENTED_EDGE ( 'NONE', *, *, #4389, .T. ) ;
#3292 = CARTESIAN_POINT ( 'NONE',  ( 10.67206427214563824, 59.90722208432236329, -17.65394683970832546 ) ) ;
#3293 = FACE_BOUND ( 'NONE', #4074, .T. ) ;
#3294 = FACE_OUTER_BOUND ( 'NONE', #3450, .T. ) ;
#3295 = CARTESIAN_POINT ( 'NONE',  ( 9.652574835708422896, 55.80735322795415954, 15.22685657677427074 ) ) ;
#3296 = CARTESIAN_POINT ( 'NONE',  ( 1.050883789095832466, 56.74066302127840800, -21.50250833715591980 ) ) ;
#3297 = CARTESIAN_POINT ( 'NONE',  ( 0.5005316334959919455, -13.18227523357055020, 36.83960897260295297 ) ) ;
#3298 = B_SPLINE_SURFACE_WITH_KNOTS ( 'NONE', 3, 3, ( 
 ( #2814, #3235, #3261, #333, #2863, #718, #3705, #1152, #5284, #4079, #2035, #4874, #2390, #5339, #1983 ),
 ( #2839, #4103, #692, #253, #3678, #310, #3207, #4496, #745, #2415, #1592, #4518, #3290, #4921, #1175 ),
 ( #770, #5227, #2364, #3177, #2442, #281, #1486, #4126, #362, #4822, #1076, #2759, #4420, #2337, #4022 ),
 ( #4846, #1102, #4660, #2948, #4177, #3369, #2468, #794, #1314, #4151, #442, #2982, #1289, #2580, #2525 ),
 ( #5363, #3754, #2893, #388, #4250, #3830, #1229, #3801, #2062, #31, #2090, #4978, #5387, #3009, #854 ),
 ( #2497, #907, #3343, #2116, #5007, #4228, #1703, #1670, #1641, #412, #3728, #5036, #2920, #3399, #4575 ),
 ( #821, #3776, #1258, #4546, #2, #4635, #1615, #490, #882, #3315, #4603, #2557, #4948, #4203, #466 ),
 ( #2143, #58, #1202, #1728, #3423, #5063, #3142, #4763, #5118, #1809, #4735, #986, #1366, #2192, #2278 ),
 ( #544, #3501, #2724, #1012, #5167, #4329, #2696, #1755, #3062, #517, #1836, #1784, #111, #4708, #3034 ),
 ( #1864, #5140, #4684, #3087, #2248, #3477, #958, #2632, #4357, #600, #3934, #3958, #1419, #571, #4789 ),
 ( #3529, #1391, #2663, #194, #3555, #931, #5193, #165, #1448, #1037, #3116, #4384, #3882, #2168, #3858 ),
 ( #86, #3449, #2604, #5088, #4302, #1342, #2220, #3905, #4274, #136, #246, #4465, #628, #1586, #1561 ),
 ( #3642, #2383, #3283, #3199, #4815, #4490, #4015, #658, #4915, #1068, #2356, #1095, #1170, #3255, #3615 ),
 ( #3227, #4866, #1506, #2331, #738, #1122, #4441, #274, #2857, #4893, #3671, #2807, #1146, #1893, #4840 ) ),
 .UNSPECIFIED., .F., .F., .F.,
 ( 4, 1, 1, 1, 1, 1, 1, 1, 1, 1, 1, 4 ),
 ( 4, 1, 1, 1, 1, 1, 1, 1, 1, 1, 1, 1, 4 ),
 ( -0.01358241894323341907, -0.01115361894323341901, -0.008724818943233418958, -0.006296018943233418902, -0.002652818943233417950, -0.0002240189432334196290, 0.002204781056766582162, 0.004633581056766580483, 0.008276781056766583169, 0.01070558105676658149, 0.01313438105676657981, 0.01556318105676658160 ),
 ( -0.01434031437954671855, -0.01118695789437761448, -0.008033601409208512151, -0.004880244924039408086, -0.001726888438870304021, 0.001426468046298800044, 0.004579824531467902374, 0.007733181016637008173, 0.01088653750180611050, 0.01403989398697521283, 0.01719325047214431690, 0.02034660695731341923, 0.02349996344248252156 ),
 .UNSPECIFIED. ) ;
#3299 = CARTESIAN_POINT ( 'NONE',  ( 10.17917113561051679, 54.90932334981165042, 14.38014734819461182 ) ) ;
#3300 = CARTESIAN_POINT ( 'NONE',  ( -29.96779473444313879, 57.74981411778860974, 4.742258791079062341 ) ) ;
#3301 = CARTESIAN_POINT ( 'NONE',  ( -3.571750289121323085, 52.97323324210234574, -20.56376432650100483 ) ) ;
#3302 = EDGE_CURVE ( 'NONE', #1671, #3469, #1952, .T. ) ;
#3303 = CARTESIAN_POINT ( 'NONE',  ( -5.745716132992169101, 65.02071872689622012, -0.1365787982005715329 ) ) ;
#3304 = DIRECTION ( 'NONE',  ( -0.4999999999999920064, -3.023711536277473166E-15, 0.8660254037844432595 ) ) ;
#3305 = VERTEX_POINT ( 'NONE', #3518 ) ;
#3306 = CARTESIAN_POINT ( 'NONE',  ( -9.788546627045157322, 49.61918016489447325, -3.082206259634607814 ) ) ;
#3307 = CARTESIAN_POINT ( 'NONE',  ( -11.77939351667562029, 44.92392411807326624, -3.844686375419248847 ) ) ;
#3308 = VECTOR ( 'NONE', #5210, 1000.000000000000000 ) ;
#3309 = CARTESIAN_POINT ( 'NONE',  ( -9.384083555933706577, 60.61981779168444007, 0.9101964113195561978 ) ) ;
#3310 = DIRECTION ( 'NONE',  ( 0.000000000000000000, 1.000000000000000000, 3.491481338843133355E-15 ) ) ;
#3311 = ORIENTED_EDGE ( 'NONE', *, *, #1806, .T. ) ;
#3312 = CARTESIAN_POINT ( 'NONE',  ( 5.081517873901987059, 47.11645804776754431, 1.799955730527111664 ) ) ;
#3313 = DIRECTION ( 'NONE',  ( 0.000000000000000000, -1.000000000000000000, -3.491481338843133355E-15 ) ) ;
#3314 = CARTESIAN_POINT ( 'NONE',  ( 29.59202568565943281, 18.18802461226245271, -0.1365787982007350410 ) ) ;
#3315 = CARTESIAN_POINT ( 'NONE',  ( 8.294772259396154368, 60.36653914096575591, -11.22184853850237118 ) ) ;
#3316 = VERTEX_POINT ( 'NONE', #3491 ) ;
#3317 = DIRECTION ( 'NONE',  ( 0.000000000000000000, -1.000000000000000000, -3.491481338843133355E-15 ) ) ;
#3318 = CARTESIAN_POINT ( 'NONE',  ( -5.466929098024079003, 58.16977518249247225, -1.092025023554190177 ) ) ;
#3319 = CARTESIAN_POINT ( 'NONE',  ( 5.137208831468676351, 47.04919614125298466, 1.675894523108261369 ) ) ;
#3320 = CARTESIAN_POINT ( 'NONE',  ( -26.81886702830212599, 60.64945475693079402, -15.90063302922014365 ) ) ;
#3321 = FACE_OUTER_BOUND ( 'NONE', #3250, .T. ) ;
#3322 = CARTESIAN_POINT ( 'NONE',  ( -2.545266393686040018, 55.70594910979612280, 3.709995861361637282 ) ) ;
#3323 = CIRCLE ( 'NONE', #4020, 33.42822569215917383 ) ;
#3324 = CARTESIAN_POINT ( 'NONE',  ( -19.56912919377688098, 55.66557657783395285, 1.742447366334810344 ) ) ;
#3325 = CARTESIAN_POINT ( 'NONE',  ( -18.60212259354327458, -11.79192565544592419, -9.868629605769596580 ) ) ;
#3326 = CARTESIAN_POINT ( 'NONE',  ( -8.133062956570379143, 59.68141420906701455, 4.260590207159721032 ) ) ;
#3327 = CARTESIAN_POINT ( 'NONE',  ( -5.745716132992168212, 44.22071872689625138, -0.1365787982006441692 ) ) ;
#3328 = ORIENTED_EDGE ( 'NONE', *, *, #5183, .F. ) ;
#3329 = CARTESIAN_POINT ( 'NONE',  ( -21.69035139101253407, 59.11873469395016656, -6.164136952421761961 ) ) ;
#3330 = VERTEX_POINT ( 'NONE', #2652 ) ;
#3331 = CARTESIAN_POINT ( 'NONE',  ( -2.026892462253953919, 55.11082220758873262, -7.016806028262958073 ) ) ;
#3332 = CARTESIAN_POINT ( 'NONE',  ( -11.81156506328193423, 62.66602367383234196, 11.16500327183321772 ) ) ;
#3333 = CARTESIAN_POINT ( 'NONE',  ( -25.89328104757368720, 54.43803821805366994, 6.831123021889806246 ) ) ;
#3334 = CARTESIAN_POINT ( 'NONE',  ( 0.6240012108663329782, 58.88023582930094335, 16.27217314670857817 ) ) ;
#3335 = ORIENTED_EDGE ( 'NONE', *, *, #3853, .T. ) ;
#3336 = CARTESIAN_POINT ( 'NONE',  ( 14.12872799668667767, 44.54397310570580970, 5.586847803325361461 ) ) ;
#3337 = CARTESIAN_POINT ( 'NONE',  ( 31.75428386700782823, -26.47928127310376212, -0.1365787982008909995 ) ) ;
#3338 = CARTESIAN_POINT ( 'NONE',  ( -2.579717482908858273, 50.46605611117090007, -2.556470459980158427 ) ) ;
#3339 = EDGE_CURVE ( 'NONE', #928, #624, #2019, .T. ) ;
#3340 = CARTESIAN_POINT ( 'NONE',  ( -34.94099186501018295, 12.20807434455410601, -19.30188017790483812 ) ) ;
#3341 = AXIS2_PLACEMENT_3D ( 'NONE', #4253, #2699, #2251 ) ;
#3342 = B_SPLINE_SURFACE_WITH_KNOTS ( 'NONE', 3, 3, ( 
 ( #3956, #3932, #4355, #2750, #2245, #2329, #3640, #2354, #4760, #4412, #4012, #1477, #568, #4787 ),
 ( #1504, #3527, #656, #244, #2693, #1891, #5247, #3114, #3553, #5191, #1035, #1920, #3613, #163 ),
 ( #3197, #2305, #5165, #1945, #4813, #4040, #4838, #1093, #1389, #1862, #2722, #1834, #2778, #3140 ),
 ( #598, #626, #3085, #2276, #3167, #3983, #3580, #217, #4439, #4733, #684, #982, #2660, #4327 ),
 ( #300, #1632, #4118, #3225, #4070, #3280, #5354, #379, #2910, #5330, #4891, #2883, #4510, #2381 ),
 ( #2830, #2082, #4913, #4144, #1220, #2461, #2054, #1606, #2406, #2027, #3746, #406, #1584, #353 ),
 ( #3307, #1168, #4938, #5380, #326, #2805, #5274, #710, #4565, #4969, #2853, #1531, #3721, #4488 ),
 ( #760, #786, #1144, #2432, #5303, #3331, #1191, #1974, #1119, #4168, #4537, #813, #4864, #2489 ),
 ( #4463, #3668, #1559, #3253, #735, #4093, #2000, #3699, #4220, #3441, #4700, #2597, #5080, #3769 ),
 ( #1721, #2520, #1775, #2133, #3822, #22, #459, #947, #2108, #77, #50, #484, #3414, #1278 ),
 ( #2545, #5055, #1334, #4267, #2973, #4196, #105, #2573, #1660, #433, #1306, #3849, #510, #1359 ),
 ( #1695, #4244, #3465, #3362, #3391, #2624, #4997, #4293, #2999, #5404, #3052, #4652, #4624, #898 ),
 ( #535, #2161, #1748, #3027, #4675, #925, #2183, #3874, #5106, #1251, #2940, #4593, #843, #3794 ),
 ( #5026, #873, #5159, #1410, #3547, #3162, #1828, #1438, #2238, #649, #3951, #2655, #3493, #1086 ) ),
 .UNSPECIFIED., .F., .F., .F.,
 ( 4, 1, 1, 1, 1, 1, 1, 1, 1, 1, 1, 4 ),
 ( 4, 1, 1, 1, 1, 1, 1, 1, 1, 1, 1, 4 ),
 ( -0.01358241894323341907, -0.01115361894323341901, -0.008724818943233418958, -0.006296018943233418902, -0.002652818943233417950, -0.0002240189432334196290, 0.002204781056766582162, 0.004633581056766580483, 0.008276781056766583169, 0.01070558105676658149, 0.01313438105676657981, 0.01556318105676658160 ),
 ( -0.01434031437954671855, -0.01118695789437761448, -0.008033601409208512151, -0.004880244924039408086, -0.0001502101962857528561, 0.003003146288883351209, 0.006156502774052453539, 0.009309859259221559338, 0.01403989398697521283, 0.01719325047214431690, 0.02034660695731341923, 0.02349996344248252156 ),
 .UNSPECIFIED. ) ;
#3343 = CARTESIAN_POINT ( 'NONE',  ( -10.10570875686664749, 46.59175682386222661, -8.796750035552475921 ) ) ;
#3344 = VERTEX_POINT ( 'NONE', #5323 ) ;
#3345 = DIRECTION ( 'NONE',  ( -0.7071067811865473507, 0.7071067811865477948, 2.468850131082266527E-15 ) ) ;
#3346 = CARTESIAN_POINT ( 'NONE',  ( -37.17544786176249971, -9.171272019776498752, -20.59194394912220716 ) ) ;
#3347 = EDGE_CURVE ( 'NONE', #4922, #3223, #56, .T. ) ;
#3348 = CARTESIAN_POINT ( 'NONE',  ( -22.42178146885139967, 51.00821492130468471, 9.191121413522777672 ) ) ;
#3349 = CARTESIAN_POINT ( 'NONE',  ( -5.745716132992168212, 64.22071872689625138, -0.1365787982008023760 ) ) ;
#3350 = CARTESIAN_POINT ( 'NONE',  ( -1.580747999642011292, -16.79192565544608939, 37.13178000839442205 ) ) ;
#3351 = CARTESIAN_POINT ( 'NONE',  ( 14.39239971983159272, 61.50174102493878792, -13.21292657136292625 ) ) ;
#3352 = CARTESIAN_POINT ( 'NONE',  ( -33.07315105455665361, 61.76611285053049016, -13.89458994701180217 ) ) ;
#3353 = CARTESIAN_POINT ( 'NONE',  ( -8.693069886615836239, 47.57739697659901168, -13.77672485763259225 ) ) ;
#3354 = EDGE_CURVE ( 'NONE', #389, #3750, #1491, .T. ) ;
#3355 = CARTESIAN_POINT ( 'NONE',  ( -7.970451096639271427, 59.54280486984882259, 4.344861364902633305 ) ) ;
#3356 = CARTESIAN_POINT ( 'NONE',  ( -0.4371853540637462010, 60.12989681441760581, 23.27509625589836162 ) ) ;
#3357 = ORIENTED_EDGE ( 'NONE', *, *, #4364, .T. ) ;
#3358 = CARTESIAN_POINT ( 'NONE',  ( -34.47230654691539797, 60.54917703374152893, -10.66509909234395614 ) ) ;
#3359 = EDGE_LOOP ( 'NONE', ( #1276, #3024, #2435, #3648 ) ) ;
#3360 = AXIS2_PLACEMENT_3D ( 'NONE', #1340, #4682, #5115 ) ;
#3361 = CARTESIAN_POINT ( 'NONE',  ( -11.26660484821786667, -16.28276428479099280, 38.97593234623884939 ) ) ;
#3362 = CARTESIAN_POINT ( 'NONE',  ( -9.244379499076755380, 57.09893035279687012, 4.113727241522758149 ) ) ;
#3363 = CARTESIAN_POINT ( 'NONE',  ( 6.774408836968524916, 58.93656895130654050, 19.57009158702967611 ) ) ;
#3364 = CARTESIAN_POINT ( 'NONE',  ( -2.930361086341132459, 61.46628293283832534, 28.58676738007094542 ) ) ;
#3365 = EDGE_LOOP ( 'NONE', ( #911, #3616 ) ) ;
#3366 = DIRECTION ( 'NONE',  ( 1.084202172485512816E-16, 1.000000000000000000, 3.679270663685277519E-15 ) ) ;
#3367 = CARTESIAN_POINT ( 'NONE',  ( -1.745716132992168879, -14.29192565544600590, 12.86342120179914872 ) ) ;
#3368 = DIRECTION ( 'NONE',  ( 1.000000000000000000, 0.000000000000000000, 0.000000000000000000 ) ) ;
#3369 = CARTESIAN_POINT ( 'NONE',  ( -3.288318443205098696, 52.97121556840900070, -18.24750528732923982 ) ) ;
#3370 = EDGE_CURVE ( 'NONE', #1356, #3278, #3846, .T. ) ;
#3371 = EDGE_LOOP ( 'NONE', ( #17, #674, #5171, #1889 ) ) ;
#3372 = VECTOR ( 'NONE', #1749, 1000.000000000000000 ) ;
#3373 = CARTESIAN_POINT ( 'NONE',  ( 27.68250955916700562, 17.59325729417466633, -0.1365787982007371226 ) ) ;
#3374 = B_SPLINE_CURVE_WITH_KNOTS ( 'NONE', 3,
 ( #387, #4517, #2439, #4947, #3753, #5386, #1727, #2190, #5116, #489, #5166, #110, #1783, #3448, #3881, #4356, #85, #3500, #3475, #3903, #1365, #2277, #2167, #4707, #930, #1808, #3061, #4659 ),
 .UNSPECIFIED., .F., .F.,
 ( 4, 2, 2, 2, 2, 2, 2, 2, 2, 2, 2, 2, 2, 4 ),
 ( 4.201283418381329682E-19, 0.001398815899024429205, 0.002797631798048857976, 0.005595263596097728963, 0.006994079495122170961, 0.008392895394146610358, 0.01119052719219549262, 0.01398815899024437662, 0.01538697488926881948, 0.01608638283878104092, 0.01678579078829326235, 0.01958342258634216543, 0.02098223848536661523, 0.02238105438439106504 ),
 .UNSPECIFIED. ) ;
#3375 = EDGE_LOOP ( 'NONE', ( #3848, #2600, #2308, #644, #3284 ) ) ;
#3376 = CARTESIAN_POINT ( 'NONE',  ( -36.98789253659966647, -1.976671173382368529, -20.48365883165146784 ) ) ;
#3377 = EDGE_CURVE ( 'NONE', #3223, #2936, #3738, .T. ) ;
#3378 = CARTESIAN_POINT ( 'NONE',  ( -24.44008905837570111, 52.55583906084468993, 8.016699779010810545 ) ) ;
#3379 = DIRECTION ( 'NONE',  ( 0.000000000000000000, 0.000000000000000000, 1.000000000000000000 ) ) ;
#3380 = CARTESIAN_POINT ( 'NONE',  ( -6.656419247155062280, 52.97798359476005459, -5.056526812106848290 ) ) ;
#3381 = CARTESIAN_POINT ( 'NONE',  ( -29.34486517600327105, 60.72304971895194825, -4.472230253704706726 ) ) ;
#3382 = CARTESIAN_POINT ( 'NONE',  ( -9.534031845619425738, 45.04953886885868286, 8.762673483111013795 ) ) ;
#3383 = CARTESIAN_POINT ( 'NONE',  ( -9.742788661934941530, 46.96551237058397277, -6.707134922222456552 ) ) ;
#3384 = CARTESIAN_POINT ( 'NONE',  ( 11.07505889272431077, 60.08632297304171743, -17.25561871094804900 ) ) ;
#3385 = DIRECTION ( 'NONE',  ( 1.000000000000000000, 0.000000000000000000, 0.000000000000000000 ) ) ;
#3386 = EDGE_LOOP ( 'NONE', ( #2485, #5407, #1787, #4204 ) ) ;
#3387 = CARTESIAN_POINT ( 'NONE',  ( -5.940192802987249721, 44.92392411807326624, 6.942792882917917296 ) ) ;
#3388 = ORIENTED_EDGE ( 'NONE', *, *, #1335, .F. ) ;
#3389 = CARTESIAN_POINT ( 'NONE',  ( -1.745716132992168879, -11.79192565544609472, 39.16036764805628678 ) ) ;
#3390 = CARTESIAN_POINT ( 'NONE',  ( -9.745716132992169989, -11.79192565544609650, 39.16036764805628678 ) ) ;
#3391 = CARTESIAN_POINT ( 'NONE',  ( -6.072402889382317426, 58.83477629342478821, 3.387936213247833450 ) ) ;
#3392 = CARTESIAN_POINT ( 'NONE',  ( -5.607044507468101457, 60.98856861034445842, -4.625890611894490689 ) ) ;
#3393 = CARTESIAN_POINT ( 'NONE',  ( -8.897137352029751867, 61.77213891531445000, 27.57442475395173886 ) ) ;
#3394 = ORIENTED_EDGE ( 'NONE', *, *, #3996, .F. ) ;
#3395 = CARTESIAN_POINT ( 'NONE',  ( -29.09300397585037956, 60.73384132986348760, -5.696084390780786322 ) ) ;
#3396 = LINE ( 'NONE', #515, #343 ) ;
#3397 = DIRECTION ( 'NONE',  ( 0.000000000000000000, 1.000000000000000000, 3.491481338843133355E-15 ) ) ;
#3398 = CARTESIAN_POINT ( 'NONE',  ( -4.413067394565196366, 12.87542560612694587, 34.59802293457703115 ) ) ;
#3399 = CARTESIAN_POINT ( 'NONE',  ( 19.82351924809349342, 61.64317432838911515, -14.10349696778198769 ) ) ;
#3400 = CARTESIAN_POINT ( 'NONE',  ( -7.078364871419141835, 12.87542560612694587, 34.59802293457703115 ) ) ;
#3401 = CARTESIAN_POINT ( 'NONE',  ( -24.51950719082161356, 52.95487639262042023, 8.186493332947504697 ) ) ;
#3402 = CARTESIAN_POINT ( 'NONE',  ( 7.278503599584519534, 47.27532259458217112, 4.153638725911100060 ) ) ;
#3403 = CIRCLE ( 'NONE', #1018, 27.99999999999999645 ) ;
#3404 = CARTESIAN_POINT ( 'NONE',  ( -3.465901368478708111, 52.10831166628918254, -20.25158911670367345 ) ) ;
#3405 = DIRECTION ( 'NONE',  ( 1.000000000000000000, 0.000000000000000000, 0.000000000000000000 ) ) ;
#3406 = CARTESIAN_POINT ( 'NONE',  ( -3.030608394498306435, 56.30545397618967485, 4.066820924243592650 ) ) ;
#3407 = CARTESIAN_POINT ( 'NONE',  ( -32.89934961718287809, 61.57019645922600404, -7.926256215197770238 ) ) ;
#3408 = CARTESIAN_POINT ( 'NONE',  ( -26.33970541594456449, 60.61816704351262075, -12.47975258863318615 ) ) ;
#3409 = EDGE_CURVE ( 'NONE', #1380, #2997, #708, .T. ) ;
#3410 = DIRECTION ( 'NONE',  ( 0.000000000000000000, 0.000000000000000000, 1.000000000000000000 ) ) ;
#3411 = DIRECTION ( 'NONE',  ( 0.000000000000000000, -0.000000000000000000, 1.000000000000000000 ) ) ;
#3412 = ORIENTED_EDGE ( 'NONE', *, *, #932, .F. ) ;
#3413 = CARTESIAN_POINT ( 'NONE',  ( -13.31594960778626380, 45.09186392846415004, 8.950735005168628078 ) ) ;
#3414 = CARTESIAN_POINT ( 'NONE',  ( 19.83816986004655547, 61.71695281905827102, -3.152921511882319283 ) ) ;
#3415 =( BOUNDED_CURVE ( )  B_SPLINE_CURVE ( 3, ( #5329, #1582, #3638, #733 ),
 .UNSPECIFIED., .F., .F. ) 
 B_SPLINE_CURVE_WITH_KNOTS ( ( 4, 4 ),
 ( 1.629653832741977837, 1.688716478820145861 ),
 .UNSPECIFIED. ) 
 CURVE ( )  GEOMETRIC_REPRESENTATION_ITEM ( )  RATIONAL_B_SPLINE_CURVE ( ( 1.000000000000000000, 0.9997093214458155908, 0.9997093214458155908, 1.000000000000000000 ) ) 
 REPRESENTATION_ITEM ( '' )  );
#3416 = CARTESIAN_POINT ( 'NONE',  ( -5.745716132992169101, -9.171272019776569806, -0.1365787982008305756 ) ) ;
#3417 = CARTESIAN_POINT ( 'NONE',  ( -1.376640111341919326, 61.90291692176888461, 25.85786198219831888 ) ) ;
#3418 = ORIENTED_EDGE ( 'NONE', *, *, #1233, .T. ) ;
#3419 = CARTESIAN_POINT ( 'NONE',  ( -0.7315110624206951906, 61.09175878043375718, -0.2028953259201518311 ) ) ;
#3420 = CARTESIAN_POINT ( 'NONE',  ( 3.766476820869313347, 58.26233798245121420, -21.13519120001978990 ) ) ;
#3421 = CARTESIAN_POINT ( 'NONE',  ( -8.177108304437595621, 61.72368399642756742, 12.96758120957601257 ) ) ;
#3422 = CARTESIAN_POINT ( 'NONE',  ( 12.75985975397476224, 53.08134353592631527, 14.35434332733001206 ) ) ;
#3423 = CARTESIAN_POINT ( 'NONE',  ( -5.727186757126929706, 53.24299371372955392, -6.294964049458572575 ) ) ;
#3424 = ORIENTED_EDGE ( 'NONE', *, *, #721, .T. ) ;
#3425 = CARTESIAN_POINT ( 'NONE',  ( -0.7954526094320644169, 61.66755760848361234, 0.5669061322066192288 ) ) ;
#3426 = ORIENTED_EDGE ( 'NONE', *, *, #2443, .T. ) ;
#3427 = AXIS2_PLACEMENT_3D ( 'NONE', #3056, #3901, #2946 ) ;
#3428 = CARTESIAN_POINT ( 'NONE',  ( -9.699982239836145936, 47.47247392507836139, 7.171555010449014667 ) ) ;
#3429 = CARTESIAN_POINT ( 'NONE',  ( 18.43893134732331518, 61.04938992510097506, -10.51016168169179643 ) ) ;
#3430 = CARTESIAN_POINT ( 'NONE',  ( -2.105066224880102865, 55.10365110040036996, 3.313309435961853566 ) ) ;
#3431 = CARTESIAN_POINT ( 'NONE',  ( -28.69394459920823692, 61.77225489383645396, -17.63170113841767161 ) ) ;
#3432 = CARTESIAN_POINT ( 'NONE',  ( 0.09110251718235685969, 54.63433809047877787, -20.82311296093819664 ) ) ;
#3433 = CARTESIAN_POINT ( 'NONE',  ( -7.835008354131264952, 59.18441931939720746, 2.172440007061974931 ) ) ;
#3434 = CARTESIAN_POINT ( 'NONE',  ( 24.25428386700782823, 48.71270947356899228, -0.1365787982006284595 ) ) ;
#3435 = ORIENTED_EDGE ( 'NONE', *, *, #5260, .F. ) ;
#3436 = EDGE_CURVE ( 'NONE', #2748, #1424, #2816, .T. ) ;
#3437 = CARTESIAN_POINT ( 'NONE',  ( -26.09297971992380383, 59.86963040780273104, -7.699903598027853846 ) ) ;
#3438 = ORIENTED_EDGE ( 'NONE', *, *, #4595, .T. ) ;
#3439 = CARTESIAN_POINT ( 'NONE',  ( -11.91272287784078721, -15.54932715153914202, 38.87914387316639164 ) ) ;
#3440 = EDGE_CURVE ( 'NONE', #4649, #3928, #3243, .T. ) ;
#3441 = CARTESIAN_POINT ( 'NONE',  ( 10.95493107481016004, 61.11128275051245851, -5.913115842945781075 ) ) ;
#3442 = CARTESIAN_POINT ( 'NONE',  ( 5.269586643739017973, 60.01208807708861315, 21.04409796247628250 ) ) ;
#3443 = CARTESIAN_POINT ( 'NONE',  ( -9.741923369811052780, 62.49182382411756720, 13.47990928705832125 ) ) ;
#3444 = ORIENTED_EDGE ( 'NONE', *, *, #3453, .T. ) ;
#3445 = AXIS2_PLACEMENT_3D ( 'NONE', #84, #2896, #3447 ) ;
#3446 = CARTESIAN_POINT ( 'NONE',  ( -26.09932979840908729, 53.93956703235625127, 6.115584349543679465 ) ) ;
#3447 = DIRECTION ( 'NONE',  ( 1.000000000000000000, 0.000000000000000000, 0.000000000000000000 ) ) ;
#3448 = CARTESIAN_POINT ( 'NONE',  ( -8.288086886765388073, 46.80774541827922519, -12.94044684056228078 ) ) ;
#3449 = CARTESIAN_POINT ( 'NONE',  ( -14.19905786743015597, 55.15177979819006282, 4.544551944189234582 ) ) ;
#3450 = EDGE_LOOP ( 'NONE', ( #4207, #5038, #2002, #2252 ) ) ;
#3451 = FACE_OUTER_BOUND ( 'NONE', #4344, .T. ) ;
#3452 = VERTEX_POINT ( 'NONE', #2122 ) ;
#3453 = EDGE_CURVE ( 'NONE', #219, #4637, #3236, .T. ) ;
#3454 = CARTESIAN_POINT ( 'NONE',  ( -12.50537071774975750, 46.48155554038731196, 7.844469088311657679 ) ) ;
#3455 = CARTESIAN_POINT ( 'NONE',  ( 20.84929059283779296, 61.05163732867175952, -5.039056393589619098 ) ) ;
#3456 = CARTESIAN_POINT ( 'NONE',  ( -17.80666697804804954, 63.99293912374729132, -20.03484502825947544 ) ) ;
#3457 = CARTESIAN_POINT ( 'NONE',  ( -7.629574446268521548, 55.22379008038986825, 0.2222875149714179932 ) ) ;
#3458 = CARTESIAN_POINT ( 'NONE',  ( -6.938320983338363668, 55.20441231586987385, -11.47567872588947324 ) ) ;
#3459 = DIRECTION ( 'NONE',  ( 0.000000000000000000, -1.000000000000000000, -3.491481338843133355E-15 ) ) ;
#3460 = DIRECTION ( 'NONE',  ( 1.000000000000000000, 0.000000000000000000, 0.000000000000000000 ) ) ;
#3461 = ORIENTED_EDGE ( 'NONE', *, *, #3835, .T. ) ;
#3462 = CARTESIAN_POINT ( 'NONE',  ( -3.942060891139567147, 49.77049862448534867, 3.681393610321365806 ) ) ;
#3463 = DIRECTION ( 'NONE',  ( 0.000000000000000000, 0.000000000000000000, 1.000000000000000000 ) ) ;
#3464 = CARTESIAN_POINT ( 'NONE',  ( -12.11788653007873684, -13.48585705849290584, 38.84610326783119660 ) ) ;
#3465 = CARTESIAN_POINT ( 'NONE',  ( -11.94854963592847596, 55.61806455806422633, 4.756832694731968125 ) ) ;
#3466 = EDGE_CURVE ( 'NONE', #1380, #3584, #2509, .T. ) ;
#3467 = CARTESIAN_POINT ( 'NONE',  ( 2.669955921075197303, 59.62534015990188152, 22.27552299327471630 ) ) ;
#3468 = CARTESIAN_POINT ( 'NONE',  ( -11.52878984217163527, 61.77942895002099988, 27.27055258337210120 ) ) ;
#3469 = VERTEX_POINT ( 'NONE', #1294 ) ;
#3470 = EDGE_CURVE ( 'NONE', #3233, #1380, #1418, .T. ) ;
#3471 = CARTESIAN_POINT ( 'NONE',  ( 24.76965525194433582, 13.20807434455410068, -16.59993614333618339 ) ) ;
#3472 = CARTESIAN_POINT ( 'NONE',  ( -7.673993533975819403, 48.58515468714836061, 5.967340869607891563 ) ) ;
#3473 = CARTESIAN_POINT ( 'NONE',  ( 0.9467599881202766188, 56.49144370560914297, -21.37441106680635627 ) ) ;
#3474 = CARTESIAN_POINT ( 'NONE',  ( -8.245716132992169989, -17.07928127310382393, 16.67859292259937831 ) ) ;
#3475 = CARTESIAN_POINT ( 'NONE',  ( -9.166400422803311798, 46.43974536906014805, -9.370893486314958665 ) ) ;
#3476 = B_SPLINE_CURVE_WITH_KNOTS ( 'NONE', 3,
 ( #3113, #4011, #2692, #4354, #1009, #2275, #3552, #1444, #3982, #2971, #5054, #2544, #4194, #1332, #1304, #3026, #2572, #75, #431, #1658, #924, #508 ),
 .UNSPECIFIED., .F., .F.,
 ( 4, 2, 2, 2, 2, 2, 2, 2, 2, 2, 4 ),
 ( 0.0007817357203199231568, 0.002380006862535548242, 0.003179142433643366693, 0.003978278004751185579, 0.005576549146966834625, 0.007174820289182483671, 0.008773091431398134452, 0.01037136257361378350, 0.01196963371582943428, 0.01276876928693725273, 0.01356790485804507118 ),
 .UNSPECIFIED. ) ;
#3477 = CARTESIAN_POINT ( 'NONE',  ( -3.592879308629674195, 57.69296651402254383, -2.086748711450039373 ) ) ;
#3478 = ORIENTED_EDGE ( 'NONE', *, *, #4988, .T. ) ;
#3479 = CARTESIAN_POINT ( 'NONE',  ( -19.60212259354326036, -17.07928127310373512, -8.136578798200730489 ) ) ;
#3480 = ORIENTED_EDGE ( 'NONE', *, *, #1980, .F. ) ;
#3481 = CARTESIAN_POINT ( 'NONE',  ( -9.357856444628280812, 58.70241312485683949, -3.645450351045763870 ) ) ;
#3482 = VECTOR ( 'NONE', #2713, 1000.000000000000000 ) ;
#3483 = CARTESIAN_POINT ( 'NONE',  ( 9.144197132638749892, 56.41898140098279413, 15.96342930410824046 ) ) ;
#3484 = DIRECTION ( 'NONE',  ( 0.000000000000000000, 1.000000000000000000, 0.000000000000000000 ) ) ;
#3485 = CARTESIAN_POINT ( 'NONE',  ( -25.02847858141462467, 61.95944808307130103, -16.08396847603829727 ) ) ;
#3486 = CARTESIAN_POINT ( 'NONE',  ( -5.745716132992169101, -21.27928127310376283, -0.1365787982008728474 ) ) ;
#3487 = VECTOR ( 'NONE', #4570, 1000.000000000000000 ) ;
#3488 = CARTESIAN_POINT ( 'NONE',  ( -26.05139583040615037, 61.65937359894014946, -12.95124120883204810 ) ) ;
#3489 = ORIENTED_EDGE ( 'NONE', *, *, #3686, .F. ) ;
#3490 = CARTESIAN_POINT ( 'NONE',  ( -0.3155114456908476028, 57.09893035279687012, 0.7681995362566972352 ) ) ;
#3491 = CARTESIAN_POINT ( 'NONE',  ( -37.14235086113456674, -11.79192565544588689, -20.57283538690030511 ) ) ;
#3492 = CARTESIAN_POINT ( 'NONE',  ( -39.39941962503161221, -17.07928127310370314, -16.67980222260915113 ) ) ;
#3493 = CARTESIAN_POINT ( 'NONE',  ( 19.59690742556093923, 64.76333679954085198, 4.192860182655631540 ) ) ;
#3494 = CARTESIAN_POINT ( 'NONE',  ( -13.69182082006174461, 61.73557177506449989, 25.54591980180628141 ) ) ;
#3495 = CARTESIAN_POINT ( 'NONE',  ( -1.645139074555172165, 56.99600354092543597, 8.253867797632480574 ) ) ;
#3496 = ORIENTED_EDGE ( 'NONE', *, *, #4161, .F. ) ;
#3497 = AXIS2_PLACEMENT_3D ( 'NONE', #3870, #1329, #3460 ) ;
#3498 = CARTESIAN_POINT ( 'NONE',  ( -7.832987883801486362, 61.75477006868710816, 17.88605122783374668 ) ) ;
#3499 = PLANE ( 'NONE',  #4297 ) ;
#3500 = CARTESIAN_POINT ( 'NONE',  ( -9.123229087737099618, 46.43255169422252493, -9.602284115976633672 ) ) ;
#3501 = CARTESIAN_POINT ( 'NONE',  ( -12.74389249381384914, 49.92576371764167220, -1.468070431804651133 ) ) ;
#3502 = EDGE_LOOP ( 'NONE', ( #4629, #160, #3480, #3055 ) ) ;
#3503 = DIRECTION ( 'NONE',  ( 0.000000000000000000, -1.000000000000000000, -3.491481338843133355E-15 ) ) ;
#3504 = PLANE ( 'NONE',  #5230 ) ;
#3505 = VERTEX_POINT ( 'NONE', #2961 ) ;
#3506 = CARTESIAN_POINT ( 'NONE',  ( -5.092737014972279042, 50.24162986764353178, 3.515264846875521432 ) ) ;
#3507 = CARTESIAN_POINT ( 'NONE',  ( -18.35212259354327813, -17.07928127310372801, -10.30164230766183842 ) ) ;
#3508 = CARTESIAN_POINT ( 'NONE',  ( 10.25266379885127499, 54.40277919622648284, 14.11714349190387274 ) ) ;
#3509 = ADVANCED_FACE ( 'NONE', ( #2989 ), #5371, .F. ) ;
#3510 = DIRECTION ( 'NONE',  ( 1.000000000000000000, 0.000000000000000000, 0.000000000000000000 ) ) ;
#3511 = DIRECTION ( 'NONE',  ( 0.000000000000000000, -1.000000000000000000, -3.491481338843133355E-15 ) ) ;
#3512 = CARTESIAN_POINT ( 'NONE',  ( 1.242189764428980103, 56.16883468406138036, 3.539658678367073374 ) ) ;
#3513 = CARTESIAN_POINT ( 'NONE',  ( 1.350853544135059980, 61.07319139068405178, 22.79023299100531830 ) ) ;
#3514 = CARTESIAN_POINT ( 'NONE',  ( -13.33380521104939120, 64.56232972636782108, 5.477228067518706389 ) ) ;
#3515 = LINE ( 'NONE', #2202, #1906 ) ;
#3516 = FACE_OUTER_BOUND ( 'NONE', #2528, .T. ) ;
#3517 = ORIENTED_EDGE ( 'NONE', *, *, #1115, .F. ) ;
#3518 = CARTESIAN_POINT ( 'NONE',  ( -5.745716132992169101, -24.27928127310382322, 16.86342120179911319 ) ) ;
#3519 = PRODUCT ( 'AssemRotor.SLDPRT', 'AssemRotor.SLDPRT', '', ( #4749 ) ) ;
#3520 = CARTESIAN_POINT ( 'NONE',  ( -39.72700656732541802, 22.54294747770555674, -0.1365787982007156676 ) ) ;
#3521 = EDGE_CURVE ( 'NONE', #3629, #943, #1754, .T. ) ;
#3522 = CARTESIAN_POINT ( 'NONE',  ( -3.245716132992169101, -17.07928127310389499, 37.27999506953858599 ) ) ;
#3523 = CARTESIAN_POINT ( 'NONE',  ( 1.810385269973512790, 59.81488847543516840, 22.63566131052340324 ) ) ;
#3524 = CARTESIAN_POINT ( 'NONE',  ( -6.121395865507299305, 60.63023745114079333, 12.20121965766629302 ) ) ;
#3525 = EDGE_LOOP ( 'NONE', ( #1825, #3438, #1203, #1832 ) ) ;
#3526 = CARTESIAN_POINT ( 'NONE',  ( -10.09358000815406697, 47.46400644801491353, 7.231910629006779168 ) ) ;
#3527 = CARTESIAN_POINT ( 'NONE',  ( -11.60549938417224070, 41.75171789557955293, -17.64941943689186132 ) ) ;
#3528 = CARTESIAN_POINT ( 'NONE',  ( 0.5430651647462076959, 60.51113955133063627, 33.04139187117222320 ) ) ;
#3529 = CARTESIAN_POINT ( 'NONE',  ( -14.60275920781707804, 53.00766364800038843, 3.042667284775788961 ) ) ;
#3530 = EDGE_CURVE ( 'NONE', #2361, #4673, #4625, .T. ) ;
#3531 = ORIENTED_EDGE ( 'NONE', *, *, #740, .T. ) ;
#3532 = CARTESIAN_POINT ( 'NONE',  ( -7.745716132992169101, 12.20807434455391949, 34.72992234607018958 ) ) ;
#3533 = CARTESIAN_POINT ( 'NONE',  ( -25.62470414337053271, 61.38168000343426911, -13.58373087985704153 ) ) ;
#3534 = ORIENTED_EDGE ( 'NONE', *, *, #5045, .T. ) ;
#3535 = CARTESIAN_POINT ( 'NONE',  ( -6.941895620429699321, 48.36913846547027873, 5.235617374441724259 ) ) ;
#3536 = EDGE_CURVE ( 'NONE', #963, #199, #2196, .T. ) ;
#3537 = CARTESIAN_POINT ( 'NONE',  ( -0.9406443406128972562, -16.66438707236821770, 39.07036518540337511 ) ) ;
#3538 = CARTESIAN_POINT ( 'NONE',  ( 8.460045959997518850, 61.61476205443955223, 24.23974162941622268 ) ) ;
#3539 = DIRECTION ( 'NONE',  ( 1.000000000000000000, 0.000000000000000000, 0.000000000000000000 ) ) ;
#3540 = CARTESIAN_POINT ( 'NONE',  ( -6.352576000146887836, 62.15535093676557921, -4.630070880244561593 ) ) ;
#3541 = FACE_BOUND ( 'NONE', #4046, .T. ) ;
#3542 = CARTESIAN_POINT ( 'NONE',  ( 10.41759233016729524, 54.83317012181609584, 14.10290862742180629 ) ) ;
#3543 = CARTESIAN_POINT ( 'NONE',  ( -5.745716132992169101, -21.27928127310376283, -0.1365787982008728474 ) ) ;
#3544 = ORIENTED_EDGE ( 'NONE', *, *, #4100, .T. ) ;
#3545 = CARTESIAN_POINT ( 'NONE',  ( -9.925551954337150207, 47.40409088011935523, -7.823836241461060048 ) ) ;
#3546 = DIRECTION ( 'NONE',  ( 1.224646799147353207E-16, -3.491481338843133355E-15, 1.000000000000000000 ) ) ;
#3547 = CARTESIAN_POINT ( 'NONE',  ( -6.594686444133633252, 60.50332970781872177, 5.068976617614175950 ) ) ;
#3548 = CARTESIAN_POINT ( 'NONE',  ( 10.70520667273452275, 52.47013328470596605, 11.88056911901909096 ) ) ;
#3549 = CARTESIAN_POINT ( 'NONE',  ( -13.42048211525203882, 62.13684232281832465, 24.94028787997039132 ) ) ;
#3550 = ORIENTED_EDGE ( 'NONE', *, *, #3302, .T. ) ;
#3551 = CARTESIAN_POINT ( 'NONE',  ( -9.702910021922519945, 60.98856861034445842, 1.987983958158137110 ) ) ;
#3552 = CARTESIAN_POINT ( 'NONE',  ( -0.7825843498879587745, 59.28884640292904606, -0.7780954285192676068 ) ) ;
#3553 = CARTESIAN_POINT ( 'NONE',  ( 7.232085335879502530, 59.90774455618513628, -23.78721071829090405 ) ) ;
#3554 = CARTESIAN_POINT ( 'NONE',  ( -6.986269651734765773, 60.71881310280647170, 29.90303443984009846 ) ) ;
#3555 = CARTESIAN_POINT ( 'NONE',  ( -6.514062149068621466, 57.49941780808158143, 1.079257065298698137 ) ) ;
#3556 = VERTEX_POINT ( 'NONE', #4745 ) ;
#3557 = DIRECTION ( 'NONE',  ( 0.000000000000000000, -1.000000000000000000, -3.491481338843133355E-15 ) ) ;
#3558 = CARTESIAN_POINT ( 'NONE',  ( -5.745716133006811610, 61.59285716271443079, 23.86342120179920201 ) ) ;
#3559 = ORIENTED_EDGE ( 'NONE', *, *, #716, .F. ) ;
#3560 = CARTESIAN_POINT ( 'NONE',  ( -4.241373120189380508, 52.68923633383887051, 2.052528560957563641 ) ) ;
#3561 = CARTESIAN_POINT ( 'NONE',  ( -0.6393528014497539269, -12.04410777990944226, 39.03226393774822611 ) ) ;
#3562 = DIRECTION ( 'NONE',  ( 1.000000000000000000, 0.000000000000000000, 0.000000000000000000 ) ) ;
#3563 = AXIS2_PLACEMENT_3D ( 'NONE', #3800, #30, #881 ) ;
#3564 = CARTESIAN_POINT ( 'NONE',  ( -1.173311745527453542, 49.61917224038339214, -2.164957039267648931 ) ) ;
#3565 = CARTESIAN_POINT ( 'NONE',  ( -3.399733532208765396, 49.92576371764167220, 6.589765527236453480 ) ) ;
#3566 = FACE_OUTER_BOUND ( 'NONE', #1880, .T. ) ;
#3567 = CARTESIAN_POINT ( 'NONE',  ( -8.909183677841696181, 58.74810299062908570, -6.581279671337904702 ) ) ;
#3568 = CARTESIAN_POINT ( 'NONE',  ( 2.607363393544485763, 47.51100115366440946, -0.3702001685168274658 ) ) ;
#3569 = DIRECTION ( 'NONE',  ( 0.000000000000000000, 3.491481338843133355E-15, -1.000000000000000000 ) ) ;
#3570 = CARTESIAN_POINT ( 'NONE',  ( -5.745716132992169101, -17.07928127310376354, -0.1365787982008581924 ) ) ;
#3571 = CARTESIAN_POINT ( 'NONE',  ( 0.1203380686531688032, 54.81088078914851991, -21.06996687194339657 ) ) ;
#3572 = EDGE_CURVE ( 'NONE', #3233, #389, #506, .T. ) ;
#3573 = CARTESIAN_POINT ( 'NONE',  ( -36.89941962503166906, -17.07928127310368893, -21.00992924153137409 ) ) ;
#3574 = DIRECTION ( 'NONE',  ( 1.000000000000000000, 0.000000000000000000, 0.000000000000000000 ) ) ;
#3575 = FACE_OUTER_BOUND ( 'NONE', #824, .T. ) ;
#3576 = CARTESIAN_POINT ( 'NONE',  ( -0.4112433274869363720, 60.30443032066107634, 24.29051108377462853 ) ) ;
#3577 = CARTESIAN_POINT ( 'NONE',  ( -21.89673640588947379, 65.72671507162841920, 19.62278027166338390 ) ) ;
#3578 = ORIENTED_EDGE ( 'NONE', *, *, #130, .T. ) ;
#3579 = CARTESIAN_POINT ( 'NONE',  ( -5.745716132992169101, 16.22071872689624072, -0.1365787982007418966 ) ) ;
#3580 = CARTESIAN_POINT ( 'NONE',  ( 1.011942952468226409, 55.25571511646079870, -18.86281689361458191 ) ) ;
#3581 = EDGE_CURVE ( 'NONE', #1273, #1671, #4053, .T. ) ;
#3582 = CARTESIAN_POINT ( 'NONE',  ( -1.294356968688664900, 48.18961917401814787, -2.155627329976455009 ) ) ;
#3583 = CARTESIAN_POINT ( 'NONE',  ( -27.50079047018007117, 61.72915988078639771, -14.46436951960019535 ) ) ;
#3584 = VERTEX_POINT ( 'NONE', #1459 ) ;
#3585 = CARTESIAN_POINT ( 'NONE',  ( 25.44955959902560494, 12.20807434455409712, -15.83777856276750029 ) ) ;
#3586 = ORIENTED_EDGE ( 'NONE', *, *, #3521, .F. ) ;
#3587 = VECTOR ( 'NONE', #3028, 1000.000000000000114 ) ;
#3588 = AXIS2_PLACEMENT_3D ( 'NONE', #277, #1509, #1098 ) ;
#3589 = CARTESIAN_POINT ( 'NONE',  ( 6.860690327558804036, -17.07928127310372801, -10.30164230766201605 ) ) ;
#3590 = EDGE_CURVE ( 'NONE', #1434, #1837, #2513, .T. ) ;
#3591 = CARTESIAN_POINT ( 'NONE',  ( -12.36086664152467129, 47.11486529915177357, 8.112828042322373534 ) ) ;
#3592 = DIRECTION ( 'NONE',  ( 0.8660254037844363761, 1.745740669421580877E-15, -0.5000000000000039968 ) ) ;
#3593 = CARTESIAN_POINT ( 'NONE',  ( 12.75208699191176009, 41.42272782793652652, 2.645545475816386105 ) ) ;
#3594 = DIRECTION ( 'NONE',  ( 0.000000000000000000, -1.000000000000000000, -3.491481338843133355E-15 ) ) ;
#3595 = CARTESIAN_POINT ( 'NONE',  ( -20.96224702595548806, 61.41655301477164386, -14.84595858341556429 ) ) ;
#3596 = CARTESIAN_POINT ( 'NONE',  ( -9.719933854699918996, 47.51100115366440946, 7.214210956769625760 ) ) ;
#3597 = CARTESIAN_POINT ( 'NONE',  ( 6.785010267836294240, 59.37616709179408758, 19.62846532161252355 ) ) ;
#3598 = CARTESIAN_POINT ( 'NONE',  ( -8.126803299294715899, 57.25808387211734640, -9.243611209779984961 ) ) ;
#3599 = B_SPLINE_CURVE_WITH_KNOTS ( 'NONE', 3,
 ( #879, #1700, #3419, #2216, #5060, #4225, #1310, #5084, #109, #4298, #4657, #1780, #2601, #903, #3854, #131, #2577, #2553 ),
 .UNSPECIFIED., .F., .F.,
 ( 4, 2, 2, 2, 2, 2, 2, 2, 4 ),
 ( 0.001208638387373713995, 0.002649655487892071688, 0.004090672588410429814, 0.005531689688928788373, 0.006972706789447146933, 0.008413723889965503758, 0.009854740990483864052, 0.01129575809100222088, 0.01273677519152058117 ),
 .UNSPECIFIED. ) ;
#3600 = DIRECTION ( 'NONE',  ( 0.000000000000000000, 1.000000000000000000, 0.000000000000000000 ) ) ;
#3601 = CARTESIAN_POINT ( 'NONE',  ( -27.59883038391068055, 56.35699517527953617, 4.556402285870632340 ) ) ;
#3602 = ORIENTED_EDGE ( 'NONE', *, *, #483, .T. ) ;
#3603 = FACE_OUTER_BOUND ( 'NONE', #869, .T. ) ;
#3604 = CARTESIAN_POINT ( 'NONE',  ( -1.034604860286589156, 48.57332242071429107, -1.811520760236029481 ) ) ;
#3605 = CARTESIAN_POINT ( 'NONE',  ( -5.745716132992169101, -9.171272019776569806, -0.1365787982008305756 ) ) ;
#3606 = CARTESIAN_POINT ( 'NONE',  ( -5.745716132992169101, 48.71270947356900649, -0.1365787982006284595 ) ) ;
#3607 = EDGE_CURVE ( 'NONE', #3852, #215, #1228, .T. ) ;
#3608 = CARTESIAN_POINT ( 'NONE',  ( 7.314332731781444608, 57.43085553501835960, 18.90674016792600654 ) ) ;
#3609 = CARTESIAN_POINT ( 'NONE',  ( -3.745716132992169545, -2.898491352029797241, 37.09538085799199791 ) ) ;
#3610 = ORIENTED_EDGE ( 'NONE', *, *, #5164, .F. ) ;
#3611 = CARTESIAN_POINT ( 'NONE',  ( -38.67778609027042336, 60.61940855044169041, -8.239132881417820187 ) ) ;
#3612 = EDGE_CURVE ( 'NONE', #4288, #4380, #4553, .T. ) ;
#3613 = CARTESIAN_POINT ( 'NONE',  ( 19.84158031213429751, 60.50936854364260142, -23.79283872694547242 ) ) ;
#3614 = CARTESIAN_POINT ( 'NONE',  ( -9.442457153929634472, 60.77239474407894448, 28.48642586677130240 ) ) ;
#3615 = CARTESIAN_POINT ( 'NONE',  ( 20.60418362640580625, 65.03014466839881891, 3.320490169803060443 ) ) ;
#3616 = ORIENTED_EDGE ( 'NONE', *, *, #2375, .F. ) ;
#3617 = LINE ( 'NONE', #3674, #2408 ) ;
#3618 = DIRECTION ( 'NONE',  ( 1.084202172485512816E-16, 1.000000000000000000, 3.679270663685277519E-15 ) ) ;
#3619 = ORIENTED_EDGE ( 'NONE', *, *, #2363, .T. ) ;
#3620 = CARTESIAN_POINT ( 'NONE',  ( -3.384947174440204432, 61.42158457501007973, 23.75431370762312611 ) ) ;
#3621 = CARTESIAN_POINT ( 'NONE',  ( -19.60212259354326036, -24.27928127310373441, -8.136578798200753582 ) ) ;
#3622 =( LENGTH_UNIT ( ) NAMED_UNIT ( * ) SI_UNIT ( .MILLI., .METRE. ) );
#3623 = AXIS2_PLACEMENT_3D ( 'NONE', #150, #2292, #3888 ) ;
#3624 = CARTESIAN_POINT ( 'NONE',  ( -22.54335500819512461, 61.34125214105675639, -17.56737475797951120 ) ) ;
#3625 = CARTESIAN_POINT ( 'NONE',  ( -11.56668463633565302, 66.13636457234710520, -15.70116595193373321 ) ) ;
#3626 = CARTESIAN_POINT ( 'NONE',  ( 1.173738866272492132, 60.82080283064781412, 22.84439524715704550 ) ) ;
#3627 = CARTESIAN_POINT ( 'NONE',  ( -6.738676712109072042, 59.10605835875193748, 0.7208977526371540545 ) ) ;
#3628 = CARTESIAN_POINT ( 'NONE',  ( -5.745716132992169101, 21.94818015961778102, -0.1365787982007219403 ) ) ;
#3629 = VERTEX_POINT ( 'NONE', #610 ) ;
#3630 = CARTESIAN_POINT ( 'NONE',  ( -29.14920240879273194, 61.07319139068369651, -5.454175072685649717 ) ) ;
#3631 = CARTESIAN_POINT ( 'NONE',  ( -0.7708213227550394508, 49.31861728121104704, -0.6785765077268579581 ) ) ;
#3632 = CARTESIAN_POINT ( 'NONE',  ( -8.804471535970229468, 49.21509105314438415, -4.096253780523436916 ) ) ;
#3633 = CARTESIAN_POINT ( 'NONE',  ( -7.331546840498731399, 49.01468929977000499, -16.83032779143521296 ) ) ;
#3634 = CARTESIAN_POINT ( 'NONE',  ( -13.71057640945931233, 61.33603839743367558, 25.54753858341566541 ) ) ;
#3635 = CARTESIAN_POINT ( 'NONE',  ( -7.690358776313738431, 60.74230088349780488, 22.07019823766781386 ) ) ;
#3636 = VERTEX_POINT ( 'NONE', #2290 ) ;
#3637 = ADVANCED_BREP_SHAPE_REPRESENTATION ( 'AssemRotor.SLDPRT', ( #1345, #1324, #2562 ), #2303 ) ;
#3638 = CARTESIAN_POINT ( 'NONE',  ( 8.074786372852290839, 12.54048673790717494, -10.04141394747577998 ) ) ;
#3639 = AXIS2_PLACEMENT_3D ( 'NONE', #2845, #4501, #1182 ) ;
#3640 = CARTESIAN_POINT ( 'NONE',  ( 0.7896307166842305714, 55.88792323881516211, -24.03870397353897204 ) ) ;
#3641 = CARTESIAN_POINT ( 'NONE',  ( 3.182999617596400821, 45.94258093028423673, 0.4824787509168796396 ) ) ;
#3642 = CARTESIAN_POINT ( 'NONE',  ( -15.44411396375288881, 55.76348479502233602, 5.886089644220803940 ) ) ;
#3643 = EDGE_CURVE ( 'NONE', #653, #4513, #4170, .T. ) ;
#3644 =( GEOMETRIC_REPRESENTATION_CONTEXT ( 3 ) GLOBAL_UNCERTAINTY_ASSIGNED_CONTEXT ( ( #4289 ) ) GLOBAL_UNIT_ASSIGNED_CONTEXT ( ( #5285, #283, #3180 ) ) REPRESENTATION_CONTEXT ( 'NONE', 'WORKASPACE' ) );
#3645 = EDGE_LOOP ( 'NONE', ( #2796, #2104 ) ) ;
#3646 = CARTESIAN_POINT ( 'NONE',  ( 9.110690327558822688, 12.20807434455406160, -6.404527990631946111 ) ) ;
#3647 = CARTESIAN_POINT ( 'NONE',  ( 12.34750907234052875, 60.76154766666893892, -8.026785015782696320 ) ) ;
#3648 = ORIENTED_EDGE ( 'NONE', *, *, #3370, .F. ) ;
#3649 = DIRECTION ( 'NONE',  ( -0.8660254037844432595, 1.745740669421538673E-15, -0.4999999999999920064 ) ) ;
#3650 = CARTESIAN_POINT ( 'NONE',  ( -3.745716132992169101, -10.48242572824528196, 37.30367000229280450 ) ) ;
#3651 = CARTESIAN_POINT ( 'NONE',  ( 9.273619280540465581, 59.42272264367205992, 21.10940345796433348 ) ) ;
#3652 = SURFACE_STYLE_FILL_AREA ( #1872 ) ;
#3653 = CARTESIAN_POINT ( 'NONE',  ( -15.44299201587055670, 65.32649276704268004, -23.68514388528257442 ) ) ;
#3654 = CARTESIAN_POINT ( 'NONE',  ( -5.745716132992169101, 21.94818015961778102, -0.1365787982007219403 ) ) ;
#3655 = EDGE_CURVE ( 'NONE', #2997, #928, #182, .T. ) ;
#3656 = CARTESIAN_POINT ( 'NONE',  ( -20.10212259354324971, 13.20807434455406693, -7.270553394416179316 ) ) ;
#3657 = CARTESIAN_POINT ( 'NONE',  ( 9.110690327558822688, 12.20807434455406160, -6.404527990631946111 ) ) ;
#3658 = CARTESIAN_POINT ( 'NONE',  ( -1.418646473795966090, -16.77575807102355299, 37.11328342425855453 ) ) ;
#3659 = CARTESIAN_POINT ( 'NONE',  ( -1.295851143888366641, 52.22575267444924663, 2.175465940623221517 ) ) ;
#3660 = CARTESIAN_POINT ( 'NONE',  ( -30.68587629668746075, 57.89657626030351167, 5.183291807345998592 ) ) ;
#3661 = DIRECTION ( 'NONE',  ( -0.8660254037844363761, -1.745740669421580877E-15, 0.5000000000000039968 ) ) ;
#3662 = EDGE_CURVE ( 'NONE', #81, #1141, #905, .T. ) ;
#3663 = AXIS2_PLACEMENT_3D ( 'NONE', #4937, #4534, #270 ) ;
#3664 = CARTESIAN_POINT ( 'NONE',  ( -10.38304805154637478, 58.38355496513045750, -2.025921978831613401 ) ) ;
#3665 = CARTESIAN_POINT ( 'NONE',  ( -8.753085888685616212, 60.84268119416459086, 11.69917247832126073 ) ) ;
#3666 = VERTEX_POINT ( 'NONE', #1807 ) ;
#3667 = CARTESIAN_POINT ( 'NONE',  ( -37.68717309291235296, 8.690561416035540887, -16.26858649556065117 ) ) ;
#3668 = CARTESIAN_POINT ( 'NONE',  ( -12.28160845381181510, 49.34124945605547197, -0.8062128571688148559 ) ) ;
#3669 = B_SPLINE_CURVE_WITH_KNOTS ( 'NONE', 3,
 ( #4821, #5337, #717, #3205, #4078, #1591, #2729, #308, #4391, #634 ),
 .UNSPECIFIED., .F., .F.,
 ( 4, 2, 2, 2, 4 ),
 ( 1.317019611153818156E-16, 0.001691022631703697305, 0.003382045263407263205, 0.005073067895110828888, 0.006764090526814394572 ),
 .UNSPECIFIED. ) ;
#3670 = CARTESIAN_POINT ( 'NONE',  ( -4.601267988646344342, 60.08375995653698709, 19.85170426224810925 ) ) ;
#3671 = CARTESIAN_POINT ( 'NONE',  ( 10.54716875178210600, 66.59543889393526683, 3.275436292320007770 ) ) ;
#3672 = B_SPLINE_CURVE_WITH_KNOTS ( 'NONE', 3,
 ( #2727, #222, #3962, #1451, #3647, #4766, #574, #1896, #2783, #3937, #198, #4444, #4416, #1510, #662, #5252 ),
 .UNSPECIFIED., .F., .F.,
 ( 4, 2, 2, 2, 2, 2, 2, 4 ),
 ( 0.002082026158650288929, 0.004688420607070250407, 0.007294815055490211017, 0.01250760395233013050, 0.01511399840075009285, 0.01772039284917005172, 0.02032678729759001407, 0.02293318174600997295 ),
 .UNSPECIFIED. ) ;
#3673 = ORIENTED_EDGE ( 'NONE', *, *, #4421, .T. ) ;
#3674 = CARTESIAN_POINT ( 'NONE',  ( 28.23557430134107804, 22.54294747770555674, -0.1365787982007198309 ) ) ;
#3675 = CARTESIAN_POINT ( 'NONE',  ( 10.20193922013088716, 52.73115169495606835, 12.95159905735358308 ) ) ;
#3676 = CARTESIAN_POINT ( 'NONE',  ( 9.380443207562091601, 55.01256798429150763, 15.25034406445780277 ) ) ;
#3677 = CARTESIAN_POINT ( 'NONE',  ( -39.14235086113452411, -11.79192565544590110, -17.10873377176253030 ) ) ;
#3678 = CARTESIAN_POINT ( 'NONE',  ( -6.061387012668548735, 50.43375822334309078, -21.75104254197651343 ) ) ;
#3679 = ADVANCED_FACE ( 'NONE', ( #541 ), #620, .F. ) ;
#3680 = CARTESIAN_POINT ( 'NONE',  ( 17.55010212466624964, 60.70568396020066615, -11.79874127700688469 ) ) ;
#3681 = VECTOR ( 'NONE', #4559, 1000.000000000000000 ) ;
#3682 = CARTESIAN_POINT ( 'NONE',  ( -12.86561263494859197, 65.20387478663688796, -19.02587435705510899 ) ) ;
#3683 = CIRCLE ( 'NONE', #853, 32.07177430784081906 ) ;
#3684 = CARTESIAN_POINT ( 'NONE',  ( -37.16445444750056737, -10.91702045413499533, -20.58559689843877649 ) ) ;
#3685 = CARTESIAN_POINT ( 'NONE',  ( -25.20949918112196286, 53.63519656053205154, 7.501664614620126237 ) ) ;
#3686 = EDGE_CURVE ( 'NONE', #1971, #3305, #827, .T. ) ;
#3687 = CARTESIAN_POINT ( 'NONE',  ( -26.82774447894492198, 61.84926026144133004, -15.88165330949979293 ) ) ;
#3688 = CARTESIAN_POINT ( 'NONE',  ( -33.74571613299216466, 48.71270947356899228, -0.1365787982005965406 ) ) ;
#3689 = CARTESIAN_POINT ( 'NONE',  ( 8.474868604459750543, 57.52088477061094807, 17.59036578384078808 ) ) ;
#3690 = CARTESIAN_POINT ( 'NONE',  ( -35.52890284029862045, 61.43709453590191316, -2.767795593801849918 ) ) ;
#3691 = CARTESIAN_POINT ( 'NONE',  ( 0.7453221715473501430, 56.45761366465508502, -21.09167816207260415 ) ) ;
#3692 = AXIS2_PLACEMENT_3D ( 'NONE', #3570, #5206, #5238 ) ;
#3693 = LINE ( 'NONE', #3978, #1635 ) ;
#3694 = CARTESIAN_POINT ( 'NONE',  ( -7.302764311357335281, 57.81107548617301006, -9.314733429978232948 ) ) ;
#3695 = ORIENTED_EDGE ( 'NONE', *, *, #1115, .T. ) ;
#3696 = CARTESIAN_POINT ( 'NONE',  ( -17.98238939293721117, 41.75171789557955293, 13.69456267733712984 ) ) ;
#3697 = EDGE_CURVE ( 'NONE', #4485, #457, #2026, .T. ) ;
#3698 = B_SPLINE_SURFACE_WITH_KNOTS ( 'NONE', 3, 3, ( 
 ( #1596, #1263, #447, #4182, #2120, #3296, #801, #2476, #2844, #4500, #2449, #394, #2068, #5392, #4133, #4928 ),
 ( #4985, #1236, #2926, #750, #1181, #2506, #4526, #553, #1762, #4235, #2611, #5124, #1322, #5149, #4715, #3864 ),
 ( #471, #3837, #115, #3404, #3068, #2151, #64, #913, #4280, #1789, #523, #1735, #3429, #4256, #1818, #5069 ),
 ( #3017, #496, #4310, #966, #4666, #2229, #2259, #3096, #2563, #2585, #1708, #3942, #2198, #2173, #91, #3455 ) ),
 .UNSPECIFIED., .F., .F., .F.,
 ( 4, 4 ),
 ( 4, 1, 1, 1, 1, 1, 1, 1, 1, 1, 1, 1, 1, 4 ),
 ( 0.000000000000000000, 1.000000000000000000 ),
 ( 0.000000000000000000, 0.09722584472561171531, 0.1907906832668594121, 0.2361128114755688678, 0.3236232858377472432, 0.4075240382250177040, 0.4886616098702014632, 0.5680596470140975018, 0.6466491649768620897, 0.7250743915661617134, 0.8036450302186227690, 0.8430214699481450857, 0.9215689236558987085, 1.000000000000000000 ),
 .UNSPECIFIED. ) ;
#3699 = CARTESIAN_POINT ( 'NONE',  ( 3.926024484823391614, 59.20702903332336575, -5.442189697857842567 ) ) ;
#3700 = CARTESIAN_POINT ( 'NONE',  ( -11.40369356345053831, 62.02746670701528586, 15.78567286243054468 ) ) ;
#3701 = CARTESIAN_POINT ( 'NONE',  ( -27.49347743728671745, 60.72264120595421844, -14.48000456170930050 ) ) ;
#3702 = CARTESIAN_POINT ( 'NONE',  ( 8.976715731343247739, -24.27928127310373441, -8.636578798200950757 ) ) ;
#3703 = CARTESIAN_POINT ( 'NONE',  ( 5.008982954219079353, 46.46002378941636124, 2.446081498490705108 ) ) ;
#3704 = DIRECTION ( 'NONE',  ( 0.000000000000000000, -1.000000000000000000, -3.491481338843133355E-15 ) ) ;
#3705 = CARTESIAN_POINT ( 'NONE',  ( -0.7819335037088470663, 55.62862765115299624, -24.03138216696255114 ) ) ;
#3706 = CARTESIAN_POINT ( 'NONE',  ( -10.31025570265263802, 46.63626679501432193, 6.786653439213181649 ) ) ;
#3707 = CARTESIAN_POINT ( 'NONE',  ( 2.762808632627291150, 56.69745728255339401, 2.477028832089006816 ) ) ;
#3708 = ADVANCED_FACE ( 'NONE', ( #3059 ), #3499, .T. ) ;
#3709 = CARTESIAN_POINT ( 'NONE',  ( -17.26761951594630418, 64.31488598709404414, -24.00647848724500477 ) ) ;
#3710 = CARTESIAN_POINT ( 'NONE',  ( 0.7965658045057111281, 60.27384557590916359, 22.95489055875419382 ) ) ;
#3711 = CARTESIAN_POINT ( 'NONE',  ( -6.754178588981871734, 59.09307375126158490, 0.7222357086277956251 ) ) ;
#3712 = CIRCLE ( 'NONE', #1061, 16.99999999999999289 ) ;
#3713 = CARTESIAN_POINT ( 'NONE',  ( -23.29857155393386847, 61.45098402641476554, -20.69659179040666785 ) ) ;
#3714 = CARTESIAN_POINT ( 'NONE',  ( -1.099907647980927994, -16.71253083418292462, 37.07487415580704493 ) ) ;
#3715 = CARTESIAN_POINT ( 'NONE',  ( -20.63957103144894489, 44.54397310570580970, 14.21348140343243571 ) ) ;
#3716 = CARTESIAN_POINT ( 'NONE',  ( -7.846015011605400602, 55.48740214391956016, -0.08759302433080642936 ) ) ;
#3717 = CARTESIAN_POINT ( 'NONE',  ( 15.82591165075710293, 61.72438936800976705, -10.65631618842942530 ) ) ;
#3718 = CARTESIAN_POINT ( 'NONE',  ( -10.62064069322105730, 61.69906597222902178, -6.230672852469276712 ) ) ;
#3719 = VERTEX_POINT ( 'NONE', #2867 ) ;
#3720 = CARTESIAN_POINT ( 'NONE',  ( -37.97857771560189377, 60.67962502279137027, -8.639815596137005116 ) ) ;
#3721 = CARTESIAN_POINT ( 'NONE',  ( 19.83804121187703018, 60.77315033359754892, -11.24910569900230506 ) ) ;
#3722 = CARTESIAN_POINT ( 'NONE',  ( -6.101984985995619226, 54.11488136522437031, -10.61723350759205609 ) ) ;
#3723 = CARTESIAN_POINT ( 'NONE',  ( -45.24571613299217177, -21.27928127310376283, -0.1365787982008680179 ) ) ;
#3724 = ORIENTED_EDGE ( 'NONE', *, *, #2777, .F. ) ;
#3725 = CARTESIAN_POINT ( 'NONE',  ( -9.745716132992169989, -11.79192565544600413, 12.86342120179915760 ) ) ;
#3726 = CARTESIAN_POINT ( 'NONE',  ( 10.12160479403970115, 53.03280605363725186, 13.30230047973743446 ) ) ;
#3727 = CARTESIAN_POINT ( 'NONE',  ( -5.745716132992169101, 17.59325729417466633, -0.1365787982007371226 ) ) ;
#3728 = CARTESIAN_POINT ( 'NONE',  ( 11.40770818171757739, 60.95011006445423618, -14.11331914050661140 ) ) ;
#3729 = VERTEX_POINT ( 'NONE', #4522 ) ;
#3730 = LINE ( 'NONE', #1617, #2715 ) ;
#3731 = CARTESIAN_POINT ( 'NONE',  ( 0.8346465018583023587, 58.20295612663137774, 0.4976038813457746568 ) ) ;
#3732 = CARTESIAN_POINT ( 'NONE',  ( -5.745716132992162883, 57.63854741849579000, 4.863421201799197569 ) ) ;
#3733 = CARTESIAN_POINT ( 'NONE',  ( -26.68933421754177360, 55.39079787810423028, 5.387340987328347097 ) ) ;
#3734 = CARTESIAN_POINT ( 'NONE',  ( -29.52284070522447479, 58.82396668897087721, -1.344592102134270606 ) ) ;
#3735 = CARTESIAN_POINT ( 'NONE',  ( 4.987873786312373880, 58.33718604507683381, -20.78326382701503761 ) ) ;
#3736 = CARTESIAN_POINT ( 'NONE',  ( -0.7628379313126094630, 51.01020090340720969, -0.6075336942337838941 ) ) ;
#3737 = CARTESIAN_POINT ( 'NONE',  ( -8.347720929981438331, 49.68850248126405944, -4.422557491563692267 ) ) ;
#3738 = B_SPLINE_CURVE_WITH_KNOTS ( 'NONE', 3,
 ( #263, #3191, #1084, #293 ),
 .UNSPECIFIED., .F., .F.,
 ( 4, 4 ),
 ( 0.000000000000000000, 1.000000000000000000 ),
 .UNSPECIFIED. ) ;
#3739 = CARTESIAN_POINT ( 'NONE',  ( -4.515549009572026762, 59.11904296624229005, 0.2818559716690981487 ) ) ;
#3740 = CARTESIAN_POINT ( 'NONE',  ( -4.745716132992169101, 13.20807434455398344, 16.83398395027638728 ) ) ;
#3741 = DIRECTION ( 'NONE',  ( 0.000000000000000000, -1.000000000000000000, -3.491481338843133355E-15 ) ) ;
#3742 = ORIENTED_EDGE ( 'NONE', *, *, #701, .T. ) ;
#3743 = ADVANCED_FACE ( 'NONE', ( #773 ), #2447, .T. ) ;
#3744 = CARTESIAN_POINT ( 'NONE',  ( -27.11398863260806280, 60.70573218680758742, -14.90782198941924008 ) ) ;
#3745 = ORIENTED_EDGE ( 'NONE', *, *, #2870, .F. ) ;
#3746 = CARTESIAN_POINT ( 'NONE',  ( 14.58976597127371910, 60.52666736496842503, -14.07222714063892610 ) ) ;
#3747 = CARTESIAN_POINT ( 'NONE',  ( -8.192209961649188799, 60.34573732276212610, 9.453947357807967578 ) ) ;
#3748 = CARTESIAN_POINT ( 'NONE',  ( 31.75428386700782823, -21.27928127310376283, -0.1365787982008728474 ) ) ;
#3749 = CARTESIAN_POINT ( 'NONE',  ( 3.990765252161627696, 51.49379611565143477, 5.602370758805632178 ) ) ;
#3750 = VERTEX_POINT ( 'NONE', #3732 ) ;
#3751 = CARTESIAN_POINT ( 'NONE',  ( -28.97601619840252241, 60.05446708346101303, -6.165978544119952609 ) ) ;
#3752 = CARTESIAN_POINT ( 'NONE',  ( 7.749622119759369099, 47.37095537841361192, 5.443363629656194469 ) ) ;
#3753 = CARTESIAN_POINT ( 'NONE',  ( -3.659421991652835437, 51.53576948310536920, -19.83383667520647009 ) ) ;
#3754 = CARTESIAN_POINT ( 'NONE',  ( -11.46136307589629588, 43.86510778367051699, -10.56145776493834454 ) ) ;
#3755 = CARTESIAN_POINT ( 'NONE',  ( -6.650729480357921553, 48.57332242071429107, 4.780834225035076379 ) ) ;
#3756 = CARTESIAN_POINT ( 'NONE',  ( -9.311559558500444922, 64.86255113145887208, -12.38685218132411237 ) ) ;
#3757 = CARTESIAN_POINT ( 'NONE',  ( -27.13888367320208062, 56.45761366465508502, 4.719566815065806331 ) ) ;
#3758 = CARTESIAN_POINT ( 'NONE',  ( -29.57604247033858513, 60.70398371598371057, -7.711927804116587737 ) ) ;
#3759 = CARTESIAN_POINT ( 'NONE',  ( 10.81679223606623452, 60.60162482314759558, -17.50910496810228167 ) ) ;
#3760 = CARTESIAN_POINT ( 'NONE',  ( -1.174914899117551537, 50.16330248248637957, -2.168304471359316477 ) ) ;
#3761 = CARTESIAN_POINT ( 'NONE',  ( -15.90207074061212467, 48.37635661895103567, 8.378006407804631905 ) ) ;
#3762 = CARTESIAN_POINT ( 'NONE',  ( -9.614693805199024723, 48.13401259752640016, -3.593172282518754646 ) ) ;
#3763 = CARTESIAN_POINT ( 'NONE',  ( 5.176850188944708719, 59.80349520423296639, 20.92959802818400661 ) ) ;
#3764 = LINE ( 'NONE', #5399, #4602 ) ;
#3765 = ORIENTED_EDGE ( 'NONE', *, *, #2612, .T. ) ;
#3766 = CARTESIAN_POINT ( 'NONE',  ( -30.45306395376915631, 60.88697592464050246, -9.326628226122329224 ) ) ;
#3767 = ORIENTED_EDGE ( 'NONE', *, *, #1732, .F. ) ;
#3768 = CARTESIAN_POINT ( 'NONE',  ( -10.85282552403089795, -12.04447764449172453, 39.03216646037698467 ) ) ;
#3769 = CARTESIAN_POINT ( 'NONE',  ( 20.89326000625288060, 60.86061422850557534, -5.980835728791239703 ) ) ;
#3770 = EDGE_CURVE ( 'NONE', #1291, #1362, #3090, .T. ) ;
#3771 = CARTESIAN_POINT ( 'NONE',  ( -5.745716132992169101, 13.20807434455404206, -0.1365787982007524159 ) ) ;
#3772 = ORIENTED_EDGE ( 'NONE', *, *, #889, .F. ) ;
#3773 = EDGE_CURVE ( 'NONE', #2378, #1481, #4898, .T. ) ;
#3774 = CARTESIAN_POINT ( 'NONE',  ( 4.706055011320284365, 47.11486529915176646, 1.467606171784256563 ) ) ;
#3775 = DIRECTION ( 'NONE',  ( 0.000000000000000000, 1.000000000000000000, 0.000000000000000000 ) ) ;
#3776 = CARTESIAN_POINT ( 'NONE',  ( -11.36212521566777944, 45.95903497673048577, -4.752177736645474937 ) ) ;
#3777 = ORIENTED_EDGE ( 'NONE', *, *, #4547, .T. ) ;
#3778 = DIRECTION ( 'NONE',  ( 0.000000000000000000, -3.491481338843133355E-15, 1.000000000000000000 ) ) ;
#3779 = EDGE_LOOP ( 'NONE', ( #3825, #2169, #3435, #3821 ) ) ;
#3780 = CARTESIAN_POINT ( 'NONE',  ( -6.929301443510852643, 62.05583788711209792, -6.447937905145528781 ) ) ;
#3781 = CARTESIAN_POINT ( 'NONE',  ( -4.663711413513792259, 53.35732834013377612, 2.955474998736633552 ) ) ;
#3782 = CARTESIAN_POINT ( 'NONE',  ( -29.78232827036863029, 59.76378731735658079, -4.510899593660067985 ) ) ;
#3783 = CARTESIAN_POINT ( 'NONE',  ( -7.510513805135881071, 60.72849628883992068, 23.79844761031599631 ) ) ;
#3784 = CARTESIAN_POINT ( 'NONE',  ( -0.8791732649678762890, 50.52135903258130156, -1.290296718647065077 ) ) ;
#3785 = CARTESIAN_POINT ( 'NONE',  ( -24.81000023684249456, 60.07986630025597208, -5.358060584049455954 ) ) ;
#3786 = CARTESIAN_POINT ( 'NONE',  ( 0.8909238592363987186, 55.65646590880805178, -20.88321848893244592 ) ) ;
#3787 = CYLINDRICAL_SURFACE ( 'NONE', #4350, 30.00000000000000000 ) ;
#3788 = DIRECTION ( 'NONE',  ( 0.000000000000000000, -1.000000000000000000, -3.491481338843133355E-15 ) ) ;
#3789 = ORIENTED_EDGE ( 'NONE', *, *, #483, .F. ) ;
#3790 = CARTESIAN_POINT ( 'NONE',  ( -20.58708162667041464, 53.06430831403977066, 4.156937663261632387 ) ) ;
#3791 = ORIENTED_EDGE ( 'NONE', *, *, #1683, .F. ) ;
#3792 = DIRECTION ( 'NONE',  ( 0.000000000000000000, 0.000000000000000000, 1.000000000000000000 ) ) ;
#3793 = CARTESIAN_POINT ( 'NONE',  ( -11.62862832343741104, -12.63909956141828062, 38.92305843675380572 ) ) ;
#3794 = CARTESIAN_POINT ( 'NONE',  ( 20.73306639352491132, 64.05596486720605753, 3.505013164923968638 ) ) ;
#3795 = CARTESIAN_POINT ( 'NONE',  ( 6.787415978065437727, 57.80694486631350770, 19.37281017890902390 ) ) ;
#3796 = CARTESIAN_POINT ( 'NONE',  ( 1.101735360476941983, 54.42595440942676532, 6.817925348423178100 ) ) ;
#3797 = ORIENTED_EDGE ( 'NONE', *, *, #3132, .T. ) ;
#3798 = CARTESIAN_POINT ( 'NONE',  ( 3.953363547763466102, 47.18156930939777283, 0.8315958841507447019 ) ) ;
#3799 = DIRECTION ( 'NONE',  ( 0.000000000000000000, -1.000000000000000000, -3.491481338843133355E-15 ) ) ;
#3800 = CARTESIAN_POINT ( 'NONE',  ( -5.745716132992169101, -9.171272019776569806, -0.1365787982008305756 ) ) ;
#3801 = CARTESIAN_POINT ( 'NONE',  ( 2.316941029474662628, 57.16951284327369365, -16.41818462753302299 ) ) ;
#3802 = ORIENTED_EDGE ( 'NONE', *, *, #1634, .F. ) ;
#3803 = VECTOR ( 'NONE', #1929, 1000.000000000000114 ) ;
#3804 = CARTESIAN_POINT ( 'NONE',  ( -6.582724995731649820, 60.97570362029751578, -5.066022596814958590 ) ) ;
#3805 = ORIENTED_EDGE ( 'NONE', *, *, #3466, .T. ) ;
#3806 = ADVANCED_FACE ( 'NONE', ( #5218 ), #3342, .F. ) ;
#3807 = AXIS2_PLACEMENT_3D ( 'NONE', #3907, #3503, #3405 ) ;
#3808 = CARTESIAN_POINT ( 'NONE',  ( -5.527824834543946686, 50.93764936586617864, 4.445469384358777809 ) ) ;
#3809 = CARTESIAN_POINT ( 'NONE',  ( -6.486246439764820515, 56.94753045237911948, -0.8496043445669377858 ) ) ;
#3810 = CARTESIAN_POINT ( 'NONE',  ( -27.50158345125265313, 55.58965948328178541, 4.348491298833870644 ) ) ;
#3811 = DIRECTION ( 'NONE',  ( 0.000000000000000000, 3.491481338843133355E-15, -1.000000000000000000 ) ) ;
#3812 = CARTESIAN_POINT ( 'NONE',  ( -0.9092519516725098283, 50.44918759631837446, -1.411300708294564332 ) ) ;
#3813 = EDGE_CURVE ( 'NONE', #3344, #2079, #3083, .T. ) ;
#3814 = CARTESIAN_POINT ( 'NONE',  ( -22.65893740354350783, 52.97121556840900070, 6.790715619806466208 ) ) ;
#3815 = CARTESIAN_POINT ( 'NONE',  ( -9.920200637025919477, 47.21899314783116353, -6.961137763299391601 ) ) ;
#3816 = CARTESIAN_POINT ( 'NONE',  ( -0.6386067419534398049, -16.53937366640046847, 39.03216646037697757 ) ) ;
#3817 = CARTESIAN_POINT ( 'NONE',  ( -12.11778798204173846, -15.09829296019508682, 36.81813366952982136 ) ) ;
#3818 = FACE_OUTER_BOUND ( 'NONE', #3365, .T. ) ;
#3819 = ORIENTED_EDGE ( 'NONE', *, *, #740, .F. ) ;
#3820 = CARTESIAN_POINT ( 'NONE',  ( -37.62307222755334379, 60.51113955133063627, -11.27931977020155685 ) ) ;
#3821 = ORIENTED_EDGE ( 'NONE', *, *, #1507, .F. ) ;
#3822 = CARTESIAN_POINT ( 'NONE',  ( -5.429009072918934642, 55.71575716709724446, -0.9533091847066682556 ) ) ;
#3823 = CARTESIAN_POINT ( 'NONE',  ( -26.99228142587166701, 55.82624383630393083, 5.451473627224959984 ) ) ;
#3824 = CARTESIAN_POINT ( 'NONE',  ( 0.3230062765152063586, 47.29580546324802270, -4.890025647021773558 ) ) ;
#3825 = ORIENTED_EDGE ( 'NONE', *, *, #5180, .F. ) ;
#3826 = CYLINDRICAL_SURFACE ( 'NONE', #1923, 2.500000000000000444 ) ;
#3827 = AXIS2_PLACEMENT_3D ( 'NONE', #2776, #1189, #4438 ) ;
#3828 = CARTESIAN_POINT ( 'NONE',  ( -8.235101894358438201, 61.72165878848013421, 12.13393353237502481 ) ) ;
#3829 = FACE_OUTER_BOUND ( 'NONE', #1729, .T. ) ;
#3830 = CARTESIAN_POINT ( 'NONE',  ( -3.182941902003915580, 53.20012985560302354, -15.26303643625971418 ) ) ;
#3831 = ORIENTED_EDGE ( 'NONE', *, *, #2691, .F. ) ;
#3832 = CARTESIAN_POINT ( 'NONE',  ( 11.07699884370590127, 60.74217023782217240, -7.095403758231208613 ) ) ;
#3833 = ORIENTED_EDGE ( 'NONE', *, *, #4470, .F. ) ;
#3834 = CARTESIAN_POINT ( 'NONE',  ( -26.08899170063306627, 54.40277919622648284, 6.591563497118342774 ) ) ;
#3835 = EDGE_CURVE ( 'NONE', #4965, #1522, #5012, .T. ) ;
#3836 = CARTESIAN_POINT ( 'NONE',  ( 9.249567480952622489, 48.65511585494246560, 6.858921290805687576 ) ) ;
#3837 = CARTESIAN_POINT ( 'NONE',  ( -7.061232825631930332, 48.27941983337726128, -17.57713697325292301 ) ) ;
#3838 = ADVANCED_FACE ( 'NONE', ( #1060 ), #5186, .T. ) ;
#3839 = CARTESIAN_POINT ( 'NONE',  ( -29.07225579558851436, 58.93656895130641971, 0.8528322917259569813 ) ) ;
#3840 = CARTESIAN_POINT ( 'NONE',  ( -23.97967513136403639, 61.14389869533119537, -9.405335021746763502 ) ) ;
#3841 = CARTESIAN_POINT ( 'NONE',  ( -8.391707384661161839, 46.97324821256534477, -13.34526056864485000 ) ) ;
#3842 = CARTESIAN_POINT ( 'NONE',  ( -15.37247325825607014, 64.37373821983955224, 13.10367187098901454 ) ) ;
#3843 = CARTESIAN_POINT ( 'NONE',  ( 10.69666369436629161, 60.82080283064767201, -17.61948963058609863 ) ) ;
#3844 = CARTESIAN_POINT ( 'NONE',  ( -1.745716132992168879, -16.79192565544600413, 12.86342120179913984 ) ) ;
#3845 = VERTEX_POINT ( 'NONE', #4807 ) ;
#3846 = CIRCLE ( 'NONE', #4520, 37.46183732295519775 ) ;
#3847 = CARTESIAN_POINT ( 'NONE',  ( -24.15781257628964696, 58.77297638423174675, -4.718492319201466501 ) ) ;
#3848 = ORIENTED_EDGE ( 'NONE', *, *, #1001, .F. ) ;
#3849 = CARTESIAN_POINT ( 'NONE',  ( 17.64861729643790156, 63.02214149135253507, -0.4443313055655334631 ) ) ;
#3850 = CARTESIAN_POINT ( 'NONE',  ( 5.154312843785096021, 59.22000715167679630, 21.05404716233626772 ) ) ;
#3851 = CARTESIAN_POINT ( 'NONE',  ( 6.625080435327765471, 45.79408733381856678, 1.813995571646365379 ) ) ;
#3852 = VERTEX_POINT ( 'NONE', #3135 ) ;
#3853 = EDGE_CURVE ( 'NONE', #3305, #2145, #413, .T. ) ;
#3854 = CARTESIAN_POINT ( 'NONE',  ( -4.420998758460388700, 55.27122655162407483, -4.969563774685204827 ) ) ;
#3855 = CARTESIAN_POINT ( 'NONE',  ( -1.136306144733418844, 54.90932334981162910, -21.18629879841183694 ) ) ;
#3856 = B_SPLINE_CURVE_WITH_KNOTS ( 'NONE', 3,
 ( #2881, #1944, #1999, #1972, #3667, #1167 ),
 .UNSPECIFIED., .F., .F.,
 ( 4, 2, 4 ),
 ( 0.002602250585402095685, 0.01336834202803243235, 0.02413443347066276945 ),
 .UNSPECIFIED. ) ;
#3857 = CARTESIAN_POINT ( 'NONE',  ( 10.39255507935638789, 52.88002607869402283, 13.16272053665915109 ) ) ;
#3858 = CARTESIAN_POINT ( 'NONE',  ( 20.77662590670093223, 63.36336121098695884, -0.4806221604425602867 ) ) ;
#3859 = EDGE_LOOP ( 'NONE', ( #3550, #5168, #2882, #5091 ) ) ;
#3860 = CARTESIAN_POINT ( 'NONE',  ( -2.353889883980950781, 61.65544539565082260, 1.617264485287599696 ) ) ;
#3861 =( BOUNDED_CURVE ( )  B_SPLINE_CURVE ( 3, ( #305, #2834, #331, #1979 ),
 .UNSPECIFIED., .F., .T. ) 
 B_SPLINE_CURVE_WITH_KNOTS ( ( 4, 4 ),
 ( 4.594468828359440593, 4.653531474437608395 ),
 .UNSPECIFIED. ) 
 CURVE ( )  GEOMETRIC_REPRESENTATION_ITEM ( )  RATIONAL_B_SPLINE_CURVE ( ( 1.000000000000000000, 0.9997093214458155908, 0.9997093214458155908, 1.000000000000000000 ) ) 
 REPRESENTATION_ITEM ( '' )  );
#3862 = ORIENTED_EDGE ( 'NONE', *, *, #5183, .T. ) ;
#3863 = CARTESIAN_POINT ( 'NONE',  ( -26.97988532489265623, 55.27520816272067350, 4.379633177770752006 ) ) ;
#3864 = CARTESIAN_POINT ( 'NONE',  ( 20.82311966889625765, 61.85033072415777866, -5.076525617588435679 ) ) ;
#3865 = ADVANCED_FACE ( 'NONE', ( #3575 ), #3004, .T. ) ;
#3866 = CARTESIAN_POINT ( 'NONE',  ( -11.08829889480545816, 53.24299371372955392, 2.926566917212467089 ) ) ;
#3867 = CARTESIAN_POINT ( 'NONE',  ( -0.05776195345328803687, 55.39079787810423028, -21.03624399934457756 ) ) ;
#3868 = CARTESIAN_POINT ( 'NONE',  ( -19.11034471164845883, 64.03877224530342005, 19.04836206360995376 ) ) ;
#3869 = CARTESIAN_POINT ( 'NONE',  ( 6.787415978065437727, 57.80694486631350770, 19.37281017890902390 ) ) ;
#3870 = CARTESIAN_POINT ( 'NONE',  ( -5.745716132992168212, 16.22071872689625138, -0.1365787982007419243 ) ) ;
#3871 = VERTEX_POINT ( 'NONE', #1915 ) ;
#3872 = CARTESIAN_POINT ( 'NONE',  ( -26.58412869721827576, 60.77961140587649425, -18.85981279547031519 ) ) ;
#3873 = FACE_OUTER_BOUND ( 'NONE', #629, .T. ) ;
#3874 = CARTESIAN_POINT ( 'NONE',  ( 3.038367998566777306, 64.04687122184625991, 3.002141921955357340 ) ) ;
#3875 = CARTESIAN_POINT ( 'NONE',  ( -8.840336471279449881, 61.84926026144133004, 25.99353056834742048 ) ) ;
#3876 = CARTESIAN_POINT ( 'NONE',  ( -10.66132834052288203, 62.39483087546953755, 20.37747253718978158 ) ) ;
#3877 = ORIENTED_EDGE ( 'NONE', *, *, #1104, .F. ) ;
#3878 = AXIS2_PLACEMENT_3D ( 'NONE', #4799, #2644, #2707 ) ;
#3879 = FACE_BOUND ( 'NONE', #1629, .T. ) ;
#3880 = CARTESIAN_POINT ( 'NONE',  ( -9.745716132992169989, -16.79192565544600413, 12.86342120179913984 ) ) ;
#3881 = CARTESIAN_POINT ( 'NONE',  ( -8.553375340435779961, 46.61364744059697074, -12.07673989959756966 ) ) ;
#3882 = CARTESIAN_POINT ( 'NONE',  ( 17.51716333603259201, 63.99293912374729132, -0.6325355087854682701 ) ) ;
#3883 = VERTEX_POINT ( 'NONE', #4407 ) ;
#3884 = CARTESIAN_POINT ( 'NONE',  ( 4.269429148527707163, 61.73013013780666824, -2.870948868473285120 ) ) ;
#3885 = CARTESIAN_POINT ( 'NONE',  ( -8.852198566110486055, 50.51904766556512527, 3.790917045649820682 ) ) ;
#3886 = DIRECTION ( 'NONE',  ( 0.000000000000000000, -1.000000000000000000, -3.469446951953613400E-15 ) ) ;
#3887 = CARTESIAN_POINT ( 'NONE',  ( -4.297581705598155999, 53.86228495248005288, 2.169421715837678288 ) ) ;
#3888 = DIRECTION ( 'NONE',  ( 1.000000000000000000, 0.000000000000000000, 0.000000000000000000 ) ) ;
#3889 = PRESENTATION_LAYER_ASSIGNMENT (  '', '', ( #1958 ) ) ;
#3890 = CARTESIAN_POINT ( 'NONE',  ( 8.647020690579832802, 56.04749845340179348, 16.95722537106398775 ) ) ;
#3891 = CARTESIAN_POINT ( 'NONE',  ( -25.59165820694720850, 60.72849628883992068, -13.63245161907538616 ) ) ;
#3892 = ORIENTED_EDGE ( 'NONE', *, *, #1158, .F. ) ;
#3893 = CARTESIAN_POINT ( 'NONE',  ( 2.886264839155994189, 54.58842804096664025, 4.092527457078168673 ) ) ;
#3894 = CARTESIAN_POINT ( 'NONE',  ( -9.832365283630064567, 47.24978122699805994, -8.539458310700075216 ) ) ;
#3895 = CARTESIAN_POINT ( 'NONE',  ( 27.49646027061504938, -1.976671173382379409, -17.01955721651415843 ) ) ;
#3896 = CARTESIAN_POINT ( 'NONE',  ( -8.245716132992169989, -17.07928127310389499, 37.27999506953855757 ) ) ;
#3897 = CARTESIAN_POINT ( 'NONE',  ( 4.556716173767563660, 59.01260903132821056, 21.25969738237555973 ) ) ;
#3898 = EDGE_CURVE ( 'NONE', #4589, #5198, #886, .T. ) ;
#3899 = CARTESIAN_POINT ( 'NONE',  ( -5.908623026911326903, 59.30273697763003327, 5.364645325335429149 ) ) ;
#3900 = ORIENTED_EDGE ( 'NONE', *, *, #799, .F. ) ;
#3901 = DIRECTION ( 'NONE',  ( 0.000000000000000000, 1.000000000000000000, 3.491481338843133355E-15 ) ) ;
#3902 = CARTESIAN_POINT ( 'NONE',  ( -9.707107036820344703, 60.98479859159544958, 1.988346199535192760 ) ) ;
#3903 = CARTESIAN_POINT ( 'NONE',  ( -9.246910706418743686, 46.46873561572433431, -8.912500309710040369 ) ) ;
#3904 = EDGE_CURVE ( 'NONE', #480, #4605, #2323, .T. ) ;
#3905 = CARTESIAN_POINT ( 'NONE',  ( 1.392662006692635845, 63.33628456727498701, 1.284114069868726116 ) ) ;
#3906 = VERTEX_POINT ( 'NONE', #1384 ) ;
#3907 = CARTESIAN_POINT ( 'NONE',  ( -5.745716132992169101, 48.71270947356900649, -0.1365787982006284595 ) ) ;
#3908 = CARTESIAN_POINT ( 'NONE',  ( -4.077967056045596728, -19.47616393149776925, 37.33560217335804765 ) ) ;
#3909 = ORIENTED_EDGE ( 'NONE', *, *, #5280, .T. ) ;
#3910 = CARTESIAN_POINT ( 'NONE',  ( -12.38274906512474516, 46.20474737680412147, 7.582307721032353953 ) ) ;
#3911 = TOROIDAL_SURFACE ( 'NONE', #2498, -52.50000000000000000, 92.00000000000000000 ) ;
#3912 = CARTESIAN_POINT ( 'NONE',  ( 8.110690327558813806, -24.27928127310373441, -8.136578798200948981 ) ) ;
#3913 = CYLINDRICAL_SURFACE ( 'NONE', #844, 2.500000000000000444 ) ;
#3914 = CARTESIAN_POINT ( 'NONE',  ( 27.90798735904705197, -17.07928127310370670, -16.67980222260962364 ) ) ;
#3915 = CARTESIAN_POINT ( 'NONE',  ( -0.4745124004963967579, 54.49986118623760945, 3.927305110894622420 ) ) ;
#3916 = DIRECTION ( 'NONE',  ( 0.000000000000000000, -1.000000000000000000, -3.491481338843133355E-15 ) ) ;
#3917 = AXIS2_PLACEMENT_3D ( 'NONE', #16, #4648, #3411 ) ;
#3918 = CARTESIAN_POINT ( 'NONE',  ( 10.12160479403970115, 53.03280605363725186, 13.30230047973743446 ) ) ;
#3919 = CARTESIAN_POINT ( 'NONE',  ( -29.12192247429639735, 60.90753886619071267, -5.572843792548567876 ) ) ;
#3920 = EDGE_LOOP ( 'NONE', ( #2011, #3215, #1260, #1301 ) ) ;
#3921 = CARTESIAN_POINT ( 'NONE',  ( 25.68401559577785420, -10.04347400198605555, -20.59194394912263704 ) ) ;
#3922 = LINE ( 'NONE', #3520, #3482 ) ;
#3923 = CARTESIAN_POINT ( 'NONE',  ( -6.130119395477155564, 50.15579072048938514, 4.848622715458493104 ) ) ;
#3924 = ADVANCED_FACE ( 'NONE', ( #157 ), #1669, .T. ) ;
#3925 = CARTESIAN_POINT ( 'NONE',  ( 10.79085508917660263, 50.27570598391717027, 9.406354652263168248 ) ) ;
#3926 = CARTESIAN_POINT ( 'NONE',  ( -16.94764475696095829, 63.99293912374729132, 20.25764414244238054 ) ) ;
#3927 = AXIS2_PLACEMENT_3D ( 'NONE', #4211, #2564, #4257 ) ;
#3928 = VERTEX_POINT ( 'NONE', #5242 ) ;
#3929 = VECTOR ( 'NONE', #479, 1000.000000000000000 ) ;
#3930 = CARTESIAN_POINT ( 'NONE',  ( -7.287912244802098094, 61.05592553536884992, 25.86875637540340378 ) ) ;
#3931 = EDGE_CURVE ( 'NONE', #74, #1367, #2129, .T. ) ;
#3932 = CARTESIAN_POINT ( 'NONE',  ( -11.67968788685702464, 41.65735718905490614, -18.56523600117729345 ) ) ;
#3933 = CARTESIAN_POINT ( 'NONE',  ( 2.651170376663249506, 60.52353260378166766, 34.25538598350547659 ) ) ;
#3934 = CARTESIAN_POINT ( 'NONE',  ( 11.19149197841351828, 62.99542170958063991, -3.493278458010229848 ) ) ;
#3935 = ORIENTED_EDGE ( 'NONE', *, *, #4940, .F. ) ;
#3936 = CARTESIAN_POINT ( 'NONE',  ( -5.745716132992169101, -21.27928127310376283, -0.1365787982008728474 ) ) ;
#3937 = CARTESIAN_POINT ( 'NONE',  ( 4.597531471430548855, 60.86470476956588271, -2.435401946335211232 ) ) ;
#3938 = ORIENTED_EDGE ( 'NONE', *, *, #3904, .F. ) ;
#3939 = CARTESIAN_POINT ( 'NONE',  ( -5.202215038162696814, 57.67041869464678427, -1.657975639825373548 ) ) ;
#3940 = DIRECTION ( 'NONE',  ( 0.000000000000000000, -1.000000000000000000, -3.491481338843133355E-15 ) ) ;
#3941 = CARTESIAN_POINT ( 'NONE',  ( 7.821110083291685555, 59.15546929842962243, 20.30413971123021710 ) ) ;
#3942 = CARTESIAN_POINT ( 'NONE',  ( 16.91504320220878910, 60.60418522560727439, -12.73525039784507307 ) ) ;
#3943 = CIRCLE ( 'NONE', #1567, 37.50000000000000000 ) ;
#3944 = CARTESIAN_POINT ( 'NONE',  ( -4.307756068199799060, 50.29120249278226140, 4.463238786709273320 ) ) ;
#3945 = CARTESIAN_POINT ( 'NONE',  ( 6.767235417040332379, 58.86239497900113093, 19.56610084567992303 ) ) ;
#3946 = CARTESIAN_POINT ( 'NONE',  ( -17.03628859945890994, 65.73447870903709145, 11.85133141524281442 ) ) ;
#3947 = CARTESIAN_POINT ( 'NONE',  ( 7.580521691400214479, 47.62331007854047016, 4.127571758759771114 ) ) ;
#3948 = CARTESIAN_POINT ( 'NONE',  ( -12.90817918029557632, 60.86470476956588271, -7.944682407196259177 ) ) ;
#3949 = ORIENTED_EDGE ( 'NONE', *, *, #4627, .T. ) ;
#3950 = CARTESIAN_POINT ( 'NONE',  ( -7.850139646138567073, 48.33011647037947967, -15.45201738814974668 ) ) ;
#3951 = CARTESIAN_POINT ( 'NONE',  ( 14.09970334301953443, 65.64970433178105225, 3.846944348555076942 ) ) ;
#3952 = CARTESIAN_POINT ( 'NONE',  ( 10.23961262660144911, 48.61030126033681142, 7.425130313798865345 ) ) ;
#3953 = CARTESIAN_POINT ( 'NONE',  ( -2.622265620280364917, 58.54448563105086123, 10.93300773954500649 ) ) ;
#3954 = VERTEX_POINT ( 'NONE', #4833 ) ;
#3955 = CARTESIAN_POINT ( 'NONE',  ( -8.381512881663613967, 61.73597194179525616, 9.903653501396071590 ) ) ;
#3956 = CARTESIAN_POINT ( 'NONE',  ( -12.29314651141692494, 40.60919344014257604, -17.93863266652591548 ) ) ;
#3957 = CARTESIAN_POINT ( 'NONE',  ( 10.91852767354141029, 55.72387676535157652, 17.07522531713578218 ) ) ;
#3958 = CARTESIAN_POINT ( 'NONE',  ( 14.39419538456165526, 63.17647821095454219, -3.422627882586680492 ) ) ;
#3959 = AXIS2_PLACEMENT_3D ( 'NONE', #890, #472, #1624 ) ;
#3960 = ORIENTED_EDGE ( 'NONE', *, *, #4687, .F. ) ;
#3961 = CARTESIAN_POINT ( 'NONE',  ( -5.745716133013718085, 60.58958675186460852, 23.86342120179919846 ) ) ;
#3962 = CARTESIAN_POINT ( 'NONE',  ( 14.45823823790768614, 60.74230088349778356, -9.555857385736194587 ) ) ;
#3963 = EDGE_LOOP ( 'NONE', ( #518, #3063 ) ) ;
#3964 = CARTESIAN_POINT ( 'NONE',  ( -15.86177447086671499, 46.97324821256534477, 8.759257729157862826 ) ) ;
#3965 = CARTESIAN_POINT ( 'NONE',  ( -0.4927604546083234061, -16.46137594312210695, 39.01281548230667084 ) ) ;
#3966 = CARTESIAN_POINT ( 'NONE',  ( 6.891389143290245656, 57.15734433415465787, 16.39363524547633943 ) ) ;
#3967 = CARTESIAN_POINT ( 'NONE',  ( -25.31778744959491689, 53.03280605363725186, 6.885484575640036020 ) ) ;
#3968 = CARTESIAN_POINT ( 'NONE',  ( -1.102452795430903576, 49.09125122478030789, -2.002356729083440978 ) ) ;
#3969 = CARTESIAN_POINT ( 'NONE',  ( -4.308598380331185140, 57.49941780808158143, -0.07908956113176394964 ) ) ;
#3970 = DIRECTION ( 'NONE',  ( 1.000000000000000000, 0.000000000000000000, 4.440892098500626162E-15 ) ) ;
#3971 = CARTESIAN_POINT ( 'NONE',  ( -10.29976387898895140, 61.68560369307319036, 0.05859934546077749662 ) ) ;
#3972 = CARTESIAN_POINT ( 'NONE',  ( 5.166426817483925404, 47.07724468865151835, 1.673372739472359427 ) ) ;
#3973 = CARTESIAN_POINT ( 'NONE',  ( 12.07580735297129415, 60.16757661323281781, -16.22563002634671037 ) ) ;
#3974 = VERTEX_POINT ( 'NONE', #3522 ) ;
#3975 = EDGE_CURVE ( 'NONE', #4752, #480, #3712, .T. ) ;
#3976 = CARTESIAN_POINT ( 'NONE',  ( -4.934971769601008695, 51.41862805880575138, -19.49587249889862406 ) ) ;
#3977 = LINE ( 'NONE', #977, #3308 ) ;
#3978 = CARTESIAN_POINT ( 'NONE',  ( -3.745716132992169101, -11.79192565544601479, 15.86342120179915582 ) ) ;
#3979 = CARTESIAN_POINT ( 'NONE',  ( -18.70946874140297211, 66.56377329211515814, 15.02301472290602113 ) ) ;
#3980 = ORIENTED_EDGE ( 'NONE', *, *, #1142, .F. ) ;
#3981 = CARTESIAN_POINT ( 'NONE',  ( -7.276409709236940415, 61.72915988078639771, 25.86776359972253658 ) ) ;
#3982 = CARTESIAN_POINT ( 'NONE',  ( -1.013486280907509585, 58.43831534639238612, -1.801477752963509094 ) ) ;
#3983 = CARTESIAN_POINT ( 'NONE',  ( -2.172499800612301968, 52.89192605269683156, -18.15487379153349679 ) ) ;
#3984 = CARTESIAN_POINT ( 'NONE',  ( 5.393260941040145084, 53.06430831403977066, 10.56966251544307056 ) ) ;
#3985 = CARTESIAN_POINT ( 'NONE',  ( -27.50076625483936255, 61.72582703749225885, -14.46442129126280562 ) ) ;
#3986 = ORIENTED_EDGE ( 'NONE', *, *, #4780, .T. ) ;
#3987 = DIRECTION ( 'NONE',  ( 1.000000000000000000, 0.000000000000000000, 0.000000000000000000 ) ) ;
#3988 = DIRECTION ( 'NONE',  ( -0.000000000000000000, 1.000000000000000000, 3.491481338843133355E-15 ) ) ;
#3989 = ORIENTED_EDGE ( 'NONE', *, *, #2546, .T. ) ;
#3990 = LINE ( 'NONE', #3589, #660 ) ;
#3991 = PLANE ( 'NONE',  #4742 ) ;
#3992 = CARTESIAN_POINT ( 'NONE',  ( 11.55048166789884512, 50.40157763713662575, 9.603040923619937885 ) ) ;
#3993 = SURFACE_STYLE_FILL_AREA ( #255 ) ;
#3994 = CARTESIAN_POINT ( 'NONE',  ( -2.237974626978969539, 48.57479582103681537, 6.139885955010205620 ) ) ;
#3995 = CIRCLE ( 'NONE', #3827, 37.50000000000000000 ) ;
#3996 = EDGE_CURVE ( 'NONE', #199, #3316, #4088, .T. ) ;
#3997 = CARTESIAN_POINT ( 'NONE',  ( -4.685108859826758732, 53.39117671017925204, 3.001222088761977158 ) ) ;
#3998 = CARTESIAN_POINT ( 'NONE',  ( -5.745716132992169101, -16.79192565544596150, -0.1365787982008571932 ) ) ;
#3999 = CARTESIAN_POINT ( 'NONE',  ( -9.910682858624847213, -16.79192565544609650, 37.13178015941251431 ) ) ;
#4000 = ADVANCED_FACE ( 'NONE', ( #4858 ), #5325, .T. ) ;
#4001 = CARTESIAN_POINT ( 'NONE',  ( 112.2542838670078282, 48.71270947356900649, -0.1365787982006284595 ) ) ;
#4002 = VERTEX_POINT ( 'NONE', #4111 ) ;
#4003 = CARTESIAN_POINT ( 'NONE',  ( -29.07201930850721538, 60.60162482336425427, -5.793868711505727909 ) ) ;
#4004 = CARTESIAN_POINT ( 'NONE',  ( -10.01970093479367385, 47.67790172325840814, -6.875512337127593021 ) ) ;
#4005 = CARTESIAN_POINT ( 'NONE',  ( 15.84283890579442655, 61.29288443889675619, -10.62153731748274588 ) ) ;
#4006 = DIRECTION ( 'NONE',  ( 0.000000000000000000, 0.000000000000000000, 1.000000000000000000 ) ) ;
#4007 = CARTESIAN_POINT ( 'NONE',  ( -9.875995392915964288, 59.37117744138286213, -3.008106131298609487 ) ) ;
#4008 = CARTESIAN_POINT ( 'NONE',  ( -9.630905608620693670, 62.32500389792049589, -1.329378677217600613 ) ) ;
#4009 = ORIENTED_EDGE ( 'NONE', *, *, #1736, .T. ) ;
#4010 = CARTESIAN_POINT ( 'NONE',  ( -7.833959079421775940, 61.75146515702840588, 17.88613504525241638 ) ) ;
#4011 = CARTESIAN_POINT ( 'NONE',  ( -0.8984215703412928855, 60.70265530481592720, 1.172827079096244285 ) ) ;
#4012 = CARTESIAN_POINT ( 'NONE',  ( 14.58501988808891170, 60.41951115258628136, -24.60382216455053594 ) ) ;
#4013 = CARTESIAN_POINT ( 'NONE',  ( -0.5003869650183978557, 60.54917703374152893, 30.00563841143880239 ) ) ;
#4014 = ADVANCED_FACE ( 'NONE', ( #5373 ), #4634, .F. ) ;
#4015 = CARTESIAN_POINT ( 'NONE',  ( -1.832095321188675241, 63.17595761659221409, 2.801088631620259228 ) ) ;
#4016 = ORIENTED_EDGE ( 'NONE', *, *, #4192, .F. ) ;
#4017 = CARTESIAN_POINT ( 'NONE',  ( 10.60108822686487073, 53.63519656053207996, 12.90043006881798782 ) ) ;
#4018 = CARTESIAN_POINT ( 'NONE',  ( 26.73023650892419312, -24.27928127310369888, -18.88657879820103247 ) ) ;
#4019 = VERTEX_POINT ( 'NONE', #2963 ) ;
#4020 = AXIS2_PLACEMENT_3D ( 'NONE', #2765, #179, #4371 ) ;
#4021 = CARTESIAN_POINT ( 'NONE',  ( -20.60212259354324260, 12.20807434455406160, -6.404527990631739165 ) ) ;
#4022 = CARTESIAN_POINT ( 'NONE',  ( 20.88091580959575921, 61.61261505052316068, -22.19050906239859344 ) ) ;
#4023 = CARTESIAN_POINT ( 'NONE',  ( 11.33150703810520454, 57.89657626030351167, 18.80229817523850500 ) ) ;
#4024 = SURFACE_STYLE_USAGE ( .BOTH. , #667 ) ;
#4025 = CARTESIAN_POINT ( 'NONE',  ( -26.06168427743883598, 60.66869400127602319, -17.94285742428102282 ) ) ;
#4026 = CARTESIAN_POINT ( 'NONE',  ( -5.612697663147531379, 58.44475294059292736, -0.7803762607050098721 ) ) ;
#4027 = CARTESIAN_POINT ( 'NONE',  ( -5.799419999625510691, 57.46347011767435475, -0.9088838471494999904 ) ) ;
#4028 = CARTESIAN_POINT ( 'NONE',  ( -28.90900718254705026, 61.34572195862977395, -10.88909927549760326 ) ) ;
#4029 = EDGE_LOOP ( 'NONE', ( #3, #3989, #137, #877 ) ) ;
#4030 = DIRECTION ( 'NONE',  ( 0.000000000000000000, 1.000000000000000000, 0.000000000000000000 ) ) ;
#4031 = EDGE_CURVE ( 'NONE', #1691, #3013, #899, .T. ) ;
#4032 = CARTESIAN_POINT ( 'NONE',  ( -8.830083715684594381, 61.66755760848361234, 3.798732703425987456 ) ) ;
#4033 = CARTESIAN_POINT ( 'NONE',  ( -14.53237143709544910, 43.20482664747846258, 11.78954684085786653 ) ) ;
#4034 = CARTESIAN_POINT ( 'NONE',  ( -3.561874725243380446, 52.93651954313848762, -20.54962536389181338 ) ) ;
#4035 = AXIS2_PLACEMENT_3D ( 'NONE', #5005, #929, #1255 ) ;
#4036 = CARTESIAN_POINT ( 'NONE',  ( -10.74847616083426338, 56.34877289387613786, 0.06906775429400877075 ) ) ;
#4037 = CARTESIAN_POINT ( 'NONE',  ( -10.67893284167754508, 63.70004832751212120, 1.355880652697871946 ) ) ;
#4038 = ORIENTED_EDGE ( 'NONE', *, *, #418, .F. ) ;
#4039 = EDGE_CURVE ( 'NONE', #5021, #3204, #2734, .T. ) ;
#4040 = CARTESIAN_POINT ( 'NONE',  ( -2.297320662644336764, 52.88002607869402283, -20.76238130868773268 ) ) ;
#4041 = CARTESIAN_POINT ( 'NONE',  ( -6.474660417712113869, 60.64199636115200320, 28.99394286220800154 ) ) ;
#4042 = DIRECTION ( 'NONE',  ( -0.7071067811865477948, 0.7071067811865473507, 2.468850131082265344E-15 ) ) ;
#4043 = EDGE_LOOP ( 'NONE', ( #46, #1224, #3412, #4009 ) ) ;
#4044 = CARTESIAN_POINT ( 'NONE',  ( 10.71000724795678849, 52.67816834059145492, 11.77095130687753510 ) ) ;
#4045 = CARTESIAN_POINT ( 'NONE',  ( -7.745716132992169101, 12.20807434455398166, 16.74536421793337126 ) ) ;
#4046 = EDGE_LOOP ( 'NONE', ( #2430, #2700, #4541 ) ) ;
#4047 = ADVANCED_FACE ( 'NONE', ( #3566 ), #4731, .T. ) ;
#4048 = CYLINDRICAL_SURFACE ( 'NONE', #4248, 27.99999999999999645 ) ;
#4049 = CARTESIAN_POINT ( 'NONE',  ( -20.55674331224005869, 49.71388730505381659, 9.333597340053941593 ) ) ;
#4050 = DIRECTION ( 'NONE',  ( 0.000000000000000000, -3.491481338843133355E-15, 1.000000000000000000 ) ) ;
#4051 = CARTESIAN_POINT ( 'NONE',  ( 3.717337382183101280, 61.52875077986768559, 32.43349597045441612 ) ) ;
#4052 = CARTESIAN_POINT ( 'NONE',  ( -5.745716132992169101, -26.47928127310376212, -0.1365787982008909995 ) ) ;
#4053 = CIRCLE ( 'NONE', #971, 37.46183732295519775 ) ;
#4054 = CARTESIAN_POINT ( 'NONE',  ( -6.297716082278979499, 51.88846449396719152, 2.615935832666625771 ) ) ;
#4055 = CARTESIAN_POINT ( 'NONE',  ( -20.04958467813797185, -21.86835655457083050, -9.361551733222041705 ) ) ;
#4056 = CARTESIAN_POINT ( 'NONE',  ( -15.79788551754281478, 64.99995122495757016, -21.04694811949521238 ) ) ;
#4057 = FACE_OUTER_BOUND ( 'NONE', #2193, .T. ) ;
#4058 = CARTESIAN_POINT ( 'NONE',  ( -29.59326158289316666, 61.50309050662899324, -7.675113864702066024 ) ) ;
#4059 = FACE_OUTER_BOUND ( 'NONE', #2526, .T. ) ;
#4060 = CARTESIAN_POINT ( 'NONE',  ( -5.745716132992168212, 64.22071872689625138, -0.1365787982008023760 ) ) ;
#4061 = CARTESIAN_POINT ( 'NONE',  ( -3.597016182357626768, 55.59206240124773757, 4.382403646638839412 ) ) ;
#4062 = FACE_OUTER_BOUND ( 'NONE', #4861, .T. ) ;
#4063 = CARTESIAN_POINT ( 'NONE',  ( -9.803619216048726770, 50.91490859822563664, -2.211396447105591800 ) ) ;
#4064 = CARTESIAN_POINT ( 'NONE',  ( -10.56111978198000756, 57.87846881218386130, -1.510024346576273713 ) ) ;
#4065 = VECTOR ( 'NONE', #5314, 1000.000000000000000 ) ;
#4066 = CARTESIAN_POINT ( 'NONE',  ( -3.745716132992169545, 8.732895755489161971, 35.58116840228520061 ) ) ;
#4067 = ORIENTED_EDGE ( 'NONE', *, *, #4977, .F. ) ;
#4068 = CARTESIAN_POINT ( 'NONE',  ( -22.98285583861041204, 49.98983077870492764, 9.285446923261670094 ) ) ;
#4069 = VECTOR ( 'NONE', #2450, 1000.000000000000000 ) ;
#4070 = CARTESIAN_POINT ( 'NONE',  ( -4.998489188445490505, 50.49091130225197332, -14.10012873045425508 ) ) ;
#4071 = CARTESIAN_POINT ( 'NONE',  ( -3.844831702367307535, 60.52666736496842503, 24.44228947351636094 ) ) ;
#4072 = ADVANCED_FACE ( 'NONE', ( #4369, #3541, #1792 ), #4719, .F. ) ;
#4073 = CARTESIAN_POINT ( 'NONE',  ( -7.745716132992169101, 12.20807434455398521, 15.86342120179923931 ) ) ;
#4074 = EDGE_LOOP ( 'NONE', ( #3742, #2767 ) ) ;
#4075 = DIRECTION ( 'NONE',  ( 0.2973836590439050132, -0.9547580632462123740, -3.333519960934162564E-15 ) ) ;
#4076 = CARTESIAN_POINT ( 'NONE',  ( -5.745716132992169101, 13.20807434455404206, -0.1365787982007524159 ) ) ;
#4077 = CARTESIAN_POINT ( 'NONE',  ( 10.32327247251775226, 51.83119179522093845, 12.00585507211279968 ) ) ;
#4078 = CARTESIAN_POINT ( 'NONE',  ( 8.471166529884424534, 60.30591803770362702, -19.35330323799506047 ) ) ;
#4079 = CARTESIAN_POINT ( 'NONE',  ( 8.261915561618769388, 61.61476205443955223, -24.62728986465644354 ) ) ;
#4080 = CARTESIAN_POINT ( 'NONE',  ( -13.35971510287810027, 46.46002378941635413, 7.885933673035659730 ) ) ;
#4081 = CARTESIAN_POINT ( 'NONE',  ( 5.016031106175534049, 58.55811439068476432, -20.80084177097529619 ) ) ;
#4082 = CARTESIAN_POINT ( 'NONE',  ( -5.158431916798690509, 63.17595761659221409, -4.994707556912629798 ) ) ;
#4083 = CARTESIAN_POINT ( 'NONE',  ( -3.608921354715419749, 53.35732834013377612, -2.619649270752459014 ) ) ;
#4084 = CARTESIAN_POINT ( 'NONE',  ( -33.74571613299216466, -21.27928127310376283, -0.1365787982008694057 ) ) ;
#4085 = CARTESIAN_POINT ( 'NONE',  ( -0.09655208049060333420, -16.17787151134452017, 36.93565586400822554 ) ) ;
#4086 = CARTESIAN_POINT ( 'NONE',  ( 8.830857073992845585, 57.12622387748593411, 17.07255315684143682 ) ) ;
#4087 = CARTESIAN_POINT ( 'NONE',  ( -15.91009092785947843, 41.68822252200857292, 13.48638428195945060 ) ) ;
#4088 = LINE ( 'NONE', #3325, #4132 ) ;
#4089 = CARTESIAN_POINT ( 'NONE',  ( -10.46078706477802811, 54.76480076978383238, 1.605090178657491595 ) ) ;
#4090 = CARTESIAN_POINT ( 'NONE',  ( -9.870825655563429279, 50.15579072048929987, -2.962082545639936004 ) ) ;
#4091 = ORIENTED_EDGE ( 'NONE', *, *, #1790, .F. ) ;
#4092 = CARTESIAN_POINT ( 'NONE',  ( -27.52585098311188005, 55.44220749975873019, 4.760752838618969029 ) ) ;
#4093 = CARTESIAN_POINT ( 'NONE',  ( -2.118789720530898535, 56.20699088854366465, -4.314776429175923411 ) ) ;
#4094 = CARTESIAN_POINT ( 'NONE',  ( -7.295626196048319301, 57.22564679751358341, -0.9013860013120681414 ) ) ;
#4095 = CARTESIAN_POINT ( 'NONE',  ( -27.49335423152900759, 60.70568396020066615, -14.48026797187549342 ) ) ;
#4096 = AXIS2_PLACEMENT_3D ( 'NONE', #357, #3366, #2522 ) ;
#4097 = ORIENTED_EDGE ( 'NONE', *, *, #3770, .T. ) ;
#4098 = FACE_OUTER_BOUND ( 'NONE', #5023, .T. ) ;
#4099 = CARTESIAN_POINT ( 'NONE',  ( 9.441251725918842652, 49.06098571319328272, 8.275177006563563253 ) ) ;
#4100 = EDGE_CURVE ( 'NONE', #1971, #74, #5203, .T. ) ;
#4101 = DIRECTION ( 'NONE',  ( 0.000000000000000000, -1.000000000000000000, -3.491481338843133355E-15 ) ) ;
#4102 = CARTESIAN_POINT ( 'NONE',  ( -14.24480683870347164, 47.24182420757308876, 8.687785863162128308 ) ) ;
#4103 = CARTESIAN_POINT ( 'NONE',  ( -11.98420809980688873, 42.51116922599128856, -18.19162122266511972 ) ) ;
#4104 = CARTESIAN_POINT ( 'NONE',  ( 7.632786432394896181, 59.01260903132819635, -19.75688498691261685 ) ) ;
#4105 = AXIS2_PLACEMENT_3D ( 'NONE', #49, #1692, #4651 ) ;
#4106 = CARTESIAN_POINT ( 'NONE',  ( -10.07283077929712967, -16.77575464455730625, 39.12602199637716183 ) ) ;
#4107 = CARTESIAN_POINT ( 'NONE',  ( -2.770126398318340399, 62.32500389792049589, -2.904851643102634107 ) ) ;
#4108 = CARTESIAN_POINT ( 'NONE',  ( -20.19192422244788077, 48.27941983337726128, 9.722971164253644716 ) ) ;
#4109 = CARTESIAN_POINT ( 'NONE',  ( 0.1342299606449667004, -15.94792581500595041, 36.89975297585439762 ) ) ;
#4110 = CARTESIAN_POINT ( 'NONE',  ( -38.68375504339375937, 61.52875077986768559, -8.226371441015148278 ) ) ;
#4111 = CARTESIAN_POINT ( 'NONE',  ( -19.36590765020570970, 12.20807434455407581, -10.30960111383657285 ) ) ;
#4112 = DIRECTION ( 'NONE',  ( 0.000000000000000000, -1.000000000000000000, -3.491481338843133355E-15 ) ) ;
#4113 = CARTESIAN_POINT ( 'NONE',  ( 0.08742566867629700256, 60.06134418939686270, 23.14994399764358235 ) ) ;
#4114 = ORIENTED_EDGE ( 'NONE', *, *, #1446, .T. ) ;
#4115 = CARTESIAN_POINT ( 'NONE',  ( -31.46513320840956141, 57.70343359789227833, 3.798430907588332239 ) ) ;
#4116 = AXIS2_PLACEMENT_3D ( 'NONE', #3232, #3988, #1041 ) ;
#4117 = B_SPLINE_SURFACE_WITH_KNOTS ( 'NONE', 3, 3, ( 
 ( #4095, #5276, #329, #3701, #2307, #1533, #5332, #3985, #3583, #5220 ),
 ( #1479, #3170, #1922, #2752, #5356, #460, #4221, #4171, #1608, #5405 ),
 ( #2463, #4146, #4971, #5027, #1696, #4596, #815, #1252, #407, #381 ),
 ( #2941, #1280, #4197, #3392, #2056, #4941, #845, #1661, #788, #2083 ) ),
 .UNSPECIFIED., .F., .F., .F.,
 ( 4, 4 ),
 ( 4, 3, 3, 4 ),
 ( -0.02400000000000000744, 0.000000000000000000 ),
 ( -0.001016959739034572693, -0.001000000000000000238, 0.000000000000000000, 1.000000000000000251E-05 ),
 .UNSPECIFIED. ) ;
#4118 = CARTESIAN_POINT ( 'NONE',  ( -9.830444001474134552, 45.09186392846415004, -11.23625020163651023 ) ) ;
#4119 = CARTESIAN_POINT ( 'NONE',  ( -9.093411910242377161, 61.11128275051245851, 17.21487446577014779 ) ) ;
#4120 = FACE_OUTER_BOUND ( 'NONE', #1370, .T. ) ;
#4121 = ORIENTED_EDGE ( 'NONE', *, *, #4205, .T. ) ;
#4122 = FACE_OUTER_BOUND ( 'NONE', #491, .T. ) ;
#4123 = CARTESIAN_POINT ( 'NONE',  ( -26.80758909295413872, 54.81088078914849149, 5.249963280069028571 ) ) ;
#4124 = CARTESIAN_POINT ( 'NONE',  ( 10.26434312344188804, 50.29479446686735855, 9.676508776243094800 ) ) ;
#4125 = DIRECTION ( 'NONE',  ( 0.000000000000000000, -1.000000000000000000, -3.491481338843133355E-15 ) ) ;
#4126 = CARTESIAN_POINT ( 'NONE',  ( 2.186800992142373445, 57.44110149939550070, -21.86690767141644542 ) ) ;
#4127 = DIRECTION ( 'NONE',  ( 0.000000000000000000, -1.000000000000000000, -3.491481338843133355E-15 ) ) ;
#4128 = CARTESIAN_POINT ( 'NONE',  ( 1.417292315361075028, 58.74810299062908570, 0.3461283804805036501 ) ) ;
#4129 = CARTESIAN_POINT ( 'NONE',  ( -18.60212259354327458, 12.20807434455407581, -9.868629605769513091 ) ) ;
#4130 = CARTESIAN_POINT ( 'NONE',  ( -12.62799237037477695, 46.75836370397053088, 8.106630455590995155 ) ) ;
#4131 = CARTESIAN_POINT ( 'NONE',  ( -3.592149066292870785, 53.36861113014893476, -2.621096875062302267 ) ) ;
#4132 = VECTOR ( 'NONE', #2047, 1000.000000000000000 ) ;
#4133 = CARTESIAN_POINT ( 'NONE',  ( 20.45825273011132950, 62.13510515269532419, -6.111733004148169002 ) ) ;
#4134 = CARTESIAN_POINT ( 'NONE',  ( 0.7540078902504722125, -14.62146368033275934, 36.79584039821389041 ) ) ;
#4135 = CARTESIAN_POINT ( 'NONE',  ( -0.8909631177058003892, 48.82852101413170232, -1.338992710681373266 ) ) ;
#4136 = CARTESIAN_POINT ( 'NONE',  ( -40.26151177539745163, 61.57511691048500779, -10.95495248675323197 ) ) ;
#4137 = CARTESIAN_POINT ( 'NONE',  ( -4.488820082631702846, 59.08008914377122522, 0.3201240952176844234 ) ) ;
#4138 = CARTESIAN_POINT ( 'NONE',  ( 11.12290136316991607, 59.99069943802962968, -17.20847804134814751 ) ) ;
#4139 = ADVANCED_FACE ( 'NONE', ( #969 ), #526, .T. ) ;
#4140 = CARTESIAN_POINT ( 'NONE',  ( -5.745716132992169101, 65.02071872689622012, -0.1365787982005715329 ) ) ;
#4141 = ORIENTED_EDGE ( 'NONE', *, *, #3813, .F. ) ;
#4142 = CARTESIAN_POINT ( 'NONE',  ( -15.62654574219722647, 47.61801414495120355, 7.788942333411605468 ) ) ;
#4143 = ORIENTED_EDGE ( 'NONE', *, *, #4419, .T. ) ;
#4144 = CARTESIAN_POINT ( 'NONE',  ( -7.626333919712164011, 48.45505824149491758, -9.761697600910540729 ) ) ;
#4145 = CARTESIAN_POINT ( 'NONE',  ( -4.004058273811940794, 52.17781932054916894, -5.178955679779889465 ) ) ;
#4146 = CARTESIAN_POINT ( 'NONE',  ( -12.87993298356290772, 60.84395355027705676, -7.958850433859112172 ) ) ;
#4147 = ORIENTED_EDGE ( 'NONE', *, *, #4424, .T. ) ;
#4148 = CARTESIAN_POINT ( 'NONE',  ( 7.737917811925047573, 47.80109902657319054, 4.587006046056034236 ) ) ;
#4149 = FACE_OUTER_BOUND ( 'NONE', #3859, .T. ) ;
#4150 = CARTESIAN_POINT ( 'NONE',  ( -7.745716132992169101, 12.20807434455398166, 16.74536421793337126 ) ) ;
#4151 = CARTESIAN_POINT ( 'NONE',  ( 8.270021441519528338, 60.18068394837197843, -19.75808457970814302 ) ) ;
#4152 = CARTESIAN_POINT ( 'NONE',  ( 8.425695660766267636, 59.30232235452002953, -19.30994933898213262 ) ) ;
#4153 = CARTESIAN_POINT ( 'NONE',  ( -3.057504758639526976, 62.24431829642934844, -4.324371106596725411 ) ) ;
#4154 = CARTESIAN_POINT ( 'NONE',  ( -4.522931982405652640, 53.13463100470213618, 2.654492852810270254 ) ) ;
#4155 = CARTESIAN_POINT ( 'NONE',  ( -27.55020691758166862, 55.97332732928065724, 4.452446792352252380 ) ) ;
#4156 = CARTESIAN_POINT ( 'NONE',  ( 0.2378551831948220174, -15.82242141079014885, 36.88308474250693081 ) ) ;
#4157 = EDGE_CURVE ( 'NONE', #4361, #1356, #1876, .T. ) ;
#4158 = CARTESIAN_POINT ( 'NONE',  ( -0.9301627074874542211, 52.70191080390665661, 1.267965669796020878 ) ) ;
#4159 = CARTESIAN_POINT ( 'NONE',  ( -18.95412068919090487, 57.91811250430004065, -1.844486721355265146 ) ) ;
#4160 = CARTESIAN_POINT ( 'NONE',  ( -3.961250146422593321, 58.31122679168200307, 1.075452266245448207 ) ) ;
#4161 = EDGE_CURVE ( 'NONE', #2626, #1141, #4645, .T. ) ;
#4162 = CARTESIAN_POINT ( 'NONE',  ( 1.969386411170468865, 61.69906597222898625, -1.311340281757532589 ) ) ;
#4163 = CARTESIAN_POINT ( 'NONE',  ( -22.63784224860206251, 61.73277568818023298, -12.09234441374856495 ) ) ;
#4164 = ORIENTED_EDGE ( 'NONE', *, *, #1683, .T. ) ;
#4165 = CARTESIAN_POINT ( 'NONE',  ( -4.782650044178026860, 46.99288364587190614, 5.716686604353208523 ) ) ;
#4166 = ORIENTED_EDGE ( 'NONE', *, *, #5164, .T. ) ;
#4167 = CARTESIAN_POINT ( 'NONE',  ( -5.745716132992168212, 44.22071872689625138, -0.1365787982008023760 ) ) ;
#4168 = CARTESIAN_POINT ( 'NONE',  ( 10.98972971711600266, 60.46710617866386173, -8.696894211646544193 ) ) ;
#4169 = CIRCLE ( 'NONE', #2063, 32.07177430784081906 ) ;
#4170 =( BOUNDED_CURVE ( )  B_SPLINE_CURVE ( 3, ( #2736, #4055, #639, #5232 ),
 .UNSPECIFIED., .F., .T. ) 
 B_SPLINE_CURVE_WITH_KNOTS ( ( 4, 4 ),
 ( 4.712388980384689674, 4.859983086043722089 ),
 .UNSPECIFIED. ) 
 CURVE ( )  GEOMETRIC_REPRESENTATION_ITEM ( )  RATIONAL_B_SPLINE_CURVE ( ( 1.000000000000000000, 0.9981854887086412109, 0.9981854887086412109, 1.000000000000000000 ) ) 
 REPRESENTATION_ITEM ( '' )  );
#4171 = CARTESIAN_POINT ( 'NONE',  ( -20.30930968354898170, 61.74816024536970360, -10.95729014959773728 ) ) ;
#4172 = CARTESIAN_POINT ( 'NONE',  ( 6.072793335341837739, 53.20012985560302354, 9.646077609028667510 ) ) ;
#4173 = ORIENTED_EDGE ( 'NONE', *, *, #3572, .F. ) ;
#4174 = CARTESIAN_POINT ( 'NONE',  ( -29.10755095961521732, 60.82080283064799886, -5.634642011173365717 ) ) ;
#4175 = CARTESIAN_POINT ( 'NONE',  ( 6.613944235283208961, 46.80774541827921098, 4.063597564373803372 ) ) ;
#4176 = FACE_OUTER_BOUND ( 'NONE', #2058, .T. ) ;
#4177 = CARTESIAN_POINT ( 'NONE',  ( -5.818885265989178102, 50.52766035559854885, -17.35584989846376303 ) ) ;
#4178 = CARTESIAN_POINT ( 'NONE',  ( -39.17394182515134560, 17.59325729417466633, -0.1365787982007795054 ) ) ;
#4179 = CARTESIAN_POINT ( 'NONE',  ( -4.492999632584400160, 55.22379008038986825, 1.315457201640924723 ) ) ;
#4180 = CARTESIAN_POINT ( 'NONE',  ( -6.385539179231396467, 58.43210318350411825, 0.07148355758137213412 ) ) ;
#4181 = AXIS2_PLACEMENT_3D ( 'NONE', #2569, #921, #71 ) ;
#4182 = CARTESIAN_POINT ( 'NONE',  ( -3.662142948537140175, 52.83195490312274956, -20.53255052782999002 ) ) ;
#4183 = CARTESIAN_POINT ( 'NONE',  ( -8.588000980421048425, 51.06907021800925151, -4.254897816604673366 ) ) ;
#4184 = CARTESIAN_POINT ( 'NONE',  ( -1.119172450773397332, 50.18954186989994781, -2.037602280441368485 ) ) ;
#4185 = CARTESIAN_POINT ( 'NONE',  ( -30.44210021681307410, 61.90291692176888461, -9.350068362585910009 ) ) ;
#4186 = CARTESIAN_POINT ( 'NONE',  ( -5.366153164632569528, 50.64269172008413733, -19.07115588030392317 ) ) ;
#4187 = CARTESIAN_POINT ( 'NONE',  ( -5.745716132992169101, 16.22071872689624072, -0.1365787982007418966 ) ) ;
#4188 = CARTESIAN_POINT ( 'NONE',  ( -5.208820180729683003, 60.55035461697335109, 23.86342120179969228 ) ) ;
#4189 = ADVANCED_FACE ( 'NONE', ( #1403 ), #612, .T. ) ;
#4190 = EDGE_LOOP ( 'NONE', ( #2636, #2967, #1657 ) ) ;
#4191 = CARTESIAN_POINT ( 'NONE',  ( -28.57377570289565583, 59.87085707990276262, -6.225749572533488596 ) ) ;
#4192 = EDGE_CURVE ( 'NONE', #81, #3906, #2637, .T. ) ;
#4193 = ORIENTED_EDGE ( 'NONE', *, *, #4638, .F. ) ;
#4194 = CARTESIAN_POINT ( 'NONE',  ( -2.327350498591232775, 56.29881667990269989, -3.805887376001624745 ) ) ;
#4195 = CARTESIAN_POINT ( 'NONE',  ( -12.22956128216778637, -13.96411628168864283, 38.82764595178057476 ) ) ;
#4196 = CARTESIAN_POINT ( 'NONE',  ( -2.701401079249058590, 59.18441931939720746, 0.5182919386034678944 ) ) ;
#4197 = CARTESIAN_POINT ( 'NONE',  ( -5.605259710254022032, 60.98479859159544958, -4.629706454104595359 ) ) ;
#4198 = CARTESIAN_POINT ( 'NONE',  ( 6.706308261905699730, 48.37635661895103567, 4.401789698838437737 ) ) ;
#4199 = ORIENTED_EDGE ( 'NONE', *, *, #2285, .T. ) ;
#4200 = CIRCLE ( 'NONE', #5320, 37.50000000000000000 ) ;
#4201 = FACE_OUTER_BOUND ( 'NONE', #1395, .T. ) ;
#4202 = CARTESIAN_POINT ( 'NONE',  ( -22.74571613299216466, -24.27928127310376283, -0.1365787982008126178 ) ) ;
#4203 = CARTESIAN_POINT ( 'NONE',  ( 19.82842751705148743, 61.77213891531445000, -11.26286974056531776 ) ) ;
#4204 = ORIENTED_EDGE ( 'NONE', *, *, #1446, .F. ) ;
#4205 = EDGE_CURVE ( 'NONE', #4678, #2515, #2374, .T. ) ;
#4206 = CARTESIAN_POINT ( 'NONE',  ( -5.745716132992169101, -24.27928127310389428, 37.36342120179914872 ) ) ;
#4207 = ORIENTED_EDGE ( 'NONE', *, *, #3835, .F. ) ;
#4208 = CARTESIAN_POINT ( 'NONE',  ( -27.13628622837232385, 56.43829753281894313, 4.714013556946835770 ) ) ;
#4209 = FACE_OUTER_BOUND ( 'NONE', #1943, .T. ) ;
#4210 = CARTESIAN_POINT ( 'NONE',  ( -6.922844212993794599, 60.67588755723586047, 23.84177816322622689 ) ) ;
#4211 = CARTESIAN_POINT ( 'NONE',  ( -5.745716132992169101, -9.171272019776575135, -0.1365787982008305756 ) ) ;
#4212 = CARTESIAN_POINT ( 'NONE',  ( -25.61320408420953854, 58.74170596691387658, -1.368770572076358993 ) ) ;
#4213 = CARTESIAN_POINT ( 'NONE',  ( -1.400820497194833703, 54.40277919622648284, -21.11844338362473295 ) ) ;
#4214 = LINE ( 'NONE', #452, #2387 ) ;
#4215 = CARTESIAN_POINT ( 'NONE',  ( 0.5871551712862002059, 61.68297183425015362, -0.3719438818209083175 ) ) ;
#4216 = CARTESIAN_POINT ( 'NONE',  ( -20.60212259354324260, -11.79192565544593663, -6.404527990631823542 ) ) ;
#4217 = ORIENTED_EDGE ( 'NONE', *, *, #1910, .T. ) ;
#4218 = CARTESIAN_POINT ( 'NONE',  ( -22.12935616551735407, 57.24621425694513022, -1.936530658791318471 ) ) ;
#4219 = ORIENTED_EDGE ( 'NONE', *, *, #4419, .F. ) ;
#4220 = CARTESIAN_POINT ( 'NONE',  ( 7.378852551085940625, 60.36983975334545249, -5.765882345501315065 ) ) ;
#4221 = CARTESIAN_POINT ( 'NONE',  ( -20.30889667375268814, 61.74485533371100132, -10.95817313838628948 ) ) ;
#4222 = CARTESIAN_POINT ( 'NONE',  ( 1.817723629031093857, 57.41402581214166645, 13.57433896877171087 ) ) ;
#4223 = VERTEX_POINT ( 'NONE', #4340 ) ;
#4224 = CARTESIAN_POINT ( 'NONE',  ( 0.5045720624814437061, 48.58515468714837482, -1.518601417309898949 ) ) ;
#4225 = CARTESIAN_POINT ( 'NONE',  ( -1.107578354543807375, 59.57775246786967216, -2.040664026249246366 ) ) ;
#4226 = EDGE_CURVE ( 'NONE', #3316, #1171, #2551, .T. ) ;
#4227 = CARTESIAN_POINT ( 'NONE',  ( -4.745716132992166436, 13.20807434455391771, 34.52218669963869502 ) ) ;
#4228 = CARTESIAN_POINT ( 'NONE',  ( -3.146092936424514708, 53.70379905045792412, -12.37667933267015208 ) ) ;
#4229 = ADVANCED_FACE ( 'NONE', ( #641 ), #3058, .T. ) ;
#4230 = B_SPLINE_CURVE_WITH_KNOTS ( 'NONE', 3,
 ( #4981, #4549, #2502, #4578 ),
 .UNSPECIFIED., .F., .F.,
 ( 4, 4 ),
 ( 3.501547214564944353E-05, 0.001310620262295877697 ),
 .UNSPECIFIED. ) ;
#4231 = ORIENTED_EDGE ( 'NONE', *, *, #2313, .F. ) ;
#4232 = CARTESIAN_POINT ( 'NONE',  ( -1.919957216534618816, 60.97725855409743900, 2.238531061633078245 ) ) ;
#4233 = ORIENTED_EDGE ( 'NONE', *, *, #4812, .T. ) ;
#4234 = CARTESIAN_POINT ( 'NONE',  ( -16.08475225497855732, 47.57739697659901168, 9.235977456092514970 ) ) ;
#4235 = CARTESIAN_POINT ( 'NONE',  ( 12.71825559210261858, 61.10353711130635190, -17.00323186316353485 ) ) ;
#4236 = CARTESIAN_POINT ( 'NONE',  ( -3.201707913002538319, 56.50208253475848608, 4.172527899054822242 ) ) ;
#4237 = CARTESIAN_POINT ( 'NONE',  ( -13.17392409833914790, 52.40729337474321170, 4.102959596034516210 ) ) ;
#4238 = CARTESIAN_POINT ( 'NONE',  ( -7.185077150708718108, 48.65511585494246560, -16.62062538933275135 ) ) ;
#4239 = CARTESIAN_POINT ( 'NONE',  ( -13.51139272974823058, 63.92524875581221977, 9.915771014321050458 ) ) ;
#4240 = CARTESIAN_POINT ( 'NONE',  ( -11.73183403666386937, -15.81898651264627986, 36.88267092855959817 ) ) ;
#4241 = LINE ( 'NONE', #1743, #3929 ) ;
#4242 = ORIENTED_EDGE ( 'NONE', *, *, #4226, .F. ) ;
#4243 = CARTESIAN_POINT ( 'NONE',  ( -31.14050755762352907, 60.71881310280647170, -16.23073627920663142 ) ) ;
#4244 = CARTESIAN_POINT ( 'NONE',  ( -13.72422007144146683, 54.58842804096664025, 5.224382881023989178 ) ) ;
#4245 = CARTESIAN_POINT ( 'NONE',  ( 7.110690327558805812, 12.20807434455407581, -9.868629605769694280 ) ) ;
#4246 = ORIENTED_EDGE ( 'NONE', *, *, #2413, .T. ) ;
#4247 = PLANE ( 'NONE',  #514 ) ;
#4248 = AXIS2_PLACEMENT_3D ( 'NONE', #4897, #4101, #3175 ) ;
#4249 = CARTESIAN_POINT ( 'NONE',  ( 5.044685548169105083, 60.94551456481535467, 25.30091315495806725 ) ) ;
#4250 = CARTESIAN_POINT ( 'NONE',  ( -5.716626059024077833, 50.89622071714477158, -14.37584417200659637 ) ) ;
#4251 = EDGE_CURVE ( 'NONE', #3119, #5215, #4618, .T. ) ;
#4252 = ORIENTED_EDGE ( 'NONE', *, *, #1075, .T. ) ;
#4253 = CARTESIAN_POINT ( 'NONE',  ( -5.745716132992169101, -24.27928127310376283, -0.1365787982008833112 ) ) ;
#4254 = ORIENTED_EDGE ( 'NONE', *, *, #737, .T. ) ;
#4255 = CARTESIAN_POINT ( 'NONE',  ( -10.60436622892487080, 56.38222190673749878, -1.351085158552646659 ) ) ;
#4256 = CARTESIAN_POINT ( 'NONE',  ( 19.76649731078630978, 61.10597658119424835, -8.128534501091790432 ) ) ;
#4257 = DIRECTION ( 'NONE',  ( 1.000000000000000000, 0.000000000000000000, 0.000000000000000000 ) ) ;
#4258 = CARTESIAN_POINT ( 'NONE',  ( -15.58403293297411274, 51.49379611565143477, 5.425986646313422312 ) ) ;
#4259 = CARTESIAN_POINT ( 'NONE',  ( -27.31603960232306605, 60.47035262835633773, -10.68098502347218215 ) ) ;
#4260 = CARTESIAN_POINT ( 'NONE',  ( -10.61972079675321012, 62.05583788711209792, 4.044115701726859413 ) ) ;
#4261 = FACE_BOUND ( 'NONE', #4871, .T. ) ;
#4262 = CARTESIAN_POINT ( 'NONE',  ( -3.745716132992169101, -21.27928127310381967, 16.74536421793325403 ) ) ;
#4263 = EDGE_LOOP ( 'NONE', ( #4219, #324, #5141, #4784 ) ) ;
#4264 = AXIS2_PLACEMENT_3D ( 'NONE', #2049, #867, #2512 ) ;
#4265 = CARTESIAN_POINT ( 'NONE',  ( -14.36943140605896296, 63.20441320692672349, -14.16303341039203012 ) ) ;
#4266 = ORIENTED_EDGE ( 'NONE', *, *, #3466, .F. ) ;
#4267 = CARTESIAN_POINT ( 'NONE',  ( -8.716821831158252820, 55.43532587045740456, 2.440237847892637646 ) ) ;
#4268 = LINE ( 'NONE', #4245, #3587 ) ;
#4269 = CARTESIAN_POINT ( 'NONE',  ( -1.236442758420366328, 49.13176964496260979, -6.384031080751737086 ) ) ;
#4270 = ORIENTED_EDGE ( 'NONE', *, *, #3813, .T. ) ;
#4271 = DIRECTION ( 'NONE',  ( 0.000000000000000000, 1.000000000000000000, 3.491481338843133355E-15 ) ) ;
#4272 = CARTESIAN_POINT ( 'NONE',  ( -5.745716132992169101, -11.79192565544595972, -0.1365787982008397350 ) ) ;
#4273 = CARTESIAN_POINT ( 'NONE',  ( 12.07085662161365391, 40.69331457100172855, 2.704341985582714436 ) ) ;
#4274 = CARTESIAN_POINT ( 'NONE',  ( 4.444008747968725359, 64.27107173797777762, 1.138065502667327200 ) ) ;
#4275 = ORIENTED_EDGE ( 'NONE', *, *, #4317, .F. ) ;
#4276 = CARTESIAN_POINT ( 'NONE',  ( 17.54005178044051760, 61.72915988078639771, -11.81313047472495548 ) ) ;
#4277 = EDGE_LOOP ( 'NONE', ( #4656, #4246, #2344, #3038 ) ) ;
#4278 = AXIS2_PLACEMENT_3D ( 'NONE', #4052, #1901, #3562 ) ;
#4279 = CARTESIAN_POINT ( 'NONE',  ( -4.214969856810156124, 54.76612734909197400, 0.7210379893649783156 ) ) ;
#4280 = CARTESIAN_POINT ( 'NONE',  ( 10.04005333750078499, 60.16227992544391867, -18.79552838664446313 ) ) ;
#4281 = CARTESIAN_POINT ( 'NONE',  ( -11.31548426524243034, 64.91948525718316887, -12.32485480363453867 ) ) ;
#4282 = CARTESIAN_POINT ( 'NONE',  ( -8.245716132992169989, -17.07928127310382038, 15.86342120179913984 ) ) ;
#4283 = EDGE_CURVE ( 'NONE', #219, #1330, #1960, .T. ) ;
#4284 =( NAMED_UNIT ( * ) PLANE_ANGLE_UNIT ( ) SI_UNIT ( $, .RADIAN. ) );
#4285 = CARTESIAN_POINT ( 'NONE',  ( -11.26628383107876274, -12.30084583862267955, 36.95509282284358932 ) ) ;
#4286 = B_SPLINE_CURVE_WITH_KNOTS ( 'NONE', 3,
 ( #4405, #2745, #3134, #2210 ),
 .UNSPECIFIED., .F., .F.,
 ( 4, 4 ),
 ( 3.501547214565028379E-05, 0.001310620262295877480 ),
 .UNSPECIFIED. ) ;
#4287 = CARTESIAN_POINT ( 'NONE',  ( -21.36590765020567773, -11.79192565544593485, -6.845499498698880636 ) ) ;
#4288 = VERTEX_POINT ( 'NONE', #2764 ) ;
#4289 = UNCERTAINTY_MEASURE_WITH_UNIT (LENGTH_MEASURE( 1.000000000000000082E-05 ), #5285, 'distance_accuracy_value', 'NONE');
#4290 = CARTESIAN_POINT ( 'NONE',  ( -19.24331150062159779, 62.37403712543550682, -23.06511968986558614 ) ) ;
#4291 = CARTESIAN_POINT ( 'NONE',  ( -9.982463851678858191, 49.45836549053510822, -3.654592547459387664 ) ) ;
#4292 = CARTESIAN_POINT ( 'NONE',  ( 25.44955959902560494, 12.20807434455409712, -15.83777856276750029 ) ) ;
#4293 = CARTESIAN_POINT ( 'NONE',  ( 3.264972143603560806, 63.06286578510721341, 1.707373779554664406 ) ) ;
#4294 = FACE_OUTER_BOUND ( 'NONE', #4043, .T. ) ;
#4295 = CARTESIAN_POINT ( 'NONE',  ( -6.705791220415804332, 61.49478740097256946, 19.06986846562605464 ) ) ;
#4296 = ORIENTED_EDGE ( 'NONE', *, *, #170, .T. ) ;
#4297 = AXIS2_PLACEMENT_3D ( 'NONE', #955, #4300, #5138 ) ;
#4298 = CARTESIAN_POINT ( 'NONE',  ( -2.327220745636436217, 57.63958822812593041, -3.802399193135536759 ) ) ;
#4299 = CARTESIAN_POINT ( 'NONE',  ( -8.383383855605977431, 61.73305103980095510, 9.903814987359783828 ) ) ;
#4300 = DIRECTION ( 'NONE',  ( 0.000000000000000000, -1.000000000000000000, -3.491481338843133355E-15 ) ) ;
#4301 = CARTESIAN_POINT ( 'NONE',  ( 12.85021162403934447, 46.74733654980484232, 7.826686094967063134 ) ) ;
#4302 = CARTESIAN_POINT ( 'NONE',  ( -7.003353992200964662, 59.12120264705040285, 2.807532096746525596 ) ) ;
#4303 = ORIENTED_EDGE ( 'NONE', *, *, #3697, .T. ) ;
#4304 = CARTESIAN_POINT ( 'NONE',  ( -5.745716132992169101, 22.54294747770555674, -0.1365787982007198309 ) ) ;
#4305 = CARTESIAN_POINT ( 'NONE',  ( -2.356734524076917747, 61.65989124088619633, 1.613191780128623964 ) ) ;
#4306 = ORIENTED_EDGE ( 'NONE', *, *, #4746, .F. ) ;
#4307 = CARTESIAN_POINT ( 'NONE',  ( -26.63426188840324116, 55.01256798429150763, 5.269598021081058903 ) ) ;
#4308 = CARTESIAN_POINT ( 'NONE',  ( -29.12509206694823405, 59.90722208432240592, -5.596109682051006118 ) ) ;
#4309 = TOROIDAL_SURFACE ( 'NONE', #2207, -52.50000000000000000, 90.00000000000000000 ) ;
#4310 = CARTESIAN_POINT ( 'NONE',  ( -5.518772705151284264, 49.58255929464227307, -18.89868824022459748 ) ) ;
#4311 = TOROIDAL_SURFACE ( 'NONE', #3807, 118.0000000000000000, 88.00000000000000000 ) ;
#4312 = CARTESIAN_POINT ( 'NONE',  ( -6.366582900603361850, 59.33166437835664198, -1.780958187954849281 ) ) ;
#4313 = DIRECTION ( 'NONE',  ( 0.000000000000000000, -1.000000000000000000, -3.491481338843133355E-15 ) ) ;
#4314 = DIRECTION ( 'NONE',  ( 1.000000000000000000, 0.000000000000000000, 0.000000000000000000 ) ) ;
#4315 = CARTESIAN_POINT ( 'NONE',  ( -6.582724995731649820, 60.97570362029751578, -5.066022596814958590 ) ) ;
#4316 = ORIENTED_EDGE ( 'NONE', *, *, #2125, .F. ) ;
#4317 = EDGE_CURVE ( 'NONE', #950, #4410, #4169, .T. ) ;
#4318 = CARTESIAN_POINT ( 'NONE',  ( 25.87226998511232523, -19.47616393149756675, -20.31698235175425538 ) ) ;
#4319 = CARTESIAN_POINT ( 'NONE',  ( 15.85255305018259619, 61.04555518810720827, -10.60151891796879120 ) ) ;
#4320 = EDGE_CURVE ( 'NONE', #2748, #4965, #1805, .T. ) ;
#4321 = CARTESIAN_POINT ( 'NONE',  ( -5.745716132992168212, -32.14681364125087271, -0.1365787982008023760 ) ) ;
#4322 = CARTESIAN_POINT ( 'NONE',  ( 7.566227172683532842, 58.60500341884859665, 18.88499933751045390 ) ) ;
#4323 = CARTESIAN_POINT ( 'NONE',  ( -8.286195632481453188, 61.70087700894526250, 10.75946161597920003 ) ) ;
#4324 = ORIENTED_EDGE ( 'NONE', *, *, #2960, .F. ) ;
#4325 = CARTESIAN_POINT ( 'NONE',  ( -9.715501066615992443, 60.97725855409743900, 1.989070682289305170 ) ) ;
#4326 = CARTESIAN_POINT ( 'NONE',  ( -2.261404786146198109, 53.95554370783776221, -20.91323595406998948 ) ) ;
#4327 = CARTESIAN_POINT ( 'NONE',  ( 20.89048378619789048, 60.64083650863771169, -19.74801047616126937 ) ) ;
#4328 = CARTESIAN_POINT ( 'NONE',  ( 8.970048582198977272, 60.23522843818429351, 23.33078871731029835 ) ) ;
#4329 = CARTESIAN_POINT ( 'NONE',  ( -3.367566817471030038, 56.36305498891733379, -4.597766130116000660 ) ) ;
#4330 = EDGE_LOOP ( 'NONE', ( #2827, #663 ) ) ;
#4331 = DIRECTION ( 'NONE',  ( -1.000000000000000000, 0.000000000000000000, 0.000000000000000000 ) ) ;
#4332 = CARTESIAN_POINT ( 'NONE',  ( 4.883344277968046931, 57.80694486631345086, -20.74528408391816470 ) ) ;
#4333 = EDGE_LOOP ( 'NONE', ( #2543, #4414, #4561, #822, #1069 ) ) ;
#4334 = CARTESIAN_POINT ( 'NONE',  ( -7.467312980778553211, 49.06938407348982878, 4.560229471008491409 ) ) ;
#4335 = CIRCLE ( 'NONE', #3663, 37.50000000000000000 ) ;
#4336 = CARTESIAN_POINT ( 'NONE',  ( -7.745716132992169101, 12.20807434455398521, 15.86342120179923931 ) ) ;
#4337 = CARTESIAN_POINT ( 'NONE',  ( 11.00208676672807862, 52.98168809048335248, 12.24517734157753601 ) ) ;
#4338 = CARTESIAN_POINT ( 'NONE',  ( -6.865160678334571998, 61.67490157147732077, 23.84377784035490322 ) ) ;
#4339 = CARTESIAN_POINT ( 'NONE',  ( -8.183226924460880625, 60.72699750377637429, -3.998805462638869379 ) ) ;
#4340 = CARTESIAN_POINT ( 'NONE',  ( 9.874475384221247154, 12.20807434455406515, -6.845499498699015639 ) ) ;
#4341 = AXIS2_PLACEMENT_3D ( 'NONE', #2514, #4935, #375 ) ;
#4342 = CARTESIAN_POINT ( 'NONE',  ( -9.910684266342324023, -11.79192565544608762, 37.13178000839442205 ) ) ;
#4343 = DIRECTION ( 'NONE',  ( 0.000000000000000000, -1.000000000000000000, -3.491481338843133355E-15 ) ) ;
#4344 = EDGE_LOOP ( 'NONE', ( #885, #3619, #4889, #2204 ) ) ;
#4345 = CARTESIAN_POINT ( 'NONE',  ( -7.496210689334457555, 60.88702391677340842, 23.79950221978412728 ) ) ;
#4346 = CARTESIAN_POINT ( 'NONE',  ( 7.874475384221226726, -21.27928127310372730, -10.30960111383687661 ) ) ;
#4347 = CARTESIAN_POINT ( 'NONE',  ( -6.275291241477057191, 49.61917224038342056, 4.837428678252486236 ) ) ;
#4348 = CARTESIAN_POINT ( 'NONE',  ( 6.787415978065437727, 57.80694486631350770, 19.37281017890902390 ) ) ;
#4349 = CARTESIAN_POINT ( 'NONE',  ( -9.333764494168923065, 62.15535093676557921, 2.635723304314331994 ) ) ;
#4350 = AXIS2_PLACEMENT_3D ( 'NONE', #4909, #4963, #4991 ) ;
#4351 = EDGE_LOOP ( 'NONE', ( #5, #2886, #4776, #3831 ) ) ;
#4352 = AXIS2_PLACEMENT_3D ( 'NONE', #3543, #4343, #895 ) ;
#4353 = CARTESIAN_POINT ( 'NONE',  ( -6.674031551369745685, 49.45836549053513664, 5.291559230236923206 ) ) ;
#4354 = CARTESIAN_POINT ( 'NONE',  ( -0.7455738855021453171, 59.93904457895225590, 0.08023080131493387501 ) ) ;
#4355 = CARTESIAN_POINT ( 'NONE',  ( -10.38066224980530983, 43.75952346399226656, -19.71520423130001731 ) ) ;
#4356 = CARTESIAN_POINT ( 'NONE',  ( -8.886416250317550336, 46.46002378941634703, -10.74175156612878546 ) ) ;
#4357 = CARTESIAN_POINT ( 'NONE',  ( 4.960771416094254427, 61.70087700894526250, -3.384479220939554445 ) ) ;
#4358 = ORIENTED_EDGE ( 'NONE', *, *, #3132, .F. ) ;
#4359 = CARTESIAN_POINT ( 'NONE',  ( -7.745716132992168212, 5.220757477570438176, 36.22302573529350411 ) ) ;
#4360 = CARTESIAN_POINT ( 'NONE',  ( -25.61575382949184387, 61.20408998218930208, -13.59695033615182069 ) ) ;
#4361 = VERTEX_POINT ( 'NONE', #5217 ) ;
#4362 = CARTESIAN_POINT ( 'NONE',  ( -9.455140988665378998, 51.35801250180704614, 3.227122848297916402 ) ) ;
#4363 = CARTESIAN_POINT ( 'NONE',  ( 0.6264542640943987495, -15.09799425239929072, 38.84610326783120371 ) ) ;
#4364 = EDGE_CURVE ( 'NONE', #2570, #959, #981, .T. ) ;
#4365 = CARTESIAN_POINT ( 'NONE',  ( 8.710107447771987310, 52.97121556840900070, 11.04705327292028016 ) ) ;
#4366 = DIRECTION ( 'NONE',  ( 0.000000000000000000, 3.700743415417188731E-15, -1.000000000000000000 ) ) ;
#4367 = CIRCLE ( 'NONE', #2008, 16.99999999999999645 ) ;
#4368 = CARTESIAN_POINT ( 'NONE',  ( -8.084549088110922099, 63.33628456727498701, -7.028942043022128772 ) ) ;
#4369 = FACE_BOUND ( 'NONE', #4703, .T. ) ;
#4370 = CARTESIAN_POINT ( 'NONE',  ( -22.76956128147640257, 64.46347015292315064, 20.56304811495075313 ) ) ;
#4371 = DIRECTION ( 'NONE',  ( 1.000000000000000000, 0.000000000000000000, 0.000000000000000000 ) ) ;
#4372 = CARTESIAN_POINT ( 'NONE',  ( -24.02233589842358796, 62.13510515269532419, -19.84230441065135153 ) ) ;
#4373 = CARTESIAN_POINT ( 'NONE',  ( -5.745716132992169101, 48.71270947356900649, -0.1365787982006284595 ) ) ;
#4374 = CARTESIAN_POINT ( 'NONE',  ( -9.953083226890099056, 47.46400644801491353, -7.586184079891403975 ) ) ;
#4375 = DIRECTION ( 'NONE',  ( 0.000000000000000000, -3.491481338843133355E-15, 1.000000000000000000 ) ) ;
#4376 = B_SPLINE_CURVE_WITH_KNOTS ( 'NONE', 3,
 ( #3783, #4210, #1866, #3961 ),
 .UNSPECIFIED., .F., .F.,
 ( 4, 4 ),
 ( 0.005853310000959546268, 0.007614579521919785828 ),
 .UNSPECIFIED. ) ;
#4377 = DIRECTION ( 'NONE',  ( 1.000000000000000000, 0.000000000000000000, 0.000000000000000000 ) ) ;
#4378 = CARTESIAN_POINT ( 'NONE',  ( 2.299074086092091296, 60.72304971895194825, 22.46870950849390525 ) ) ;
#4379 = CARTESIAN_POINT ( 'NONE',  ( -8.959183303839505896, 62.01913358428063106, 6.594141487859342732 ) ) ;
#4380 = VERTEX_POINT ( 'NONE', #1781 ) ;
#4381 = CARTESIAN_POINT ( 'NONE',  ( 25.68401559577786131, -9.171272019776498752, -20.59194394912263704 ) ) ;
#4382 = CARTESIAN_POINT ( 'NONE',  ( -21.36590765020567773, 12.20807434455406515, -6.845499498698797147 ) ) ;
#4383 = CARTESIAN_POINT ( 'NONE',  ( 3.069232892317477646, 44.42687875003527154, -1.237572019271095281 ) ) ;
#4384 = CARTESIAN_POINT ( 'NONE',  ( 14.25247364486316748, 64.22890771632164331, -0.7919325879062011353 ) ) ;
#4385 = AXIS2_PLACEMENT_3D ( 'NONE', #3151, #1023, #5150 ) ;
#4386 = ORIENTED_EDGE ( 'NONE', *, *, #2380, .F. ) ;
#4387 = CARTESIAN_POINT ( 'NONE',  ( 8.451222323706852890, 13.20807434455407225, -9.487885576223824557 ) ) ;
#4388 = DIRECTION ( 'NONE',  ( 0.4723368321173855855, -0.3280116889704092209, -0.8181113915134615722 ) ) ;
#4389 = EDGE_CURVE ( 'NONE', #3469, #1860, #3264, .T. ) ;
#4390 = ORIENTED_EDGE ( 'NONE', *, *, #5180, .T. ) ;
#4391 = CARTESIAN_POINT ( 'NONE',  ( 5.558405014996216309, 59.18400876154238688, -20.70098079835684146 ) ) ;
#4392 = ADVANCED_FACE ( 'NONE', ( #1443 ), #1605, .F. ) ;
#4393 = CARTESIAN_POINT ( 'NONE',  ( 9.742373979499200587, 12.54048673790717139, -7.153067486691177201 ) ) ;
#4394 = CARTESIAN_POINT ( 'NONE',  ( 11.13430336667778420, 41.68822252200857292, 1.854546447660328390 ) ) ;
#4395 = CARTESIAN_POINT ( 'NONE',  ( 8.610690327558817359, 13.20807434455406693, -7.270553394416380044 ) ) ;
#4396 = CARTESIAN_POINT ( 'NONE',  ( -17.57853917237884289, 58.32064419209694250, -4.553716071844073454 ) ) ;
#4397 = CARTESIAN_POINT ( 'NONE',  ( -23.62553673247388275, 62.13684232281832465, -19.32155444602415528 ) ) ;
#4398 = DIRECTION ( 'NONE',  ( 0.000000000000000000, -1.000000000000000000, -3.491481338843133355E-15 ) ) ;
#4399 = SHAPE_DEFINITION_REPRESENTATION ( #2674, #3637 ) ;
#4400 = PLANE ( 'NONE',  #241 ) ;
#4401 = LINE ( 'NONE', #3657, #2254 ) ;
#4402 = ORIENTED_EDGE ( 'NONE', *, *, #1471, .F. ) ;
#4403 = CARTESIAN_POINT ( 'NONE',  ( 3.653799315052132179, 57.16008693666330487, -20.99305657325650998 ) ) ;
#4404 = CARTESIAN_POINT ( 'NONE',  ( 25.67302218151594317, -10.91702045413499533, -20.58559689843921348 ) ) ;
#4405 = CARTESIAN_POINT ( 'NONE',  ( -9.596235257749933467, 60.97570362029751578, 3.053014039431403148 ) ) ;
#4406 = EDGE_CURVE ( 'NONE', #5198, #4589, #831, .T. ) ;
#4407 = CARTESIAN_POINT ( 'NONE',  ( -9.745716132992169989, -11.79192565544608939, 37.14947757680347706 ) ) ;
#4408 = CARTESIAN_POINT ( 'NONE',  ( -10.27128060752270144, 58.63543323617078329, -2.280287076929118140 ) ) ;
#4409 = CARTESIAN_POINT ( 'NONE',  ( -18.15008286820883754, 66.12401723998219438, 15.44004891753258235 ) ) ;
#4410 = VERTEX_POINT ( 'NONE', #1604 ) ;
#4411 = CARTESIAN_POINT ( 'NONE',  ( 24.25428386700782823, -21.27928127310376283, -0.1365787982008728474 ) ) ;
#4412 = CARTESIAN_POINT ( 'NONE',  ( 10.90580408894300746, 60.64220529692693162, -24.60425153464601422 ) ) ;
#4413 = CARTESIAN_POINT ( 'NONE',  ( 8.557335105268705888, 44.34032813956033436, 3.275824415612852203 ) ) ;
#4414 = ORIENTED_EDGE ( 'NONE', *, *, #3996, .T. ) ;
#4415 = CARTESIAN_POINT ( 'NONE',  ( -9.745716132992169989, -16.79192565544600413, 12.86342120179913984 ) ) ;
#4416 = CARTESIAN_POINT ( 'NONE',  ( 1.775899988480398983, 60.90922940957776177, -0.4070167731729772420 ) ) ;
#4417 = ORIENTED_EDGE ( 'NONE', *, *, #3409, .F. ) ;
#4418 = DIRECTION ( 'NONE',  ( 0.8660254037844363761, 1.745740669421580877E-15, -0.5000000000000039968 ) ) ;
#4419 = EDGE_CURVE ( 'NONE', #480, #1609, #3415, .T. ) ;
#4420 = CARTESIAN_POINT ( 'NONE',  ( 17.72886046322811993, 61.72500678452236400, -22.18864620645462438 ) ) ;
#4421 = EDGE_CURVE ( 'NONE', #1603, #682, #2266, .T. ) ;
#4422 = CARTESIAN_POINT ( 'NONE',  ( 4.762877532394728775, 61.84171171613220253, 25.75770327866582576 ) ) ;
#4423 = CARTESIAN_POINT ( 'NONE',  ( -25.05423832171275578, 52.73115169495607546, 7.130406940625374723 ) ) ;
#4424 = EDGE_CURVE ( 'NONE', #409, #2943, #4335, .T. ) ;
#4425 = CARTESIAN_POINT ( 'NONE',  ( -2.249718587679452764, 52.17781932054916894, 3.892929593339656158 ) ) ;
#4426 = CARTESIAN_POINT ( 'NONE',  ( -26.75277713886694286, 55.82651595597276639, 5.522980025318329211 ) ) ;
#4427 = DIRECTION ( 'NONE',  ( -0.8660254037844432595, 1.745740669421538673E-15, -0.4999999999999920064 ) ) ;
#4428 = CARTESIAN_POINT ( 'NONE',  ( -29.58465202661587767, 61.10353711130635190, -7.693520834409326881 ) ) ;
#4429 = ORIENTED_EDGE ( 'NONE', *, *, #3697, .F. ) ;
#4430 = CARTESIAN_POINT ( 'NONE',  ( 1.861584113121332651, 56.04749845340177217, -21.14795660203034799 ) ) ;
#4431 = CARTESIAN_POINT ( 'NONE',  ( -8.365488398701186767, 61.24367699732058412, 4.131444752754029892 ) ) ;
#4432 = CARTESIAN_POINT ( 'NONE',  ( -24.84253294336431495, 52.98168809048335248, 8.176565900642358997 ) ) ;
#4433 = DIRECTION ( 'NONE',  ( 1.000000000000000000, 0.000000000000000000, 0.000000000000000000 ) ) ;
#4434 = CARTESIAN_POINT ( 'NONE',  ( -8.861212116035382280, 60.64945475693079402, 25.99533233043009872 ) ) ;
#4435 =( BOUNDED_CURVE ( )  B_SPLINE_CURVE ( 3, ( #2309, #221, #1450, #3702 ),
 .UNSPECIFIED., .F., .F. ) 
 B_SPLINE_CURVE_WITH_KNOTS ( ( 4, 4 ),
 ( 1.423202221135863921, 1.570796326794896558 ),
 .UNSPECIFIED. ) 
 CURVE ( )  GEOMETRIC_REPRESENTATION_ITEM ( )  RATIONAL_B_SPLINE_CURVE ( ( 1.000000000000000000, 0.9981854887086412109, 0.9981854887086412109, 1.000000000000000000 ) ) 
 REPRESENTATION_ITEM ( '' )  );
#4436 = CARTESIAN_POINT ( 'NONE',  ( -3.745716132992169101, 0.7004373583934101477, 36.77082822041780474 ) ) ;
#4437 = ORIENTED_EDGE ( 'NONE', *, *, #2587, .F. ) ;
#4438 = DIRECTION ( 'NONE',  ( 1.000000000000000000, 0.000000000000000000, 0.000000000000000000 ) ) ;
#4439 = CARTESIAN_POINT ( 'NONE',  ( 7.327850423559612913, 58.76870798955039277, -19.60210269988201404 ) ) ;
#4440 = CARTESIAN_POINT ( 'NONE',  ( 8.809617729316025603, 47.10825756703513889, 5.848854924638953179 ) ) ;
#4441 = CARTESIAN_POINT ( 'NONE',  ( -1.986599980053038284, 63.70004832751212120, 3.389482468445235597 ) ) ;
#4442 = ORIENTED_EDGE ( 'NONE', *, *, #1854, .F. ) ;
#4443 = DIRECTION ( 'NONE',  ( -1.000000000000000000, -2.168404344971008868E-16, -7.570943305532645426E-31 ) ) ;
#4444 = CARTESIAN_POINT ( 'NONE',  ( 2.479337881055618364, 60.90264465828470719, -0.9170002797104469527 ) ) ;
#4445 = ORIENTED_EDGE ( 'NONE', *, *, #4812, .F. ) ;
#4446 = CARTESIAN_POINT ( 'NONE',  ( -5.745716132992169101, -24.27928127310376283, -0.1365787982008833112 ) ) ;
#4447 = CARTESIAN_POINT ( 'NONE',  ( -5.745716132992167324, 44.22071872689625138, -5.136578798200802431 ) ) ;
#4448 = CARTESIAN_POINT ( 'NONE',  ( 10.18220220050463176, 55.30241445628688979, 14.91074583983959911 ) ) ;
#4449 = LINE ( 'NONE', #4395, #2530 ) ;
#4450 = CARTESIAN_POINT ( 'NONE',  ( -8.792767868716891755, 60.63824666627002102, -5.746513943778638556 ) ) ;
#4451 = CARTESIAN_POINT ( 'NONE',  ( -14.78231291354424748, 65.72671507162841920, -24.00345218649947654 ) ) ;
#4452 = CARTESIAN_POINT ( 'NONE',  ( 1.113254712780830991, 60.73384132986328154, 22.86251837947204280 ) ) ;
#4453 = DIRECTION ( 'NONE',  ( 0.000000000000000000, -1.000000000000000000, -3.491481338843133355E-15 ) ) ;
#4454 = CARTESIAN_POINT ( 'NONE',  ( -22.36381118205943253, 50.62227932855461887, 9.595599295144555896 ) ) ;
#4455 = CARTESIAN_POINT ( 'NONE',  ( -0.9416651213379514385, -16.66473277392799801, 37.05474159118593747 ) ) ;
#4456 = CARTESIAN_POINT ( 'NONE',  ( 0.6902588799120789043, 55.23415137524784058, -21.12223124899943372 ) ) ;
#4457 = CARTESIAN_POINT ( 'NONE',  ( -25.05114374282296907, 50.49376204155795023, 11.44173581568297848 ) ) ;
#4458 = CARTESIAN_POINT ( 'NONE',  ( -7.817458071489218341, 55.45262144603881183, -0.04670771251206063540 ) ) ;
#4459 = CARTESIAN_POINT ( 'NONE',  ( -11.58058619025801406, 61.10597658119424835, 25.95362400232770739 ) ) ;
#4460 = CARTESIAN_POINT ( 'NONE',  ( -9.232328995343625166, 61.77415350838539609, -0.8984651495002266008 ) ) ;
#4461 = EDGE_LOOP ( 'NONE', ( #4193, #5221, #4252, #2106 ) ) ;
#4462 = CARTESIAN_POINT ( 'NONE',  ( -3.745716132992169101, -9.171272019776701256, 37.31004988850473580 ) ) ;
#4463 = CARTESIAN_POINT ( 'NONE',  ( -12.93516480823712911, 48.57479582103681537, -0.2370179206897249369 ) ) ;
#4464 = CARTESIAN_POINT ( 'NONE',  ( 5.909245210283804894, 45.09186392846415004, 1.875778801865461975 ) ) ;
#4465 = CARTESIAN_POINT ( 'NONE',  ( 14.09019162403621017, 65.29693243694174498, 1.404526307022641030 ) ) ;
#4466 = ORIENTED_EDGE ( 'NONE', *, *, #1874, .F. ) ;
#4467 = FACE_OUTER_BOUND ( 'NONE', #2493, .T. ) ;
#4468 = CARTESIAN_POINT ( 'NONE',  ( -28.50771344367809590, 57.16008693666326934, 2.151440928056281621 ) ) ;
#4469 = FACE_OUTER_BOUND ( 'NONE', #4993, .T. ) ;
#4470 = EDGE_CURVE ( 'NONE', #3469, #409, #3995, .T. ) ;
#4471 = CARTESIAN_POINT ( 'NONE',  ( -17.95706326541535702, 48.33011647037947967, 9.343624719479642238 ) ) ;
#4472 = LINE ( 'NONE', #1568, #2922 ) ;
#4473 = CARTESIAN_POINT ( 'NONE',  ( -4.833066345017791754, 60.61981779168444007, -3.810885019530068085 ) ) ;
#4474 = CARTESIAN_POINT ( 'NONE',  ( -16.77476177671415059, 64.56400617229806471, -23.02626769207914137 ) ) ;
#4475 = CARTESIAN_POINT ( 'NONE',  ( -6.723174835236272351, 59.11904296624229005, 0.7195597966465124840 ) ) ;
#4476 = DIRECTION ( 'NONE',  ( 1.000000000000000000, 0.000000000000000000, 0.000000000000000000 ) ) ;
#4477 = CARTESIAN_POINT ( 'NONE',  ( 8.202669338332336579, 60.18272156394405670, -19.92989901406027897 ) ) ;
#4478 = CARTESIAN_POINT ( 'NONE',  ( -2.334501540963777266, 54.02462840025530255, 3.523921822654955349 ) ) ;
#4479 = CARTESIAN_POINT ( 'NONE',  ( -13.64770170624417034, 42.16599474893023825, 11.93207550370463821 ) ) ;
#4480 = CARTESIAN_POINT ( 'NONE',  ( -8.708338187071280601, 47.60800571122664593, -13.79858466552949281 ) ) ;
#4481 = EDGE_CURVE ( 'NONE', #4829, #3344, #3856, .T. ) ;
#4482 = CARTESIAN_POINT ( 'NONE',  ( -10.62764302596255739, 57.62590948403777702, -1.249139555266572055 ) ) ;
#4483 = AXIS2_PLACEMENT_3D ( 'NONE', #4804, #2768, #262 ) ;
#4484 = CARTESIAN_POINT ( 'NONE',  ( -9.441619897669017547, 60.93556354622817395, 4.783375527371078739 ) ) ;
#4485 = VERTEX_POINT ( 'NONE', #4462 ) ;
#4486 = CARTESIAN_POINT ( 'NONE',  ( -39.55323504514339561, 60.58733493728630037, -11.37502307015894765 ) ) ;
#4487 = VECTOR ( 'NONE', #3557, 1000.000000000000000 ) ;
#4488 = CARTESIAN_POINT ( 'NONE',  ( 20.89090354998284838, 60.77239474407894448, -11.24660949534311172 ) ) ;
#4489 = CARTESIAN_POINT ( 'NONE',  ( -2.646619063665351046, 56.94372079676230669, 9.637707246332166022 ) ) ;
#4490 = CARTESIAN_POINT ( 'NONE',  ( -4.662222636838360579, 61.77415350838539609, 3.263859689406841458 ) ) ;
#4491 = EDGE_LOOP ( 'NONE', ( #298, #3517, #4608, #5077 ) ) ;
#4492 = CARTESIAN_POINT ( 'NONE',  ( 8.570054512577316430, 48.33011647037947967, 5.698656274067660732 ) ) ;
#4493 = CARTESIAN_POINT ( 'NONE',  ( -1.034604860286589156, 48.57332242071429107, -1.811520760236029481 ) ) ;
#4494 = CARTESIAN_POINT ( 'NONE',  ( 10.49284458710704904, 52.19351542803280353, 11.99121942325413492 ) ) ;
#4495 = CARTESIAN_POINT ( 'NONE',  ( -3.745716132992169101, 12.20807434455414864, 16.74536421793337126 ) ) ;
#4496 = CARTESIAN_POINT ( 'NONE',  ( 2.140125874478308710, 57.74981411778860974, -23.55293299416079833 ) ) ;
#4497 = CARTESIAN_POINT ( 'NONE',  ( -6.650729480357921553, 48.57332242071429107, 4.780834225035076379 ) ) ;
#4498 = CARTESIAN_POINT ( 'NONE',  ( -6.813370951616104954, 64.56232972636782108, -9.514960138837352588 ) ) ;
#4499 = CARTESIAN_POINT ( 'NONE',  ( -6.872824251715226040, 64.31509808444484122, -7.431165835490038063 ) ) ;
#4500 = CARTESIAN_POINT ( 'NONE',  ( 12.70661946686808363, 61.50309050662899324, -17.01989144246860874 ) ) ;
#4501 = DIRECTION ( 'NONE',  ( 0.4999999999999920064, 3.023711536277473166E-15, -0.8660254037844432595 ) ) ;
#4502 = CIRCLE ( 'NONE', #3220, 16.99999999999999645 ) ;
#4503 = CARTESIAN_POINT ( 'NONE',  ( -1.942410184708064369, 53.42371760416325799, 3.114674179633145190 ) ) ;
#4504 = CARTESIAN_POINT ( 'NONE',  ( -18.17349371728459317, 41.35011991919914465, 15.04286003739292532 ) ) ;
#4505 = CARTESIAN_POINT ( 'NONE',  ( -8.700704036843557532, 47.59270134391282880, -13.78765476158104342 ) ) ;
#4506 = CARTESIAN_POINT ( 'NONE',  ( 6.125552143419812801, 61.72165878848014842, -4.115963654326311172 ) ) ;
#4507 = CARTESIAN_POINT ( 'NONE',  ( -16.99830618253182735, 65.29693243694174498, 16.27126867389880616 ) ) ;
#4508 = ORIENTED_EDGE ( 'NONE', *, *, #3001, .F. ) ;
#4509 = CARTESIAN_POINT ( 'NONE',  ( -17.11431207919086361, 40.69331457100172855, 13.87256542376972313 ) ) ;
#4510 = CARTESIAN_POINT ( 'NONE',  ( 19.83191159167146012, 60.75926386390648304, -16.92508154937049980 ) ) ;
#4511 = CARTESIAN_POINT ( 'NONE',  ( -6.699988445594838637, 60.46710617866386173, 18.63690015837460123 ) ) ;
#4512 = CARTESIAN_POINT ( 'NONE',  ( 7.566649746218478967, -17.07928127310372446, -10.70922816806213440 ) ) ;
#4513 = VERTEX_POINT ( 'NONE', #3279 ) ;
#4514 = CARTESIAN_POINT ( 'NONE',  ( 3.001562008974726581, 47.40409088011934813, 0.08720591849642368720 ) ) ;
#4515 = CARTESIAN_POINT ( 'NONE',  ( -28.90790865501013229, 57.80694486631340823, 0.9627375104067407152 ) ) ;
#4516 = ADVANCED_FACE ( 'NONE', ( #1919 ), #2487, .F. ) ;
#4517 = CARTESIAN_POINT ( 'NONE',  ( -2.384849297394759482, 52.73115169495607546, -20.49174239258146812 ) ) ;
#4518 = CARTESIAN_POINT ( 'NONE',  ( 14.57202596345564061, 61.46999178665662100, -23.81282572145185128 ) ) ;
#4519 = LINE ( 'NONE', #5388, #3252 ) ;
#4520 = AXIS2_PLACEMENT_3D ( 'NONE', #4856, #2423, #2873 ) ;
#4521 = CARTESIAN_POINT ( 'NONE',  ( 4.607272171896841684, 56.25544306421151219, 3.695676706579898330 ) ) ;
#4522 = CARTESIAN_POINT ( 'NONE',  ( -3.745716132992169101, -11.79192565544601479, 16.74536421793328955 ) ) ;
#4523 = CARTESIAN_POINT ( 'NONE',  ( -10.93726682889227497, 66.59543889393526683, -15.95263855461127456 ) ) ;
#4524 = ADVANCED_FACE ( 'NONE', ( #337, #3293 ), #747, .F. ) ;
#4525 = CARTESIAN_POINT ( 'NONE',  ( -4.771113744104182430, 55.46421501199905890, -1.977124949764429207 ) ) ;
#4526 = CARTESIAN_POINT ( 'NONE',  ( 4.119740543729899507, 58.21362079090518193, -21.10675675261465756 ) ) ;
#4527 = CARTESIAN_POINT ( 'NONE',  ( -0.9407902133009872214, -11.91941866444515163, 37.05462828672597198 ) ) ;
#4528 = CARTESIAN_POINT ( 'NONE',  ( -1.821172869453680843, 53.22128636233845356, 2.967286415489752915 ) ) ;
#4529 = CARTESIAN_POINT ( 'NONE',  ( -18.38712017437753943, 44.73052067723265424, 12.68042054658068629 ) ) ;
#4530 = CARTESIAN_POINT ( 'NONE',  ( -9.625927136137013562, 47.06322041495224795, -10.47972625871760144 ) ) ;
#4531 = CARTESIAN_POINT ( 'NONE',  ( -6.445555432068550417, 58.24537951607573660, 4.826806369892286064 ) ) ;
#4532 = CARTESIAN_POINT ( 'NONE',  ( -7.611612073859823191, 61.66755760848361234, -4.775375230235046509 ) ) ;
#4533 = EDGE_LOOP ( 'NONE', ( #1698, #5136, #242, #4723, #1636, #154, #2938, #4266, #504, #4563, #2051, #1190 ) ) ;
#4534 = DIRECTION ( 'NONE',  ( 0.000000000000000000, -1.000000000000000000, -3.491481338843133355E-15 ) ) ;
#4535 = ORIENTED_EDGE ( 'NONE', *, *, #932, .T. ) ;
#4536 = AXIS2_PLACEMENT_3D ( 'NONE', #3202, #689, #1926 ) ;
#4537 = CARTESIAN_POINT ( 'NONE',  ( 14.61594709564378824, 60.87334796872731602, -8.772343312564265361 ) ) ;
#4538 =( BOUNDED_CURVE ( )  B_SPLINE_CURVE ( 3, ( #2061, #4920, #2556, #1640 ),
 .UNSPECIFIED., .F., .T. ) 
 B_SPLINE_CURVE_WITH_KNOTS ( ( 4, 4 ),
 ( 1.629653832741977837, 1.688716478820140976 ),
 .UNSPECIFIED. ) 
 CURVE ( )  GEOMETRIC_REPRESENTATION_ITEM ( )  RATIONAL_B_SPLINE_CURVE ( ( 1.000000000000000000, 0.9997093214458155908, 0.9997093214458155908, 1.000000000000000000 ) ) 
 REPRESENTATION_ITEM ( '' )  );
#4539 = CARTESIAN_POINT ( 'NONE',  ( -13.49825850581833819, 61.13837686398080962, 24.94700070503954592 ) ) ;
#4540 = CARTESIAN_POINT ( 'NONE',  ( 6.769186932328547179, 58.55811439068478563, 19.51549918641299541 ) ) ;
#4541 = ORIENTED_EDGE ( 'NONE', *, *, #1846, .T. ) ;
#4542 = CARTESIAN_POINT ( 'NONE',  ( -20.46814799732770496, -24.27928127310373441, -8.636578798200746476 ) ) ;
#4543 = CARTESIAN_POINT ( 'NONE',  ( 0.3490880163206417364, 47.58621493638015920, -1.093832479286961590 ) ) ;
#4544 = CARTESIAN_POINT ( 'NONE',  ( -0.8177295289136182754, 48.13401259752640016, -1.758915006847723506 ) ) ;
#4545 = CARTESIAN_POINT ( 'NONE',  ( 9.395279050532989729, -21.86835655457083760, -7.911605863179645759 ) ) ;
#4546 = CARTESIAN_POINT ( 'NONE',  ( -7.992076971072858527, 50.09794549455669710, -7.451736290475583502 ) ) ;
#4547 = EDGE_CURVE ( 'NONE', #3036, #1042, #4998, .T. ) ;
#4548 = CARTESIAN_POINT ( 'NONE',  ( -0.7954526094320644169, 61.66755760848361234, 0.5669061322066192288 ) ) ;
#4549 = CARTESIAN_POINT ( 'NONE',  ( -6.953848607525033643, 61.17453407534542009, -5.003006612672841413 ) ) ;
#4550 = EDGE_CURVE ( 'NONE', #1673, #167, #4230, .T. ) ;
#4551 = CARTESIAN_POINT ( 'NONE',  ( -7.216236731561295414, 48.83939020135802878, 5.822150333796996868 ) ) ;
#4552 = CARTESIAN_POINT ( 'NONE',  ( 2.576085433165820504, 47.48531633460704882, -0.3675005899556578748 ) ) ;
#4553 = CIRCLE ( 'NONE', #4385, 34.67318886162947678 ) ;
#4554 = CARTESIAN_POINT ( 'NONE',  ( -23.28888963499771947, 61.05163732867175952, -20.71729143889331226 ) ) ;
#4555 = CARTESIAN_POINT ( 'NONE',  ( -1.745716132992168879, -16.79192565544608939, 37.14947757680346285 ) ) ;
#4556 = CARTESIAN_POINT ( 'NONE',  ( 15.15104717956466729, 61.60782023084698267, -11.96281506530677419 ) ) ;
#4557 = CARTESIAN_POINT ( 'NONE',  ( -13.62036137341064901, 45.79408733381856678, 9.601558110089994713 ) ) ;
#4558 = CARTESIAN_POINT ( 'NONE',  ( -3.459476042297288334, 52.55583906084468993, -20.40301994800878660 ) ) ;
#4559 = DIRECTION ( 'NONE',  ( 0.000000000000000000, -3.491481338843133355E-15, 1.000000000000000000 ) ) ;
#4560 = PLANE ( 'NONE',  #3917 ) ;
#4561 = ORIENTED_EDGE ( 'NONE', *, *, #4877, .F. ) ;
#4562 = CARTESIAN_POINT ( 'NONE',  ( -27.98208266788292775, 60.52666736496842503, -10.77979872748003665 ) ) ;
#4563 = ORIENTED_EDGE ( 'NONE', *, *, #3572, .T. ) ;
#4564 = CARTESIAN_POINT ( 'NONE',  ( -1.236203347936101871, 50.15579072048938514, -2.296276564420855149 ) ) ;
#4565 = CARTESIAN_POINT ( 'NONE',  ( 7.446619980361309565, 59.11873469395016656, -10.93125890861312932 ) ) ;
#4566 = CARTESIAN_POINT ( 'NONE',  ( -3.940754048766414108, 56.20699088854366465, 5.093530428134982913 ) ) ;
#4567 = AXIS2_PLACEMENT_3D ( 'NONE', #2538, #579, #3410 ) ;
#4568 = DIRECTION ( 'NONE',  ( -0.000000000000000000, 1.000000000000000000, -0.000000000000000000 ) ) ;
#4569 = EDGE_LOOP ( 'NONE', ( #2880, #1039, #4576, #4217, #4390, #1756 ) ) ;
#4570 = DIRECTION ( 'NONE',  ( 0.000000000000000000, -3.491481338843133355E-15, 1.000000000000000000 ) ) ;
#4571 = DIRECTION ( 'NONE',  ( -1.000000000000000000, 0.000000000000000000, 0.000000000000000000 ) ) ;
#4572 =( BOUNDED_CURVE ( )  B_SPLINE_CURVE ( 3, ( #4697, #945, #4318, #2209 ),
 .UNSPECIFIED., .F., .T. ) 
 B_SPLINE_CURVE_WITH_KNOTS ( ( 4, 4 ),
 ( 1.570796326794896558, 1.637512475205121776 ),
 .UNSPECIFIED. ) 
 CURVE ( )  GEOMETRIC_REPRESENTATION_ITEM ( )  RATIONAL_B_SPLINE_CURVE ( ( 1.000000000000000000, 0.9996291140226467586, 0.9996291140226467586, 1.000000000000000000 ) ) 
 REPRESENTATION_ITEM ( '' )  );
#4573 = CARTESIAN_POINT ( 'NONE',  ( 1.234443450850853718, 60.90753886619070556, 22.82594223464936789 ) ) ;
#4574 = AXIS2_PLACEMENT_3D ( 'NONE', #637, #3594, #609 ) ;
#4575 = CARTESIAN_POINT ( 'NONE',  ( 20.88088610972742032, 61.71864296058178923, -14.09455158405435249 ) ) ;
#4576 = ORIENTED_EDGE ( 'NONE', *, *, #1810, .T. ) ;
#4577 = CARTESIAN_POINT ( 'NONE',  ( -7.964112201961791371, 47.58621493638016631, 5.620303266737948000 ) ) ;
#4578 = CARTESIAN_POINT ( 'NONE',  ( -7.611612073859823191, 61.66755760848361234, -4.775375230235046509 ) ) ;
#4579 = CARTESIAN_POINT ( 'NONE',  ( -26.74440654668031314, 55.76902777191695293, 5.505083953575643285 ) ) ;
#4580 = CARTESIAN_POINT ( 'NONE',  ( 7.540673742617784114, 47.57739697659901168, 4.131011006937637120 ) ) ;
#4581 = EDGE_CURVE ( 'NONE', #2864, #1758, #5067, .T. ) ;
#4582 = CARTESIAN_POINT ( 'NONE',  ( -25.42762081630145943, 61.50588359559949936, -18.22507398188865935 ) ) ;
#4583 = CARTESIAN_POINT ( 'NONE',  ( -43.24571613299217177, -21.27928127310376283, -0.1365787982008682677 ) ) ;
#4584 = CARTESIAN_POINT ( 'NONE',  ( 13.12118720800672733, 61.33867665775802180, -14.98815125181261010 ) ) ;
#4585 = CARTESIAN_POINT ( 'NONE',  ( -15.06234456329894833, 56.99600354092543597, -0.7805981933353806079 ) ) ;
#4586 = CARTESIAN_POINT ( 'NONE',  ( -9.800084748895393716, 48.36913846547027873, -3.858598708128778032 ) ) ;
#4587 = CARTESIAN_POINT ( 'NONE',  ( -0.7954526094320644169, 61.66755760848361234, 0.5669061322066192288 ) ) ;
#4588 = CARTESIAN_POINT ( 'NONE',  ( -8.362710797711010002, 61.67279508745168215, -5.141631244885850549 ) ) ;
#4589 = VERTEX_POINT ( 'NONE', #1232 ) ;
#4590 = CARTESIAN_POINT ( 'NONE',  ( -18.21211857360952990, 50.49091130225197332, 6.198078651556159002 ) ) ;
#4591 = VERTEX_POINT ( 'NONE', #312 ) ;
#4592 = CARTESIAN_POINT ( 'NONE',  ( -11.99096005882150173, -15.40345409022534717, 38.86663854819074260 ) ) ;
#4593 = CARTESIAN_POINT ( 'NONE',  ( 17.45416206963384909, 64.82648338477062566, 3.325264826571533217 ) ) ;
#4594 = AXIS2_PLACEMENT_3D ( 'NONE', #4726, #2298, #1003 ) ;
#4595 = EDGE_CURVE ( 'NONE', #1141, #5021, #3208, .T. ) ;
#4596 = CARTESIAN_POINT ( 'NONE',  ( -13.04175911553049616, 61.43803993837750710, -7.612869394028847658 ) ) ;
#4597 = CARTESIAN_POINT ( 'NONE',  ( -6.434627876099376032, 61.64317432838911515, 28.99048768195385506 ) ) ;
#4598 = ORIENTED_EDGE ( 'NONE', *, *, #2642, .F. ) ;
#4599 = CARTESIAN_POINT ( 'NONE',  ( -7.510513805135881071, 60.72849628883992068, 23.79844761031599631 ) ) ;
#4600 = LINE ( 'NONE', #849, #2650 ) ;
#4601 = FACE_OUTER_BOUND ( 'NONE', #2311, .T. ) ;
#4602 = VECTOR ( 'NONE', #1654, 1000.000000000000000 ) ;
#4603 = CARTESIAN_POINT ( 'NONE',  ( 11.39824171726958468, 61.14389869533119537, -11.29327239058187615 ) ) ;
#4604 = CIRCLE ( 'NONE', #2244, 90.00000000000000000 ) ;
#4605 = VERTEX_POINT ( 'NONE', #5025 ) ;
#4606 = DIRECTION ( 'NONE',  ( 0.2973836590439041805, -0.9547580632462125960, -3.333519960934163353E-15 ) ) ;
#4607 =( BOUNDED_SURFACE ( )  B_SPLINE_SURFACE ( 3, 2, ( 
 ( #3630, #5239, #645 ),
 ( #4003, #1057, #1911 ),
 ( #1495, #235, #3190 ),
 ( #3216, #2370, #1083 ) ),
 .UNSPECIFIED., .F., .F., .F. ) 
 B_SPLINE_SURFACE_WITH_KNOTS ( ( 4, 4 ),
 ( 3, 3 ),
 ( 0.004566022159045833237, 0.006030642147041247354 ),
 ( 0.000000000000000000, 1.000000000000000000 ),
 .UNSPECIFIED. ) 
 GEOMETRIC_REPRESENTATION_ITEM ( )  RATIONAL_B_SPLINE_SURFACE ( (
 ( 1.000000000000000000, 0.9761564505959127169, 1.000000000000000000),
 ( 1.000000000000000000, 0.9735295494344214928, 1.000000000000000000),
 ( 1.000000000000000000, 0.9705784797816706666, 1.000000000000000000),
 ( 1.000000000000000000, 0.9671245253898410610, 1.000000000000000000) ) ) 
 REPRESENTATION_ITEM ( '' )  SURFACE ( )  );
#4608 = ORIENTED_EDGE ( 'NONE', *, *, #1571, .T. ) ;
#4609 = CARTESIAN_POINT ( 'NONE',  ( -5.848531711756943530, 58.82380169307482021, -1.731618505286502963 ) ) ;
#4610 = CIRCLE ( 'NONE', #1551, 39.50000000000000000 ) ;
#4611 = AXIS2_PLACEMENT_3D ( 'NONE', #4001, #3569, #643 ) ;
#4612 = CARTESIAN_POINT ( 'NONE',  ( -19.17216810056850207, 47.43873559050894784, 9.973936148141735458 ) ) ;
#4613 = CARTESIAN_POINT ( 'NONE',  ( -1.405491023158786934, 53.89029612215924203, 2.376425803112924395 ) ) ;
#4614 = CARTESIAN_POINT ( 'NONE',  ( -36.05490368789761391, 61.64132716414940916, -13.38333149076829187 ) ) ;
#4615 = CARTESIAN_POINT ( 'NONE',  ( -5.809514219239635402, 56.70778072437708772, 1.123878106407381727 ) ) ;
#4616 = CARTESIAN_POINT ( 'NONE',  ( -0.2224310213366923195, -16.28089899646919747, 38.97559242080801312 ) ) ;
#4617 = CARTESIAN_POINT ( 'NONE',  ( -9.065312219623359979, 60.49001908423223028, 3.621694371982350003 ) ) ;
#4618 = B_SPLINE_CURVE_WITH_KNOTS ( 'NONE', 3,
 ( #2261, #3184, #1107, #341, #3710, #5318, #670, #4452, #3626, #286 ),
 .UNSPECIFIED., .F., .F.,
 ( 4, 3, 3, 4 ),
 ( 1.192622389734054877E-18, 0.0001168546325867681000, 0.0008047481875076319124, 0.001127144032909078303 ),
 .UNSPECIFIED. ) ;
#4619 = CARTESIAN_POINT ( 'NONE',  ( -5.745716132992169101, 48.71270947356899228, -0.1365787982006284595 ) ) ;
#4620 = ORIENTED_EDGE ( 'NONE', *, *, #1302, .F. ) ;
#4621 = EDGE_CURVE ( 'NONE', #1924, #2550, #3922, .T. ) ;
#4622 = CARTESIAN_POINT ( 'NONE',  ( -13.33394691164423307, 41.49383178227374458, 11.26127728673476192 ) ) ;
#4623 = VERTEX_POINT ( 'NONE', #1029 ) ;
#4624 = CARTESIAN_POINT ( 'NONE',  ( 19.71900589537741055, 63.58862192785478840, 1.938870018399055706 ) ) ;
#4625 = B_SPLINE_CURVE_WITH_KNOTS ( 'NONE', 3,
 ( #1323, #4960, #4556, #3351, #2929, #4584, #833, #1374, #1349, #2199, #3069, #4717 ),
 .UNSPECIFIED., .F., .F.,
 ( 4, 2, 2, 2, 2, 4 ),
 ( 0.005592490451992485415, 0.007785398429495774680, 0.009978306406999063946, 0.01217121438450235321, 0.01326766837325400045, 0.01436412236200564768 ),
 .UNSPECIFIED. ) ;
#4626 = CARTESIAN_POINT ( 'NONE',  ( -28.89564663819896140, 58.61242113244190932, 1.503730324641580296 ) ) ;
#4627 = EDGE_CURVE ( 'NONE', #1924, #3719, #2772, .T. ) ;
#4628 = CARTESIAN_POINT ( 'NONE',  ( 3.855420273624106997, 45.04953886885868286, -1.305427294165800722 ) ) ;
#4629 = ORIENTED_EDGE ( 'NONE', *, *, #2490, .F. ) ;
#4630 = CIRCLE ( 'NONE', #3341, 16.99999999999999645 ) ;
#4631 = DIRECTION ( 'NONE',  ( -1.000000000000000000, 0.000000000000000000, 0.000000000000000000 ) ) ;
#4632 = FACE_OUTER_BOUND ( 'NONE', #3920, .T. ) ;
#4633 = DIRECTION ( 'NONE',  ( 1.000000000000000000, 0.000000000000000000, -0.000000000000000000 ) ) ;
#4634 = B_SPLINE_SURFACE_WITH_KNOTS ( 'NONE', 3, 3, ( 
 ( #3739, #729, #295, #3716, #1578, #3219, #2903, #5297, #678, #321, #4933, #1626, #3301, #1185, #754, #3245 ),
 ( #2876, #1213, #2400, #4908, #2824, #2020, #1994, #5348, #4530, #4480, #3633, #2349, #1526, #4962, #373, #3691 ),
 ( #2848, #1553, #4886, #3274, #1600, #1968, #1163, #704, #780, #4505, #1112, #1940, #4034, #2426, #2453, #265 ),
 ( #4137, #5268, #2800, #4458, #2373, #4063, #1685, #1652, #2175, #3353, #1296, #2991, #1326, #1241, #1765, #2124 ),
 ( #2154, #916, #2511, #3457, #1713, #892, #475, #3815, #835, #499, #4238, #4186, #4558, #4213, #3867, #93 ),
 ( #5397, #2589, #4643, #2073, #425, #2537, #4586, #3383, #805, #3841, #3020, #5097, #1351, #2480, #2101, #3786 ),
 ( #4160, #4669, #4615, #2566, #398, #67, #3762, #41, #1739, #4990, #5018, #2932, #5048, #13, #3432, #1268 ) ),
 .UNSPECIFIED., .F., .F., .F.,
 ( 4, 3, 4 ),
 ( 4, 1, 1, 1, 1, 1, 1, 1, 1, 1, 1, 1, 1, 4 ),
 ( -0.05066423445654776037, 0.000000000000000000, 1.000000000000000000 ),
 ( 0.000000000000000000, 0.07547820191944100421, 0.1133852450234320852, 0.1891270525913288370, 0.2649876782291051835, 0.3413232437502762839, 0.4203125869419977456, 0.5041872106849611956, 0.5936629732079360400, 0.6872577682256519882, 0.7816445893033762138, 0.8729534005875740910, 0.9168135972314199744, 1.000000000000000000 ),
 .UNSPECIFIED. ) ;
#4635 = CARTESIAN_POINT ( 'NONE',  ( -3.146664618026181692, 54.42595440942676532, -9.543897816038745319 ) ) ;
#4636 = CARTESIAN_POINT ( 'NONE',  ( -7.411698589697238937, 12.54209188784884965, 34.66726444395238360 ) ) ;
#4637 = VERTEX_POINT ( 'NONE', #5158 ) ;
#4638 = EDGE_CURVE ( 'NONE', #2907, #3204, #156, .T. ) ;
#4639 = CARTESIAN_POINT ( 'NONE',  ( -12.75682655515783104, 47.04919614125298466, 8.382074027847583153 ) ) ;
#4640 = DIRECTION ( 'NONE',  ( 0.000000000000000000, 1.000000000000000000, 3.491432162673459096E-15 ) ) ;
#4641 = CARTESIAN_POINT ( 'NONE',  ( -25.42857395709297208, 53.64734997320066157, 7.119332724452055672 ) ) ;
#4642 = CARTESIAN_POINT ( 'NONE',  ( -20.62145777397268631, 50.52766035559854885, 8.536423079878831643 ) ) ;
#4643 = CARTESIAN_POINT ( 'NONE',  ( -5.992949216306191040, 56.94753045237911948, 0.8612520329196662328 ) ) ;
#4644 = CARTESIAN_POINT ( 'NONE',  ( -1.096075294503886743, -16.71153926385037636, 39.08913621065757837 ) ) ;
#4645 = CIRCLE ( 'NONE', #187, 39.50000000000000000 ) ;
#4646 = ADVANCED_FACE ( 'NONE', ( #5241 ), #3911, .T. ) ;
#4647 = CARTESIAN_POINT ( 'NONE',  ( -10.85184685680499150, -12.04399628095544195, 37.01447296968223100 ) ) ;
#4648 = DIRECTION ( 'NONE',  ( 0.000000000000000000, 1.000000000000000000, 0.000000000000000000 ) ) ;
#4649 = VERTEX_POINT ( 'NONE', #1437 ) ;
#4650 = CARTESIAN_POINT ( 'NONE',  ( -29.14013760809715237, 58.76870798955039277, -1.725857603400903439 ) ) ;
#4651 = DIRECTION ( 'NONE',  ( 1.000000000000000000, 1.850371707708594316E-16, 0.000000000000000000 ) ) ;
#4652 = CARTESIAN_POINT ( 'NONE',  ( 17.55124431276621877, 64.03877224530342005, 1.845058632153574463 ) ) ;
#4653 = EDGE_CURVE ( 'NONE', #1609, #3852, #3078, .T. ) ;
#4654 = CARTESIAN_POINT ( 'NONE',  ( -8.847295019531419058, 61.44932509327114900, 25.99413115570831323 ) ) ;
#4655 = CARTESIAN_POINT ( 'NONE',  ( -4.516200912426040048, 61.68516936520640570, 31.31844493318573797 ) ) ;
#4656 = ORIENTED_EDGE ( 'NONE', *, *, #3643, .F. ) ;
#4657 = CARTESIAN_POINT ( 'NONE',  ( -2.595952972080678212, 57.30350034947083770, -4.035253884224519361 ) ) ;
#4658 = CARTESIAN_POINT ( 'NONE',  ( -8.585894116925876673, 61.69906597222898625, 7.132276739624344941 ) ) ;
#4659 = CARTESIAN_POINT ( 'NONE',  ( -9.551814058332031010, 48.57332242071429107, -3.379049859401443090 ) ) ;
#4660 = CARTESIAN_POINT ( 'NONE',  ( -10.32983501246386204, 45.08316817304421420, -14.78483426928253941 ) ) ;
#4661 = ORIENTED_EDGE ( 'NONE', *, *, #4940, .T. ) ;
#4662 = DIRECTION ( 'NONE',  ( 1.000000000000000000, 0.000000000000000000, 0.000000000000000000 ) ) ;
#4663 = ORIENTED_EDGE ( 'NONE', *, *, #1736, .F. ) ;
#4664 = CARTESIAN_POINT ( 'NONE',  ( -27.08242096399259680, 56.03772365489542295, 4.598851258475495918 ) ) ;
#4665 = B_SPLINE_CURVE_WITH_KNOTS ( 'NONE', 3,
 ( #1704, #3400, #4636, #5065 ),
 .UNSPECIFIED., .F., .F.,
 ( 4, 4 ),
 ( 2.864663411385120803E-07, 0.001429675881020815590 ),
 .UNSPECIFIED. ) ;
#4666 = CARTESIAN_POINT ( 'NONE',  ( -1.111598768973129259, 53.75460580568535818, -20.88468073608106224 ) ) ;
#4667 = CARTESIAN_POINT ( 'NONE',  ( -1.021949661379599972, 50.27030294947041256, -1.781214637886117114 ) ) ;
#4668 = CARTESIAN_POINT ( 'NONE',  ( -20.69748933349123377, 59.28688475297048655, -4.218994530956146960 ) ) ;
#4669 = CARTESIAN_POINT ( 'NONE',  ( -4.699898366322602605, 57.67041869464678427, 1.094805377718450989 ) ) ;
#4670 = CARTESIAN_POINT ( 'NONE',  ( -10.19978843694132031, 61.74095824948062017, 7.998619658021148382 ) ) ;
#4671 = CARTESIAN_POINT ( 'NONE',  ( -9.745716132992169989, -11.79192565544608939, 37.14947757680347706 ) ) ;
#4672 = LINE ( 'NONE', #4262, #2519 ) ;
#4673 = VERTEX_POINT ( 'NONE', #3107 ) ;
#4674 = CARTESIAN_POINT ( 'NONE',  ( -10.65032213425511287, 49.42634972779233493, 4.809352276434643692 ) ) ;
#4675 = CARTESIAN_POINT ( 'NONE',  ( -6.421753914354248138, 59.95352913956683949, 4.506966183403401160 ) ) ;
#4676 = CARTESIAN_POINT ( 'NONE',  ( 10.87592692750838097, 52.83195490312274956, 11.86583437499596450 ) ) ;
#4677 = CARTESIAN_POINT ( 'NONE',  ( -10.54526131755818064, 63.33628456727498701, 5.335091578550954949 ) ) ;
#4678 = VERTEX_POINT ( 'NONE', #4754 ) ;
#4679 = DIRECTION ( 'NONE',  ( 0.000000000000000000, -3.491481338843133355E-15, 1.000000000000000000 ) ) ;
#4680 = CIRCLE ( 'NONE', #2324, 33.98129043433324625 ) ;
#4681 = CARTESIAN_POINT ( 'NONE',  ( -7.745716132992169101, -10.48225499402205863, 37.30367249618607417 ) ) ;
#4682 = DIRECTION ( 'NONE',  ( 0.000000000000000000, -1.000000000000000000, -3.491481338843133355E-15 ) ) ;
#4683 = CARTESIAN_POINT ( 'NONE',  ( 8.278541923940975877, 57.36595562906146739, 18.96725667209302912 ) ) ;
#4684 = CARTESIAN_POINT ( 'NONE',  ( -11.46152133635176540, 52.77184415443057475, 0.1917169209737252245 ) ) ;
#4685 = ORIENTED_EDGE ( 'NONE', *, *, #3436, .F. ) ;
#4686 = CARTESIAN_POINT ( 'NONE',  ( 4.267278472691486080, 61.73597194179525616, -2.874028004437385597 ) ) ;
#4687 = EDGE_CURVE ( 'NONE', #4019, #2997, #4286, .T. ) ;
#4688 = CARTESIAN_POINT ( 'NONE',  ( -6.829704307365323857, 48.64807334219055690, 4.747895237295220561 ) ) ;
#4689 = LINE ( 'NONE', #147, #2959 ) ;
#4690 = DIRECTION ( 'NONE',  ( 1.000000000000000000, 0.000000000000000000, 0.000000000000000000 ) ) ;
#4691 = CARTESIAN_POINT ( 'NONE',  ( -6.633873280101743930, 52.48664730524507860, 3.334629706997984222 ) ) ;
#4692 = DIRECTION ( 'NONE',  ( 1.000000000000000000, 0.000000000000000000, 0.000000000000000000 ) ) ;
#4693 = CARTESIAN_POINT ( 'NONE',  ( -2.064008963760435300, 48.57479582103681537, -6.312604428922838018 ) ) ;
#4694 = CARTESIAN_POINT ( 'NONE',  ( -12.24544015623481208, -13.96238763055942123, 36.79584039821389752 ) ) ;
#4695 = CARTESIAN_POINT ( 'NONE',  ( -28.64366462251821943, 61.14287526155386132, -7.334934533737529350 ) ) ;
#4696 = CARTESIAN_POINT ( 'NONE',  ( -19.09866756354426442, 61.11128275051245851, -11.71149501742690369 ) ) ;
#4697 = CARTESIAN_POINT ( 'NONE',  ( 26.73023650892419312, -24.27928127310369888, -18.88657879820103247 ) ) ;
#4698 = CARTESIAN_POINT ( 'NONE',  ( -38.22166877490879244, -24.27928127310369888, -18.88657879820058128 ) ) ;
#4699 = ADVANCED_FACE ( 'NONE', ( #1799 ), #1913, .F. ) ;
#4700 = CARTESIAN_POINT ( 'NONE',  ( 14.60124588139871271, 61.41655301477164386, -5.959791216370554423 ) ) ;
#4701 = CARTESIAN_POINT ( 'NONE',  ( -11.56986013664355184, 61.50588359559949936, 25.95269824425291461 ) ) ;
#4702 = CARTESIAN_POINT ( 'NONE',  ( -7.666572029970684099, 59.12120264705040285, -2.697780580510369841 ) ) ;
#4703 = EDGE_LOOP ( 'NONE', ( #1317, #1631, #4973 ) ) ;
#4704 = PLANE ( 'NONE',  #3427 ) ;
#4705 = CARTESIAN_POINT ( 'NONE',  ( 23.44955959902561560, 12.20807434455411311, -19.30188017790526800 ) ) ;
#4706 = DIRECTION ( 'NONE',  ( -0.000000000000000000, 1.000000000000000000, 3.491481338843133355E-15 ) ) ;
#4707 = CARTESIAN_POINT ( 'NONE',  ( -9.618106799102639215, 47.38857532860460253, -5.361154455936831376 ) ) ;
#4708 = CARTESIAN_POINT ( 'NONE',  ( 19.80887044874947733, 62.13684232281832465, -6.028469828548840503 ) ) ;
#4709 = EDGE_LOOP ( 'NONE', ( #785, #250, #3960, #2093 ) ) ;
#4710 = CARTESIAN_POINT ( 'NONE',  ( -28.96791875652665027, 58.18125433335777785, 0.9124767713388420853 ) ) ;
#4711 = CARTESIAN_POINT ( 'NONE',  ( -0.8431248965207095436, 61.40981787315510587, 0.9023651785332058584 ) ) ;
#4712 = ORIENTED_EDGE ( 'NONE', *, *, #4919, .F. ) ;
#4713 = CARTESIAN_POINT ( 'NONE',  ( -6.912745614069864430, 60.77663226297871546, -5.009985811789938737 ) ) ;
#4714 = ADVANCED_FACE ( 'NONE', ( #124 ), #5112, .F. ) ;
#4715 = CARTESIAN_POINT ( 'NONE',  ( 20.46903243080700108, 61.73557177506449989, -6.096299578071614711 ) ) ;
#4716 = EDGE_CURVE ( 'NONE', #4002, #3036, #3977, .T. ) ;
#4717 = CARTESIAN_POINT ( 'NONE',  ( 10.65033062446899059, 60.90753886619070556, -17.66283483670342846 ) ) ;
#4718 = CARTESIAN_POINT ( 'NONE',  ( -14.79464248888524303, 64.12597198736165183, -14.27090786868225258 ) ) ;
#4719 = CYLINDRICAL_SURFACE ( 'NONE', #527, 37.50000000000000000 ) ;
#4720 = CARTESIAN_POINT ( 'NONE',  ( -20.94562906318664730, 65.25273148235125120, 17.81082097644797102 ) ) ;
#4721 = CARTESIAN_POINT ( 'NONE',  ( -10.07278579218836967, -11.80809323986862225, 37.11328342425858295 ) ) ;
#4722 = CARTESIAN_POINT ( 'NONE',  ( -8.158569682058104178, 60.93556354622818105, -5.797302511139447390 ) ) ;
#4723 = ORIENTED_EDGE ( 'NONE', *, *, #1619, .F. ) ;
#4724 = CARTESIAN_POINT ( 'NONE',  ( -13.38531331627865661, 57.96108072841336423, -3.587216135089532631 ) ) ;
#4725 = PLANE ( 'NONE',  #151 ) ;
#4726 = CARTESIAN_POINT ( 'NONE',  ( -5.745716132992169101, -21.27928127310376283, -0.1365787982008728474 ) ) ;
#4727 = DIRECTION ( 'NONE',  ( 0.000000000000000000, 1.000000000000000000, 3.491481338843133355E-15 ) ) ;
#4728 = CARTESIAN_POINT ( 'NONE',  ( 3.773203934617235245, 59.30232235452003664, 21.72290909307502105 ) ) ;
#4729 = CARTESIAN_POINT ( 'NONE',  ( -18.70893686113405607, 63.36336121098695884, 23.00446485715422895 ) ) ;
#4730 = VERTEX_POINT ( 'NONE', #1469 ) ;
#4731 = TOROIDAL_SURFACE ( 'NONE', #1583, 118.0000000000000000, 90.00000000000000000 ) ;
#4732 = CARTESIAN_POINT ( 'NONE',  ( -6.384744085597723107, 49.79667461743410684, 5.070405360886746315 ) ) ;
#4733 = CARTESIAN_POINT ( 'NONE',  ( 10.89425723306214522, 60.56246796987447567, -19.76318330595254125 ) ) ;
#4734 = CARTESIAN_POINT ( 'NONE',  ( 12.63601777787027380, 50.04657981869627292, 10.87244533093862309 ) ) ;
#4735 = CARTESIAN_POINT ( 'NONE',  ( 11.36759265763979165, 61.49478740097256946, -8.908353014864875519 ) ) ;
#4736 = VERTEX_POINT ( 'NONE', #589 ) ;
#4737 = CARTESIAN_POINT ( 'NONE',  ( -7.611612073859823191, 61.66755760848361234, -4.775375230235046509 ) ) ;
#4738 = DIRECTION ( 'NONE',  ( 1.084202172485487054E-16, 1.000000000000000000, 3.303692014000987614E-15 ) ) ;
#4739 = EDGE_LOOP ( 'NONE', ( #3724, #223, #5250, #2225 ) ) ;
#4740 = CARTESIAN_POINT ( 'NONE',  ( -22.24912889023906715, 50.29479446686735855, 8.821995446743263969 ) ) ;
#4741 = CARTESIAN_POINT ( 'NONE',  ( 0.2406766702070951003, -15.81862752616062373, 38.90726234102798742 ) ) ;
#4742 = AXIS2_PLACEMENT_3D ( 'NONE', #3912, #1900, #3592 ) ;
#4743 = CARTESIAN_POINT ( 'NONE',  ( 6.365676432525436468, 60.83075722421227027, 23.02456199990673369 ) ) ;
#4744 = CARTESIAN_POINT ( 'NONE',  ( -20.94265458969130833, 13.20807434455406870, -7.755834768654742639 ) ) ;
#4745 = CARTESIAN_POINT ( 'NONE',  ( 22.25428386700783179, 65.02071872689622012, -0.1365787982005715329 ) ) ;
#4746 = EDGE_CURVE ( 'NONE', #3852, #1671, #3161, .T. ) ;
#4747 = CARTESIAN_POINT ( 'NONE',  ( -0.6007966485696036862, 51.11008806799735282, 6.469361588740391689 ) ) ;
#4748 = DIRECTION ( 'NONE',  ( 0.000000000000000000, -3.491481338843133355E-15, 1.000000000000000000 ) ) ;
#4749 = PRODUCT_CONTEXT ( 'NONE', #651, 'mechanical' ) ;
#4750 = CARTESIAN_POINT ( 'NONE',  ( -11.91246251228916719, -13.03407727375244463, 36.85301235196642011 ) ) ;
#4751 = CARTESIAN_POINT ( 'NONE',  ( -37.17544786176249971, -9.171272019776498752, -20.59194394912220716 ) ) ;
#4752 = VERTEX_POINT ( 'NONE', #2269 ) ;
#4753 = CARTESIAN_POINT ( 'NONE',  ( -7.451797439069969720, 61.38168000343430464, 23.80270586114128051 ) ) ;
#4754 = CARTESIAN_POINT ( 'NONE',  ( 8.976715731343247739, -24.27928127310373441, -8.636578798200950757 ) ) ;
#4755 = DIRECTION ( 'NONE',  ( 1.000000000000000000, 0.000000000000000000, 0.000000000000000000 ) ) ;
#4756 = CARTESIAN_POINT ( 'NONE',  ( 10.01600864910318478, 48.27941983337726128, 7.444429414396812383 ) ) ;
#4757 = CARTESIAN_POINT ( 'NONE',  ( -18.12230198304762041, 63.63270260737007078, 22.08889786943188227 ) ) ;
#4758 = ORIENTED_EDGE ( 'NONE', *, *, #2646, .T. ) ;
#4759 = CARTESIAN_POINT ( 'NONE',  ( -7.276523595727681482, 61.72249419419810579, 25.86777342918471945 ) ) ;
#4760 = CARTESIAN_POINT ( 'NONE',  ( 7.219737937790466908, 60.23522843818429351, -24.61448863542661769 ) ) ;
#4761 = EDGE_CURVE ( 'NONE', #25, #3928, #2905, .T. ) ;
#4762 = CARTESIAN_POINT ( 'NONE',  ( 9.774717071694063009, 57.55653967592773057, 19.76875164163060461 ) ) ;
#4763 = CARTESIAN_POINT ( 'NONE',  ( 2.279101761729989573, 58.54448563105086123, -8.376359558545692252 ) ) ;
#4764 = ORIENTED_EDGE ( 'NONE', *, *, #434, .F. ) ;
#4765 = CARTESIAN_POINT ( 'NONE',  ( -9.870825655563429279, 50.15579072048929987, -2.962082545639936004 ) ) ;
#4766 = CARTESIAN_POINT ( 'NONE',  ( 10.23572982495839234, 60.78504504343080583, -6.499225620648974022 ) ) ;
#4767 = EDGE_LOOP ( 'NONE', ( #2620, #1998, #1770, #4121, #5101 ) ) ;
#4768 = CARTESIAN_POINT ( 'NONE',  ( -7.754212065896314954, 49.31251956402547165, 4.444889057359066697 ) ) ;
#4769 = CARTESIAN_POINT ( 'NONE',  ( -0.09622300780176007429, -12.40626598974571060, 38.95749786962397820 ) ) ;
#4770 = CARTESIAN_POINT ( 'NONE',  ( 9.232104665824840239, 45.08316817304421420, 3.217585533749794724 ) ) ;
#4771 = CARTESIAN_POINT ( 'NONE',  ( 1.436113277160127932, 53.00766364800038843, 5.944222465522376986 ) ) ;
#4772 = CARTESIAN_POINT ( 'NONE',  ( 4.421609263519875377, 60.18272156394398564, 21.83973746967379626 ) ) ;
#4773 = VECTOR ( 'NONE', #3741, 1000.000000000000000 ) ;
#4774 = CARTESIAN_POINT ( 'NONE',  ( 10.68037258610523033, 51.02584086930844620, 9.640601568591954162 ) ) ;
#4775 = CARTESIAN_POINT ( 'NONE',  ( 15.86502361310659914, 60.72849628883992068, -10.57573238584320308 ) ) ;
#4776 = ORIENTED_EDGE ( 'NONE', *, *, #2076, .T. ) ;
#4777 = CARTESIAN_POINT ( 'NONE',  ( -8.867864506530727553, 47.41523887975763785, -12.83256201165390742 ) ) ;
#4778 = CARTESIAN_POINT ( 'NONE',  ( -123.7457161329921576, 48.71270947356900649, -0.1365787982006140266 ) ) ;
#4779 = CARTESIAN_POINT ( 'NONE',  ( -36.71971975838082614, 12.54209188784902373, -16.09571728951123504 ) ) ;
#4780 = EDGE_CURVE ( 'NONE', #2361, #3452, #2140, .T. ) ;
#4781 = DIRECTION ( 'NONE',  ( 0.000000000000000000, -3.491481338843133355E-15, 1.000000000000000000 ) ) ;
#4782 = CARTESIAN_POINT ( 'NONE',  ( -5.133237858603494352, 57.69296651402254383, 2.702917538524356900 ) ) ;
#4783 = AXIS2_PLACEMENT_3D ( 'NONE', #4827, #2342, #1080 ) ;
#4784 = ORIENTED_EDGE ( 'NONE', *, *, #2646, .F. ) ;
#4785 = CARTESIAN_POINT ( 'NONE',  ( -7.933021032691528696, 61.41436416784105745, 17.89468442195711972 ) ) ;
#4786 = EDGE_CURVE ( 'NONE', #3330, #409, #631, .T. ) ;
#4787 = CARTESIAN_POINT ( 'NONE',  ( 20.89096830338115751, 60.57630114514775244, -24.60491678713028207 ) ) ;
#4788 = CARTESIAN_POINT ( 'NONE',  ( -2.122115753249331771, 59.86963040780273104, 21.26633076549358492 ) ) ;
#4789 = CARTESIAN_POINT ( 'NONE',  ( 20.84051784702652199, 62.54714731093620372, -3.222747307314280274 ) ) ;
#4790 = ORIENTED_EDGE ( 'NONE', *, *, #1914, .F. ) ;
#4791 = CARTESIAN_POINT ( 'NONE',  ( 27.68401559577788618, -9.171272019776511186, -17.12784233398489420 ) ) ;
#4792 = CARTESIAN_POINT ( 'NONE',  ( 27.68401559577788618, -9.171272019776511186, -17.12784233398489420 ) ) ;
#4793 = ORIENTED_EDGE ( 'NONE', *, *, #4406, .T. ) ;
#4794 = CARTESIAN_POINT ( 'NONE',  ( -4.561513064644675985, 61.50682314391393390, 23.84144526328960367 ) ) ;
#4795 = CARTESIAN_POINT ( 'NONE',  ( 0.6876485777901040208, -13.63222938025215214, 38.83620604904792373 ) ) ;
#4796 = CARTESIAN_POINT ( 'NONE',  ( 6.867176632806392789, 61.43709453590191316, 26.97202589378206739 ) ) ;
#4797 = CARTESIAN_POINT ( 'NONE',  ( -22.85350793772870048, 50.65576809880155196, 8.357075651991333842 ) ) ;
#4798 = CARTESIAN_POINT ( 'NONE',  ( -16.24272315628789443, 60.63023745114079333, -6.630826218179440623 ) ) ;
#4799 = CARTESIAN_POINT ( 'NONE',  ( -5.745716132992168212, 16.22071872689625138, -0.1365787982007419243 ) ) ;
#4800 = CARTESIAN_POINT ( 'NONE',  ( -11.56698254121601366, 63.07624576499578950, 3.195244405935405041 ) ) ;
#4801 = CARTESIAN_POINT ( 'NONE',  ( -11.39488946212424736, -16.17803719566451193, 36.93565871296527092 ) ) ;
#4802 = DIRECTION ( 'NONE',  ( 0.000000000000000000, -1.000000000000000000, -3.491481338843133355E-15 ) ) ;
#4803 = ORIENTED_EDGE ( 'NONE', *, *, #4364, .F. ) ;
#4804 = CARTESIAN_POINT ( 'NONE',  ( -5.745716132992169101, -26.47928127310376212, -0.1365787982008909995 ) ) ;
#4805 = CARTESIAN_POINT ( 'NONE',  ( 25.65091859514993189, -11.79192565544588689, -20.57283538690074209 ) ) ;
#4806 = CARTESIAN_POINT ( 'NONE',  ( 15.83254844760279667, 61.55511324259474293, -10.64269869615862341 ) ) ;
#4807 = CARTESIAN_POINT ( 'NONE',  ( -6.745716132992169101, 13.20807434455398344, 16.83398395027638372 ) ) ;
#4808 = CARTESIAN_POINT ( 'NONE',  ( -9.986761777363184933, 53.69837759799762011, 2.524806683752308878 ) ) ;
#4809 = CARTESIAN_POINT ( 'NONE',  ( -20.05424537795224893, 64.56400617229806471, 20.85969935569976741 ) ) ;
#4810 = EDGE_LOOP ( 'NONE', ( #538, #2215, #2633, #2085, #4143, #990 ) ) ;
#4811 = CARTESIAN_POINT ( 'NONE',  ( -8.128907304154349589, 60.74777529925115971, 17.91159006019939781 ) ) ;
#4812 = EDGE_CURVE ( 'NONE', #5155, #1603, #1873, .T. ) ;
#4813 = CARTESIAN_POINT ( 'NONE',  ( -5.286859910080130120, 49.98983077870492764, -19.77539253257886998 ) ) ;
#4814 = CARTESIAN_POINT ( 'NONE',  ( 5.973459363078425177, 50.49091130225197332, 7.492313684295629272 ) ) ;
#4815 = CARTESIAN_POINT ( 'NONE',  ( -7.351574075115731688, 60.24593074083713162, 3.928181250136351998 ) ) ;
#4816 = VECTOR ( 'NONE', #619, 1000.000000000000114 ) ;
#4817 = ORIENTED_EDGE ( 'NONE', *, *, #185, .F. ) ;
#4818 = DIRECTION ( 'NONE',  ( -0.000000000000000000, 1.000000000000000000, 3.491481338843133355E-15 ) ) ;
#4819 = CARTESIAN_POINT ( 'NONE',  ( 27.68401559577787907, -10.04347400198607332, -17.12784233398489775 ) ) ;
#4820 = EDGE_LOOP ( 'NONE', ( #1746, #5058, #4316, #3938 ) ) ;
#4821 = CARTESIAN_POINT ( 'NONE',  ( 10.65033062446899059, 60.90753886619070556, -17.66283483670342846 ) ) ;
#4822 = CARTESIAN_POINT ( 'NONE',  ( 8.256723896038240085, 60.83075722421227027, -22.20592283419886215 ) ) ;
#4823 = CARTESIAN_POINT ( 'NONE',  ( 8.657037868576299644, 42.16599474893023825, 0.6724142976207878597 ) ) ;
#4824 = CARTESIAN_POINT ( 'NONE',  ( -21.01500687583155980, 49.31326011789336405, 8.763554352292953098 ) ) ;
#4825 = CARTESIAN_POINT ( 'NONE',  ( 3.671137499528203119, 56.28208695791425242, 4.602900646439653798 ) ) ;
#4826 = CARTESIAN_POINT ( 'NONE',  ( -9.829374208324859197, 60.50332970781872177, -3.474586362615599278 ) ) ;
#4827 = CARTESIAN_POINT ( 'NONE',  ( -5.745716132992169101, -26.47928127310376212, -0.1365787982008909995 ) ) ;
#4828 = CARTESIAN_POINT ( 'NONE',  ( -24.45093237794787200, 52.83195490312274956, 8.256979758231524968 ) ) ;
#4829 = VERTEX_POINT ( 'NONE', #372 ) ;
#4830 = CARTESIAN_POINT ( 'NONE',  ( 4.883344277968046931, 57.80694486631345086, -20.74528408391816470 ) ) ;
#4831 = CARTESIAN_POINT ( 'NONE',  ( 6.774408836968524916, 58.93656895130654050, 19.57009158702967611 ) ) ;
#4832 = CARTESIAN_POINT ( 'NONE',  ( -31.85954872754027178, 60.83075722421227027, -1.228375560310462022 ) ) ;
#4833 = CARTESIAN_POINT ( 'NONE',  ( -45.24571613299217177, -26.47928127310376212, -0.1365787982008559720 ) ) ;
#4834 = CARTESIAN_POINT ( 'NONE',  ( -8.492639855441934671, 51.66362038255869749, 4.050335349735422419 ) ) ;
#4835 = CARTESIAN_POINT ( 'NONE',  ( -7.600559255366345468, 60.73620685279242792, 22.93434284773800158 ) ) ;
#4836 = ORIENTED_EDGE ( 'NONE', *, *, #307, .F. ) ;
#4837 = CARTESIAN_POINT ( 'NONE',  ( -16.43453617258851196, 41.93584598163069188, 12.57370661371501441 ) ) ;
#4838 = CARTESIAN_POINT ( 'NONE',  ( 0.9031376838243426741, 55.44220749975873019, -21.44739469466520276 ) ) ;
#4839 = CARTESIAN_POINT ( 'NONE',  ( -4.534403223257942095, 60.68546230282285592, 31.32001596171484792 ) ) ;
#4840 = CARTESIAN_POINT ( 'NONE',  ( 20.55412499682594785, 65.43378626205733894, 4.058420632686554619 ) ) ;
#4841 = ORIENTED_EDGE ( 'NONE', *, *, #2794, .T. ) ;
#4842 = DIRECTION ( 'NONE',  ( 1.000000000000000000, 0.000000000000000000, 0.000000000000000000 ) ) ;
#4843 = CARTESIAN_POINT ( 'NONE',  ( 27.65091859514994610, -11.79192565544590110, -17.10873377176299215 ) ) ;
#4844 = ORIENTED_EDGE ( 'NONE', *, *, #2794, .F. ) ;
#4845 = PLANE ( 'NONE',  #2233 ) ;
#4846 = CARTESIAN_POINT ( 'NONE',  ( -12.24648456130874585, 42.16599474893023825, -13.01422619592783647 ) ) ;
#4847 = CARTESIAN_POINT ( 'NONE',  ( 1.442061519183037488, 61.58622720962621599, 34.75936386627209629 ) ) ;
#4848 = PRESENTATION_STYLE_ASSIGNMENT (( #4024 ) ) ;
#4849 = CARTESIAN_POINT ( 'NONE',  ( -12.82810850542633929, 60.34573732276212610, -7.050567682024050598 ) ) ;
#4850 = VECTOR ( 'NONE', #4375, 1000.000000000000000 ) ;
#4851 = CARTESIAN_POINT ( 'NONE',  ( -4.646100686217248033, 55.47580857795931308, 1.642782602115126167 ) ) ;
#4852 = CARTESIAN_POINT ( 'NONE',  ( 9.659136085325231491, 55.82651595597276639, 15.22629027997660422 ) ) ;
#4853 = DIRECTION ( 'NONE',  ( 0.000000000000000000, -1.000000000000000000, -3.491432162673459096E-15 ) ) ;
#4854 = ORIENTED_EDGE ( 'NONE', *, *, #3662, .F. ) ;
#4855 = CARTESIAN_POINT ( 'NONE',  ( -1.418601486687205870, -11.80809666633488852, 39.12602199637719735 ) ) ;
#4856 = CARTESIAN_POINT ( 'NONE',  ( -5.745716132992169101, -11.79192565544595794, -0.1365787982008397350 ) ) ;
#4857 = CARTESIAN_POINT ( 'NONE',  ( -18.46568790650272973, 47.89536466512296187, 10.02922960573956779 ) ) ;
#4858 = FACE_OUTER_BOUND ( 'NONE', #2352, .T. ) ;
#4859 = CARTESIAN_POINT ( 'NONE',  ( -10.73039474612794919, 56.08716546287418936, 0.3347611293944179889 ) ) ;
#4860 = CARTESIAN_POINT ( 'NONE',  ( -6.349633349479606892, 56.28208695791425242, -10.66155299000343959 ) ) ;
#4861 = EDGE_LOOP ( 'NONE', ( #4535, #817, #2024, #1028, #842, #4936 ) ) ;
#4862 = CARTESIAN_POINT ( 'NONE',  ( -30.74445456695296031, 57.55653967592773057, 3.351845414881178264 ) ) ;
#4863 = ADVANCED_FACE ( 'NONE', ( #4062 ), #1649, .T. ) ;
#4864 = CARTESIAN_POINT ( 'NONE',  ( 19.83295757628042821, 60.66869400127602319, -8.827584000727151547 ) ) ;
#4865 = CARTESIAN_POINT ( 'NONE',  ( 1.891119206999526181, 55.66911081230863090, 12.27060182690189372 ) ) ;
#4866 = CARTESIAN_POINT ( 'NONE',  ( -14.71622151920263200, 56.81842539198056841, 6.232922574725366260 ) ) ;
#4867 = AXIS2_PLACEMENT_3D ( 'NONE', #503, #558, #2648 ) ;
#4868 = EDGE_LOOP ( 'NONE', ( #4836, #4166, #356, #4817 ) ) ;
#4869 = CARTESIAN_POINT ( 'NONE',  ( 9.861210570673634379, 49.71388730505381659, 7.955058926042216427 ) ) ;
#4870 = CARTESIAN_POINT ( 'NONE',  ( 9.596670643819191326, 49.31326011789339958, 8.636948307621732823 ) ) ;
#4871 = EDGE_LOOP ( 'NONE', ( #690, #2858, #987, #2775 ) ) ;
#4872 = CARTESIAN_POINT ( 'NONE',  ( 1.943088651873390305, 46.96551237058397277, -0.3128670870232918566 ) ) ;
#4873 = CARTESIAN_POINT ( 'NONE',  ( -39.17544786176246419, -10.04347400198606799, -17.12784233398443590 ) ) ;
#4874 = CARTESIAN_POINT ( 'NONE',  ( 14.57300041492136700, 61.53496805242483703, -24.62103058766432540 ) ) ;
#4875 = B_SPLINE_CURVE_WITH_KNOTS ( 'NONE', 3,
 ( #240, #1917, #1473, #3609, #1116, #5244, #4436, #2351, #4066, #3194 ),
 .UNSPECIFIED., .F., .F.,
 ( 4, 2, 2, 2, 4 ),
 ( 0.3252304708977823977, 0.3305917467951913213, 0.3332723847438957554, 0.3359530226926001895, 0.3466755744874179812 ),
 .UNSPECIFIED. ) ;
#4876 = CARTESIAN_POINT ( 'NONE',  ( -3.948769893063340586, 53.35044311461708588, 1.423672659780268912 ) ) ;
#4877 = EDGE_CURVE ( 'NONE', #1042, #3316, #304, .T. ) ;
#4878 = CARTESIAN_POINT ( 'NONE',  ( 6.774408836968524916, 58.93656895130654050, 19.57009158702967611 ) ) ;
#4879 = CARTESIAN_POINT ( 'NONE',  ( -25.48098470911767421, 53.95554370783776221, 7.234247638670625591 ) ) ;
#4880 = CARTESIAN_POINT ( 'NONE',  ( -4.737989618280999515, 55.48740214391956016, -1.979983869554823750 ) ) ;
#4881 = CIRCLE ( 'NONE', #82, 34.67318886162947678 ) ;
#4882 = DIRECTION ( 'NONE',  ( 1.224646799147353207E-16, -3.491481338843133355E-15, 1.000000000000000000 ) ) ;
#4883 = DIRECTION ( 'NONE',  ( 0.000000000000000000, 0.000000000000000000, 1.000000000000000000 ) ) ;
#4884 = CARTESIAN_POINT ( 'NONE',  ( -25.48098470911767421, 53.95554370783776221, 7.234247638670625591 ) ) ;
#4885 = CARTESIAN_POINT ( 'NONE',  ( -37.10923165435965387, 61.53496805242483703, -5.490877606257705601 ) ) ;
#4886 = CARTESIAN_POINT ( 'NONE',  ( -6.369112804138219452, 57.43917664481357832, 0.3226941369826429873 ) ) ;
#4887 = CARTESIAN_POINT ( 'NONE',  ( 9.905608543511696951, 53.75460580568535818, 14.25073553209847077 ) ) ;
#4888 = CARTESIAN_POINT ( 'NONE',  ( -9.182378311369671309, 60.90264465828470719, 7.376737666218557088 ) ) ;
#4889 = ORIENTED_EDGE ( 'NONE', *, *, #1846, .F. ) ;
#4890 = CARTESIAN_POINT ( 'NONE',  ( -34.56433086898110218, 60.79467440057983652, -2.718854781976076218 ) ) ;
#4891 = CARTESIAN_POINT ( 'NONE',  ( 14.56677404401086129, 60.88697592464050246, -16.93874495717119188 ) ) ;
#4892 = CARTESIAN_POINT ( 'NONE',  ( -1.158172643694934001, 46.99288364587190614, -3.897251197914195053 ) ) ;
#4893 = CARTESIAN_POINT ( 'NONE',  ( 7.280948939412834164, 66.30377637973997196, 3.113848520426224287 ) ) ;
#4894 = ORIENTED_EDGE ( 'NONE', *, *, #2446, .F. ) ;
#4895 = CARTESIAN_POINT ( 'NONE',  ( 8.819985452002100601, 48.53272900953216151, 6.069693474453523585 ) ) ;
#4896 = CARTESIAN_POINT ( 'NONE',  ( -39.72700656732541802, 22.54294747770555674, -0.1365787982007156953 ) ) ;
#4897 = CARTESIAN_POINT ( 'NONE',  ( -5.745716132992169101, -21.27928127310376283, -0.1365787982008728474 ) ) ;
#4898 = CIRCLE ( 'NONE', #5338, 33.42822569215917383 ) ;
#4899 = CARTESIAN_POINT ( 'NONE',  ( 9.360690327558822688, -17.07928127310374222, -5.971515288739830396 ) ) ;
#4900 = CARTESIAN_POINT ( 'NONE',  ( -15.56300574749439747, 46.80774541827920388, 8.467112881586045248 ) ) ;
#4901 = DIRECTION ( 'NONE',  ( 0.000000000000000000, -1.000000000000000000, -3.491481338843133355E-15 ) ) ;
#4902 = CARTESIAN_POINT ( 'NONE',  ( 4.894002543963424046, 56.31787511334859175, 5.116581549272363638 ) ) ;
#4903 = CARTESIAN_POINT ( 'NONE',  ( -23.95307908722123358, 52.35773887760069556, 8.349801914720716312 ) ) ;
#4904 = CARTESIAN_POINT ( 'NONE',  ( -26.82182617851639250, 61.04938992510097506, -15.89430645598002201 ) ) ;
#4905 = FACE_OUTER_BOUND ( 'NONE', #4333, .T. ) ;
#4906 = CARTESIAN_POINT ( 'NONE',  ( -0.9916256050808240907, 48.62602360913258082, -1.690632957385636459 ) ) ;
#4907 = CARTESIAN_POINT ( 'NONE',  ( -8.038904439679129155, 50.03233688816060010, -4.593025129737650758 ) ) ;
#4908 = CARTESIAN_POINT ( 'NONE',  ( -7.836496031566673182, 55.47580857795931308, -0.07396458705789116239 ) ) ;
#4909 = CARTESIAN_POINT ( 'NONE',  ( -5.745716132992169101, -21.27928127310376283, -0.1365787982008728474 ) ) ;
#4910 = CARTESIAN_POINT ( 'NONE',  ( -6.776613438280808310, 56.81842539198056841, -11.09001503390729226 ) ) ;
#4911 = ORIENTED_EDGE ( 'NONE', *, *, #3169, .F. ) ;
#4912 = CARTESIAN_POINT ( 'NONE',  ( -21.94006970605612139, 46.74733654980484232, 11.98633459974465687 ) ) ;
#4913 = CARTESIAN_POINT ( 'NONE',  ( -9.673954444346044568, 45.94258093028423673, -8.178602235939566256 ) ) ;
#4914 = CARTESIAN_POINT ( 'NONE',  ( -14.85533763246844963, 62.06024962577986770, 21.70565897265232991 ) ) ;
#4915 = CARTESIAN_POINT ( 'NONE',  ( 4.215949980151694199, 65.21637417051270802, 2.430751044281603601 ) ) ;
#4916 = VERTEX_POINT ( 'NONE', #2366 ) ;
#4917 = DIRECTION ( 'NONE',  ( 0.000000000000000000, 1.000000000000000000, 3.491481338843133355E-15 ) ) ;
#4918 = CARTESIAN_POINT ( 'NONE',  ( 9.992193191913262496, 50.09607680816511532, 9.715945861705501230 ) ) ;
#4919 = EDGE_CURVE ( 'NONE', #3636, #4623, #1087, .T. ) ;
#4920 = CARTESIAN_POINT ( 'NONE',  ( -4.411558780702891980, 12.87391699226470188, 16.81429353946078820 ) ) ;
#4921 = CARTESIAN_POINT ( 'NONE',  ( 19.82881101840465732, 61.55527872731878603, -23.81112067710247970 ) ) ;
#4922 = VERTEX_POINT ( 'NONE', #4878 ) ;
#4923 = FACE_OUTER_BOUND ( 'NONE', #2111, .T. ) ;
#4924 = CARTESIAN_POINT ( 'NONE',  ( -14.17404848271562123, 64.36442683340267479, -18.41688536097687034 ) ) ;
#4925 = ADVANCED_FACE ( 'NONE', ( #3294 ), #1257, .F. ) ;
#4926 = CARTESIAN_POINT ( 'NONE',  ( -5.998424554168197531, 59.11904296624229005, -1.411152162918023478 ) ) ;
#4927 = CARTESIAN_POINT ( 'NONE',  ( 33.75428386700782823, -21.27928127310376283, -0.1365787982008728474 ) ) ;
#4928 = CARTESIAN_POINT ( 'NONE',  ( 20.81003420692550421, 62.24967742190078468, -5.095260229587842637 ) ) ;
#4929 = CARTESIAN_POINT ( 'NONE',  ( 8.599637076811466940, 58.66196286442497865, -19.75242733419915098 ) ) ;
#4930 = AXIS2_PLACEMENT_3D ( 'NONE', #3727, #4125, #3368 ) ;
#4931 = CARTESIAN_POINT ( 'NONE',  ( -0.8843669632407105130, 51.03888134968114798, 1.095248645675561461 ) ) ;
#4932 = CARTESIAN_POINT ( 'NONE',  ( -33.26005705518583966, 61.40903808021213450, -0.4225384000060808387 ) ) ;
#4933 = CARTESIAN_POINT ( 'NONE',  ( -7.338284861819131422, 49.03123069847830351, -16.83997469693716909 ) ) ;
#4934 = DIRECTION ( 'NONE',  ( 0.000000000000000000, -1.000000000000000000, -3.491481338843133355E-15 ) ) ;
#4935 = DIRECTION ( 'NONE',  ( 0.000000000000000000, -1.000000000000000000, -3.491481338843133355E-15 ) ) ;
#4936 = ORIENTED_EDGE ( 'NONE', *, *, #850, .T. ) ;
#4937 = CARTESIAN_POINT ( 'NONE',  ( -5.745716132992169101, -9.171272019776569806, -0.1365787982008305756 ) ) ;
#4938 = CARTESIAN_POINT ( 'NONE',  ( -9.837964049461032090, 47.27339373768121078, -5.579816744045572818 ) ) ;
#4939 = CARTESIAN_POINT ( 'NONE',  ( -3.869764423867083192, 50.92664981682595737, -6.920416382157637436 ) ) ;
#4940 = EDGE_CURVE ( 'NONE', #4649, #653, #5093, .T. ) ;
#4941 = CARTESIAN_POINT ( 'NONE',  ( -5.817519115649415262, 61.43315313388202981, -4.175902295172565282 ) ) ;
#4942 = ORIENTED_EDGE ( 'NONE', *, *, #100, .T. ) ;
#4943 = EDGE_CURVE ( 'NONE', #1522, #1673, #2934, .T. ) ;
#4944 = CARTESIAN_POINT ( 'NONE',  ( 2.809514836067601884, 47.46400644801492064, -0.05546294371776726295 ) ) ;
#4945 = LINE ( 'NONE', #2032, #2892 ) ;
#4946 = CARTESIAN_POINT ( 'NONE',  ( 9.250938643105738990, 54.63433809047877787, 15.26152151150190406 ) ) ;
#4947 = CARTESIAN_POINT ( 'NONE',  ( -3.350568216610141370, 51.83432077392987480, -20.02289453289886012 ) ) ;
#4948 = CARTESIAN_POINT ( 'NONE',  ( 17.73447385819330790, 61.70769175345870394, -11.25100944192113772 ) ) ;
#4949 = ORIENTED_EDGE ( 'NONE', *, *, #1694, .F. ) ;
#4950 = CARTESIAN_POINT ( 'NONE',  ( -12.25450092555108661, 46.43255169422253203, 7.521285881107186988 ) ) ;
#4951 = CIRCLE ( 'NONE', #1285, 28.00000000000000355 ) ;
#4952 = CARTESIAN_POINT ( 'NONE',  ( -7.419546319731733064, 64.04687122184625991, -9.313179165188712361 ) ) ;
#4953 = CARTESIAN_POINT ( 'NONE',  ( -8.352635607113320759, 61.71420468307992735, 10.46675797632486749 ) ) ;
#4954 = CARTESIAN_POINT ( 'NONE',  ( -19.41001149178087104, 49.01468929977000499, 9.583665377218409276 ) ) ;
#4955 = ADVANCED_FACE ( 'NONE', ( #2638 ), #4845, .T. ) ;
#4956 = CARTESIAN_POINT ( 'NONE',  ( 10.40308533241509181, 54.79531323835102796, 14.10416071610165112 ) ) ;
#4957 = CARTESIAN_POINT ( 'NONE',  ( -24.00638412101981700, 61.33603839743367558, -19.87640882602321213 ) ) ;
#4958 = CARTESIAN_POINT ( 'NONE',  ( -5.745716132992168212, 64.22071872689625138, -0.1365787982008023760 ) ) ;
#4959 = B_SPLINE_CURVE_WITH_KNOTS ( 'NONE', 3,
 ( #1472, #1527, #1139, #3221, #1440, #2801, #3136, #3193, #4834, #1886, #2825, #2773, #679, #4808, #2350, #4089, #2746, #4859, #4036, #2376, #1941, #4482, #4064, #3664, #4408, #4007, #5299, #1555, #3247, #730, #2402, #322 ),
 .UNSPECIFIED., .F., .F.,
 ( 4, 2, 2, 2, 2, 2, 2, 2, 2, 2, 2, 2, 2, 2, 2, 4 ),
 ( 0.01046820171507375184, 0.01102089406571586487, 0.01157358641635797616, 0.01267897111764219181, 0.01378435581892640573, 0.01488974052021061964, 0.01599512522149483529, 0.01710050992277905094, 0.01931127932534747876, 0.02041666402663169441, 0.02152204872791591006, 0.02262743342920012224, 0.02373281813048433789, 0.02594358753305276571, 0.02704897223433698483, 0.02815435693562119701 ),
 .UNSPECIFIED. ) ;
#4960 = CARTESIAN_POINT ( 'NONE',  ( 15.50494690424292799, 61.65937359894013525, -11.31448205195581203 ) ) ;
#4961 = CARTESIAN_POINT ( 'NONE',  ( -13.43718475424009640, 49.18450339659109716, 6.937867471593446744 ) ) ;
#4962 = CARTESIAN_POINT ( 'NONE',  ( -1.491443597373423913, 54.81424168008356901, -21.24818955718916769 ) ) ;
#4963 = DIRECTION ( 'NONE',  ( 0.000000000000000000, -1.000000000000000000, -3.491481338843133355E-15 ) ) ;
#4964 = DIRECTION ( 'NONE',  ( 1.000000000000000000, 0.000000000000000000, 0.000000000000000000 ) ) ;
#4965 = VERTEX_POINT ( 'NONE', #2362 ) ;
#4966 = CARTESIAN_POINT ( 'NONE',  ( -29.57109527899418921, 60.82312621740893377, -13.48431504571291661 ) ) ;
#4967 = ORIENTED_EDGE ( 'NONE', *, *, #3536, .F. ) ;
#4968 = AXIS2_PLACEMENT_3D ( 'NONE', #766, #3313, #2810 ) ;
#4969 = CARTESIAN_POINT ( 'NONE',  ( 10.99242070321779075, 60.08375995653698709, -11.12184149474277639 ) ) ;
#4970 = CARTESIAN_POINT ( 'NONE',  ( -7.677257454208885612, 57.09893035279687012, -5.291663172381818825 ) ) ;
#4971 = CARTESIAN_POINT ( 'NONE',  ( -12.88128236419660411, 60.84890730692245597, -7.955965485004250937 ) ) ;
#4972 = CARTESIAN_POINT ( 'NONE',  ( 1.712576507042199436, 50.09794549455669710, 1.575594396092244498 ) ) ;
#4973 = ORIENTED_EDGE ( 'NONE', *, *, #1318, .T. ) ;
#4974 = CARTESIAN_POINT ( 'NONE',  ( 14.20462797698220747, 47.61047948194374868, 8.175101773148604423 ) ) ;
#4975 = CARTESIAN_POINT ( 'NONE',  ( 23.44955959902561560, 12.20807434455411311, -19.30188017790526800 ) ) ;
#4976 = PLANE ( 'NONE',  #1354 ) ;
#4977 = EDGE_CURVE ( 'NONE', #2195, #653, #4502, .T. ) ;
#4978 = CARTESIAN_POINT ( 'NONE',  ( 14.58159192917845459, 61.90291692176888461, -16.91753001421502134 ) ) ;
#4979 = ORIENTED_EDGE ( 'NONE', *, *, #1519, .F. ) ;
#4980 = CARTESIAN_POINT ( 'NONE',  ( -18.17687657686006375, 47.73033151825507758, 8.847244476469583674 ) ) ;
#4981 = CARTESIAN_POINT ( 'NONE',  ( -6.582724995731649820, 60.97570362029751578, -5.066022596814958590 ) ) ;
#4982 = CARTESIAN_POINT ( 'NONE',  ( -5.029399448511985504, 57.42702990838318300, 0.1589607253381117025 ) ) ;
#4983 = CARTESIAN_POINT ( 'NONE',  ( 10.84917129902733457, 52.95487639262042023, 11.96046511764640385 ) ) ;
#4984 = AXIS2_PLACEMENT_3D ( 'NONE', #4129, #365, #797 ) ;
#4985 = CARTESIAN_POINT ( 'NONE',  ( -7.923650431326291432, 47.76162050566051676, -17.01304862183138766 ) ) ;
#4986 = CARTESIAN_POINT ( 'NONE',  ( -1.745716132992168879, -11.79192565544608762, 37.14947757680347706 ) ) ;
#4987 = CARTESIAN_POINT ( 'NONE',  ( -29.45084358622487031, 59.80349520423291665, -1.210447302075434717 ) ) ;
#4988 = EDGE_CURVE ( 'NONE', #1171, #4829, #1676, .T. ) ;
#4989 = CARTESIAN_POINT ( 'NONE',  ( -27.11119041464680990, 61.70769175345870394, -14.91380449439257028 ) ) ;
#4990 = CARTESIAN_POINT ( 'NONE',  ( -8.241026133683819310, 46.67117383054850421, -13.12952842415097265 ) ) ;
#4991 = DIRECTION ( 'NONE',  ( 1.000000000000000000, 0.000000000000000000, 0.000000000000000000 ) ) ;
#4992 = CARTESIAN_POINT ( 'NONE',  ( -5.745716132992169101, 18.18802461226245271, -0.1365787982007350410 ) ) ;
#4993 = EDGE_LOOP ( 'NONE', ( #513, #2688, #1897, #4386 ) ) ;
#4994 = CARTESIAN_POINT ( 'NONE',  ( -35.52128363393237720, 60.67310616764124376, -12.49026928588136798 ) ) ;
#4995 = ORIENTED_EDGE ( 'NONE', *, *, #170, .F. ) ;
#4996 = DIRECTION ( 'NONE',  ( 0.000000000000000000, 1.000000000000000000, 0.000000000000000000 ) ) ;
#4997 = CARTESIAN_POINT ( 'NONE',  ( 0.3118738412875958765, 62.05583788711209792, 1.994085808816230987 ) ) ;
#4998 = B_SPLINE_CURVE_WITH_KNOTS ( 'NONE', 3,
 ( #1618, #2445, #2038, #3376, #1644, #3346 ),
 .UNSPECIFIED., .F., .F.,
 ( 4, 2, 4 ),
 ( 2.040474432070007369E-07, 0.01076629549007354289, 0.02153238693270387652 ),
 .UNSPECIFIED. ) ;
#4999 = CIRCLE ( 'NONE', #4483, 39.50000000000000000 ) ;
#5000 = CARTESIAN_POINT ( 'NONE',  ( 6.773893951978077865, 58.18125433335792707, 19.44991082083990719 ) ) ;
#5001 = CARTESIAN_POINT ( 'NONE',  ( -2.218216091811500590, 60.95011006445423618, 21.70709259138443414 ) ) ;
#5002 = ORIENTED_EDGE ( 'NONE', *, *, #3347, .T. ) ;
#5003 = CIRCLE ( 'NONE', #1014, 35.33774181865160102 ) ;
#5004 = CYLINDRICAL_SURFACE ( 'NONE', #2242, 16.99999999999999289 ) ;
#5005 = CARTESIAN_POINT ( 'NONE',  ( -58.24571613299217177, -9.171272019776569806, -0.1365787982008305756 ) ) ;
#5006 = CARTESIAN_POINT ( 'NONE',  ( -5.745716132992168212, 44.22071872689625138, 4.863421201799197569 ) ) ;
#5007 = CARTESIAN_POINT ( 'NONE',  ( -5.643880718164096422, 51.49379611565143477, -11.43809379972150353 ) ) ;
#5008 = ORIENTED_EDGE ( 'NONE', *, *, #5349, .T. ) ;
#5009 = FACE_OUTER_BOUND ( 'NONE', #3371, .T. ) ;
#5010 = EDGE_LOOP ( 'NONE', ( #2851, #89, #2719, #1868, #53, #1936 ) ) ;
#5011 = CARTESIAN_POINT ( 'NONE',  ( -22.41751587013691704, 50.99058897330091611, 9.182001693087475047 ) ) ;
#5012 = B_SPLINE_CURVE_WITH_KNOTS ( 'NONE', 3,
 ( #3923, #4347, #590, #1857 ),
 .UNSPECIFIED., .F., .F.,
 ( 4, 4 ),
 ( 0.0002424179751230868846, 0.001910459308459705463 ),
 .UNSPECIFIED. ) ;
#5013 = CARTESIAN_POINT ( 'NONE',  ( 0.1499549688728793739, 48.83939020135802878, -1.842435169050567367 ) ) ;
#5014 = CARTESIAN_POINT ( 'NONE',  ( -25.42305951950475418, 61.10597658119424835, -18.23482589583853297 ) ) ;
#5015 = DIRECTION ( 'NONE',  ( -1.000000000000000000, 0.000000000000000000, 4.440892098500626162E-15 ) ) ;
#5016 = CARTESIAN_POINT ( 'NONE',  ( -0.7440957132414617314, 51.56310098407987397, 0.03478510584243287018 ) ) ;
#5017 = CARTESIAN_POINT ( 'NONE',  ( -30.62603977097061403, 61.64317432838911515, -15.29672710877450825 ) ) ;
#5018 = CARTESIAN_POINT ( 'NONE',  ( -6.919089856410278294, 48.00213456012053115, -16.23980820713563133 ) ) ;
#5019 = CARTESIAN_POINT ( 'NONE',  ( -25.48098470911767421, 53.95554370783776221, 7.234247638670625591 ) ) ;
#5020 = CARTESIAN_POINT ( 'NONE',  ( -5.745716132992169101, 48.71270947356899228, -0.1365787982006284595 ) ) ;
#5021 = VERTEX_POINT ( 'NONE', #2812 ) ;
#5022 = CARTESIAN_POINT ( 'NONE',  ( -13.25634914907337070, 52.02113291601371259, 3.262219017171477553 ) ) ;
#5023 = EDGE_LOOP ( 'NONE', ( #2576, #4016, #428, #3496 ) ) ;
#5024 = CARTESIAN_POINT ( 'NONE',  ( -2.628737444719529304, 53.63519656053207996, -20.81183107804061905 ) ) ;
#5025 = CARTESIAN_POINT ( 'NONE',  ( 23.76965525194433582, 13.20807434455410778, -18.33198695090505836 ) ) ;
#5026 = CARTESIAN_POINT ( 'NONE',  ( -15.14033627310744734, 55.75849631639372461, 7.130611787667806567 ) ) ;
#5027 = CARTESIAN_POINT ( 'NONE',  ( -12.88263174483029871, 60.85386106356784808, -7.953080536149389701 ) ) ;
#5028 = CARTESIAN_POINT ( 'NONE',  ( -0.3128993768132569686, 47.53764264442136778, -3.970206133657495418 ) ) ;
#5029 = VERTEX_POINT ( 'NONE', #4495 ) ;
#5030 = CARTESIAN_POINT ( 'NONE',  ( -29.12192247429639735, 60.90753886619071267, -5.572843792548567876 ) ) ;
#5031 = DIRECTION ( 'NONE',  ( 0.000000000000000000, -1.000000000000000000, -3.491481338843133355E-15 ) ) ;
#5032 = B_SPLINE_CURVE_WITH_KNOTS ( 'NONE', 3,
 ( #4348, #2686, #2213, #79, #3897, #4728, #926, #2598, #3467, #3523, #158, #978 ),
 .UNSPECIFIED., .F., .F.,
 ( 4, 2, 2, 2, 2, 4 ),
 ( 3.736708725176135323E-17, 0.001894208144729036787, 0.003788416289458036278, 0.004735520361822536349, 0.005682624434187035986, 0.007576832578916035260 ),
 .UNSPECIFIED. ) ;
#5033 = DIRECTION ( 'NONE',  ( -1.000000000000000000, 0.000000000000000000, 0.000000000000000000 ) ) ;
#5034 = CARTESIAN_POINT ( 'NONE',  ( 9.759250819709645697, -19.46399381122451899, -7.157745425215853885 ) ) ;
#5035 = AXIS2_PLACEMENT_3D ( 'NONE', #4216, #3304, #1716 ) ;
#5036 = CARTESIAN_POINT ( 'NONE',  ( 14.56576326372241148, 61.53084891210310303, -14.10659210336722680 ) ) ;
#5037 = CARTESIAN_POINT ( 'NONE',  ( 4.268353810609596621, 61.73305103980095510, -2.872488436455335137 ) ) ;
#5038 = ORIENTED_EDGE ( 'NONE', *, *, #4320, .F. ) ;
#5039 = EDGE_CURVE ( 'NONE', #1362, #3344, #1565, .T. ) ;
#5040 = CARTESIAN_POINT ( 'NONE',  ( -7.230136013936735218, 48.86321514555864098, 5.851866577166265238 ) ) ;
#5041 = AXIS2_PLACEMENT_3D ( 'NONE', #1767, #119, #4314 ) ;
#5042 = CARTESIAN_POINT ( 'NONE',  ( -7.023792674036696937, 57.92009693856962826, 0.1265707637261525298 ) ) ;
#5043 = AXIS2_PLACEMENT_3D ( 'NONE', #1935, #3157, #2795 ) ;
#5044 = DIRECTION ( 'NONE',  ( 0.000000000000000000, -1.000000000000000000, -3.491481338843133355E-15 ) ) ;
#5045 = EDGE_CURVE ( 'NONE', #1860, #4605, #2070, .T. ) ;
#5046 = CARTESIAN_POINT ( 'NONE',  ( -5.325504856250579344, 58.62552556316983754, 4.863421201799987159 ) ) ;
#5047 = CARTESIAN_POINT ( 'NONE',  ( -20.12699983231451739, 53.20012985560302354, 5.207222432628565656 ) ) ;
#5048 = CARTESIAN_POINT ( 'NONE',  ( -3.264554240283041864, 51.83119179522093845, -20.12394807885188541 ) ) ;
#5049 = CARTESIAN_POINT ( 'NONE',  ( 0.4212906118564497815, -13.03452415935305275, 38.87914387316641296 ) ) ;
#5050 = CARTESIAN_POINT ( 'NONE',  ( -11.62566222662930215, -12.63592549588621772, 36.89975297585439051 ) ) ;
#5051 = CARTESIAN_POINT ( 'NONE',  ( -11.37119045082222790, 61.70177600624514014, -6.598111877864463182 ) ) ;
#5052 = VERTEX_POINT ( 'NONE', #2837 ) ;
#5053 = CARTESIAN_POINT ( 'NONE',  ( -36.57860455050627735, 60.73655054030334810, -9.444508595171022591 ) ) ;
#5054 = CARTESIAN_POINT ( 'NONE',  ( -1.553765070612262544, 57.38752052730256992, -2.891366226806312056 ) ) ;
#5055 = CARTESIAN_POINT ( 'NONE',  ( -13.24409114841788160, 52.97027764350321632, 3.482989187552630206 ) ) ;
#5056 = CARTESIAN_POINT ( 'NONE',  ( -28.20799284124499806, 57.52088477061084859, 3.315336550081099620 ) ) ;
#5057 = CARTESIAN_POINT ( 'NONE',  ( 1.059714342719223490, 45.95903497673048577, -2.692732272621169098 ) ) ;
#5058 = ORIENTED_EDGE ( 'NONE', *, *, #1371, .T. ) ;
#5059 = AXIS2_PLACEMENT_3D ( 'NONE', #1339, #4271, #2164 ) ;
#5060 = CARTESIAN_POINT ( 'NONE',  ( -0.8772091600553975077, 60.19219030691537853, -1.334703358506713178 ) ) ;
#5061 = CARTESIAN_POINT ( 'NONE',  ( -7.885498835074082002, 61.73405258436176268, 17.13571039628950743 ) ) ;
#5062 = CARTESIAN_POINT ( 'NONE',  ( 1.425265084552144179, 60.58733493728630037, 34.76081355462406464 ) ) ;
#5063 = CARTESIAN_POINT ( 'NONE',  ( -3.245108420934577076, 55.27080531229015037, -7.256040982994218957 ) ) ;
#5064 = ORIENTED_EDGE ( 'NONE', *, *, #3643, .T. ) ;
#5065 = CARTESIAN_POINT ( 'NONE',  ( -7.745716132992169101, 12.20807434455391949, 34.72992234607018958 ) ) ;
#5066 = CARTESIAN_POINT ( 'NONE',  ( -7.079066175995498256, 48.60426433341415020, 5.528883854119362340 ) ) ;
#5067 = B_SPLINE_CURVE_WITH_KNOTS ( 'NONE', 3,
 ( #1131, #4081, #796, #1986 ),
 .UNSPECIFIED., .F., .F.,
 ( 4, 4 ),
 ( 4.210056296469060162E-17, 0.001147221802667562109 ),
 .UNSPECIFIED. ) ;
#5068 = CARTESIAN_POINT ( 'NONE',  ( -6.712550353582197538, 58.16977518249247225, 0.09970765994779096086 ) ) ;
#5069 = CARTESIAN_POINT ( 'NONE',  ( 20.83620513086702530, 61.45098402641476554, -5.057791005589026057 ) ) ;
#5070 = CARTESIAN_POINT ( 'NONE',  ( -3.732709601845437764, 57.08763487958917437, 4.457908998321562066 ) ) ;
#5071 = CARTESIAN_POINT ( 'NONE',  ( -5.142105849933709116, 47.53764264442136778, 6.485192194484254102 ) ) ;
#5072 = CARTESIAN_POINT ( 'NONE',  ( -27.00823352076029238, 60.51864594463364710, -11.28878432634783557 ) ) ;
#5073 = CARTESIAN_POINT ( 'NONE',  ( -5.292971854053276637, 53.35044311461708588, -2.472905620204632005 ) ) ;
#5074 = VECTOR ( 'NONE', #2045, 1000.000000000000000 ) ;
#5075 = DIRECTION ( 'NONE',  ( 1.000000000000000000, 0.000000000000000000, 0.000000000000000000 ) ) ;
#5076 = CARTESIAN_POINT ( 'NONE',  ( -24.00502786057043991, 60.74230088349778356, -12.92407724653419088 ) ) ;
#5077 = ORIENTED_EDGE ( 'NONE', *, *, #3773, .T. ) ;
#5078 = CARTESIAN_POINT ( 'NONE',  ( -10.80927251821010948, 42.42273435812178661, 9.693312552980458463 ) ) ;
#5079 = CARTESIAN_POINT ( 'NONE',  ( -10.85207946453458128, -16.53974353098275074, 39.03226393774820480 ) ) ;
#5080 = CARTESIAN_POINT ( 'NONE',  ( 19.85357212107367886, 61.13837686398080962, -5.964469911038341898 ) ) ;
#5081 = CARTESIAN_POINT ( 'NONE',  ( 2.556729964047418147, 60.56077253353126366, 22.86064842009539433 ) ) ;
#5082 = CARTESIAN_POINT ( 'NONE',  ( -0.8303848757072298525, 55.27080531229015037, 5.588742097737086745 ) ) ;
#5083 = ORIENTED_EDGE ( 'NONE', *, *, #3169, .T. ) ;
#5084 = CARTESIAN_POINT ( 'NONE',  ( -1.632224982148106740, 58.62026249127314514, -3.001907365553023954 ) ) ;
#5085 = CARTESIAN_POINT ( 'NONE',  ( -7.745716132992169101, -9.171272019776701256, 37.31004988850474291 ) ) ;
#5086 = CARTESIAN_POINT ( 'NONE',  ( -6.582842771371648638, -21.86835655457091576, 16.86342120179912740 ) ) ;
#5087 = CARTESIAN_POINT ( 'NONE',  ( 13.18095503935295909, 41.65735718905490614, 3.938779519101266224 ) ) ;
#5088 = CARTESIAN_POINT ( 'NONE',  ( -9.718195714051455880, 57.67094317185644314, 3.435358914411957176 ) ) ;
#5089 = ORIENTED_EDGE ( 'NONE', *, *, #918, .F. ) ;
#5090 = CARTESIAN_POINT ( 'NONE',  ( 11.01928696311266975, 61.08387255855936360, -7.178031586758974569 ) ) ;
#5091 = ORIENTED_EDGE ( 'NONE', *, *, #3581, .T. ) ;
#5092 = CARTESIAN_POINT ( 'NONE',  ( -19.20323687580497207, 48.32862520753148061, 9.141587531402143085 ) ) ;
#5093 =( BOUNDED_CURVE ( )  B_SPLINE_CURVE ( 3, ( #172, #3121, #991, #90 ),
 .UNSPECIFIED., .F., .F. ) 
 B_SPLINE_CURVE_WITH_KNOTS ( ( 4, 4 ),
 ( 1.423202221135863921, 1.570796326794896558 ),
 .UNSPECIFIED. ) 
 CURVE ( )  GEOMETRIC_REPRESENTATION_ITEM ( )  RATIONAL_B_SPLINE_CURVE ( ( 1.000000000000000000, 0.9981854887086412109, 0.9981854887086412109, 1.000000000000000000 ) ) 
 REPRESENTATION_ITEM ( '' )  );
#5094 = CARTESIAN_POINT ( 'NONE',  ( -9.745716132992169989, -14.29192565544600590, 12.86342120179914872 ) ) ;
#5095 = ADVANCED_FACE ( 'NONE', ( #4469 ), #4048, .F. ) ;
#5096 = CARTESIAN_POINT ( 'NONE',  ( -21.19852458791787697, 62.70952211729002812, -20.68072025928166369 ) ) ;
#5097 = CARTESIAN_POINT ( 'NONE',  ( -5.252362632179448987, 50.29479446686735855, -18.90824061758884511 ) ) ;
#5098 = CARTESIAN_POINT ( 'NONE',  ( -8.447756296771306239, 60.87334796872731602, 21.81502107828312731 ) ) ;
#5099 = CARTESIAN_POINT ( 'NONE',  ( 31.75428386700782823, -9.171272019776569806, -0.1365787982008305756 ) ) ;
#5100 = CARTESIAN_POINT ( 'NONE',  ( -14.49209253348761806, 60.84268119416460507, -8.658913043465400250 ) ) ;
#5101 = ORIENTED_EDGE ( 'NONE', *, *, #1694, .T. ) ;
#5102 = CARTESIAN_POINT ( 'NONE',  ( -3.057690078887985052, 49.34124945605547197, 5.858487017512675976 ) ) ;
#5103 = ORIENTED_EDGE ( 'NONE', *, *, #5156, .F. ) ;
#5104 = CARTESIAN_POINT ( 'NONE',  ( -9.870825655563429279, 50.15579072048929987, -2.962082545639936004 ) ) ;
#5105 = CARTESIAN_POINT ( 'NONE',  ( -11.91354947787340279, -13.03610976150857148, 38.87901118233519782 ) ) ;
#5106 = CARTESIAN_POINT ( 'NONE',  ( 6.646253532851123857, 64.86255113145887208, 2.900446900952847962 ) ) ;
#5107 = CARTESIAN_POINT ( 'NONE',  ( 5.211949743762051668, 59.61604761438270117, 21.04907256240627689 ) ) ;
#5108 = CARTESIAN_POINT ( 'NONE',  ( -4.070502468319568301, 53.00766364800038843, -9.396626144900499966 ) ) ;
#5109 = ORIENTED_EDGE ( 'NONE', *, *, #4621, .T. ) ;
#5110 = CARTESIAN_POINT ( 'NONE',  ( -5.745716132992167324, 64.22071872689625138, -5.136578798200802431 ) ) ;
#5111 = CARTESIAN_POINT ( 'NONE',  ( -8.132201546777098500, 60.73656517639317798, 17.91187436432031888 ) ) ;
#5112 = CONICAL_SURFACE ( 'NONE', #1265, 33.42822569215917383, 0.3019511618302511136 ) ;
#5113 = CARTESIAN_POINT ( 'NONE',  ( -1.706140457895132467, 54.43803821805370546, -21.06873274866980950 ) ) ;
#5114 = ADVANCED_FACE ( 'NONE', ( #3260 ), #251, .T. ) ;
#5115 = DIRECTION ( 'NONE',  ( 1.000000000000000000, 0.000000000000000000, 0.000000000000000000 ) ) ;
#5116 = CARTESIAN_POINT ( 'NONE',  ( -6.054405845090597538, 49.06098571319328272, -17.49475667285768665 ) ) ;
#5117 = B_SPLINE_CURVE_WITH_KNOTS ( 'NONE', 3,
 ( #3425, #4711, #519, #3065 ),
 .UNSPECIFIED., .F., .F.,
 ( 4, 4 ),
 ( 1.848419443768951873E-05, 0.001294476978037372144 ),
 .UNSPECIFIED. ) ;
#5118 = CARTESIAN_POINT ( 'NONE',  ( 5.226418669365592073, 59.80730694924957902, -8.671348879537140064 ) ) ;
#5119 = EDGE_CURVE ( 'NONE', #1785, #5215, #440, .T. ) ;
#5120 = ORIENTED_EDGE ( 'NONE', *, *, #2546, .F. ) ;
#5121 = DIRECTION ( 'NONE',  ( 0.000000000000000000, -1.000000000000000000, -3.491481338843133355E-15 ) ) ;
#5122 = DIRECTION ( 'NONE',  ( 0.000000000000000000, -3.303692014000987614E-15, 1.000000000000000000 ) ) ;
#5123 = CARTESIAN_POINT ( 'NONE',  ( -8.119762784915815601, 59.89189701313977565, -4.548021681762306478 ) ) ;
#5124 = CARTESIAN_POINT ( 'NONE',  ( 16.90743404479708545, 61.40407705663103854, -12.74614451928068348 ) ) ;
#5125 = CARTESIAN_POINT ( 'NONE',  ( -8.794916944586182339, 54.54467031359303064, 1.853098398902369937 ) ) ;
#5126 = CARTESIAN_POINT ( 'NONE',  ( -5.745716132992169101, 48.71270947356900649, -0.1365787982006284595 ) ) ;
#5127 = AXIS2_PLACEMENT_3D ( 'NONE', #2710, #4802, #208 ) ;
#5128 = CARTESIAN_POINT ( 'NONE',  ( -5.745716132992169101, -21.27928127310376283, -0.1365787982008728474 ) ) ;
#5129 = CARTESIAN_POINT ( 'NONE',  ( -28.30058714417792487, 61.26879184856201022, -8.371096086182220120 ) ) ;
#5130 = EDGE_LOOP ( 'NONE', ( #2976, #1197, #5083, #378, #2483, #1452, #2808 ) ) ;
#5131 = CARTESIAN_POINT ( 'NONE',  ( -8.672053597299333560, 50.57824898721080586, 3.862484888571866115 ) ) ;
#5132 = CARTESIAN_POINT ( 'NONE',  ( -10.04890083264512946, 48.84814931275465710, -4.442455350197326958 ) ) ;
#5133 = CARTESIAN_POINT ( 'NONE',  ( -5.745716132992169101, -24.27928127310389428, 37.36342120179914872 ) ) ;
#5134 = CARTESIAN_POINT ( 'NONE',  ( 2.592936444808179530, 60.95926514161861576, 22.85752346443799965 ) ) ;
#5135 = CARTESIAN_POINT ( 'NONE',  ( -5.573023407119209516, 55.15177979819006282, -9.797952858290326361 ) ) ;
#5136 = ORIENTED_EDGE ( 'NONE', *, *, #1279, .T. ) ;
#5137 = CARTESIAN_POINT ( 'NONE',  ( -8.960502095255456823, 61.65544539565082260, 1.923907256921580045 ) ) ;
#5138 = DIRECTION ( 'NONE',  ( 1.000000000000000000, 0.000000000000000000, 0.000000000000000000 ) ) ;
#5139 = CARTESIAN_POINT ( 'NONE',  ( 6.786851242494739367, 59.27547314952710877, 22.12327575323060813 ) ) ;
#5140 = CARTESIAN_POINT ( 'NONE',  ( -13.03170263013308805, 51.46614551511132873, 0.9534683627536589823 ) ) ;
#5141 = ORIENTED_EDGE ( 'NONE', *, *, #5045, .F. ) ;
#5142 = DIRECTION ( 'NONE',  ( -0.000000000000000000, -1.000000000000000000, -3.491481338843133355E-15 ) ) ;
#5143 = CARTESIAN_POINT ( 'NONE',  ( 17.54666281718298393, 61.05592553536884992, -11.80366537455802423 ) ) ;
#5144 = ORIENTED_EDGE ( 'NONE', *, *, #473, .F. ) ;
#5145 = EDGE_CURVE ( 'NONE', #572, #3719, #5225, .T. ) ;
#5146 = CARTESIAN_POINT ( 'NONE',  ( -10.61808999594704161, 53.90117774968793896, 1.108941958864104960 ) ) ;
#5147 = CARTESIAN_POINT ( 'NONE',  ( -29.24510526970907875, 59.81488847543520393, -4.978923084023595180 ) ) ;
#5148 = CARTESIAN_POINT ( 'NONE',  ( 9.509947772018440659, 55.39079787810423028, 15.23916661741370326 ) ) ;
#5149 = CARTESIAN_POINT ( 'NONE',  ( 19.76033255396854926, 61.50588359559949936, -8.137360656966874828 ) ) ;
#5150 = DIRECTION ( 'NONE',  ( 1.000000000000000000, 0.000000000000000000, 0.000000000000000000 ) ) ;
#5151 = CARTESIAN_POINT ( 'NONE',  ( -11.63256296518195398, 62.99140238215726839, -8.827783813317161332 ) ) ;
#5152 = CARTESIAN_POINT ( 'NONE',  ( 1.018078674076437817, 60.60162482268790285, 22.89323728457568663 ) ) ;
#5153 = CARTESIAN_POINT ( 'NONE',  ( 5.060698559643351579, 58.93656895130649076, -20.83266027335796267 ) ) ;
#5154 = CARTESIAN_POINT ( 'NONE',  ( -28.04100683446452891, 61.33867665775802891, -9.050010155445649573 ) ) ;
#5155 = VERTEX_POINT ( 'NONE', #1043 ) ;
#5156 = EDGE_CURVE ( 'NONE', #4673, #2864, #3669, .T. ) ;
#5157 = CARTESIAN_POINT ( 'NONE',  ( -7.421170203787914588, 61.72438936800976705, 23.80486755862257908 ) ) ;
#5158 = CARTESIAN_POINT ( 'NONE',  ( -45.24571613299217177, -9.171272019776575135, -0.1365787982008257184 ) ) ;
#5159 = CARTESIAN_POINT ( 'NONE',  ( -12.44209397135669626, 57.25808387211734640, 6.479019382231927082 ) ) ;
#5160 = CARTESIAN_POINT ( 'NONE',  ( 10.19393257960992116, 48.08450542081205015, 6.395207151727026584 ) ) ;
#5161 = CARTESIAN_POINT ( 'NONE',  ( -9.915179493837831259, 61.95944808307130103, 24.53647817619243554 ) ) ;
#5162 = ORIENTED_EDGE ( 'NONE', *, *, #4421, .F. ) ;
#5163 = DIRECTION ( 'NONE',  ( 0.000000000000000000, -1.000000000000000000, -3.491481338843133355E-15 ) ) ;
#5164 = EDGE_CURVE ( 'NONE', #2541, #1779, #3990, .T. ) ;
#5165 = CARTESIAN_POINT ( 'NONE',  ( -10.15750781534944558, 43.96196390581425106, -16.96691136549028656 ) ) ;
#5166 = CARTESIAN_POINT ( 'NONE',  ( -6.713554972493273709, 48.35786722829029571, -16.48008959032593523 ) ) ;
#5167 = CARTESIAN_POINT ( 'NONE',  ( -5.944226725217159668, 54.54467031359303064, -3.772102760832930279 ) ) ;
#5168 = ORIENTED_EDGE ( 'NONE', *, *, #4470, .T. ) ;
#5169 = CARTESIAN_POINT ( 'NONE',  ( -7.206167409907146215, 52.44076820421570773, -4.933260625724175341 ) ) ;
#5170 = DIRECTION ( 'NONE',  ( -1.084202172485486931E-16, -1.000000000000000000, -3.303692014000987614E-15 ) ) ;
#5171 = ORIENTED_EDGE ( 'NONE', *, *, #1619, .T. ) ;
#5172 = CARTESIAN_POINT ( 'NONE',  ( -24.36797784479351847, 52.19351542803280353, 7.862528195573691647 ) ) ;
#5173 = CARTESIAN_POINT ( 'NONE',  ( -29.39191180113951063, 59.55381627953026680, -3.746462606822381414 ) ) ;
#5174 = CARTESIAN_POINT ( 'NONE',  ( 1.614646150412217374, 61.72500678452236400, 31.21903458133655462 ) ) ;
#5175 = EDGE_CURVE ( 'NONE', #572, #2570, #5287, .T. ) ;
#5176 = CARTESIAN_POINT ( 'NONE',  ( -23.47117656832302401, 61.86334365442144900, -13.31165586281070112 ) ) ;
#5177 = CARTESIAN_POINT ( 'NONE',  ( -7.745716132992169101, -11.79192565544601479, 15.86342120179915582 ) ) ;
#5178 = CARTESIAN_POINT ( 'NONE',  ( 0.000000000000000000, 0.000000000000000000, 0.000000000000000000 ) ) ;
#5179 = CARTESIAN_POINT ( 'NONE',  ( 5.151817824476299990, 47.06322041495224795, 1.674633631290310953 ) ) ;
#5180 = EDGE_CURVE ( 'NONE', #2781, #5029, #4538, .T. ) ;
#5181 = PLANE ( 'NONE',  #4181 ) ;
#5182 = ORIENTED_EDGE ( 'NONE', *, *, #1668, .F. ) ;
#5183 = EDGE_CURVE ( 'NONE', #3505, #3036, #2730, .T. ) ;
#5184 = CARTESIAN_POINT ( 'NONE',  ( -5.504326370772538723, 50.82035228625532142, -18.96724995955597848 ) ) ;
#5185 = CARTESIAN_POINT ( 'NONE',  ( 15.82922927448823813, 61.63975081936303013, -10.64951311515879695 ) ) ;
#5186 = CYLINDRICAL_SURFACE ( 'NONE', #2460, 24.00000000000000355 ) ;
#5187 = CARTESIAN_POINT ( 'NONE',  ( 7.482262359049505207, 58.21362079090518193, 18.89224628098230241 ) ) ;
#5188 = CARTESIAN_POINT ( 'NONE',  ( -3.046731417131344877, 51.46614551511132873, -6.991451776832453113 ) ) ;
#5189 = ORIENTED_EDGE ( 'NONE', *, *, #2224, .F. ) ;
#5190 = CARTESIAN_POINT ( 'NONE',  ( -7.282217920264919542, 61.38920986478348141, 25.86826490229406161 ) ) ;
#5191 = CARTESIAN_POINT ( 'NONE',  ( 10.89990783653391659, 60.79467440057983652, -23.80309326955631022 ) ) ;
#5192 = CARTESIAN_POINT ( 'NONE',  ( 6.058401309817121216, 47.61801414495120355, 4.457710088029986473 ) ) ;
#5193 = CARTESIAN_POINT ( 'NONE',  ( -1.182174330680809016, 60.72699750377637429, -0.3164117333924300612 ) ) ;
#5194 = EDGE_LOOP ( 'NONE', ( #1096, #3602, #3544, #808 ) ) ;
#5195 = AXIS2_PLACEMENT_3D ( 'NONE', #1256, #4633, #465 ) ;
#5196 = CARTESIAN_POINT ( 'NONE',  ( 8.110690327558813806, -24.27928127310373441, -8.136578798200948981 ) ) ;
#5197 = CARTESIAN_POINT ( 'NONE',  ( -25.63765702353506626, 61.63975081936301592, -13.56456244786242138 ) ) ;
#5198 = VERTEX_POINT ( 'NONE', #441 ) ;
#5199 = CARTESIAN_POINT ( 'NONE',  ( -10.24001448734294151, 52.75637009953826606, 2.120107116756190457 ) ) ;
#5200 = DIRECTION ( 'NONE',  ( 0.000000000000000000, -3.491481338843133355E-15, 1.000000000000000000 ) ) ;
#5201 = CARTESIAN_POINT ( 'NONE',  ( 5.299082840461696087, 61.53496805242483703, 29.70217179931938745 ) ) ;
#5202 = CARTESIAN_POINT ( 'NONE',  ( -2.589900434657914641, 49.13176964496260979, 6.892292638062643917 ) ) ;
#5203 = LINE ( 'NONE', #4282, #793 ) ;
#5204 = CARTESIAN_POINT ( 'NONE',  ( 9.516133409195781212, 49.03123069847830351, 6.835914174730612025 ) ) ;
#5205 = CARTESIAN_POINT ( 'NONE',  ( -26.15182019375752276, 54.50291326860774888, 6.482180542171430027 ) ) ;
#5206 = DIRECTION ( 'NONE',  ( 1.084202172485487054E-16, 1.000000000000000000, 3.303692014000987614E-15 ) ) ;
#5207 = ADVANCED_FACE ( 'NONE', ( #2918 ), #1, .T. ) ;
#5208 = FACE_OUTER_BOUND ( 'NONE', #1562, .T. ) ;
#5209 = CARTESIAN_POINT ( 'NONE',  ( -37.80461549626250672, -21.87705438810103686, -19.60893626627914443 ) ) ;
#5210 = DIRECTION ( 'NONE',  ( -0.8660254037844432595, 1.745740669421538673E-15, -0.4999999999999920064 ) ) ;
#5211 = DIRECTION ( 'NONE',  ( -0.000000000000000000, 1.000000000000000000, -0.000000000000000000 ) ) ;
#5212 = CARTESIAN_POINT ( 'NONE',  ( 9.792404671604936439, 47.94853840641772535, 7.463728514994762975 ) ) ;
#5213 = CARTESIAN_POINT ( 'NONE',  ( -6.516205160405168506, 56.31787511334859175, -11.97742563530068338 ) ) ;
#5214 = VECTOR ( 'NONE', #4706, 1000.000000000000000 ) ;
#5215 = VERTEX_POINT ( 'NONE', #4573 ) ;
#5216 = CIRCLE ( 'NONE', #3588, 16.99999999999999289 ) ;
#5217 = CARTESIAN_POINT ( 'NONE',  ( -7.745716132992169101, -11.79192565544601479, 16.74536421793328955 ) ) ;
#5218 = FACE_OUTER_BOUND ( 'NONE', #1282, .T. ) ;
#5219 = CARTESIAN_POINT ( 'NONE',  ( 2.830838065202724962, 53.55769669536832112, 9.162223042074154833 ) ) ;
#5220 = CARTESIAN_POINT ( 'NONE',  ( -27.50081468552077624, 61.73249272408054367, -14.46431774793758329 ) ) ;
#5221 = ORIENTED_EDGE ( 'NONE', *, *, #32, .F. ) ;
#5222 = DIRECTION ( 'NONE',  ( 1.000000000000000000, 0.000000000000000000, 0.000000000000000000 ) ) ;
#5223 = CYLINDRICAL_SURFACE ( 'NONE', #4116, 4.500000000000000000 ) ;
#5224 = ORIENTED_EDGE ( 'NONE', *, *, #307, .T. ) ;
#5225 = LINE ( 'NONE', #280, #1885 ) ;
#5226 = CARTESIAN_POINT ( 'NONE',  ( -11.43371984358739368, 47.18156930939778704, 7.778983257487243286 ) ) ;
#5227 = CARTESIAN_POINT ( 'NONE',  ( -11.80176152641863219, 42.66408951270240379, -16.31121028714813548 ) ) ;
#5228 = CARTESIAN_POINT ( 'NONE',  ( 12.56199878816706139, 53.11979405984354230, 13.04117122678353446 ) ) ;
#5229 = CARTESIAN_POINT ( 'NONE',  ( -24.76769466783925111, 52.43151652244389993, 7.344617491372541274 ) ) ;
#5230 = AXIS2_PLACEMENT_3D ( 'NONE', #3479, #4738, #5122 ) ;
#5231 = CARTESIAN_POINT ( 'NONE',  ( -24.12647917074909287, 60.86061422850557534, -20.28448040029947563 ) ) ;
#5232 = CARTESIAN_POINT ( 'NONE',  ( -19.05808201220296638, -17.07928127310372801, -10.70922816806195321 ) ) ;
#5233 = CARTESIAN_POINT ( 'NONE',  ( -12.76925161947391807, 47.07724468865151835, 8.408638437802157029 ) ) ;
#5234 = CARTESIAN_POINT ( 'NONE',  ( -5.745716132992169101, -16.79192565544596150, -0.1365787982008571932 ) ) ;
#5235 = CARTESIAN_POINT ( 'NONE',  ( -22.16643205382510118, 64.76333679954085198, 19.64605751162388714 ) ) ;
#5236 = CARTESIAN_POINT ( 'NONE',  ( -6.354001471438783355, 58.45740269768173647, 0.06876156040525743807 ) ) ;
#5237 = CARTESIAN_POINT ( 'NONE',  ( -28.83915130175600794, 58.21362079090518193, 1.804774077029796420 ) ) ;
#5238 = DIRECTION ( 'NONE',  ( 0.000000000000000000, -3.265361837132813981E-15, 1.000000000000000000 ) ) ;
#5239 = CARTESIAN_POINT ( 'NONE',  ( -29.86142700082877965, 60.18272156394376537, -2.319574850216139961 ) ) ;
#5240 = CARTESIAN_POINT ( 'NONE',  ( -5.745716133001510073, 58.99600327347285145, 4.863421201799198457 ) ) ;
#5241 = FACE_OUTER_BOUND ( 'NONE', #4351, .T. ) ;
#5242 = CARTESIAN_POINT ( 'NONE',  ( -39.39941962503161221, -17.07928127310370314, -16.67980222260915113 ) ) ;
#5243 = CARTESIAN_POINT ( 'NONE',  ( -0.3909976459751098865, 60.70398371598371057, 24.28876369337244867 ) ) ;
#5244 = CARTESIAN_POINT ( 'NONE',  ( -3.745716132992169545, -0.2012216451942011319, 36.86583754713356598 ) ) ;
#5245 = ORIENTED_EDGE ( 'NONE', *, *, #1571, .F. ) ;
#5246 = CARTESIAN_POINT ( 'NONE',  ( -39.02628641237604512, 60.50936854364260142, -10.46769756947155372 ) ) ;
#5247 = CARTESIAN_POINT ( 'NONE',  ( 0.8280215725839623619, 55.72387676535157652, -23.17413932718469738 ) ) ;
#5248 = CARTESIAN_POINT ( 'NONE',  ( 8.071976897925923211, 52.89192605269683156, 11.96706481552403645 ) ) ;
#5249 = ADVANCED_FACE ( 'NONE', ( #4176 ), #4976, .T. ) ;
#5250 = ORIENTED_EDGE ( 'NONE', *, *, #4638, .T. ) ;
#5251 = CARTESIAN_POINT ( 'NONE',  ( -1.245716132992168435, 16.22071872689625138, -0.1365787982007413970 ) ) ;
#5252 = CARTESIAN_POINT ( 'NONE',  ( -1.058188145494890708, 60.97570362029751578, 1.603272162781119503 ) ) ;
#5253 = ORIENTED_EDGE ( 'NONE', *, *, #3257, .F. ) ;
#5254 = DIRECTION ( 'NONE',  ( -0.4723368321173856410, -0.3280116889704148275, 0.8181113915134592407 ) ) ;
#5255 = CARTESIAN_POINT ( 'NONE',  ( -3.745716132992169101, -11.79192565544608939, 37.27183276406090329 ) ) ;
#5256 = CARTESIAN_POINT ( 'NONE',  ( 13.34194138084101411, 53.20724941841478994, 13.43916932748856929 ) ) ;
#5257 = CARTESIAN_POINT ( 'NONE',  ( -20.10683816831274129, 62.06024962577986770, -18.94686132103478116 ) ) ;
#5258 = CARTESIAN_POINT ( 'NONE',  ( -37.14235086113456674, -11.79192565544588689, -20.57283538690030511 ) ) ;
#5259 = VECTOR ( 'NONE', #865, 1000.000000000000000 ) ;
#5260 = EDGE_CURVE ( 'NONE', #1909, #4288, #2004, .T. ) ;
#5261 = FACE_OUTER_BOUND ( 'NONE', #3386, .T. ) ;
#5262 = AXIS2_PLACEMENT_3D ( 'NONE', #3936, #2665, #4331 ) ;
#5263 = CARTESIAN_POINT ( 'NONE',  ( 12.95991903471502482, 60.31438518776758428, -15.18860463379139603 ) ) ;
#5264 = ORIENTED_EDGE ( 'NONE', *, *, #4595, .F. ) ;
#5265 = DIRECTION ( 'NONE',  ( 0.000000000000000000, -0.000000000000000000, 1.000000000000000000 ) ) ;
#5266 = CARTESIAN_POINT ( 'NONE',  ( 9.716961871545573004, 55.82624383630398057, 15.46946027588477079 ) ) ;
#5267 = CARTESIAN_POINT ( 'NONE',  ( -16.13941805233760363, 45.08316817304421420, 11.15751234093031208 ) ) ;
#5268 = CARTESIAN_POINT ( 'NONE',  ( -5.236554237894027075, 58.41945342641531624, 0.3264687646467626658 ) ) ;
#5269 = PRESENTATION_LAYER_ASSIGNMENT (  '', '', ( #1517 ) ) ;
#5270 = CARTESIAN_POINT ( 'NONE',  ( -3.496234530419461972, 60.54594261379157416, 25.30142406570023184 ) ) ;
#5271 = CARTESIAN_POINT ( 'NONE',  ( -7.959209710134767413, 60.76154766666892471, 19.47771697480116160 ) ) ;
#5272 = ORIENTED_EDGE ( 'NONE', *, *, #2076, .F. ) ;
#5273 = CARTESIAN_POINT ( 'NONE',  ( -18.73841555147259186, 41.65735718905490614, 14.21672008747359151 ) ) ;
#5274 = CARTESIAN_POINT ( 'NONE',  ( 1.186113503775615419, 56.27395082519077363, -10.11265483763579631 ) ) ;
#5275 = CARTESIAN_POINT ( 'NONE',  ( 4.469018123825253319, 55.35334825258796343, 13.67670557415726229 ) ) ;
#5276 = CARTESIAN_POINT ( 'NONE',  ( -27.49339530011490851, 60.71133637545185735, -14.48018016848675948 ) ) ;
#5277 = EDGE_LOOP ( 'NONE', ( #2914, #4995, #1814, #4254 ) ) ;
#5278 = DIRECTION ( 'NONE',  ( 0.000000000000000000, 1.000000000000000000, 3.491623814572636014E-15 ) ) ;
#5279 = DIRECTION ( 'NONE',  ( 0.000000000000000000, -3.673532066774415580E-15, 1.000000000000000000 ) ) ;
#5280 = EDGE_CURVE ( 'NONE', #4678, #1017, #621, .T. ) ;
#5281 = VERTEX_POINT ( 'NONE', #2947 ) ;
#5282 = DIRECTION ( 'NONE',  ( 0.000000000000000000, 0.000000000000000000, 1.000000000000000000 ) ) ;
#5283 = ADVANCED_FACE ( 'NONE', ( #792 ), #2854, .F. ) ;
#5284 = CARTESIAN_POINT ( 'NONE',  ( 5.132301709770469067, 59.66033613584672679, -24.59329725330632499 ) ) ;
#5285 =( LENGTH_UNIT ( ) NAMED_UNIT ( * ) SI_UNIT ( .MILLI., .METRE. ) );
#5286 = CARTESIAN_POINT ( 'NONE',  ( -12.50024884345141452, 62.66602367383234196, -11.04054910236743936 ) ) ;
#5287 = CIRCLE ( 'NONE', #2949, 30.00000000000000000 ) ;
#5288 = CARTESIAN_POINT ( 'NONE',  ( 4.255686558506941886, 56.81842539198056841, 4.447356064579604862 ) ) ;
#5289 = DIRECTION ( 'NONE',  ( 1.000000000000000000, 0.000000000000000000, 0.000000000000000000 ) ) ;
#5290 = LINE ( 'NONE', #3656, #2341 ) ;
#5291 = CARTESIAN_POINT ( 'NONE',  ( -23.31793539180617358, 62.24967742190078468, -20.65519249343338970 ) ) ;
#5292 = CARTESIAN_POINT ( 'NONE',  ( 0.4210302463048249955, -15.54977403713973771, 36.85301235196639169 ) ) ;
#5293 = EDGE_CURVE ( 'NONE', #2158, #3750, #2089, .T. ) ;
#5294 = CARTESIAN_POINT ( 'NONE',  ( -7.610635856006301658, 60.58804355415547604, 4.511036834729379663 ) ) ;
#5295 = CARTESIAN_POINT ( 'NONE',  ( -28.53099153235469743, 57.44110149939550070, 3.858824292085190955 ) ) ;
#5296 = CIRCLE ( 'NONE', #4341, 30.00000000000000000 ) ;
#5297 = CARTESIAN_POINT ( 'NONE',  ( -10.12457793782113846, 47.51100115366440946, -7.253747182855200926 ) ) ;
#5298 = CIRCLE ( 'NONE', #3231, 5.000000000000000000 ) ;
#5299 = CARTESIAN_POINT ( 'NONE',  ( -9.529987151536372991, 59.84117374277471413, -3.455661649703194449 ) ) ;
#5300 = CARTESIAN_POINT ( 'NONE',  ( -19.94265458969131899, 13.20807434455407225, -9.487885576223629158 ) ) ;
#5301 = ORIENTED_EDGE ( 'NONE', *, *, #1142, .T. ) ;
#5302 = CARTESIAN_POINT ( 'NONE',  ( -33.42693491896606162, 60.23522843818429351, 0.8739635235137234170 ) ) ;
#5303 = CARTESIAN_POINT ( 'NONE',  ( -4.935019139896581919, 52.87939473286498071, -5.913257904815790056 ) ) ;
#5304 = CARTESIAN_POINT ( 'NONE',  ( -6.343457067333693189, 60.63202139659713197, 23.02934368226391015 ) ) ;
#5305 = CIRCLE ( 'NONE', #2874, 92.00000000000000000 ) ;
#5306 = CARTESIAN_POINT ( 'NONE',  ( -39.17394182515134560, 17.59325729417466633, -0.1365787982007330426 ) ) ;
#5307 = VECTOR ( 'NONE', #1055, 1000.000000000000000 ) ;
#5308 = VERTEX_POINT ( 'NONE', #3314 ) ;
#5309 = DIRECTION ( 'NONE',  ( 0.000000000000000000, -0.6546536707079790851, 0.7559289460184529519 ) ) ;
#5310 = CARTESIAN_POINT ( 'NONE',  ( 10.16390029420928975, 50.65576809880155906, 10.43237628226012959 ) ) ;
#5311 = CARTESIAN_POINT ( 'NONE',  ( -19.36590765020570970, -21.27928127310372730, -10.30960111383668654 ) ) ;
#5312 = CARTESIAN_POINT ( 'NONE',  ( -39.17544786176245708, -9.171272019776511186, -17.12784233398442879 ) ) ;
#5313 = CARTESIAN_POINT ( 'NONE',  ( -15.64632563553638356, 47.52722767624251077, 9.013600273585936407 ) ) ;
#5314 = DIRECTION ( 'NONE',  ( 0.000000000000000000, 1.000000000000000000, 0.000000000000000000 ) ) ;
#5315 = CARTESIAN_POINT ( 'NONE',  ( 17.55004661899402407, 60.71133637545185735, -11.79882074513993828 ) ) ;
#5316 = CARTESIAN_POINT ( 'NONE',  ( -15.33425920240654072, 64.35901015534136604, -23.91761133646727799 ) ) ;
#5317 = CARTESIAN_POINT ( 'NONE',  ( -2.188090927171561173, 53.64734997320066157, -20.81038945427586029 ) ) ;
#5318 = CARTESIAN_POINT ( 'NONE',  ( 0.9243265641866821314, 60.46071679100679575, 22.91832354132930760 ) ) ;
#5319 = ADVANCED_FACE ( 'NONE', ( #1701 ), #2467, .T. ) ;
#5320 = AXIS2_PLACEMENT_3D ( 'NONE', #5364, #3317, #2894 ) ;
#5321 = CARTESIAN_POINT ( 'NONE',  ( -39.14235086113452411, -11.79192565544590110, -17.10873377176253030 ) ) ;
#5322 = CARTESIAN_POINT ( 'NONE',  ( 8.482377096522615290, 59.17623234263141541, -19.79666663407126492 ) ) ;
#5323 = CARTESIAN_POINT ( 'NONE',  ( -36.94099186501020426, 12.20807434455410245, -15.83777856276708995 ) ) ;
#5324 = CARTESIAN_POINT ( 'NONE',  ( -36.40881848302458934, 61.46999178665662100, -5.894136139639863714 ) ) ;
#5325 = PLANE ( 'NONE',  #1319 ) ;
#5326 = DIRECTION ( 'NONE',  ( 0.000000000000000000, -1.000000000000000000, -3.491481338843133355E-15 ) ) ;
#5327 = CARTESIAN_POINT ( 'NONE',  ( -18.82854247547248860, 64.99995122495757016, 19.02403991261151006 ) ) ;
#5328 = ORIENTED_EDGE ( 'NONE', *, *, #126, .F. ) ;
#5329 = CARTESIAN_POINT ( 'NONE',  ( 8.451222323706852890, 13.20807434455407225, -9.487885576223824557 ) ) ;
#5330 = CARTESIAN_POINT ( 'NONE',  ( 10.94169023051329148, 59.87085707990276262, -16.86167291767550225 ) ) ;
#5331 = CARTESIAN_POINT ( 'NONE',  ( -5.196760400272024683, 55.71575716709724446, 0.5460627546334378968 ) ) ;
#5332 = CARTESIAN_POINT ( 'NONE',  ( -27.50074203949865748, 61.72249419419810579, -14.46447306292541946 ) ) ;
#5333 = ADVANCED_FACE ( 'NONE', ( #4601 ), #478, .F. ) ;
#5334 = CARTESIAN_POINT ( 'NONE',  ( 7.128876143623989137, 47.52722767624251787, 3.862511008058672868 ) ) ;
#5335 = CARTESIAN_POINT ( 'NONE',  ( 2.532248645737980919, 46.63626679501430772, 0.3548123069974518651 ) ) ;
#5336 = CARTESIAN_POINT ( 'NONE',  ( -5.768371346339213446, 54.76612734909197400, -1.891052353905744887 ) ) ;
#5337 = CARTESIAN_POINT ( 'NONE',  ( 10.23687402146711456, 60.82576484375766057, -18.04962901454186053 ) ) ;
#5338 = AXIS2_PLACEMENT_3D ( 'NONE', #192, #1445, #1066 ) ;
#5339 = CARTESIAN_POINT ( 'NONE',  ( 19.82936983053116009, 61.57322058680835397, -24.61992061911530527 ) ) ;
#5340 = CARTESIAN_POINT ( 'NONE',  ( 10.19757160075896252, 59.81488847543516130, -18.06647462110246494 ) ) ;
#5341 = CARTESIAN_POINT ( 'NONE',  ( -8.654150495579916225, 63.06286578510721341, -8.862040040193084778 ) ) ;
#5342 = CARTESIAN_POINT ( 'NONE',  ( 1.065156984014682173, 59.31586405618158864, 1.098983018767193620 ) ) ;
#5343 = DIRECTION ( 'NONE',  ( 0.000000000000000000, 1.000000000000000000, 0.000000000000000000 ) ) ;
#5344 = CARTESIAN_POINT ( 'NONE',  ( -20.60212259354324260, -11.79192565544593663, -6.404527990631823542 ) ) ;
#5345 = ADVANCED_FACE ( 'NONE', ( #3829 ), #2142, .T. ) ;
#5346 = CARTESIAN_POINT ( 'NONE',  ( -0.9954934680891230903, 51.43667491294061023, 1.470354283609710322 ) ) ;
#5347 = CARTESIAN_POINT ( 'NONE',  ( -19.01367289273483863, 42.42611994866990699, 14.80521191900740163 ) ) ;
#5348 = CARTESIAN_POINT ( 'NONE',  ( -10.11558949591972834, 47.49815874413572203, -7.240878323362249347 ) ) ;
#5349 = EDGE_CURVE ( 'NONE', #1924, #3871, #4680, .T. ) ;
#5350 = CARTESIAN_POINT ( 'NONE',  ( 4.740502615689371702, 61.71420468307994867, -3.180588695254398690 ) ) ;
#5351 = CARTESIAN_POINT ( 'NONE',  ( -19.63406600589123485, 61.73405258436179111, -10.62582957402745976 ) ) ;
#5352 = ORIENTED_EDGE ( 'NONE', *, *, #1668, .T. ) ;
#5353 = CARTESIAN_POINT ( 'NONE',  ( -9.870825655563429279, 50.15579072048929987, -2.962082545639936004 ) ) ;
#5354 = CARTESIAN_POINT ( 'NONE',  ( 1.109571914759716060, 55.35334825258796343, -15.88944034369091085 ) ) ;
#5355 = CARTESIAN_POINT ( 'NONE',  ( -6.399193166691028445, 54.58842804096664025, -9.726646732704489651 ) ) ;
#5356 = CARTESIAN_POINT ( 'NONE',  ( -20.22629467548463467, 61.08387255855936360, -11.13477097967340512 ) ) ;
#5357 = VERTEX_POINT ( 'NONE', #4150 ) ;
#5358 = PLANE ( 'NONE',  #1719 ) ;
#5359 = FACE_OUTER_BOUND ( 'NONE', #2952, .T. ) ;
#5360 = CARTESIAN_POINT ( 'NONE',  ( 4.257552147659284358, 46.20474737680412147, 1.751817067163305541 ) ) ;
#5361 = CARTESIAN_POINT ( 'NONE',  ( -7.745716132992169101, -11.79192565544601479, 15.86342120179915582 ) ) ;
#5362 = EDGE_CURVE ( 'NONE', #4623, #1603, #3374, .T. ) ;
#5363 = CARTESIAN_POINT ( 'NONE',  ( -12.16979696411865675, 43.05806597185673468, -10.07083164822794785 ) ) ;
#5364 = CARTESIAN_POINT ( 'NONE',  ( -5.745716132992169101, -9.171272019776569806, -0.1365787982008305756 ) ) ;
#5365 = CARTESIAN_POINT ( 'NONE',  ( -10.48226468288782698, 65.73447870903709145, -15.90845648415195335 ) ) ;
#5366 = CARTESIAN_POINT ( 'NONE',  ( -8.708319643552496103, 61.68297183425012520, 5.465531172011794503 ) ) ;
#5367 = CARTESIAN_POINT ( 'NONE',  ( -5.513609383635780681, 50.91490859822563664, 4.415077182273770440 ) ) ;
#5368 = CARTESIAN_POINT ( 'NONE',  ( -29.79772521976400768, 60.16227992544391867, -4.477981383710917918 ) ) ;
#5369 = CARTESIAN_POINT ( 'NONE',  ( -1.580749407359489656, -11.79192565544608939, 37.13178015941253562 ) ) ;
#5370 = VECTOR ( 'NONE', #3775, 1000.000000000000000 ) ;
#5371 = PLANE ( 'NONE',  #3959 ) ;
#5372 = CARTESIAN_POINT ( 'NONE',  ( -33.95910992059290834, 61.61476205443955223, -0.02218815936238073896 ) ) ;
#5373 = FACE_OUTER_BOUND ( 'NONE', #2921, .T. ) ;
#5374 = ADVANCED_FACE ( 'NONE', ( #906 ), #957, .F. ) ;
#5375 = CARTESIAN_POINT ( 'NONE',  ( 6.774408836968524916, 58.93656895130654050, 19.57009158702967611 ) ) ;
#5376 = DIRECTION ( 'NONE',  ( 1.000000000000000000, 0.000000000000000000, 0.000000000000000000 ) ) ;
#5377 = ORIENTED_EDGE ( 'NONE', *, *, #4283, .T. ) ;
#5378 = CARTESIAN_POINT ( 'NONE',  ( -28.16132540175867049, 60.77315033359754892, -16.73649913271370693 ) ) ;
#5379 = ORIENTED_EDGE ( 'NONE', *, *, #904, .F. ) ;
#5380 = CARTESIAN_POINT ( 'NONE',  ( -7.576715088361922312, 49.42634972779233493, -6.857057728165830923 ) ) ;
#5381 = CARTESIAN_POINT ( 'NONE',  ( -3.654657704276981001, 58.32064419209694250, 12.31951518921548328 ) ) ;
#5382 = DIRECTION ( 'NONE',  ( 0.000000000000000000, -1.000000000000000000, -3.491481338843133355E-15 ) ) ;
#5383 = ORIENTED_EDGE ( 'NONE', *, *, #749, .F. ) ;
#5384 = CARTESIAN_POINT ( 'NONE',  ( -29.04686858938401173, 60.46071679100708707, -5.887603547881877120 ) ) ;
#5385 = CARTESIAN_POINT ( 'NONE',  ( -5.745716132992169101, 13.20807434455404206, -0.1365787982007524159 ) ) ;
#5386 = CARTESIAN_POINT ( 'NONE',  ( -4.547540755457208483, 50.65576809880154485, -19.19918832885394622 ) ) ;
#5387 = CARTESIAN_POINT ( 'NONE',  ( 17.72175381576023767, 61.46628293283832534, -16.93642087840930444 ) ) ;
#5388 = CARTESIAN_POINT ( 'NONE',  ( 9.110690327558822688, -11.79192565544593663, -6.404527990632030487 ) ) ;
#5389 = AXIS2_PLACEMENT_3D ( 'NONE', #1328, #502, #96 ) ;
#5390 = CARTESIAN_POINT ( 'NONE',  ( 3.331748871674923951, 57.25808387211734640, 2.354855432945725191 ) ) ;
#5391 = CARTESIAN_POINT ( 'NONE',  ( -5.520717109089863683, 50.92627898204590764, 4.430273283316273236 ) ) ;
#5392 = CARTESIAN_POINT ( 'NONE',  ( 19.75416779715077809, 61.90579061000474326, -8.146186812841961000 ) ) ;
#5393 = CARTESIAN_POINT ( 'NONE',  ( -1.415766224950771424, -11.80844305464607658, 37.11295058028105132 ) ) ;
#5394 = CARTESIAN_POINT ( 'NONE',  ( -0.7560943155058263976, 51.75269983750870040, 0.2472698728365660958 ) ) ;
#5395 = CARTESIAN_POINT ( 'NONE',  ( -29.74630738753658576, 60.18068394837197843, -2.463810699750573985 ) ) ;
#5396 = B_SPLINE_CURVE_WITH_KNOTS ( 'NONE', 3,
 ( #5085, #2979, #4681, #2524, #1782 ),
 .UNSPECIFIED., .F., .F.,
 ( 4, 1, 4 ),
 ( 0.01046239906050138238, 0.01177197256094418207, 0.01308154606138698349 ),
 .UNSPECIFIED. ) ;
#5397 = CARTESIAN_POINT ( 'NONE',  ( -4.137106791825629237, 58.56751424237840808, 0.8236762092361932242 ) ) ;
#5398 = CARTESIAN_POINT ( 'NONE',  ( 14.44006444749206786, 61.73447314518683982, -9.722114979139730551 ) ) ;
#5399 = CARTESIAN_POINT ( 'NONE',  ( -5.745716132992169101, -24.27928127310381612, 15.86342120179911142 ) ) ;
#5400 = ORIENTED_EDGE ( 'NONE', *, *, #4100, .F. ) ;
#5401 = CARTESIAN_POINT ( 'NONE',  ( -15.61227835170962308, 54.27302343987658872, 1.180384235039993568 ) ) ;
#5402 = ORIENTED_EDGE ( 'NONE', *, *, #4687, .T. ) ;
#5403 = CARTESIAN_POINT ( 'NONE',  ( -10.55078792537144317, -11.91946423852396819, 39.07036518540338932 ) ) ;
#5404 = CARTESIAN_POINT ( 'NONE',  ( 10.53405586163208163, 64.37373821983955224, 1.580312093745606106 ) ) ;
#5405 = CARTESIAN_POINT ( 'NONE',  ( -20.31013570314157235, 61.75477006868710816, -10.95552417202063111 ) ) ;
#5406 = CARTESIAN_POINT ( 'NONE',  ( 5.328681142384519731, 55.30401028647656148, 12.30510624753276261 ) ) ;
#5407 = ORIENTED_EDGE ( 'NONE', *, *, #4746, .T. ) ;
#5408 = CARTESIAN_POINT ( 'NONE',  ( 2.422821258881949102, 47.60069591164258895, -0.3330536299863071092 ) ) ;
#5409 = CARTESIAN_POINT ( 'NONE',  ( -28.72268292267635559, 57.49848891583410904, 1.572369443577747550 ) ) ;
ENDSEC;
END-ISO-10303-21;
